sensor type:,aurora
timestamp (s),arclength (m),data
-0.058,0.466,-0.0004106354623185333,0.02349290526109482,0.46649965832176815,0.16158601302421477,-0.038461378997728175,0.018777615135586984
-0.038,0.466,-0.0005093583972256313,0.02359269653216251,0.4665608490875476,0.16192384907086532,-0.03793557013255167,0.018477088459765267
-0.018,0.466,-0.00022392359346849606,0.023539951536479663,0.46651426358661546,0.16171255729458384,-0.03891995374918624,0.018388044414412375
0.002,0.466,-0.0006836913125222848,0.02354706201388331,0.466523788471892,0.16169277170176813,-0.037201309859370306,0.018566306183883403
0.022,0.466,-0.0006836913125222848,0.02354706201388331,0.466523788471892,0.16169277170176813,-0.037201309859370306,0.018566306183883403
0.042,0.466,-0.00021867541138845725,0.023523047126002256,0.46653064178331877,0.1621665540519775,-0.038686749711716914,0.018104057715273503
0.062,0.466,-0.0004412019220567169,0.023569286566595037,0.46658254229626195,0.1624987441212971,-0.03799597336016524,0.018218822426908064
0.082,0.466,-0.00046402197665217174,0.0233447991904003,0.46645385579517445,0.16179698704283374,-0.03794215386638122,0.01819126405317297
0.102,0.466,-0.0006376211300124788,0.02333824931945574,0.4664595050634556,0.16168738238956312,-0.03734986516265935,0.018433074815797177
0.122,0.466,-0.0006376211300124788,0.02333824931945574,0.4664595050634556,0.16168738238956312,-0.03734986516265935,0.018433074815797177
0.142,0.466,-0.0005280499800847818,0.023307872169115153,0.46642698337211763,0.16122194135307577,-0.03788154839304823,0.018448342086706506
0.162,0.466,-0.0006694429544952611,0.023230077445936328,0.46636235721339797,0.1608249643937784,-0.03741827393741058,0.01854461006620918
0.182,0.466,-0.0005647811594689261,0.023145150446804243,0.46629491745437496,0.16053276578829548,-0.037694394603374114,0.01826535172966562
0.202,0.466,-0.00043270359793559453,0.023074484328346044,0.4662893545262274,0.16050400013200766,-0.038125953861776765,0.01814779338797534
0.222,0.466,-0.00043270359793559453,0.023074484328346044,0.4662893545262274,0.16050400013200766,-0.038125953861776765,0.01814779338797534
0.242,0.466,-0.0005117536302581564,0.02306490671760889,0.46626915174828726,0.16049854911054973,-0.0379591927593881,0.018563147495387754
0.262,0.466,-0.0004323609285410075,0.023140633798288717,0.46631886224911934,0.16061919993436247,-0.038253149969308224,0.01858844730519293
0.282,0.466,-0.0007150363827081093,0.023046090489112096,0.46626809372050193,0.16026693841666811,-0.037224948635302575,0.018652503747155394
0.302,0.466,-0.000583706287335461,0.023058408407575774,0.46625789658244005,0.1600837832308323,-0.037778346543443586,0.018681318965340084
0.322,0.466,-0.000583706287335461,0.023058408407575774,0.46625789658244005,0.1600837832308323,-0.037778346543443586,0.018681318965340084
0.342,0.466,-0.0008405050145368996,0.02306555480999142,0.46625756928152795,0.16012255425452296,-0.03704935940693041,0.019066200192894914
0.362,0.466,-0.0007806330215645965,0.023060941118136436,0.46631400459464883,0.16041635489385384,-0.03708729893248523,0.018795360558684387
0.382,0.466,-0.0007094918952984801,0.02301313140561809,0.4662782084265584,0.1604109052407958,-0.037235929462888694,0.018662187913102948
0.402,0.466,-0.00027371730783202515,0.023184049838273605,0.46636862121952705,0.16102857665478743,-0.03858345395762251,0.018336805546632317
0.422,0.466,-0.00027371730783202515,0.023184049838273605,0.46636862121952705,0.16102857665478743,-0.03858345395762251,0.018336805546632317
0.442,0.466,-0.0002071327965756241,0.023182310993368052,0.4663947063560472,0.1611607421261477,-0.038893117380029645,0.01808026970259167
0.462,0.466,-9.919139268278831e-05,0.023202371245184414,0.46637391914976833,0.16097817700934172,-0.03929595258586153,0.01823511603115022
0.482,0.466,-0.0004249557544776598,0.02329473931872527,0.46641610609296424,0.16135511459780086,-0.038042073505336706,0.01831812203516649
0.502,0.466,-0.0003137966149421717,0.023176569523819884,0.4663476694101133,0.16102857665478743,-0.03858345395762251,0.018336805546632317
0.522,0.466,-0.0003137966149421717,0.023176569523819884,0.4663476694101133,0.16102857665478743,-0.03858345395762251,0.018336805546632317
0.542,0.466,-0.0005267934455451667,0.02315802777595929,0.46633726006226395,0.1607970120754874,-0.037848962999839184,0.018427284073874367
0.562,0.466,-0.0005911763664856214,0.023301399941746126,0.46639261586822045,0.16127871030572424,-0.037334887195405016,0.018134921708420196
0.582,0.466,-0.0004541000845118675,0.02328403357629097,0.4664040606437634,0.1610903780898686,-0.03788709357904356,0.018156874847062656
0.602,0.466,-0.0005557414987668531,0.023330716203762817,0.4663730962637652,0.16096286177361407,-0.037578609375248595,0.018420888702087187
0.622,0.466,-0.0005090185419099392,0.023430405626613134,0.46645118170752714,0.16165928021285028,-0.0377816463405369,0.018314833005085504
0.642,0.466,-0.0005090185419099392,0.023430405626613134,0.46645118170752714,0.16165928021285028,-0.0377816463405369,0.018314833005085504
0.662,0.466,-0.0006980229622433744,0.023484578182981778,0.4664779110656275,0.16169277170176813,-0.037201309859370306,0.018566306183883403
0.682,0.466,-0.0008775347729329447,0.023632318391971444,0.4665761339528615,0.16212366300619102,-0.03676909751837372,0.019270439489027735
0.702,0.466,-0.000951454112840524,0.023644861384459915,0.46657358640486807,0.16228380455120708,-0.03649810271936659,0.01925743519093776
0.722,0.466,-0.0007462465819704323,0.023677661224725654,0.466584484908199,0.16236019034774937,-0.03735432895309536,0.01931429320682295
0.742,0.466,-0.0007462465819704323,0.023677661224725654,0.466584484908199,0.16236019034774937,-0.03735432895309536,0.01931429320682295
0.762,0.466,-0.0010146882412305257,0.023856658104676205,0.46671192938525796,0.16299593005255977,-0.03640367494136562,0.019426314498031866
0.782,0.466,-0.0008588868638054515,0.02382274283794208,0.4667026673049482,0.16295122102854784,-0.03696674965323796,0.019457366567845687
0.802,0.466,-0.000644920131063745,0.02365178190569922,0.46661734050881787,0.1621768811463463,-0.037758401478664994,0.019469049577392015
0.822,0.466,-0.0006353043175337603,0.023714448146243256,0.46662196238531845,0.16234891857389297,-0.037653000540950936,0.019048262932604622
0.842,0.466,-0.0006353043175337603,0.023714448146243256,0.46662196238531845,0.16234891857389297,-0.037653000540950936,0.019048262932604622
0.862,0.466,-0.00044939908110340655,0.023713400280104022,0.46665309944985817,0.1625684752245043,-0.038370904882890425,0.01924079551484655
0.882,0.466,-0.00043081699876969823,0.023675425890195077,0.4666401117611343,0.16226997262475887,-0.03848268711527346,0.01937734354602476
0.902,0.466,-0.0005241136191616652,0.023703905942707618,0.4666595354181349,0.16246449547616607,-0.037946146188333744,0.019066118679987122
0.922,0.466,-0.0006176258650154112,0.023720086727869974,0.46665786620143695,0.16264725160646973,-0.03754260623618439,0.018911039516604403
0.942,0.466,-0.0006176258650154112,0.023720086727869974,0.46665786620143695,0.16264725160646973,-0.03754260623618439,0.018911039516604403
0.962,0.466,-0.0006208858916010182,0.023689274555302547,0.46665830554687393,0.16263080849644634,-0.03767518147818475,0.019060165992846462
0.982,0.466,-0.0007677090958867846,0.02373603333937344,0.4666788369682291,0.16294056337770194,-0.037265769218962234,0.019190740571923024
1.002,0.466,-0.00044648928704773964,0.023582637641655295,0.4666132044264197,0.16258018492708531,-0.038388149544777664,0.018958548858844654
1.022,0.466,-0.0004551265210276973,0.023722528663458777,0.46663762609441495,0.1628791574553599,-0.03827696496520039,0.01882160820069932
1.042,0.466,-0.0004551265210276973,0.023722528663458777,0.46663762609441495,0.1628791574553599,-0.03827696496520039,0.01882160820069932
1.062,0.466,-0.0006414235481291139,0.023720447107327552,0.46666254270925267,0.1631937716580516,-0.037718077440838445,0.01908572049687263
1.082,0.466,-0.0008330558252172929,0.023781268897892685,0.46672158327968355,0.16349211264336933,-0.0372919067214612,0.019498006327801933
1.102,0.466,-0.0009136524746518424,0.023669464940092193,0.4666580087524363,0.1630728585251357,-0.03711034537615928,0.019608709781700824
1.122,0.466,-0.0012632939738487904,0.023716142026518318,0.46668416837795385,0.16329455104767948,-0.03597681771202402,0.019838508570112712
1.142,0.466,-0.0012632939738487904,0.023716142026518318,0.46668416837795385,0.16329455104767948,-0.03597681771202402,0.019838508570112712
1.162,0.466,-0.0011945096325130463,0.023456601189934926,0.4665605086254877,0.162426741172818,-0.03619385706012404,0.01981632488743491
1.182,0.466,-0.0008996703231083804,0.023395577340740072,0.4665260571160161,0.16205526139425855,-0.037300017822213226,0.019866517271986527
1.202,0.466,-0.0007096626648021012,0.02345137051694148,0.46650087928391615,0.162022002352715,-0.037880125491624284,0.019616352655077593
1.222,0.466,-0.0007501082055958457,0.023431453734428575,0.4664991318828799,0.16175710532939094,-0.037725713235624604,0.01945451950877895
1.242,0.466,-0.0007501082055958457,0.023431453734428575,0.4664991318828799,0.16175710532939094,-0.037725713235624604,0.01945451950877895
1.262,0.466,-0.0008401634194320201,0.023402628356734345,0.46646176919452514,0.16176841136894518,-0.037426931407416826,0.0197206659555639
1.282,0.466,-0.0009044760814315569,0.023419676714857025,0.4665001873848226,0.16177375194591562,-0.03727830482783616,0.01985402235041113
1.302,0.466,-0.0008429523181581225,0.023383165761963164,0.4664813972062298,0.1617512520453248,-0.03756029944614101,0.0198697841348338
1.322,0.466,-0.0007151863552748485,0.02334164081710141,0.4664643737313434,0.16131510865984974,-0.03782559927556584,0.01958145369794038
1.342,0.466,-0.0007151863552748485,0.02334164081710141,0.4664643737313434,0.16131510865984974,-0.03782559927556584,0.01958145369794038
1.362,0.466,-0.0005034514420600985,0.023309456198170132,0.46645044223088455,0.1611431457563353,-0.03839541551439308,0.019327796932351368
1.382,0.466,-0.0004023137926886289,0.02327630009674126,0.46637147080947566,0.16070699434350844,-0.0386608580680881,0.019038567902553215
1.402,0.466,-0.0002472132450411201,0.02326159702112869,0.46640330346883635,0.1607713358773588,-0.039501113540587364,0.0193780119443959
1.422,0.466,-0.0004751441124689128,0.023335618358271887,0.4664144667421355,0.16112028941839313,-0.03867709141646575,0.019342854151873104
1.442,0.466,-0.0004751441124689128,0.023335618358271887,0.4664144667421355,0.16112028941839313,-0.03867709141646575,0.019342854151873104
1.462,0.466,-0.0006945162255810691,0.023321071458668227,0.46643016065433157,0.1611766006183321,-0.037815724451147364,0.019578572005262033
1.482,0.466,-0.000671990641932171,0.023274802523741145,0.466399701853901,0.16090585779679242,-0.03781009195792594,0.01928347361362341
1.502,0.466,-0.0007054711146597496,0.02342667124402524,0.466463612843161,0.1611937444168976,-0.03768232276122131,0.019429448676433078
1.522,0.466,-0.0004917153426588487,0.023416585862367494,0.46642956074140374,0.16112573812791126,-0.03852821471014721,0.019476111633682545
1.542,0.466,-0.0004917153426588487,0.023416585862367494,0.46642956074140374,0.16112573812791126,-0.03852821471014721,0.019476111633682545
1.562,0.466,-0.00045747761425109104,0.023499818824650364,0.4664855478519219,0.16137417392907646,-0.038814862205762204,0.019786627819588197
1.582,0.466,-0.0005930543611319558,0.023428051450554117,0.46647189439964076,0.1614023727520887,-0.038383605323830186,0.019904044400429005
1.602,0.466,-0.0002424076765692317,0.023474740834850613,0.4665414542934292,0.16187016157231168,-0.03970417660786243,0.019859327865040497
1.622,0.466,-0.0002914667498565252,0.023580231329667786,0.4665909835292032,0.16243830791110517,-0.03959861246652058,0.020017672169710402
1.642,0.466,-0.0002914667498565252,0.023580231329667786,0.4665909835292032,0.16243830791110517,-0.03959861246652058,0.020017672169710402
1.662,0.466,-0.0004185314679445141,0.023680312932896658,0.4666492830729163,0.16251260705329548,-0.03891822164995913,0.019554625158268703
1.682,0.466,-0.0006206125783500563,0.02333750258330148,0.46647513498317655,0.161137332890181,-0.03822991388169997,0.019742956935001006
1.702,0.466,-0.0002361486543755774,0.023534317008895553,0.46653700517215607,0.16187016157231168,-0.03970417660786243,0.019859327865040497
1.722,0.466,-0.00020945820394879862,0.023501502381472302,0.46654051903731497,0.16187016157231168,-0.03970417660786243,0.019859327865040497
1.742,0.466,-0.00020945820394879862,0.023501502381472302,0.46654051903731497,0.16187016157231168,-0.03970417660786243,0.019859327865040497
1.762,0.466,-0.00021806568313622874,0.02345683448535884,0.4665180713719941,0.1617548705223814,-0.03957703199347345,0.019417456001647973
1.782,0.466,-0.00045284694210591365,0.023446683829925163,0.4665228836361883,0.16182263470913952,-0.03873067149289849,0.019370197819904476
1.802,0.466,-0.0004996143856665157,0.0234115432441636,0.4665184667331609,0.16168976554599876,-0.03857090294582775,0.01950139048024971
1.822,0.466,-0.00043004163189611186,0.02347146457654604,0.4665079705069025,0.16196572472640847,-0.03874262398150723,0.019379824272478117
1.842,0.466,-0.00043004163189611186,0.02347146457654604,0.4665079705069025,0.16196572472640847,-0.03874262398150723,0.019379824272478117
1.862,0.466,-0.000684335720422738,0.023500659410611514,0.466509789990569,0.16186105528499597,-0.03800155256858069,0.019754697676699833
1.882,0.466,-0.0005398080293450696,0.023354589032627847,0.46642731227038764,0.16140750919810792,-0.03854991005110945,0.019488663834783808
1.902,0.466,-0.0006290688430665827,0.02335453211041376,0.46641428208972274,0.16155762203078078,-0.038261346539045525,0.01975824225353041
1.922,0.466,-0.0005855412393650205,0.023480223626665225,0.46644901189780125,0.1620112411390852,-0.03817864605353965,0.01934887277756433
1.942,0.466,-0.0005855412393650205,0.023480223626665225,0.46644901189780125,0.1620112411390852,-0.03817864605353965,0.01934887277756433
1.962,0.466,-0.0009132919278095438,0.02329643088813597,0.46636513008846775,0.1612551248051783,-0.03698598888826232,0.019248890658256627
1.982,0.466,-0.000939886223384405,0.023256448741293706,0.4663399065082209,0.16110083120204194,-0.03695825191510802,0.0195219147976459
2.002,0.466,-0.001016176399340666,0.023234743833934125,0.46635151787687495,0.16095098735734129,-0.036931634777668906,0.019801007946914098
2.022,0.466,-0.0009228517587559714,0.023268507034396646,0.4663789023688644,0.16150921564218504,-0.037123386611869515,0.01969246493342169
2.042,0.466,-0.0009228517587559714,0.023268507034396646,0.4663789023688644,0.16150921564218504,-0.037123386611869515,0.01969246493342169
2.062,0.466,-0.000783263045618926,0.02325981349335169,0.466363416688569,0.1613541628916376,-0.037410991516424914,0.019416442615520783
2.082,0.466,-0.0008042030557084356,0.023273898764726582,0.4664009209848452,0.16151437853865436,-0.03728944733059311,0.019276977488697167
2.102,0.466,-0.0009365747556543133,0.023266709047020686,0.4663950518678969,0.16116241812221593,-0.036577423268851716,0.01879226843141522
2.122,0.466,-0.0008854622413521656,0.023467912828434946,0.4665165279108447,0.1618697305524752,-0.036631742753296094,0.01882705022929889
2.142,0.466,-0.0008854622413521656,0.023467912828434946,0.4665165279108447,0.1618697305524752,-0.036631742753296094,0.01882705022929889
2.162,0.466,-0.0006567924013210022,0.023378900759948022,0.4664545131004413,0.16150377078947428,-0.037588563720465304,0.019010371258415173
2.182,0.466,-0.0004730500065923325,0.023470035152212455,0.46655351339148105,0.16218877060227188,-0.03808914331009825,0.018637916747106194
2.202,0.466,-0.000488459755849479,0.023383143027465688,0.466513967439827,0.16189015846841157,-0.03820083628809114,0.01877434723145012
2.222,0.466,-0.00025085953578717925,0.023464312334300904,0.4665724705603319,0.16213853152339522,-0.03880296547439013,0.018535923323461347
2.242,0.466,-0.00025085953578717925,0.023464312334300904,0.4665724705603319,0.16213853152339522,-0.03880296547439013,0.018535923323461347
2.262,0.466,-0.0002631927855021915,0.02349918059478865,0.4665692395043552,0.16214950043707813,-0.03881909723692305,0.01825376926303248
2.282,0.466,-0.0002589765280475202,0.023454612965545015,0.46652344158335574,0.16198299971751062,-0.03892477513758904,0.01868197455434666
2.302,0.466,-0.0005412619635164704,0.0233684586052568,0.46647840757907705,0.16159706105420057,-0.03816258925346972,0.019044747434982186
2.322,0.466,-0.00034359987980016104,0.02330699327799863,0.4664844328720946,0.16140834296445425,-0.03886483759206366,0.01893985072663891
2.342,0.466,-0.00034359987980016104,0.02330699327799863,0.4664844328720946,0.16140834296445425,-0.03886483759206366,0.01893985072663891
2.362,0.466,-0.00029236526165610796,0.02331828720513344,0.46647976126855817,0.16135710172235862,-0.03926237952900384,0.019386684430429197
2.382,0.466,-0.00035424508965448256,0.02316525533660672,0.46637247630349554,0.16079900858827376,-0.03907018528445407,0.019495033710993044
2.402,0.466,-0.000636826884340509,0.023094682978385066,0.4663327413689026,0.16071231993854906,-0.03819643184468196,0.019720887949080217
2.422,0.466,-0.0009636273412298926,0.023128838047730037,0.4663122157244888,0.16061883693594706,-0.037307632973851826,0.020235635313097935
2.442,0.466,-0.0009636273412298926,0.023128838047730037,0.4663122157244888,0.16061883693594706,-0.037307632973851826,0.020235635313097935
2.462,0.466,-0.0011327763009335765,0.023097049449447207,0.46628410009500726,0.16039888250509013,-0.03658924543378876,0.020042878596894444
2.482,0.466,-0.0013928156628079183,0.023055386471602757,0.4662597937723085,0.1602939297438642,-0.03584895980695848,0.020417154556871125
2.502,0.466,-0.0012861201937472751,0.022949452938368,0.46623624167420563,0.16000671857329504,-0.035976417328225464,0.020272003798932105
2.522,0.466,-0.0011026749284179294,0.023086248793689774,0.46627869476203826,0.1602549026117541,-0.03657831815117249,0.020033032726601552
2.542,0.466,-0.0011026749284179294,0.023086248793689774,0.46627869476203826,0.1602549026117541,-0.03657831815117249,0.020033032726601552
2.562,0.466,-0.0013442644831017556,0.023070695328111665,0.46625042000633704,0.16005794779429733,-0.03557918019641449,0.01982471803643737
2.582,0.466,-0.0015172017210062067,0.023114558535728802,0.46621990682468456,0.16011971004378667,-0.0348828583921237,0.019644531262588968
2.602,0.466,-0.0016260250331294904,0.02299308436567343,0.46619632590873517,0.16002617055431734,-0.03430819540369047,0.019610084766843623
2.622,0.466,-0.0016498987741785963,0.023100078989326596,0.46623838660138084,0.1604465034535363,-0.03434051203415775,0.019624911790873622
2.642,0.466,-0.0016498987741785963,0.023100078989326596,0.46623838660138084,0.1604465034535363,-0.03434051203415775,0.019624911790873622
2.662,0.466,-0.0015315618863710018,0.023266439806221933,0.4663513917761209,0.16089420798557297,-0.034406328842831964,0.019082356714681555
2.682,0.466,-0.0012380194558474528,0.023368894752476704,0.4663931825313616,0.16125848713149585,-0.03530036632954139,0.018862935894825204
2.702,0.466,-0.0011498223877979376,0.023484166518321224,0.4664768159384392,0.16192597122374106,-0.035769262462877795,0.019061618516977945
2.722,0.466,-0.0007610264212081234,0.02347043066230727,0.46643296104563703,0.16157727439225167,-0.03690817502393245,0.018547199088257207
2.742,0.466,-0.0007610264212081234,0.02347043066230727,0.46643296104563703,0.16157727439225167,-0.03690817502393245,0.018547199088257207
2.762,0.466,-0.0007587636723661125,0.023500450734920103,0.4664488795884255,0.16155962524557707,-0.03704096071258132,0.01869662184026786
2.782,0.466,-0.0007695318089339821,0.023476443830455294,0.4664466909885282,0.1612779816661316,-0.037019252129022795,0.0186841771781713
2.802,0.466,-0.0004552953039304057,0.02359326823981124,0.4664913079755147,0.1617518675895744,-0.03818978850535302,0.01877223380378226
2.822,0.466,-0.0004807209884644176,0.02355547872059582,0.4664677344713857,0.16144196133506808,-0.038284745728445306,0.019190362104957198
2.842,0.466,-0.0004807209884644176,0.02355547872059582,0.4664677344713857,0.16144196133506808,-0.038284745728445306,0.019190362104957198
2.862,0.466,-0.0003681766545377029,0.023629756790039837,0.46652694258322736,0.16155226668178635,-0.03872579865915744,0.019075910302322658
2.882,0.466,-0.0005721267490646046,0.0235816805104398,0.4664926882624984,0.16118280130383925,-0.03798094523223648,0.019162169987144977
2.902,0.466,-0.0002600677188757461,0.023679247836024226,0.4665486569919401,0.16165601546718558,-0.03915226375937844,0.01924990989416446
2.922,0.466,-0.00016991292176733063,0.023564499261335886,0.4665094380627287,0.16132991243532369,-0.039693928803195604,0.019269167556245397
2.942,0.466,-0.00016991292176733063,0.023564499261335886,0.4665094380627287,0.16132991243532369,-0.039693928803195604,0.019269167556245397
2.962,0.466,0.00022105902137297401,0.02363849829563359,0.4665587476089841,0.1614001943171139,-0.04086485368037457,0.018769360638973262
2.982,0.466,7.556382981801824e-05,0.023649956814678703,0.4665896099878965,0.16184207860658062,-0.04045028879457405,0.01919200448723191
3.002,0.466,-0.00011022783885951329,0.023719133128080667,0.4666163925285788,0.16230709309437566,-0.03991911149684307,0.01917575142744011
3.022,0.466,-0.0001450040104191359,0.02358765760608688,0.4665679172550278,0.1621577890783992,-0.03989132457137331,0.019455399008601545
3.042,0.466,-0.0001450040104191359,0.02358765760608688,0.4665679172550278,0.1621577890783992,-0.03989132457137331,0.019455399008601545
3.062,0.466,-0.0001523841250879555,0.023507734230809242,0.4665556859071602,0.16217447910736812,-0.03975910496356102,0.01930681883336138
3.082,0.466,-4.510634349258837e-05,0.023644014430278016,0.4666017219324971,0.16270961578370502,-0.04023371278903522,0.01921386889814532
3.102,0.466,3.2524063783725164e-05,0.02352729092532752,0.46656310889539654,0.16214148088391855,-0.040339374764200374,0.01905563303119765
3.122,0.466,-4.957389394758054e-05,0.023577446024450412,0.4665801459047972,0.16241104617826904,-0.04034388458504507,0.019350460607151863
3.142,0.466,-4.957389394758054e-05,0.023577446024450412,0.4665801459047972,0.16241104617826904,-0.04034388458504507,0.019350460607151863
3.162,0.466,-7.050163782615145e-05,0.023453159249582696,0.46652335234252695,0.16185330349328284,-0.04015185832049278,0.019458204112657515
3.182,0.466,-0.00018492371223184433,0.023443419589544028,0.4664974495937152,0.16190965671880814,-0.03960432317229215,0.019144858834957302
3.202,0.466,-0.00040999713630765407,0.02339393136821581,0.46645891554893726,0.16167871836354286,-0.03886974546655549,0.019234062390656666
3.222,0.466,-0.0005985911106001345,0.023309573282347944,0.46642436000121984,0.1614475207182945,-0.0381347662821753,0.019324388067403244
3.242,0.466,-0.0005985911106001345,0.023309573282347944,0.46642436000121984,0.1614475207182945,-0.0381347662821753,0.019324388067403244
3.262,0.466,-0.0006712537500954492,0.023325509032576273,0.4664242536256485,0.16146937736866598,-0.03785337377280436,0.019308360293546645
3.282,0.466,-0.0010027479456708767,0.023257964235270448,0.4663925537988511,0.16131233037317258,-0.03643843345702526,0.01893482649690938
3.302,0.466,-0.0009882963761800063,0.023282527819745352,0.46638747916544654,0.16103038445194578,-0.036416829432473145,0.01892238434428924
3.322,0.466,-0.0009381132265596015,0.023208518415594997,0.46633745920887015,0.1608981792181824,-0.03642314031680726,0.018630449476337428
3.342,0.466,-0.0009381132265596015,0.023208518415594997,0.46633745920887015,0.1608981792181824,-0.03642314031680726,0.018630449476337428
3.362,0.466,-0.0011103113292452356,0.023231884997095376,0.4663287184154992,0.16119666815708378,-0.03599697531146149,0.01904308781272334
3.382,0.466,-0.0009644432620340956,0.02335836177003725,0.46644297916265504,0.16204202381069338,-0.036376714176419155,0.018531486929269685
3.402,0.466,-0.0010586554612560012,0.02336298212977509,0.4663871348816612,0.1617540280464528,-0.036189392747197124,0.018934436258346152
3.422,0.466,-0.0010074487939537274,0.02334369454938708,0.4664206476606383,0.16176579897244964,-0.03620658621972401,0.018652178438867965
3.442,0.466,-0.0010074487939537274,0.02334369454938708,0.4664206476606383,0.16176579897244964,-0.03620658621972401,0.018652178438867965
3.462,0.466,-0.001000902245593201,0.023320263292343563,0.4664271709712748,0.1618920401075384,-0.03635022424863283,0.01881150774880971
3.482,0.466,-0.000742579380490114,0.02335829255502487,0.46645704719950204,0.1621180224712067,-0.037233254738586526,0.018587811899146992
3.502,0.466,-0.0007863109431852696,0.023345943333170992,0.46645360858451157,0.16184123692571425,-0.03706262943791085,0.018709132892117702
3.522,0.466,-0.0004536889242138519,0.0234630360239573,0.4665382520191678,0.16229889334863196,-0.038366380836866526,0.018945945203818298
3.542,0.466,-0.0004536889242138519,0.0234630360239573,0.4665382520191678,0.16229889334863196,-0.038366380836866526,0.018945945203818298
3.562,0.466,-0.0006612587338086819,0.023395665767565063,0.4664961225218714,0.16218806360673116,-0.03777525651978001,0.019187344498341665
3.582,0.466,-0.0007178404463683396,0.023399944202198094,0.46653319991871156,0.16233778882304564,-0.03763617469681636,0.019329961252880574
3.602,0.466,-0.0008577138038577031,0.023403685730749166,0.46656557377499946,0.16238278142110713,-0.0370724168632291,0.019298543137319418
3.622,0.466,-0.0009414895299674179,0.023335845669526366,0.46647461895579456,0.16185856416121247,-0.03661491812449561,0.019108701468289645
3.642,0.466,-0.0009414895299674179,0.023335845669526366,0.46647461895579456,0.16185856416121247,-0.03661491812449561,0.019108701468289645
3.662,0.466,-0.0010266774473321376,0.02324307713373822,0.46650078793262567,0.16186391118164198,-0.03646542288617696,0.01924298512901476
3.682,0.466,-0.001063034245219495,0.023330679043603007,0.4665000294875251,0.1619905970729488,-0.03646004557384623,0.019528152608613042
3.702,0.466,-0.0008844761111157783,0.02338019828276121,0.4664969172782932,0.1619739570994225,-0.03690802922994614,0.019127778142105416
3.722,0.466,-0.0011310115074369524,0.023341370685208394,0.4664409960092894,0.16160982255654907,-0.03601306355805518,0.019347487605936513
3.742,0.466,-0.0011310115074369524,0.023341370685208394,0.4664409960092894,0.16160982255654907,-0.03601306355805518,0.019347487605936513
3.762,0.466,-0.0008199029987749102,0.02320910511591881,0.4664018530780121,0.16140546263929353,-0.03701314874514211,0.018969511155855493
3.782,0.466,-0.0006932769055924218,0.02330152570272703,0.46642281226833887,0.16153722836021628,-0.0373227391870384,0.01871228552380946
3.802,0.466,-0.0007657301609796238,0.023329076067802317,0.46644193056281846,0.16155962524557707,-0.03704096071258132,0.01869662184026786
3.822,0.466,-0.0007034768138148553,0.023424586945653313,0.46646421885700057,0.16170973134296798,-0.03706817780379725,0.018417478713960298
3.842,0.466,-0.0007034768138148553,0.023424586945653313,0.46646421885700057,0.16170973134296798,-0.03706817780379725,0.018417478713960298
3.862,0.466,-0.00036447302765290636,0.023359620501159143,0.4664175649412121,0.16131531364595716,-0.038455805455600144,0.018482844396941457
3.882,0.466,-0.0003040109647083599,0.02344750758961999,0.46646663293958956,0.1614364482919585,-0.038749326096747416,0.018508510784842648
3.902,0.466,-0.00026709066432380174,0.023455593930414412,0.4664289508306112,0.16146447277157047,-0.038633095741964614,0.018076705124573336
3.922,0.466,-0.00047622767256556484,0.023521422207506807,0.46646529519725216,0.16167028462266234,-0.03779778344822925,0.018032730435705933
3.942,0.466,-0.00047622767256556484,0.023521422207506807,0.46646529519725216,0.16167028462266234,-0.03779778344822925,0.018032730435705933
3.962,0.466,-0.0006642060676013124,0.023465489863329678,0.46645938090287015,0.1615323312641268,-0.037471809775622665,0.018578528013371155
3.982,0.466,-0.0004907091324083264,0.023575949140427696,0.4665371331419271,0.1620504752772602,-0.038079188670624084,0.018634917650092633
4.002,0.466,-0.0004949852128257064,0.0235608117185659,0.466561091162067,0.16231538557291178,-0.0382337177784005,0.018796770409708948
4.022,0.466,-0.0005346650802906873,0.023427257035793618,0.46646399666976623,0.16159706105420057,-0.03816258925346972,0.019044747434982186
4.042,0.466,-0.0005346650802906873,0.023427257035793618,0.46646399666976623,0.16159706105420057,-0.03816258925346972,0.019044747434982186
4.062,0.466,-0.0007232744269521458,0.023441291171294943,0.4664710027750272,0.16178536033797739,-0.03761025334782487,0.019022886468594024
4.082,0.466,-0.0008216676905009582,0.023446210879343142,0.4664708857430661,0.16179607955521202,-0.03731113558669879,0.019289549388651208
4.102,0.466,-0.000732561209486911,0.023527693135003594,0.4665178809197669,0.16205571929325058,-0.03761515206329075,0.01931712843249151
4.122,0.466,-0.0005192904157750657,0.02339205180514058,0.46647276319610415,0.16172355160378452,-0.03830644009461372,0.019202878627425476
4.142,0.466,-0.0005192904157750657,0.02339205180514058,0.46647276319610415,0.16172355160378452,-0.03830644009461372,0.019202878627425476
4.162,0.466,-0.0009358180650667638,0.02337183228867579,0.4664772794883985,0.16139902931126995,-0.03684742319009971,0.01938508938929242
4.182,0.466,-0.0008175407352131833,0.023238813364223117,0.4663709730421115,0.16090608729352107,-0.037495274426460626,0.019832296097357392
4.202,0.466,-0.000940457944746468,0.023289356400798215,0.466414975418106,0.1612440297307676,-0.03696999618830659,0.019531515565034945
4.222,0.466,-0.0012373891983934234,0.02310480688607042,0.4663329516519579,0.1603284774039137,-0.035899408229022385,0.019570262927437444
4.242,0.466,-0.0012373891983934234,0.02310480688607042,0.4663329516519579,0.1603284774039137,-0.035899408229022385,0.019570262927437444
4.262,0.466,-0.0014605073798467625,0.023196079497343272,0.46636819464755447,0.1599757337778305,-0.03502084286837324,0.019508083084635457
4.282,0.466,-0.001487122404601353,0.023201699087515727,0.4663905569141809,0.160246126493468,-0.03502524138870927,0.019803069913222074
4.302,0.466,-0.0011369974728662631,0.02323297807607681,0.46640050563354457,0.16005279198178424,-0.03604344718326135,0.019142140953580064
4.322,0.466,-0.0010442708746984891,0.02318369215792784,0.46634544310760556,0.15987461945819584,-0.03644690856767103,0.01930456659047851
4.342,0.466,-0.0010442708746984891,0.02318369215792784,0.46634544310760556,0.15987461945819584,-0.03644690856767103,0.01930456659047851
4.362,0.466,-0.001045053489403415,0.023189328548677134,0.46634235081895964,0.16019028036252664,-0.036202974708831,0.019018842149364352
4.382,0.466,-0.0010524755850757803,0.02327383845658689,0.4664031047530314,0.16075382672318653,-0.036246818364683374,0.019043343774180235
4.402,0.466,-0.00043273555881579584,0.023496116664862853,0.4665379729640392,0.16174631206828208,-0.038339732674852946,0.018638260951790896
4.422,0.466,-0.00039138335805361077,0.023509692599393756,0.4665346616838191,0.16171260571294632,-0.0386041490848979,0.01893656259565892
4.442,0.466,-0.00039138335805361077,0.023509692599393756,0.4665346616838191,0.16171260571294632,-0.0386041490848979,0.01893656259565892
4.462,0.466,-4.490032021415378e-05,0.02351489915450595,0.46653048872874664,0.16180024842113105,-0.039643706662740634,0.018288479087646418
4.482,0.466,-6.473524497470282e-05,0.023571672651183248,0.46653991762174674,0.16191585258916408,-0.039770651817640126,0.018729609224541553
4.502,0.466,-0.00012007060940257832,0.023567593036761387,0.4665156050417792,0.1622194840474987,-0.039510239129170587,0.01872587127763533
4.522,0.466,-0.00032888911135337554,0.02361577321298769,0.46652685827430135,0.16228721983897335,-0.0386648089941689,0.018679429541408676
4.542,0.466,-0.00032888911135337554,0.02361577321298769,0.46652685827430135,0.16228721983897335,-0.0386648089941689,0.018679429541408676
4.562,0.466,-0.00037246075916793606,0.02352426269711079,0.46651962036895855,0.16225905147060374,-0.038780324940299045,0.01911083811503674
4.582,0.466,-0.0002651536156145395,0.023508329687581406,0.46652083810083206,0.1622478933596021,-0.03907940451153712,0.01884382247249448
4.602,0.466,-0.0004194964549381862,0.023491566862862762,0.4664692987138024,0.16158601302421477,-0.038461378997728175,0.018777615135586984
4.622,0.466,-0.00036796542647222704,0.0234259167821304,0.4664441746174398,0.16116029705789378,-0.03857876751775061,0.018629191655285735
4.642,0.466,-0.00036796542647222704,0.0234259167821304,0.4664441746174398,0.16116029705789378,-0.03857876751775061,0.018629191655285735
4.662,0.466,-0.0006786305425396909,0.023287771148894118,0.46637390811417223,0.16077970940356467,-0.03766695908898158,0.019124981826011217
4.682,0.466,-0.0010715891717557042,0.023282170502510205,0.46638279670739513,0.160926315428924,-0.03599192798477251,0.018747696687004663
4.702,0.466,-0.001200808667372469,0.02323655380979714,0.46634419168182895,0.16051686182009123,-0.03566109624505796,0.018999504778400147
4.722,0.466,-0.0011731381337786264,0.023230658972525887,0.46636124558947445,0.16063861076706498,-0.03580404145758136,0.019151142111372952
4.742,0.466,-0.0011731381337786264,0.023230658972525887,0.46636124558947445,0.16063861076706498,-0.03580404145758136,0.019151142111372952
4.762,0.466,-0.0009727792707070833,0.02318631130555934,0.4663432132879406,0.16043299439951583,-0.03663917642203668,0.019195654494284207
4.782,0.466,-0.0008263378290982199,0.023144859245398056,0.4663167482298183,0.16024419101640533,-0.03719166838127471,0.01921717129000351
4.802,0.466,-0.0008769877559892439,0.023173528818102418,0.46632205490193734,0.16014555630911148,-0.03676606577022293,0.019049924990682855
4.822,0.466,-0.0008380820011959447,0.023217953737741662,0.4663043644506056,0.16027837507593728,-0.03692710191248822,0.01891915417276613
4.842,0.466,-0.0008380820011959447,0.023217953737741662,0.4663043644506056,0.16027837507593728,-0.03692710191248822,0.01891915417276613
4.862,0.466,-0.0011387529721622487,0.023136982375416962,0.46631211763768465,0.1603232261129637,-0.03604774055884131,0.01943681878774758
4.882,0.466,-0.0011423613810124472,0.023148291967998797,0.46630365029889226,0.1604211241763779,-0.03630775599898941,0.020027319661881145
4.902,0.466,-0.0009319862568550896,0.02308485320995343,0.46626291287067634,0.16008843251559143,-0.036999419693934346,0.019913190163889746
4.922,0.466,-0.0005265546105429397,0.02311106909844491,0.4662986114340595,0.16025276508121852,-0.03857882863954462,0.019870495683462365
4.942,0.466,-0.0005265546105429397,0.02311106909844491,0.4662986114340595,0.16025276508121852,-0.03857882863954462,0.019870495683462365
4.962,0.466,-0.0004742797543165652,0.02305049451344,0.4662502133367708,0.15998259364086775,-0.03857430858091253,0.01957549378032329
4.982,0.466,-0.00014464538519494785,0.023086425962080676,0.4662468522200588,0.16015721038136121,-0.03985568045634515,0.019800033215121148
5.002,0.466,1.0484950677601764e-05,0.023160958496816278,0.466298354953839,0.16070352993253817,-0.040346410233399535,0.0194244340559536
5.022,0.466,0.0002010277572206127,0.02311965838008507,0.4662850777173701,0.1605432887461124,-0.04078340813676532,0.019014944813621835
5.042,0.466,0.0002010277572206127,0.02311965838008507,0.4662850777173701,0.1605432887461124,-0.04078340813676532,0.019014944813621835
5.062,0.466,0.00028907772960492904,0.02304270946787246,0.466270192744565,0.1603490322947374,-0.04132019671940713,0.019325372879527413
5.082,0.466,0.00022067342438128216,0.023125966074543394,0.46629984159007315,0.16049365865260237,-0.04118103894278322,0.01946196443161661
5.102,0.466,0.00040670799034368073,0.023144030981947634,0.466279018547094,0.16047630799823853,-0.04162866895247457,0.019062327617678926
5.122,0.466,3.6820384787098078e-06,0.02308817820701806,0.4662544321579717,0.16005939527438565,-0.03991147548275276,0.018660064336056867
5.142,0.466,3.6820384787098078e-06,0.02308817820701806,0.4662544321579717,0.16005939527438565,-0.03991147548275276,0.018660064336056867
5.162,0.466,-1.176152448659893e-05,0.023151237207147426,0.46627830552780086,0.1602200641968259,-0.03978948514742534,0.018520469624234773
5.182,0.466,-9.834928337873477e-05,0.023275051659418466,0.46633256139241447,0.16067902110473017,-0.039408006422353384,0.01837164458344519
5.202,0.466,3.0389356699080334e-05,0.0233614134762203,0.4664417238435427,0.16137511977528946,-0.03975991411752224,0.01813955970041144
5.222,0.466,2.1795387176846855e-05,0.02335682940955588,0.4664199994558345,0.1612827805649076,-0.039350766426361476,0.01768235405783478
5.242,0.466,2.1795387176846855e-05,0.02335682940955588,0.4664199994558345,0.1612827805649076,-0.039350766426361476,0.01768235405783478
5.262,0.466,-0.0001740217065989633,0.023220791639959756,0.4663472863797694,0.16079764910213523,-0.038479584095297885,0.017328374640213785
5.282,0.466,-0.0004217260897826298,0.023223044821225235,0.46633509611253426,0.16098028763857067,-0.03776050648318994,0.017722545139383553
5.302,0.466,-0.0004239530286547465,0.0232218031124508,0.46636159526329407,0.16111822263780454,-0.03777104906503258,0.017725192295633668
5.322,0.466,-0.00035446387062272535,0.023304732664730984,0.4663995997497671,0.16139507248385146,-0.037941901624973275,0.017604123674689998
5.342,0.466,-0.00035446387062272535,0.023304732664730984,0.4663995997497671,0.16139507248385146,-0.037941901624973275,0.017604123674689998
5.362,0.466,-0.00027940300617719174,0.023325520867222255,0.466410445977298,0.16148216134291646,-0.0385000128525896,0.017927182541295855
5.382,0.466,0.00010303354830174534,0.02349020876039357,0.46648172444657493,0.1619497410403621,-0.039819929363811436,0.0178820441466758
5.402,0.466,0.00018473590405498723,0.023492306074370816,0.4665263467142903,0.16204853256217674,-0.040244883285777626,0.018049465222767565
5.422,0.466,0.00013344015003783672,0.023329175670108553,0.46640384651475203,0.16135217203482402,-0.04004204678521316,0.018154861289547512
5.442,0.466,0.00013344015003783672,0.023329175670108553,0.46640384651475203,0.16135217203482402,-0.04004204678521316,0.018154861289547512
5.462,0.466,-0.00020256383613155506,0.023212011417075386,0.46632835379215126,0.1605350166656684,-0.039231142583098476,0.01878400823397815
5.482,0.466,-0.0005305629121068791,0.02333994300220722,0.46639221783724866,0.16085013851515348,-0.03835701649547437,0.019597182376187933
5.502,0.466,-0.00023281426384819877,0.023351233394893953,0.46639237158229657,0.16088143091316304,-0.039627843316449134,0.019811879045708226
5.522,0.466,-8.447540380800681e-05,0.023500016691713907,0.4664706857983162,0.1612785274917331,-0.04009197544776777,0.019716286852057247
5.542,0.466,-8.447540380800681e-05,0.023500016691713907,0.4664706857983162,0.1612785274917331,-0.04009197544776777,0.019716286852057247
5.562,0.466,1.4533101935661441e-05,0.023532581193110188,0.46650447093087255,0.16156620126692375,-0.040279346808029054,0.019312524633272425
5.582,0.466,-0.00013300630452031518,0.023395421873938994,0.46643435712259845,0.1611692538422112,-0.03981510467224146,0.01940803469336749
5.602,0.466,-0.00018340488349717738,0.023388128223128198,0.4664514264403434,0.16108147861595673,-0.03940708059895981,0.01895884944294352
5.622,0.466,-8.907815038707107e-05,0.02322781808466985,0.4663583095382464,0.16060012841715232,-0.03992084435800711,0.019250001373960546
5.642,0.466,-8.907815038707107e-05,0.02322781808466985,0.4663583095382464,0.16060012841715232,-0.03992084435800711,0.019250001373960546
5.662,0.466,-0.0001472254353061342,0.02324158020484045,0.46637447786008573,0.1605127261079678,-0.039513311887505134,0.018800345134101726
5.682,0.466,-0.0002583815036717577,0.023357612828536222,0.46642929178223247,0.16080525784527094,-0.03923634608716527,0.019079420920122846
5.702,0.466,-0.0003163595532331205,0.023475577797407915,0.466482281795288,0.16140834296445425,-0.03886483759206366,0.01893985072663891
5.722,0.466,-0.00014397193212146737,0.023299084022828292,0.46639575453539067,0.16081136775936591,-0.039401811910243854,0.018663373235315518
5.742,0.466,-0.00014397193212146737,0.023299084022828292,0.46639575453539067,0.16081136775936591,-0.039401811910243854,0.018663373235315518
5.762,0.466,-0.00035295184414682325,0.023385747443798937,0.4664679435360158,0.16116029705789378,-0.03857876751775061,0.018629191655285735
5.782,0.466,-0.0003991379425374314,0.023369074260128065,0.4664714094622946,0.16118296538183885,-0.03829641890665894,0.01861333238250059
5.802,0.466,-0.0006620065411253861,0.02340255547225247,0.4664742625743181,0.16094012489183804,-0.03754530101455828,0.018985494183621325
5.822,0.466,-0.0007654302760719276,0.02341856543910404,0.4664622430640573,0.16111765779293175,-0.03714078248296059,0.018823478558521643
5.842,0.466,-0.0007654302760719276,0.02341856543910404,0.4664622430640573,0.16111765779293175,-0.03714078248296059,0.018823478558521643
5.862,0.466,-0.0008230960329015345,0.023446460361618772,0.4664854897975515,0.16123871005072166,-0.0371185660607063,0.01939813984377054
5.882,0.466,-0.0013627059727246492,0.023449460538549228,0.4664618535394822,0.16139590671621476,-0.03514584216759649,0.01928850372924648
5.902,0.466,-0.0013046149559011045,0.023365074254644652,0.4664312221601076,0.16124745987904732,-0.03528429567779597,0.01914537665606479
5.922,0.466,-0.0012259209023359175,0.02329039006279592,0.46640965944908375,0.16108611945266313,-0.03555494744211091,0.01915854909332823
5.942,0.466,-0.0012259209023359175,0.02329039006279592,0.46640965944908375,0.16108611945266313,-0.03555494744211091,0.01915854909332823
5.962,0.466,-0.0009413588263336174,0.023303182898352974,0.46639840163851265,0.16088116589857573,-0.036556207728993435,0.018779280673995345
5.982,0.466,-0.0011337080586192154,0.023320166835583866,0.46642154215447296,0.16094859037985637,-0.035710618883232036,0.018732227839377332
6.002,0.466,-0.0010040040005797066,0.023274020119133394,0.4663509648807959,0.16048413833857125,-0.03624180976312685,0.018749026139334306
6.022,0.466,-0.0012002688970666512,0.023227281056939626,0.46632857765845503,0.1603736847143796,-0.035650285249573685,0.01899075642179599
6.042,0.466,-0.0012002688970666512,0.023227281056939626,0.46632857765845503,0.1603736847143796,-0.035650285249573685,0.01899075642179599
6.062,0.466,-0.0010144765864441652,0.023113073332684288,0.46625891761086496,0.1602020109344686,-0.0362201888326939,0.018736581879685667
6.082,0.466,-0.0008804072936578913,0.022953436943040126,0.4661981335793703,0.15956524889245377,-0.036855876021580185,0.019173883286871213
6.102,0.466,-0.0007417390104243161,0.022868111362484008,0.46614006370319283,0.1592666222862457,-0.03728207691434281,0.018761729394116185
6.122,0.466,-0.0005150922025631711,0.022981694289754592,0.46622318455307565,0.15990136222757614,-0.03818142936420459,0.018836771437478247
6.142,0.466,-0.0005150922025631711,0.022981694289754592,0.46622318455307565,0.15990136222757614,-0.03818142936420459,0.018836771437478247
6.162,0.466,-0.00039552043854739535,0.02307327949114015,0.4662621432545891,0.16025299187948405,-0.03889449124805498,0.01932121310632034
6.182,0.466,-0.0005553932659711424,0.02297374401287049,0.46622500557700985,0.15998802092483305,-0.03842551779672144,0.0197088626120905
6.202,0.466,-0.0007638024501787525,0.02291616958191901,0.4662004414168609,0.16002146079118368,-0.03784375786433939,0.019959734226619088
6.222,0.466,-0.0008438028721171418,0.022877795956148035,0.46620796598312964,0.16032559820803113,-0.03758475966988522,0.019956890567616743
6.242,0.466,-0.0008438028721171418,0.022877795956148035,0.46620796598312964,0.16032559820803113,-0.03758475966988522,0.019956890567616743
6.262,0.466,-0.0007275997117193488,0.022867049978284378,0.4662156129502826,0.1604529493408933,-0.037892605831862956,0.01969264739896068
6.282,0.466,-0.0007773715771617966,0.02290975549259703,0.4662123914485342,0.16045832275499533,-0.037744005276877005,0.019826097914629463
6.302,0.466,-0.00038383521068863745,0.022874675630940543,0.466213965686424,0.16021912770959706,-0.03915921587455869,0.019619838398152966
6.322,0.466,-0.0003596563856810688,0.023061010798644976,0.4663274985416549,0.16094940972874888,-0.03909710417553743,0.019215431647159043
6.342,0.466,-0.0003596563856810688,0.023061010798644976,0.4663274985416549,0.16094940972874888,-0.03909710417553743,0.019215431647159043
6.362,0.466,-0.00040782269794552116,0.02317200667813121,0.4663922545745521,0.16139708692032367,-0.03884808424037602,0.019221605057107818
6.382,0.466,-0.00044945612581114193,0.023074915666095704,0.46629687925471736,0.1607240771579295,-0.0385284460352009,0.018888663546906298
6.402,0.466,-0.0005733239107529847,0.022989458726689498,0.4662717251870626,0.16031503618950438,-0.0381976142600455,0.019140992557115728
6.422,0.466,-0.0003411225215946168,0.023203113707816695,0.4663654632523029,0.16087286427398342,-0.03870610252586647,0.018483663337255832
6.442,0.466,-0.0003411225215946168,0.023203113707816695,0.4663654632523029,0.16087286427398342,-0.03870610252586647,0.018483663337255832
6.462,0.466,-0.0004694222756162383,0.023252035428435628,0.4664277668765553,0.16118296538183885,-0.03829641890665894,0.01861333238250059
6.482,0.466,-0.0004043577129476127,0.0233456607338851,0.466438172014653,0.16091202322296072,-0.03829089152638046,0.0183185789182566
6.502,0.466,-0.0006346989349831851,0.023417649045701042,0.4664750228535339,0.1613832161919918,-0.03761017915534251,0.01843634439399087
6.522,0.466,-0.0004414131132203876,0.02345137284046802,0.4664635694266345,0.16135511459780086,-0.038042073505336706,0.01831812203516649
6.542,0.466,-0.0004414131132203876,0.02345137284046802,0.4664635694266345,0.16135511459780086,-0.038042073505336706,0.01831812203516649
6.562,0.466,-0.0007371869140908701,0.0234407719750916,0.4665027117032967,0.16154330256080235,-0.037173427258797374,0.01884578935918875
6.582,0.466,-0.0008724878243113785,0.023507804022176025,0.46654211844045335,0.1618526389904436,-0.03676492324384997,0.01897597097088776
6.602,0.466,-0.0009355746089479682,0.023529433442044626,0.46653929981103504,0.16201347783887216,-0.03649325780902162,0.01896321260836966
6.622,0.466,-0.0005814633975105461,0.02359887281072202,0.4666009067923514,0.1623433640118495,-0.037802820014965384,0.018914148387806213
6.642,0.466,-0.0007751871041196775,0.0236088965965926,0.46660008954769744,0.16270921558624882,-0.03684583502245554,0.0187308087559968
6.662,0.466,-0.0007751871041196775,0.0236088965965926,0.46660008954769744,0.16270921558624882,-0.03684583502245554,0.0187308087559968
6.682,0.466,-0.0010383688523810121,0.02356496102195562,0.46654404706805797,0.16235166690396619,-0.03596725172939522,0.018661355391622315
6.702,0.466,-0.0007089762881104445,0.023497591558261057,0.4665148557519682,0.16185290586514406,-0.03707988896837356,0.018427027681606867
6.722,0.466,-0.0005506682856583952,0.02353744007020633,0.46655924659601256,0.16221076869166848,-0.03780854032544789,0.018622729545062073
6.742,0.466,-0.00021917718329430755,0.023541970436942315,0.4665198494368011,0.16182269917384368,-0.03904642920580132,0.01882138302985249
6.762,0.466,-0.00021917718329430755,0.023541970436942315,0.4665198494368011,0.16182269917384368,-0.03904642920580132,0.01882138302985249
6.782,0.466,-0.0004666093411298254,0.023521675924791492,0.4665485329383347,0.16201622974199978,-0.03834495072147816,0.018933712980384192
6.802,0.466,-0.000420345445638026,0.02350667393736221,0.46652123803540524,0.16160315735048217,-0.03832791237291272,0.018628695820724014
6.822,0.466,-0.00047656460619874936,0.023421575497174347,0.4664262775727742,0.16118842099933028,-0.038146559455920055,0.018747339607514284
6.842,0.466,-0.00047043801439794236,0.023362659144171908,0.46641261010496665,0.1608729819834985,-0.03839022670529611,0.019032234716835024
6.862,0.466,-0.00047043801439794236,0.023362659144171908,0.46641261010496665,0.1608729819834985,-0.03839022670529611,0.019032234716835024
6.882,0.466,-0.0006130733370929731,0.023339098727820272,0.46636853702247333,0.1607460035250868,-0.03793217023650316,0.01942235157357026
6.902,0.466,-0.000711222910210845,0.02342844528969414,0.4664083507834995,0.1609119195490942,-0.037660707257182326,0.019417107199890142
6.922,0.466,-0.0005435637873658358,0.023453006576935387,0.4664598025402175,0.16114852821593587,-0.03824670323114406,0.019461094248674104
6.942,0.466,-0.0006851690705195217,0.023383751177577513,0.46640083264393245,0.16089474967824063,-0.03779412960397943,0.019566129396411124
6.962,0.466,-0.0006851690705195217,0.023383751177577513,0.46640083264393245,0.16089474967824063,-0.03779412960397943,0.019566129396411124
6.982,0.466,-0.00037018424843880454,0.023371532671096953,0.46639161122112943,0.16108705364753872,-0.038942093580356954,0.019640842048274886
7.002,0.466,-0.0006339185928859343,0.02337685789100193,0.46641604416466464,0.1611710887702014,-0.03796451145542558,0.0194453187162776
7.022,0.466,-0.00028987545788513306,0.02324278766892076,0.4663422833433907,0.16066753278979204,-0.0390754960177078,0.019203003998130675
7.042,0.466,-1.3914105824990737e-05,0.0233936688940278,0.46641202713254154,0.16130135518419014,-0.040125220532884136,0.019151360533679804
7.062,0.466,-1.3914105824990737e-05,0.0233936688940278,0.46641202713254154,0.16130135518419014,-0.040125220532884136,0.019151360533679804
7.082,0.466,0.00017324425288325836,0.0233948580053214,0.4664355537030727,0.16137758384468315,-0.04083229486198936,0.019334732017679455
7.102,0.466,0.00022556798584743022,0.023401747244474122,0.46640476194523234,0.1611353040556366,-0.040710746438106106,0.018608318022947993
7.122,0.466,4.8997469590473364e-05,0.023297571346121433,0.4663685811298004,0.1608823201153887,-0.040257381135993656,0.018713406740901287
7.142,0.466,0.00027316903127290844,0.023273482544532816,0.46633394494175556,0.16054911287250434,-0.0409493709202414,0.018599173433845265
7.162,0.466,0.00027316903127290844,0.023273482544532816,0.46633394494175556,0.16054911287250434,-0.0409493709202414,0.018599173433845265
7.182,0.466,0.00028551287359190804,0.023242246259815608,0.46631853977626414,0.16063099163238878,-0.04134177373125234,0.019337776718929722
7.202,0.466,0.000507717274803968,0.023341587865276577,0.4663665570974111,0.1611552042610617,-0.042114435044392995,0.018979220277859792
7.222,0.466,0.00020001323546910203,0.023266648400495814,0.4663613180606056,0.1609353841175947,-0.04108135966698291,0.01933448350332155
7.242,0.466,0.00022316884315705363,0.02333325662594409,0.466410847087655,0.1612170890557717,-0.04110310519640864,0.019347056883654304
7.262,0.466,0.00022316884315705363,0.02333325662594409,0.466410847087655,0.1612170890557717,-0.04110310519640864,0.019347056883654304
7.282,0.466,-0.00014551076765927258,0.023389437468488927,0.46643620875384373,0.16143369873164626,-0.03996941323126153,0.01957051235109305
7.302,0.466,-0.0002843154190659874,0.023361699097252938,0.46639626859275735,0.16135710172235862,-0.03926237952900384,0.019386684430429197
7.322,0.466,-0.00039740785098208895,0.023329699336561788,0.46641869190650626,0.16136874499373796,-0.038963767916454846,0.019653331990150468
7.342,0.466,-0.0006710886291015774,0.02343621392759601,0.4665015725472359,0.1620047460963321,-0.038012795213437076,0.019764706997187593
7.362,0.466,-0.0006710886291015774,0.02343621392759601,0.4665015725472359,0.1620047460963321,-0.038012795213437076,0.019764706997187593
7.382,0.466,-0.0004742439056414374,0.023490517281806695,0.4665242870869838,0.16210960110296832,-0.0386034825972287,0.019515837227912645
7.402,0.466,-0.0006530778951434878,0.023438081949466488,0.4665139810287732,0.1622696538695941,-0.038167224807117275,0.019926606778034046
7.422,0.466,-0.0007150017729229039,0.023365749643809747,0.46646721903370036,0.1617736270531692,-0.03759302107776697,0.01930518419879885
7.442,0.466,-0.0007775837880157153,0.023382180713242866,0.4664693679764357,0.16181388909020833,-0.03717899676116004,0.019140694656814658
7.462,0.466,-0.0007775837880157153,0.023382180713242866,0.4664693679764357,0.16181388909020833,-0.03717899676116004,0.019140694656814658
7.482,0.466,-0.0007251304245525658,0.023472925228158067,0.4664942729871355,0.16182487111956964,-0.03719513429365639,0.018858261932179186
7.502,0.466,-0.0006914923529672589,0.023315540868244403,0.4664364318410593,0.16141107385247228,-0.03717967227369755,0.018553824746169265
7.522,0.466,-0.0007189160981388772,0.0233190022302249,0.4663986301390783,0.1612731579065193,-0.0371682535903541,0.018550352936331567
7.542,0.466,-0.0008336311881846941,0.02322041641377781,0.46636479711773715,0.16085874836446562,-0.036837875762843544,0.018794882397284253
7.562,0.466,-0.0008336311881846941,0.02322041641377781,0.46636479711773715,0.16085874836446562,-0.036837875762843544,0.018794882397284253
7.582,0.466,-0.000823695494495755,0.023129008135041547,0.46631282372049676,0.16046734168073526,-0.036689012736408295,0.018348181030851434
7.602,0.466,-0.0006816819487189736,0.02318770944827661,0.46635338977332946,0.16056070026201524,-0.03726380807570157,0.01838275563803079
7.622,0.466,-0.0008672304460184915,0.023313563352274816,0.46639391096756366,0.1611740543281346,-0.03659391498360174,0.018509347723749698
7.642,0.466,-0.0006652619872025845,0.023279581781484256,0.46636787463329615,0.16098533347969793,-0.03729672556405659,0.018405277232042015
7.662,0.466,-0.0006652619872025845,0.023279581781484256,0.46636787463329615,0.16098533347969793,-0.03729672556405659,0.018405277232042015
7.682,0.466,-0.0006950525464572982,0.02322870483341934,0.46637080077305565,0.16097370405321038,-0.03727938041386845,0.01868727563613223
7.702,0.466,-0.000686646764829486,0.02326855971298566,0.46642186024526605,0.16150377078947428,-0.037588563720465304,0.019010371258415173
7.722,0.466,-0.0006045650643374397,0.023266288445337627,0.4664349606624734,0.16176272692966817,-0.03789233375118356,0.019038654168680343
7.742,0.466,-0.0007301931391425391,0.023291532689373062,0.46641032566151425,0.16175710532939094,-0.037725713235624604,0.01945451950877895
7.762,0.466,-0.0007301931391425391,0.023291532689373062,0.46641032566151425,0.16175710532939094,-0.037725713235624604,0.01945451950877895
7.782,0.466,-0.0007679312888346368,0.023257785026157423,0.46642913970912714,0.1616358511381375,-0.037432634699698444,0.019428880995518306
7.802,0.466,-0.0006955461391060333,0.023390044293283098,0.4664980129335753,0.16203862021566984,-0.03774741140962043,0.01946706537797463
7.822,0.466,-0.000722115112115151,0.023442893925171873,0.4665241639822237,0.16221057267612002,-0.03749323620359699,0.019171515439035062
7.842,0.466,-0.0004984274150324915,0.02338377854110184,0.46648795941824056,0.1622415547947819,-0.03859830048670486,0.019809093459119406
7.862,0.466,-0.0004984274150324915,0.02338377854110184,0.46648795941824056,0.1622415547947819,-0.03859830048670486,0.019809093459119406
7.882,0.466,-0.00041104656785503457,0.023309883783417144,0.4664380464035748,0.161523251846701,-0.03884212762152303,0.0195072880911798
7.902,0.466,-0.0003889211576333873,0.023309124182745496,0.4664124080489894,0.16138543534089453,-0.03883161342770749,0.019504716605305117
7.922,0.466,-0.0001977524590931243,0.02339742807003985,0.46643297092838837,0.1613348613707038,-0.03954448972496424,0.01940297492296318
7.942,0.466,-0.0002969701734666567,0.023306469699438587,0.46636529339780847,0.16107535038324738,-0.03924075033558621,0.019374213388432517
7.962,0.466,-0.0002969701734666567,0.023306469699438587,0.46636529339780847,0.16107535038324738,-0.03924075033558621,0.019374213388432517
7.982,0.466,-0.0005590583264066389,0.023353938717076316,0.4663919575909305,0.16086672580771816,-0.03822498137026156,0.019448548416392604
8.002,0.466,-0.00042023303853750435,0.023371876250048093,0.4664073076379243,0.16097765761225252,-0.038665656450019646,0.019332760163568722
8.022,0.466,-0.0004229860626233899,0.02348870059179996,0.46645930849372447,0.16140207079973837,-0.03869869335686243,0.01935531645764825
8.042,0.466,-0.00032696850187483164,0.02335943239426692,0.4663921485950134,0.1610808229471302,-0.03909180826822118,0.019507490048355332
8.062,0.466,-0.00032696850187483164,0.02335943239426692,0.4663921485950134,0.1610808229471302,-0.03909180826822118,0.019507490048355332
8.082,0.466,-0.00027268532435076017,0.023354607644652012,0.4663806446018836,0.16105874479677398,-0.03937367939771963,0.01952360622896344
8.102,0.466,-0.0001648071281856225,0.023331517101048378,0.46636977549696645,0.1609376503585345,-0.039395841691358846,0.01894897013403068
8.122,0.466,-0.00012000271262235974,0.023384940501342995,0.46642468698241035,0.16134092536465366,-0.03970999812105104,0.01898674889427213
8.142,0.466,-0.0002786772013039681,0.023451421198994914,0.4664452434724764,0.16165601546718558,-0.03915226375937844,0.01924990989416446
8.162,0.466,-0.0002786772013039681,0.023451421198994914,0.4664452434724764,0.16165601546718558,-0.03915226375937844,0.01924990989416446
8.182,0.466,-0.00047221800265976883,0.023400620857370328,0.4664444216127487,0.1615743094411137,-0.03844413635215506,0.019059827233781548
8.202,0.466,-0.00042849130000368214,0.023429566298530196,0.4664555439206394,0.1614192948047471,-0.038567074913889575,0.019206240564815187
8.222,0.466,-0.0005243935810100772,0.023469006151990025,0.46649853269542685,0.1619885501120992,-0.03846096574414777,0.019364775107019373
8.242,0.466,-0.0005710580083567943,0.023430992021100657,0.4664753265277834,0.16185035114583532,-0.03829983917428497,0.019488916716046332
8.262,0.466,-0.0005710580083567943,0.023430992021100657,0.4664753265277834,0.16185035114583532,-0.03829983917428497,0.019488916716046332
8.282,0.466,-0.0005484685352003433,0.0233965382438533,0.4664650697060746,0.16175734785433957,-0.03804106135835558,0.018905446206603626
8.302,0.466,-0.0005856257235921638,0.023452965051493756,0.46651066547243936,0.1619293058864828,-0.037786829876107784,0.018610174358771003
8.322,0.466,-0.0006509159928718755,0.023447156890216758,0.46651070637151687,0.16193534315727134,-0.03763668387883134,0.018742832697268185
8.342,0.466,-0.0009904573462904442,0.02346608551106364,0.4665147540684887,0.16187557652099485,-0.03648181673005722,0.018959836580386847
8.362,0.466,-0.0009904573462904442,0.02346608551106364,0.4665147540684887,0.16187557652099485,-0.03648181673005722,0.018959836580386847
8.382,0.466,-0.0012299863271677267,0.023361473688900403,0.4664771932694152,0.1615344900935883,-0.03547166516668321,0.01874254883659862
8.402,0.466,-0.0010201496394185515,0.02329423393848253,0.4664229936504697,0.16134568930396803,-0.03617383131748313,0.01863771212864379
8.422,0.466,-0.0009764957317014494,0.023205528447322224,0.4663783047517765,0.16115134749117413,-0.0365606064776867,0.01907391654954278
8.442,0.466,-0.0010218374751659748,0.023224819649523477,0.46635323250028676,0.16088655210934047,-0.0364067171172711,0.01891347549119809
8.462,0.466,-0.0010218374751659748,0.023224819649523477,0.46635323250028676,0.16088655210934047,-0.0364067171172711,0.01891347549119809
8.482,0.466,-0.0007934047008633666,0.023164541121309744,0.4663266085968438,0.16083635712710223,-0.03711960272603804,0.018810559481535732
8.502,0.466,-0.000840412705973852,0.023271308826154365,0.46638802697678766,0.16100214105437252,-0.03684843216074586,0.01880524746594486
8.522,0.466,-0.0009794499276592887,0.02328731756882533,0.4664000999562658,0.1611349631406518,-0.03669296395026367,0.01922307031513088
8.542,0.466,-0.0007569715030085931,0.02332310973349027,0.46639134209614147,0.1611990943504533,-0.03753369161491521,0.019562837939494915
8.562,0.466,-0.0007569715030085931,0.02332310973349027,0.46639134209614147,0.1611990943504533,-0.03753369161491521,0.019562837939494915
8.582,0.466,-0.0008301845621680418,0.02337603505300538,0.4664404193867526,0.16148676464384162,-0.03740527816420789,0.019708220670586946
8.602,0.466,-0.0006182018485894075,0.02334913855801739,0.46642144952350795,0.1612759022077911,-0.038239721208530905,0.019745810144993842
8.622,0.466,-0.0004222612122026013,0.023468879665120616,0.46648916270114127,0.16162181692358119,-0.03910241460217751,0.020097071485395437
8.642,0.466,-0.0005902671942321861,0.023497446472912516,0.4664921846425056,0.16194891607896386,-0.03855984546733384,0.020078610019175446
8.662,0.466,-0.0005902671942321861,0.023497446472912516,0.4664921846425056,0.16194891607896386,-0.03855984546733384,0.020078610019175446
8.682,0.466,-0.0005747404018703774,0.023596443404745752,0.46656085957790533,0.1622469438703529,-0.03844869518263644,0.019941672280563896
8.702,0.466,-0.000542504240475565,0.023605472358008826,0.46659986104363305,0.162573936047391,-0.03822215345524211,0.019374006116366048
8.722,0.466,-0.00039895978215232804,0.023628961823724114,0.4665808410272933,0.16224789328459266,-0.038763577092034596,0.019392625548161995
8.742,0.466,-0.00036139658826326877,0.02351006080339748,0.46651923835405,0.16181665750766278,-0.03888098483327878,0.01923746286867873
8.762,0.466,-0.00036139658826326877,0.02351006080339748,0.46651923835405,0.16181665750766278,-0.03888098483327878,0.01923746286867873
8.782,0.466,-0.00042299564876863247,0.0233650825376319,0.46641053771659924,0.1614192948047471,-0.038567074913889575,0.019206240564815187
8.802,0.466,-0.0005594213646729015,0.023250193454260583,0.46637098285404294,0.16103897482364304,-0.03796980773139854,0.01915229451268627
8.822,0.466,-0.0006042759682139988,0.02329639431242458,0.466359472210678,0.16107268989303353,-0.03770454564080477,0.018854887709890238
8.842,0.466,-0.0007098751602166091,0.023288825895437768,0.46637386166743444,0.16112927605816085,-0.037158069593227545,0.018541373901011154
8.862,0.466,-0.0007098751602166091,0.023288825895437768,0.46637386166743444,0.16112927605816085,-0.037158069593227545,0.018541373901011154
8.882,0.466,-0.0005935407868312768,0.023359675568497766,0.4664154580706224,0.16165379740900782,-0.037614977966444925,0.018730309864550647
8.902,0.466,-0.00043456509679549055,0.0232806956229044,0.4663647408755371,0.161337988628221,-0.03817352664650251,0.018467081043205404
8.922,0.466,-0.000477199437738105,0.02333072309910508,0.4664061081807422,0.16162508014940588,-0.038046444566216815,0.018612688764935055
8.942,0.466,-0.0006153794037348892,0.023135238412458358,0.46627563311398,0.16077436904232856,-0.03781556063803645,0.01899167187164161
8.962,0.466,-0.0006153794037348892,0.023135238412458358,0.46627563311398,0.16077436904232856,-0.03781556063803645,0.01899167187164161
8.982,0.466,-0.0008288397408807751,0.023150821205519912,0.46630263009928646,0.16096863635645048,-0.037114133117306845,0.019103393628637996
9.002,0.466,-0.0008557874895822006,0.023036776235051275,0.466250224369164,0.16054277726616445,-0.03708149384686336,0.019081083628257438
9.022,0.466,-0.0007569311064945694,0.02311414230650808,0.466284148310841,0.1607685221633907,-0.03765010403430458,0.01940667690576554
9.042,0.466,-0.0009461694354671114,0.02331602901002512,0.46637063745577634,0.16122754494922234,-0.037101704418151436,0.019680016312173948
9.062,0.466,-0.0009461694354671114,0.02331602901002512,0.46637063745577634,0.16122754494922234,-0.037101704418151436,0.019680016312173948
9.082,0.466,-0.0012197030784574453,0.023241657593121932,0.46632109687758,0.16072556455624343,-0.03604787187725167,0.02002416381627364
9.102,0.466,-0.0012637772890845252,0.02322193560903524,0.46633657904216635,0.16084709039316375,-0.036190992154185656,0.02017606731901107
9.122,0.466,-0.001600822056830749,0.023085195856950517,0.4662365160658873,0.1602407044641984,-0.0348596912080528,0.020219059177621092
9.142,0.466,-0.0016566543001324233,0.023254577783361596,0.4663491960072693,0.16079210695173277,-0.03488656345873976,0.020526522642460354
9.162,0.466,-0.0016566543001324233,0.023254577783361596,0.4663491960072693,0.16079210695173277,-0.03488656345873976,0.020526522642460354
9.182,0.466,-0.001769845678839227,0.023159956837121656,0.46630858337346054,0.16023984975087843,-0.03454478925263166,0.020767598945484675
9.202,0.466,-0.0016275248569567495,0.02326065341810641,0.46637435528862486,0.16074158202490535,-0.035283843021530654,0.020973355981352745
9.222,0.466,-0.0013907352153929861,0.023223693673270325,0.4663281468878393,0.16054238833179782,-0.036136036199073594,0.020728158149934697
9.242,0.466,-0.00141851676336869,0.023404774448987083,0.46646204537287567,0.1615192144597688,-0.036195496066857805,0.021058174127021365
9.262,0.466,-0.00141851676336869,0.023404774448987083,0.46646204537287567,0.1615192144597688,-0.036195496066857805,0.021058174127021365
9.282,0.466,-0.0012362274064649673,0.023430569104583864,0.4665049207166308,0.16178395529666784,-0.03666440863786459,0.020669893972805473
9.302,0.466,-0.0011730043812819499,0.023288086589243754,0.4664707282958726,0.16148007142905033,-0.03692516065757798,0.0206737048170599
9.322,0.466,-0.0008060162928831083,0.02339379545289782,0.4664901067566099,0.16223044678595044,-0.03826662782903013,0.02064045170247526
9.342,0.466,-0.00046516202383503944,0.02334120602821663,0.4664392054204427,0.16188659382162976,-0.039256309180768764,0.020258363317875536
9.362,0.466,-0.00046516202383503944,0.02334120602821663,0.4664392054204427,0.16188659382162976,-0.039256309180768764,0.020258363317875536
9.382,0.466,-0.00044546185418352575,0.023264449398008247,0.4664001146426013,0.16159954468870244,-0.03938356097766037,0.02011245511647037
9.402,0.466,-0.000258604319712771,0.023255272653867915,0.4664063497061632,0.16169274131215744,-0.03995761691516776,0.020146888122003864
9.422,0.466,-1.3967571381229157e-05,0.023369025797992375,0.4664715830617336,0.1621124334478826,-0.04045598116264449,0.019487068392954485
9.442,0.466,0.000172590473553803,0.023410387566301254,0.46645276269751584,0.16237795972209662,-0.04092456594002293,0.01909945356713195
9.462,0.466,0.000172590473553803,0.023410387566301254,0.46645276269751584,0.16237795972209662,-0.04092456594002293,0.01909945356713195
9.482,0.466,9.020871833310212e-05,0.023479974745965367,0.4665370275656268,0.16271562014543697,-0.0403994020873607,0.018797850149776273
9.502,0.466,1.7500084091908602e-05,0.023449536278195186,0.4664793273553178,0.16231309801009822,-0.040084708391529875,0.018759769806228795
9.522,0.466,-0.00020263757833306496,0.023443851327375424,0.46645026947066953,0.16194363123685077,-0.03933945094122348,0.01884636303009845
9.542,0.466,-0.00019079108455146847,0.023443794593050935,0.46642614377126057,0.16181714868617486,-0.0391954476460334,0.01868838311972108
9.562,0.466,-0.00019079108455146847,0.023443794593050935,0.46642614377126057,0.16181714868617486,-0.0391954476460334,0.01868838311972108
9.582,0.466,-0.0003226487841547266,0.02341435495451257,0.46643135071696934,0.16186203666758772,-0.03863194536046315,0.018657074159853862
9.602,0.466,-0.0004368407853265046,0.023443174881233857,0.4664497982355324,0.16147023043491537,-0.03816813431157045,0.018759789342014197
9.622,0.466,-0.000654123960672075,0.02338404927537168,0.4664423806786511,0.16123911215274106,-0.037433591490613795,0.01884890823779311
9.642,0.466,-0.0006409227042526965,0.02331532589024063,0.4663914494943729,0.16070333802840822,-0.03727510158944991,0.01839279946766017
9.662,0.466,-0.0006409227042526965,0.02331532589024063,0.4663914494943729,0.16070333802840822,-0.03727510158944991,0.01839279946766017
9.682,0.466,-0.0008943955236916163,0.023202996725427184,0.4663173188869292,0.16030081679242375,-0.03664545117419294,0.01890359164710492
9.702,0.466,-0.0012614771775603692,0.023194803947224243,0.466308809928663,0.1603511864707803,-0.035616795410462386,0.019554365558572692
9.722,0.466,-0.0013193528463494259,0.023138386083535526,0.4662735458493943,0.16020125825905862,-0.03558886038617798,0.019834311739339132
9.742,0.466,-0.0009899283293842024,0.023134469465869244,0.4663091615946043,0.1602780149067196,-0.03661215194890266,0.019468400231033873
9.762,0.466,-0.0009899283293842024,0.023134469465869244,0.4663091615946043,0.1602780149067196,-0.03661215194890266,0.019468400231033873
9.782,0.466,-0.000984832521493799,0.023081245177346846,0.466291523486914,0.1602614779161824,-0.03674391207325022,0.0196169518232492
9.802,0.466,-0.0011646461702183206,0.02313237138603291,0.46631600416280145,0.16043824718597588,-0.036174638899971766,0.019878265048825013
9.822,0.466,-0.0012293065721779115,0.023106545511601715,0.46628005296939684,0.16030015513804755,-0.03601468097454886,0.02000222894296941
9.842,0.466,-0.0012823632470782137,0.02315177161724324,0.4662956626062348,0.16071366043815236,-0.03603076249926157,0.02030691464633994
9.862,0.466,-0.0012823632470782137,0.02315177161724324,0.4662956626062348,0.16071366043815236,-0.03603076249926157,0.02030691464633994
9.882,0.466,-0.0009441843060302731,0.023318666025909273,0.4664207445269539,0.16146369127420815,-0.03737218766187216,0.020273697411101126
9.902,0.466,-0.0011390769094327426,0.023303148364301803,0.466424282641189,0.16151379823990303,-0.03665933740596288,0.02037504467904005
9.922,0.466,-0.0010614621406044686,0.023455969739164268,0.46650102068275057,0.16208357874650878,-0.036869124526192905,0.019984676706357302
9.942,0.466,-0.0006143468595349911,0.023423779837373877,0.4664569034752917,0.1617006165750076,-0.03827327766856024,0.019767967843488724
9.962,0.466,-0.0006143468595349911,0.023423779837373877,0.4664569034752917,0.1617006165750076,-0.03827327766856024,0.019767967843488724
9.982,0.466,-0.0007300933570980304,0.023565169128625503,0.4664875412956526,0.16172860710915107,-0.03784239967788586,0.01988558356185317
10.002,0.466,-0.001108676905916625,0.0234901704153156,0.4664911127755375,0.16152501451314147,-0.03667612592861157,0.020092991092803623
10.022,0.466,-0.0005916241726773121,0.02363478865071807,0.4665546168786626,0.16238525107649773,-0.03845935261222396,0.0199453349496065
10.042,0.466,-0.00029332935320561856,0.023591337523275555,0.4665244025470953,0.16248424048774482,-0.03934893212752884,0.01943646044422923
10.062,0.466,-0.00029332935320561856,0.023591337523275555,0.4665244025470953,0.16248424048774482,-0.03934893212752884,0.01943646044422923
10.082,0.466,-0.0005102632038207105,0.02356925754038315,0.4665561610892379,0.16251806322426698,-0.038769321495914215,0.01968780024036904
10.102,0.466,-0.0005758796816674804,0.023566173105804576,0.4665797970877388,0.16255741747486227,-0.03835486535248363,0.019523341740710062
10.122,0.466,-0.0005939386297928038,0.023542772468557363,0.4665226012747583,0.16232633349906456,-0.03793504142775825,0.019063964969549988
10.142,0.466,-0.0006304118545392506,0.023591230681787163,0.4665513901857888,0.1623605204769622,-0.03766948767281342,0.01876518376524299
10.162,0.466,-0.0006304118545392506,0.023591230681787163,0.4665513901857888,0.1623605204769622,-0.03766948767281342,0.01876518376524299
10.182,0.466,-0.0006061256435949955,0.02350009426417596,0.4665126236581673,0.16206134158522484,-0.037780696840904716,0.01890218649566243
10.202,0.466,-0.0006433085271358385,0.02358900364085043,0.4665767644695029,0.16265829350648145,-0.0375586619750003,0.01862867808464314
10.222,0.466,-0.00047967662775820946,0.02361788116633782,0.46660035245493525,0.16294080759282262,-0.03789551149377562,0.018092408338931824
10.242,0.466,-0.00012105966835296875,0.0235584881741178,0.4665631681895072,0.1627021094660375,-0.03916134329564565,0.018011773834841618
10.262,0.466,-0.00012105966835296875,0.0235584881741178,0.4665631681895072,0.1627021094660375,-0.03916134329564565,0.018011773834841618
10.282,0.466,-0.0002981691525891742,0.02354404652616014,0.46654921105671887,0.16236094637935758,-0.038300241810211785,0.01766719980668798
10.302,0.466,-0.0005138796018183443,0.02355790455876142,0.46655078859633403,0.1622393390377688,-0.03769184341036919,0.018191188520819978
10.322,0.466,-0.000460790121932102,0.023641615184239368,0.46656982872050307,0.16211256957416625,-0.03769839869982519,0.01790544164257685
10.342,0.466,-0.0002806858118352487,0.023595229769640774,0.46652728816702693,0.16204538679720717,-0.038543385922796186,0.017952219806092577
10.362,0.466,-0.0002806858118352487,0.023595229769640774,0.46652728816702693,0.16204538679720717,-0.038543385922796186,0.017952219806092577
10.382,0.466,-0.00037717783323305663,0.023516547368112806,0.4665200404450695,0.16202227571626052,-0.03851030835989923,0.018517647124294233
10.402,0.466,-0.000417599721932947,0.023480688415750933,0.46653434717621234,0.16227612921836043,-0.03864798611409424,0.018961018240628066
10.422,0.466,-0.000589821016992454,0.023484983943142086,0.46654003122995025,0.16218272163026465,-0.03792385318205499,0.019054029228604708
10.442,0.466,-0.0006706289496447564,0.02344890706988323,0.46652258360145404,0.162022002352715,-0.037880125491624284,0.019616352655077593
10.462,0.466,-0.0006706289496447564,0.02344890706988323,0.46652258360145404,0.162022002352715,-0.037880125491624284,0.019616352655077593
10.482,0.466,-0.0006124824509803738,0.023390666732652568,0.4664696639199898,0.1616893809607934,-0.03825652776819921,0.020049950573570518
10.502,0.466,-0.0006022446481376478,0.023530801973027787,0.46652492841293913,0.16198829677032298,-0.03814546224148036,0.01991401194531415
10.522,0.466,-0.0008671377691897107,0.023442738550940697,0.4665180293633115,0.1617454111989811,-0.03739378041055741,0.02028607842505661
10.542,0.466,-0.0007627691477537535,0.02348587444701885,0.4664945084295751,0.16173471766322217,-0.0376929381168639,0.020019146065063952
10.562,0.466,-0.0007627691477537535,0.02348587444701885,0.4664945084295751,0.16173471766322217,-0.0376929381168639,0.020019146065063952
10.582,0.466,-0.0009891259280840616,0.023551036318130863,0.4665747586109517,0.1620544935795121,-0.036984472080524036,0.02041576631322984
10.602,0.466,-0.0010479533160580757,0.02361595090781389,0.46659770010162854,0.16204321520431395,-0.036968526243770235,0.02069877786258598
10.622,0.466,-0.0010769482746863543,0.023538252181157612,0.46656078188686145,0.16176753362643548,-0.03679692979768002,0.02081936350835248
10.642,0.466,-0.001086173795410927,0.023572461969474955,0.46656418380256176,0.1614744442246903,-0.03675859303430404,0.021089267590734567
10.662,0.466,-0.001086173795410927,0.023572461969474955,0.46656418380256176,0.1614744442246903,-0.03675859303430404,0.021089267590734567
10.682,0.466,-0.0011087551707609671,0.023518296657599882,0.46653377274249774,0.16119267114694713,-0.03673697948629133,0.021076840843400477
10.702,0.466,-0.0009668975934464787,0.02350954242385725,0.4664890837811627,0.16088265027822768,-0.03714704383555149,0.020946853844265898
10.722,0.466,-0.0010209134782024195,0.0234569053003618,0.46646666753112975,0.16075609087549952,-0.03700265382445949,0.02078762255792057
10.742,0.466,-0.001070811434441751,0.023496318729173505,0.46649286442230353,0.16118163458870968,-0.03703537434664526,0.020810067406704432
10.762,0.466,-0.001070811434441751,0.023496318729173505,0.46649286442230353,0.16118163458870968,-0.03703537434664526,0.020810067406704432
10.782,0.466,-0.0010770390739685148,0.023565256658806443,0.4665329571304949,0.16148007142905033,-0.03692516065757798,0.0206737048170599
10.802,0.466,-0.0012343717648477686,0.02363841657677143,0.46662125986848335,0.16178987867296654,-0.03651532155800065,0.02080380730091042
10.822,0.466,-0.0008613451260096529,0.023484564543035824,0.4665138643122173,0.1613958952589222,-0.037902920909816375,0.020869625470845345
10.842,0.466,-0.000883557508966704,0.02351766192423969,0.46650599422996647,0.16168268656810814,-0.03777521940624451,0.021014941465867725
10.862,0.466,-0.000883557508966704,0.02351766192423969,0.46650599422996647,0.16168268656810814,-0.03777521940624451,0.021014941465867725
10.882,0.466,-0.0008820633129193315,0.02354027275279789,0.46652625478315546,0.1617000367364516,-0.037642522023760394,0.020866369321510717
10.902,0.466,-0.0008323927047977412,0.023528580692274086,0.4665170034871403,0.16145771021421224,-0.0375214448936593,0.020139891349068663
10.922,0.466,-0.0005182086919448941,0.02357245781924732,0.4665335101012249,0.16166121481418172,-0.03868773126046072,0.019932483660863136
10.942,0.466,-0.0007515192396111123,0.02371896327533995,0.4666401701773879,0.1624417744985691,-0.03791281468290208,0.019630917498440932
10.962,0.466,-0.0007515192396111123,0.02371896327533995,0.4666401701773879,0.1624417744985691,-0.03791281468290208,0.019630917498440932
10.982,0.466,-0.0009845564948379353,0.023728320000307234,0.46665237041170077,0.16250922849360036,-0.03706713086482473,0.019583799878109393
11.002,0.466,-0.000976764797056177,0.023680579269573756,0.4666307320592087,0.1622101334214065,-0.03717821864504416,0.019720870726376263
11.022,0.466,-0.0010664564663879765,0.023655667978844018,0.46661391633909377,0.16206640404021888,-0.03700156218420153,0.020132974757061533
11.042,0.466,-0.0008389669116049234,0.023648986605323566,0.46659980531005757,0.1623035421298863,-0.037586237532266364,0.020177135868519804
11.062,0.466,-0.0008389669116049234,0.023648986605323566,0.46659980531005757,0.1623035421298863,-0.037586237532266364,0.020177135868519804
11.082,0.466,-0.0006515993647288537,0.02359847502845532,0.46662387310819065,0.16228623057294722,-0.03803446680616848,0.01977726112787828
11.102,0.466,-0.0005993202318785056,0.023594943740308065,0.46657577073746914,0.16206134158522484,-0.037780696840904716,0.01890218649566243
11.122,0.466,-0.0006520217545695832,0.023545973867165428,0.46655769373895173,0.16181397323799607,-0.037493469455445856,0.01859096971862798
11.142,0.466,-0.0006044480271944462,0.023542530733916833,0.4665531612474347,0.16194084780204712,-0.037803335942613564,0.018327350993245586
11.162,0.466,-0.0006044480271944462,0.023542530733916833,0.4665531612474347,0.16194084780204712,-0.037803335942613564,0.018327350993245586
11.182,0.466,-0.0008365580652862873,0.023469434952951316,0.4665692468480788,0.16215212755111436,-0.03696877471076976,0.01829009808186354
11.202,0.466,-0.0008163507828722306,0.023447380814111112,0.4665342096600706,0.1620082557607656,-0.036957825286762024,0.018280359508272302
11.222,0.466,-0.0010864684218325257,0.023507647205176348,0.46657232014380806,0.1624784810675278,-0.036111194816784986,0.018819943650634243
11.242,0.466,-0.0009495487863242351,0.023387396991722112,0.46652088114809287,0.16219115150878072,-0.036239316232867524,0.01867465242628047
11.262,0.466,-0.0009495487863242351,0.023387396991722112,0.46652088114809287,0.16219115150878072,-0.036239316232867524,0.01867465242628047
11.282,0.466,-0.0008439188203435284,0.023405578178827758,0.46651778780713893,0.16232341441451115,-0.036398481694101495,0.01854411320266329
11.302,0.466,-0.0007871083135416925,0.023250880843792242,0.46639174996532096,0.16116241812221593,-0.036577423268851716,0.01879226843141522
11.322,0.466,-0.0007339569865554156,0.023228785262657023,0.4663696294993828,0.1608984051430954,-0.036738063206102164,0.01808171400967768
11.342,0.466,-0.0009706445957336174,0.023174854798643847,0.46637837447163794,0.16124172524172917,-0.03606300901727102,0.017913635441217136
11.362,0.466,-0.0009706445957336174,0.023174854798643847,0.46637837447163794,0.16124172524172917,-0.03606300901727102,0.017913635441217136
11.382,0.466,-0.0009399749084443431,0.023297109777467257,0.466434831617858,0.16178300506713233,-0.03638842497647044,0.017954818899107515
11.402,0.466,-0.001203450309105121,0.023226756980660207,0.4664227494492405,0.16168400846268227,-0.03564799917886874,0.018335843445893604
11.422,0.466,-0.0012541950618307732,0.02341079968314391,0.4665100225679617,0.16208655122461793,-0.03549821621879491,0.019049218672051494
11.442,0.466,-0.0012684212041220774,0.023361719052573542,0.4665088439973625,0.1621904817822478,-0.03560884264020988,0.01977300481231798
11.462,0.466,-0.0012684212041220774,0.023361719052573542,0.4665088439973625,0.1621904817822478,-0.03560884264020988,0.01977300481231798
11.482,0.466,-0.0005656721606293032,0.023371337490902134,0.46646841518916704,0.16198829677032298,-0.03814546224148036,0.01991401194531415
11.502,0.466,-0.0005128465793730941,0.023357188703271258,0.4664676244131591,0.16196551946031726,-0.03842697378144627,0.019929099938758178
11.522,0.466,-0.00013242127078594884,0.023207459545228997,0.4663694727803953,0.16100230965921938,-0.039921181237502525,0.019836989369863285
11.542,0.466,-0.0004389957160657764,0.023146671090157323,0.46637570353672164,0.16125338438226483,-0.03883766936084818,0.01921245530222839
11.562,0.466,-0.0004389957160657764,0.023146671090157323,0.46637570353672164,0.16125338438226483,-0.03883766936084818,0.01921245530222839
11.582,0.466,-0.0005739068773173147,0.02324252806665343,0.46643298819166445,0.16158601302421477,-0.038461378997728175,0.018777615135586984
11.602,0.466,-0.0006849659875204765,0.02332495426993988,0.4664601903534871,0.161459158261429,-0.03815124812230734,0.019041328775306558
11.622,0.466,-0.0007840075877700226,0.023331304764355274,0.466428009987203,0.1611937444168976,-0.03768232276122131,0.019429448676433078
11.642,0.466,-0.0006777034052740391,0.023306899773628133,0.46640343065309037,0.1608497463170403,-0.03804157000271196,0.020146703048600577
11.662,0.466,-0.0006777034052740391,0.023306899773628133,0.46640343065309037,0.1608497463170403,-0.03804157000271196,0.020146703048600577
11.682,0.466,-0.00033534846602006663,0.02319653766335646,0.4663150477940129,0.16047803400770094,-0.03914793863703519,0.02019588299402421
11.702,0.466,0.00011178417236119358,0.02311190913760127,0.4662609045514117,0.15999709813679236,-0.0402923484669174,0.019390184098882508
11.722,0.466,-0.00013546303318698468,0.023114055631194317,0.46626345332091385,0.15982868833297528,-0.039175913057310045,0.018749445441703472
11.742,0.466,-0.0003868356915220389,0.023116657129597644,0.4662336601682035,0.1596537785566629,-0.03821031957527936,0.01797685604869577
11.762,0.466,-0.0003868356915220389,0.023116657129597644,0.4662336601682035,0.1596537785566629,-0.03821031957527936,0.01797685604869577
11.782,0.466,-0.0006985527125711564,0.023255698941245302,0.466307277599761,0.16034628707661294,-0.03702637442002626,0.01722498517870707
11.802,0.466,-0.0008555437840773314,0.02348334795486229,0.466446036555546,0.1612538684500227,-0.03639496972117382,0.017082532708524414
11.822,0.466,-0.0011694842268218043,0.023445719792232457,0.4664389675959415,0.1612759506553382,-0.03548296172539092,0.018164306274693124
11.842,0.466,-0.0010941606215523496,0.023452615923707624,0.46645576160423013,0.16139077404347374,-0.0356097466008378,0.01860620342919838
11.862,0.466,-0.0010941606215523496,0.023452615923707624,0.46645576160423013,0.16139077404347374,-0.0356097466008378,0.01860620342919838
11.882,0.466,-0.0011349289648749175,0.023352939761150632,0.46641378895083274,0.16137305106381705,-0.03542754024500942,0.019303569946650265
11.902,0.466,-0.0007053036007300545,0.023212977140398456,0.4663656535990894,0.1611577546944711,-0.03672625958063493,0.018658403216871157
11.922,0.466,-0.0006280891675296664,0.023101902622236156,0.46631749039106485,0.16061168417842525,-0.036865438438816615,0.017935676807185465
11.942,0.466,-0.0006868357764595911,0.023207476290571984,0.46634903811468154,0.16088759847821812,-0.037036223821605915,0.017814652465881656
11.962,0.466,-0.0006868357764595911,0.023207476290571984,0.46634903811468154,0.16088759847821812,-0.037036223821605915,0.017814652465881656
11.982,0.466,-0.001137904099421341,0.023123874225816753,0.46628664708932643,0.16059103568982297,-0.035611963195443345,0.017438859543684883
12.002,0.466,-0.0010440570191352675,0.02317643620493753,0.4663370357491734,0.16109847421932896,-0.036201790816945585,0.017776940771300098
12.022,0.466,-0.0009660029312042726,0.02324659287548678,0.46639014934686546,0.1614557301841939,-0.03661561777443328,0.01852183319636324
12.042,0.466,-0.0006351812447817314,0.023285509533038717,0.46640307268937276,0.16159066641311773,-0.03799669154507362,0.019460416846085304
12.062,0.466,-0.00035998191900089583,0.023255639010717064,0.4664094746805745,0.1616392146125086,-0.038969464753391574,0.019948565291237997
12.082,0.466,-0.00035998191900089583,0.023255639010717064,0.4664094746805745,0.1616392146125086,-0.038969464753391574,0.019948565291237997
12.102,0.466,-0.00017615100851775677,0.02326276279057089,0.4664225207983333,0.16170386092233935,-0.039659403580490686,0.02041336583597326
12.122,0.466,0.0003460256231817178,0.0232515346006458,0.4663749085165018,0.1613206295905265,-0.04137900966699424,0.01964852682532343
12.142,0.466,0.00027960762340031067,0.023320185391364545,0.4664110519677752,0.1613777034674684,-0.041146742513231194,0.018785023103308204
12.162,0.466,0.00027960762340031067,0.023320185391364545,0.4664110519677752,0.1613777034674684,-0.041146742513231194,0.018785023103308204
12.182,0.466,0.00019429196504907228,0.023338316326286124,0.4664423442948366,0.16144012960908796,-0.04076618806605394,0.018056099707644966
12.202,0.466,-1.3960881414387203e-05,0.02337012246073918,0.4664813928451723,0.16166314739390555,-0.039947775070542056,0.017736058433000117
12.222,0.466,-1.3232983875081536e-05,0.023333437246439392,0.4664936027621876,0.16180595928947922,-0.03980871865203965,0.017872311567598657
12.242,0.466,-6.064524104257767e-05,0.023498430506177267,0.46656621525898045,0.16248479252322978,-0.03966434561278492,0.018888002796138677
12.262,0.466,-6.064524104257767e-05,0.023498430506177267,0.46656621525898045,0.16248479252322978,-0.03966434561278492,0.018888002796138677
12.282,0.466,-0.00013743446952210145,0.02323792608407156,0.4664312509574704,0.16135710172235862,-0.03926237952900384,0.019386684430429197
12.302,0.466,0.00012784026364549904,0.023077153794493835,0.4663209437754743,0.16070931705599018,-0.04019789191656799,0.019558287341511115
12.322,0.466,0.0008010524354377428,0.022950223716180596,0.46623223560945176,0.1598906667063713,-0.04218249885034765,0.01850377602898494
12.342,0.466,0.0010973702943752337,0.022849243832425738,0.4661432972503986,0.15941445166137658,-0.043328266938373466,0.017703771337263693
12.362,0.466,0.0010973702943752337,0.022849243832425738,0.4661432972503986,0.15941445166137658,-0.043328266938373466,0.017703771337263693
12.382,0.466,0.0010221552285352182,0.022834551889629195,0.4661629532265592,0.15960957092388142,-0.04310562102200689,0.01684362388619796
12.402,0.466,0.0006634497451443686,0.022967164996711743,0.4661950037882751,0.16027984125006112,-0.041889606045584435,0.016657158311594998
12.422,0.466,9.570234017838247e-05,0.02311571545621201,0.4663101436744584,0.1610594864978164,-0.04031941273420801,0.017876166680156114
12.442,0.466,-0.00037251521938975926,0.02312393273555922,0.46631580071083734,0.16098260657784008,-0.038832135033071126,0.01891765963788648
12.462,0.466,-0.00041964582493885503,0.023300394866186375,0.46640760641214535,0.16166121481418172,-0.03868773126046072,0.019932483660863136
12.482,0.466,-0.00041964582493885503,0.023300394866186375,0.46640760641214535,0.16166121481418172,-0.03868773126046072,0.019932483660863136
12.502,0.466,-0.0005192716902149045,0.023033185647578037,0.466242985521375,0.16013702046911243,-0.03813654452681646,0.01997813282979416
12.522,0.466,0.0001001631556886951,0.022985743149202834,0.4662172979487621,0.16014023759460863,-0.04030352813499357,0.019398916934857853
12.542,0.466,-2.3274043752314986e-06,0.023006441974746477,0.4662040320093651,0.16009339480687276,-0.03964541792954315,0.01836257375967991
12.562,0.466,-2.3274043752314986e-06,0.023006441974746477,0.4662040320093651,0.16009339480687276,-0.03964541792954315,0.01836257375967991
12.582,0.466,-0.00041009615863195006,0.02319078287493086,0.4663193199076584,0.16074675755194667,-0.0385618100734303,0.018324312217551438
12.602,0.466,-0.0010477878822077091,0.02323957026065908,0.46635289779306327,0.16093838495510057,-0.036323884071423236,0.01791688248420329
12.622,0.466,-0.001617100994264953,0.023548367860152873,0.46655844247597567,0.16233081556259088,-0.0343987511950246,0.018714201805650057
12.642,0.466,-0.0021079278256276694,0.02358768537632303,0.4666319014098289,0.16269651316683245,-0.03281162769368625,0.019628660348153977
12.662,0.466,-0.0021079278256276694,0.02358768537632303,0.4666319014098289,0.16269651316683245,-0.03281162769368625,0.019628660348153977
12.682,0.466,-0.0017130154989143894,0.023575428597445266,0.46659056615306477,0.16257820200437467,-0.03405583461824387,0.020122679039658253
12.702,0.466,-0.0013791090821836166,0.023500908220491674,0.46655171289083597,0.16222405029195136,-0.03502859184519177,0.020023762751784257
12.722,0.466,-0.0008088273821293592,0.023359781145598557,0.46648198603516294,0.1618073715815074,-0.037013306167001304,0.01955650728106285
12.742,0.466,-0.00033157934201030135,0.023455843263289186,0.46654123267978775,0.16254096224291834,-0.038802493889286235,0.019122782963772962
12.762,0.466,-0.00033157934201030135,0.023455843263289186,0.46654123267978775,0.16254096224291834,-0.038802493889286235,0.019122782963772962
12.782,0.466,-0.0006859229757152367,0.02351521710381907,0.4665608807023122,0.16266988853018782,-0.0375759236080535,0.018346613504294295
12.802,0.466,-0.0009438105579447209,0.023550991898767443,0.466589489223567,0.16290445932172734,-0.03662457490344611,0.017870722651621405
12.822,0.466,-0.0014785443054114189,0.023539886474075296,0.4665659872508361,0.16287797383995342,-0.034889403844228124,0.01833832107891129
12.842,0.466,-0.0015963347395888667,0.023580593228912622,0.466590901181245,0.16342979450768835,-0.03460064958107457,0.01919501236733954
12.862,0.466,-0.0015963347395888667,0.023580593228912622,0.466590901181245,0.16342979450768835,-0.03460064958107457,0.01919501236733954
12.882,0.466,-0.001309808115487983,0.023381788596131502,0.4664472979611972,0.1624434947151885,-0.03574685676045973,0.02021665752111478
12.902,0.466,-0.0007265372336659888,0.02322193209948173,0.4663702477965362,0.16142381428846111,-0.037786867545535396,0.020437839687179785
12.922,0.466,-0.0004065094592875629,0.02317001330892412,0.46627185740631877,0.1607708965200137,-0.0388706518134125,0.0204759570210688
12.942,0.466,-0.0002648104958499737,0.023089904506464837,0.46625354154108994,0.16048378039994257,-0.03931365751031485,0.01978060107913994
12.962,0.466,-0.0002648104958499737,0.023089904506464837,0.46625354154108994,0.16048378039994257,-0.03931365751031485,0.01978060107913994
12.982,0.466,-0.0005679015307875294,0.02314482266113139,0.466256196651761,0.16045316669212348,-0.03820810682251461,0.019143552579098166
13.002,0.466,-0.0009008133947136774,0.023151880506318463,0.4662824462444959,0.16041635489385384,-0.03708729893248523,0.018795360558684387
13.022,0.466,-0.001301628545357024,0.023231839004215445,0.4663180627797255,0.16065570025120993,-0.03567188127907601,0.019003097645222317
13.042,0.466,-0.0014580829378350992,0.023267256503776333,0.4663617793076671,0.16080396741152267,-0.035218683565754194,0.01969450255035363
13.062,0.466,-0.0014580829378350992,0.023267256503776333,0.4663617793076671,0.16080396741152267,-0.035218683565754194,0.01969450255035363
13.082,0.466,-0.0013779018766333217,0.023368275957854776,0.46642371756535367,0.16133875704013276,-0.03537772974388259,0.020150964353854422
13.102,0.466,-0.0012156936475097558,0.02335593215612862,0.4664140887238555,0.16086317333545633,-0.03574277548366539,0.020576511893733544
13.122,0.466,-0.001058371187292252,0.02324716968986882,0.4663385463627453,0.16056517354945105,-0.03616927967058451,0.020163606144909314
13.142,0.466,-0.0009711280756657085,0.02325336743301977,0.46635116362500934,0.1606104441173689,-0.036235208149856826,0.019033807972569927
13.162,0.466,-0.0012168322030890687,0.023114843751408036,0.46627730751425683,0.15997075836724264,-0.03548468808868523,0.01882553684779253
13.182,0.466,-0.0012168322030890687,0.023114843751408036,0.46627730751425683,0.15997075836724264,-0.03548468808868523,0.01882553684779253
13.202,0.466,-0.001144871230567554,0.023291455781850587,0.46637943933989023,0.16068995349664142,-0.035721698432972536,0.01815574826684065
13.222,0.466,-0.0015276775114083326,0.023254858221918334,0.4663513806013607,0.1605032782380411,-0.034423793065265475,0.018213651321336687
13.242,0.466,-0.0016280347288024392,0.023297840105971496,0.4663774723170416,0.16066321085129248,-0.033987334966745136,0.018623213989528185
13.262,0.466,-0.0016932394560072014,0.023311801480443754,0.46641978904253006,0.16092754643354612,-0.03382586041115454,0.019334092821924265
13.282,0.466,-0.0016932394560072014,0.023311801480443754,0.46641978904253006,0.16092754643354612,-0.03382586041115454,0.019334092821924265
13.302,0.466,-0.0018215584306427947,0.023304731411311123,0.46643134881716874,0.16093311874798455,-0.03336211129190983,0.020016453094003264
13.322,0.466,-0.0015910678011911042,0.023208803554516117,0.4663435594116478,0.160268153854062,-0.03442870404077316,0.02033618915423236
13.342,0.466,-0.0011489026014945135,0.023089504726748405,0.46630445723714675,0.15988040782717292,-0.035982904384238366,0.01998675729424115
13.362,0.466,-0.001111169678345578,0.023256415165388948,0.466396840525978,0.16043243549755845,-0.036324509021911595,0.01974530127574497
13.382,0.466,-0.001111169678345578,0.023256415165388948,0.466396840525978,0.16043243549755845,-0.036324509021911595,0.01974530127574497
13.402,0.466,-0.0009333281649525546,0.023338748676759186,0.4664724659647391,0.16109481950279259,-0.03710753978203765,0.01938828680277214
13.422,0.466,-0.0009799862974472313,0.023446770685623432,0.46654924147866667,0.16181841064629263,-0.03702943064858356,0.019273927867339124
13.442,0.466,-0.0011716971345533962,0.02357674409818678,0.4666148361037823,0.16254285014261055,-0.036486000615431745,0.019835413412025573
13.462,0.466,-0.0008891028530720501,0.023641604321663127,0.4666361635426285,0.16285466530314804,-0.03761314862714356,0.020484525431023352
13.482,0.466,-0.0008891028530720501,0.023641604321663127,0.4666361635426285,0.16285466530314804,-0.03761314862714356,0.020484525431023352
13.502,0.466,-0.0006528858826131868,0.023617005737434527,0.4666335389932965,0.1629365271445775,-0.0383205114015813,0.02067475779275403
13.522,0.466,-0.00019290760958051402,0.02355293785395157,0.4665500285509016,0.16254860535542526,-0.039874434970757655,0.020325166516917376
13.542,0.466,0.0002530996901914635,0.023490797477929953,0.46653230474020213,0.16229816403630515,-0.0414380696910397,0.019978187080675315
13.562,0.466,0.0004195933507570261,0.023411102361873118,0.46650273985279295,0.16200607529057753,-0.04203043715132567,0.019149132344222625
13.582,0.466,0.0004195933507570261,0.023411102361873118,0.46650273985279295,0.16200607529057753,-0.04203043715132567,0.019149132344222625
13.602,0.466,0.0004543042826542472,0.023695618946075015,0.4666499222697106,0.16317285415750651,-0.04201765897760959,0.018485874605444194
13.622,0.466,0.00034143792621860403,0.023558759480374534,0.4665728247037726,0.1628036399324654,-0.04143702437917743,0.018149534152767877
13.642,0.466,0.00019006046056567716,0.023589363460681672,0.4665342999893034,0.16244606007517473,-0.04070925565583264,0.017953956685518666
13.662,0.466,1.8406666416813975e-05,0.023556923060488615,0.4665567509133717,0.16245122196369804,-0.04024516383494451,0.018636652769175917
13.682,0.466,1.8406666416813975e-05,0.023556923060488615,0.4665567509133717,0.16245122196369804,-0.04024516383494451,0.018636652769175917
13.702,0.466,0.00020507983255181193,0.023513278889447153,0.46649047422166295,0.16183125654495178,-0.04074929742022406,0.018925385730677313
13.722,0.466,7.952070983076257e-05,0.023489485116327265,0.4664955612338124,0.1618644143925959,-0.04016874673047334,0.019176462111997566
13.742,0.466,0.00013432042828194905,0.023394893814258685,0.46643052241644056,0.1612732685657201,-0.0405561789873156,0.019033963756572143
13.762,0.466,0.00015825042507736306,0.023421301345768177,0.4664622100450495,0.1615491765479915,-0.040727150502033294,0.01891349433399915
13.782,0.466,0.00015825042507736306,0.023421301345768177,0.4664622100450495,0.1615491765479915,-0.040727150502033294,0.01891349433399915
13.802,0.466,-0.00014143125200639115,0.023425814992950867,0.46643529539828277,0.1612253978264332,-0.03958310319537113,0.018545591233717258
13.822,0.466,-0.00018155948724751314,0.023483841782590074,0.46649985745804423,0.16180583738376628,-0.039494651704961546,0.01842144808390253
13.842,0.466,-0.0005516369002621438,0.023391882964823797,0.4664276706515999,0.16145307261595226,-0.03830159376643428,0.018908727811489258
13.862,0.466,-0.0007025924615297745,0.02356076011580412,0.4665594076535157,0.1623205708251277,-0.03776959536785868,0.01947899992389832
13.882,0.466,-0.0007025924615297745,0.02356076011580412,0.4665594076535157,0.1623205708251277,-0.03776959536785868,0.01947899992389832
13.902,0.466,-0.0008714171330843762,0.023557240507213303,0.46657758903919166,0.16230891923911187,-0.03743763901632093,0.020310555828115816
13.922,0.466,-0.0008151248442115101,0.02365923012346569,0.4666337545405672,0.16257346795919994,-0.03759135998057541,0.02047188174227676
13.942,0.466,-0.0007325155455500457,0.02354461791039466,0.4665467796425238,0.16228100053900815,-0.03786828991891569,0.02019285540239663
13.962,0.466,-0.0005895272211128666,0.02352147165434262,0.46653237460458846,0.16196551946031726,-0.03842697378144627,0.019929099938758178
13.982,0.466,-0.0005895272211128666,0.02352147165434262,0.46653237460458846,0.16196551946031726,-0.03842697378144627,0.019929099938758178
14.002,0.466,-0.000681385220056813,0.023488989156040394,0.46653351497707024,0.16173454995748182,-0.038007734972186645,0.01947017229247778
14.022,0.466,-0.0007009472878632464,0.02350249522737303,0.4665518478205413,0.16173454995748182,-0.038007734972186645,0.01947017229247778
14.042,0.466,-0.0007979173347751512,0.023594789916201134,0.46660731424792684,0.16259134955194884,-0.037773794723604766,0.01977367924215292
14.062,0.466,-0.0008482514765124713,0.023627800375195747,0.46659659100139805,0.16261324981701045,-0.037492526280430094,0.019757686618149365
14.082,0.466,-0.0008482514765124713,0.023627800375195747,0.46659659100139805,0.16261324981701045,-0.037492526280430094,0.019757686618149365
14.102,0.466,-0.0009184855711039456,0.02343026318585424,0.4665208803944594,0.1617797000004207,-0.03712911527143129,0.019987802145585733
14.122,0.466,-0.001012829002003689,0.023285431858290913,0.4664319165655581,0.16096151438122358,-0.03663282193386544,0.020068090158527268
14.142,0.466,-0.0008950019376264827,0.023228126332643824,0.4663609820997954,0.16065255324287703,-0.03704254668018407,0.019937903957920205
14.162,0.466,-0.0007950214640653892,0.023158009753896626,0.466304123928251,0.16038822637051314,-0.03720258506787874,0.01922689606455861
14.182,0.466,-0.0007950214640653892,0.023158009753896626,0.466304123928251,0.16038822637051314,-0.03720258506787874,0.01922689606455861
14.202,0.466,-0.0008015935657079114,0.023160545672954495,0.4663128856524886,0.16055434713966055,-0.03709797260425071,0.018798079256593436
14.222,0.466,-0.0005287511940503283,0.02321685524207428,0.46634630232362817,0.1610903780898686,-0.03788709357904356,0.018156874847062656
14.242,0.466,-0.0007043648569402555,0.023382503547461544,0.4664580553804509,0.16181397323799607,-0.037493469455445856,0.01859096971862798
14.262,0.466,-0.000958321745130453,0.023396945141820953,0.46644727082885973,0.16160511295613822,-0.03647691689524451,0.018665630528019197
14.282,0.466,-0.000958321745130453,0.023396945141820953,0.46644727082885973,0.16160511295613822,-0.03647691689524451,0.018665630528019197
14.302,0.466,-0.0010746910482850004,0.023259082323921484,0.4663798749512232,0.16105273276288945,-0.03613538671450629,0.01890690383434533
14.322,0.466,-0.001182412873180737,0.02329113568849274,0.4664312872193696,0.16109778065493324,-0.035571363410968726,0.018875433892342225
14.342,0.466,-0.0006746721988440239,0.023330039248353602,0.466497131675426,0.16165866084124467,-0.03746583526901088,0.018864010075306598
14.362,0.466,-0.00032225652313634776,0.02339465855404821,0.4664938986927235,0.16171812739223634,-0.038770952920622014,0.018520997094671747
14.382,0.466,-0.00032225652313634776,0.02339465855404821,0.4664938986927235,0.16171812739223634,-0.038770952920622014,0.018520997094671747
14.402,0.466,-0.00016586546867655046,0.023325198821025454,0.4664872054303681,0.16168463700400568,-0.03935124730777944,0.018269557688627973
14.422,0.466,-0.00011303580911616506,0.023450102351552794,0.466539505742045,0.16194393971853058,-0.03965421233931967,0.018297617535207773
14.442,0.466,-0.00024084966742141112,0.023519755442821394,0.4666375621231,0.16223676997420017,-0.0393774004898055,0.01857769886570112
14.462,0.466,-0.000640946802644485,0.023489090453703336,0.4666007511362456,0.16186738008668003,-0.03816752418453597,0.019339020598091488
14.482,0.466,-0.000640946802644485,0.023489090453703336,0.4666007511362456,0.16186738008668003,-0.03816752418453597,0.019339020598091488
14.502,0.466,-0.00016756087252415907,0.023445812347923565,0.46656635637491534,0.1618930084791534,-0.03973741830859778,0.01929431681055667
14.522,0.466,-8.01906590940664e-05,0.02335427148943177,0.46656091147750256,0.1616053132581714,-0.039865430221999655,0.019148303626422714
14.542,0.466,0.00029841419733661037,0.02343958039210132,0.4665742342463198,0.16179144750195204,-0.041163258446545545,0.01909032243635543
14.562,0.466,0.00040530052300624133,0.023346649486161976,0.4664706336550308,0.16119981969285138,-0.04155064372943925,0.01894733810874
14.582,0.466,0.00040530052300624133,0.023346649486161976,0.4664706336550308,0.16119981969285138,-0.04155064372943925,0.01894733810874
14.602,0.466,0.00027172712231874046,0.023425790324776215,0.46651311123759587,0.1613660452394522,-0.04113028992339277,0.019068015103855456
14.622,0.466,0.00014353839835866118,0.023416967719228167,0.4664957493283537,0.16123967803805753,-0.04082114483913418,0.019331337475561677
14.642,0.466,-0.00014841411015255446,0.02348204280338024,0.4665166370154839,0.16132991243532369,-0.039693928803195604,0.019269167556245397
14.662,0.466,-0.00024906449240471386,0.02342190920539636,0.466462239026295,0.16110987186898756,-0.038975353428506714,0.019075952440106028
14.682,0.466,-0.00024906449240471386,0.02342190920539636,0.466462239026295,0.16110987186898756,-0.038975353428506714,0.019075952440106028
14.702,0.466,-0.0002662390195566689,0.023396994021273047,0.4664546757097944,0.16127060974121393,-0.038704123463857,0.019063465771966336
14.722,0.466,-2.287810068032614e-05,0.02344067194975366,0.46644582740863266,0.1613348613707038,-0.03954448972496424,0.01940297492296318
14.742,0.466,6.921604585331094e-05,0.023580515374088482,0.46652583200395814,0.16190965671880814,-0.03960432317229215,0.019144858834957302
14.762,0.466,0.00019333318501614708,0.023514430248965303,0.46646203835819117,0.16130690903399236,-0.03997607509676373,0.019284484721652263
14.782,0.466,0.00019333318501614708,0.023514430248965303,0.46646203835819117,0.16130690903399236,-0.03997607509676373,0.019284484721652263
14.802,0.466,-2.936503151534776e-05,0.023526117532274578,0.4664785373457097,0.16140834296445425,-0.03886483759206366,0.01893985072663891
14.822,0.466,-0.00028456609917910334,0.023406393414488736,0.46642715634220394,0.1610223976105796,-0.038102528286055995,0.019301529106580433
14.842,0.466,-0.00027278088245950963,0.023427094106986047,0.4664378984985492,0.16103897482364304,-0.03796980773139854,0.01915229451268627
14.862,0.466,-0.0004684818463233443,0.023429674044376833,0.46646783954087423,0.16140546263929353,-0.03701314874514211,0.018969511155855493
14.882,0.466,-0.0004684818463233443,0.023429674044376833,0.46646783954087423,0.16140546263929353,-0.03701314874514211,0.018969511155855493
14.902,0.466,-0.0006871748899708229,0.023422497789228006,0.46647821721647714,0.16142736823853876,-0.03641669446780375,0.019503178275083192
14.922,0.466,-0.0008474084344165532,0.02336729404420002,0.46648598369538913,0.16155316460359437,-0.0362446799334222,0.02021038820172072
14.942,0.466,-0.0007666802041472391,0.02341123409847084,0.4664642850278825,0.16138710935806574,-0.036515977614492635,0.020216844992704628
14.962,0.466,-0.000827892478917037,0.023342879913744286,0.4664573676257228,0.1613758293821706,-0.03649930795995212,0.02049897187436161
14.982,0.466,-0.000827892478917037,0.023342879913744286,0.4664573676257228,0.1613758293821706,-0.03649930795995212,0.02049897187436161
15.002,0.466,-0.0009594387119628007,0.023155597737010734,0.46632376736229364,0.1604320956732825,-0.03600962586971998,0.020293975389028863
15.022,0.466,-0.0009457661499603745,0.023228481609818823,0.4664017819227385,0.16112895487495033,-0.03621260403185603,0.020188515491529058
15.042,0.466,-0.0007741928104793071,0.023251815435949785,0.46637915903324517,0.16095098735734129,-0.036931634777668906,0.019801007946914098
15.062,0.466,-0.0009948747198324326,0.023263145834132217,0.46641914014658586,0.16116783885059432,-0.036112815458279234,0.019474340342492825
15.082,0.466,-0.0009948747198324326,0.023263145834132217,0.46641914014658586,0.16116783885059432,-0.036112815458279234,0.019474340342492825
15.102,0.466,-0.001186168489091094,0.02339136026949778,0.4664582751674281,0.16177631398965203,-0.03559215872934019,0.019467844670550523
15.122,0.466,-0.00082127942553866,0.02334605109069252,0.4664175293441629,0.16136016051478444,-0.03726169782979518,0.019549984973803575
15.142,0.466,-0.0005136774047728722,0.023479757642720686,0.4665099856544092,0.16200512030529104,-0.038328102701010835,0.019215351303360415
15.162,0.466,-0.0002710193624877694,0.023478997701759884,0.4665027867347475,0.16183373420213618,-0.0390624768633583,0.018539052288586006
15.182,0.466,-0.0002710193624877694,0.023478997701759884,0.4665027867347475,0.16183373420213618,-0.0390624768633583,0.018539052288586006
15.202,0.466,-9.018945547538122e-05,0.023347654882351833,0.4664027857292683,0.16132394302330313,-0.04015863403116321,0.018586863642015203
15.222,0.466,-0.00011290827676687902,0.02324920418989766,0.46637851871027886,0.16091059069088728,-0.04014157008471787,0.01828218488417307
15.242,0.466,-0.00042721797808440305,0.02342054753147438,0.4664686176975622,0.16166755678526282,-0.03948368974646223,0.01841934181407877
15.262,0.466,-0.0005106210795079926,0.02352892685037171,0.4665229995622886,0.16196610162380937,-0.03937297892432545,0.01828215976866612
15.282,0.466,-0.0005106210795079926,0.02352892685037171,0.4665229995622886,0.16196610162380937,-0.03937297892432545,0.01828215976866612
15.302,0.466,-0.0008165161754902725,0.023601451854823426,0.46660095166057125,0.16228721983897335,-0.0386648089941689,0.018679429541408676
15.322,0.466,-0.0005529594493360604,0.023750172875367202,0.4666934918692323,0.16302543585029264,-0.03998972727601201,0.018928233364030753
15.342,0.466,-0.00058215238284189,0.023590455926353948,0.46661989602370996,0.1623181745683715,-0.03993511180677319,0.01889337823423193
15.362,0.466,-0.0007112386489880787,0.0236657094835859,0.4666543076548413,0.162518649347709,-0.039399586828355884,0.018589647747011145
15.382,0.466,-0.0007112386489880787,0.0236657094835859,0.4666543076548413,0.162518649347709,-0.039399586828355884,0.018589647747011145
15.402,0.466,-0.0005591550537129771,0.02353582580399881,0.4665800217249542,0.161876049541866,-0.040185150192531896,0.01889339138643713
15.422,0.466,-0.0007277124149886287,0.023565859703338493,0.466602941540237,0.1622028595425522,-0.03964326570633633,0.01887512933231571
15.442,0.466,-0.0006058479684935302,0.023712185882114996,0.4667009723827612,0.1627443117011694,-0.039967932109812324,0.018915579885955377
15.462,0.466,-0.0007681720707376669,0.023789520890025773,0.4667285397397905,0.1628061099900142,-0.039271602567077096,0.018735572784009676
15.482,0.466,-0.0007681720707376669,0.023789520890025773,0.4667285397397905,0.1628061099900142,-0.039271602567077096,0.018735572784009676
15.502,0.466,-0.0006896104426835589,0.023697650458417416,0.4666945879956384,0.16253516167626705,-0.03926664513092418,0.0184404544881513
15.522,0.466,-0.0005949688788129616,0.023727034025881753,0.46672759790737933,0.1628114381191666,-0.039437832394126925,0.01831944888585221
15.542,0.466,-0.00032954491002265286,0.023717892929343034,0.4667220986846064,0.16327907257784904,-0.04044268614040027,0.018822834979330464
15.562,0.466,-0.000109237801346921,0.02374839699188373,0.4667492935365655,0.16338956507965033,-0.04088383709496116,0.018707929735127776
15.582,0.466,-0.000109237801346921,0.02374839699188373,0.4667492935365655,0.16338956507965033,-0.04088383709496116,0.018707929735127776
15.602,0.466,-9.495944907398742e-05,0.02377784333733503,0.46674571710362,0.16352722507092074,-0.04072939322438107,0.01913367067402662
15.622,0.466,-0.00020970431438733608,0.023765107761261915,0.46676315457118467,0.1635775688535062,-0.04001702134167073,0.019235585584367096
15.642,0.466,-0.0001279933963707224,0.02375465906919483,0.4667103075626789,0.1636116283592759,-0.03975097569863728,0.018937943178364076
15.662,0.466,-6.441600055229699e-05,0.02377572952299985,0.46672622249385937,0.16333001466629024,-0.039729852912545424,0.018925024537159486
15.682,0.466,-6.441600055229699e-05,0.02377572952299985,0.46672622249385937,0.16333001466629024,-0.039729852912545424,0.018925024537159486
15.702,0.466,-0.0003281562712925281,0.023678214842134258,0.46667762826479386,0.16315471987109037,-0.03844755044383725,0.01870107934535893
15.722,0.466,-0.0005054373488266017,0.02364084238219298,0.46663362286626053,0.1629461997225977,-0.037431435640733444,0.018774061936816907
15.742,0.466,-0.00025972930136164445,0.02380066550395654,0.4667430720930274,0.16372963602314525,-0.03819260356383193,0.01899265720240726
15.762,0.466,-0.00043588839733622344,0.02379575758679523,0.4667449381709806,0.16350388409877545,-0.03730907218853784,0.0192155766821534
15.782,0.466,-0.00043588839733622344,0.02379575758679523,0.4667449381709806,0.16350388409877545,-0.03730907218853784,0.0192155766821534
15.802,0.466,-0.0005168599305331949,0.02372696574996274,0.46666071147121024,0.16267529176604506,-0.03679655418795246,0.019578246265981487
15.822,0.466,-0.00038362908455435383,0.023639704301596683,0.46657167460801874,0.1621059936511997,-0.03690181218996154,0.01941995821816718
15.842,0.466,-0.0002691460544518672,0.02367729380141629,0.4666220557458498,0.16234845407463688,-0.03733791328336732,0.019597512312216854
15.862,0.466,-5.9003815441466084e-05,0.023614558604739714,0.4665900373740283,0.162015981135049,-0.03802949914219382,0.019482737259684805
15.882,0.466,-5.9003815441466084e-05,0.023614558604739714,0.4665900373740283,0.162015981135049,-0.03802949914219382,0.019482737259684805
15.902,0.466,-0.00026936873647968683,0.02359589942960919,0.46658722781018125,0.16193511106222358,-0.037321475742822664,0.019291800396211152
15.922,0.466,-0.00035075888569794674,0.02345171798950258,0.4665278362474914,0.16179607955521202,-0.03731113558669879,0.019289549388651208
15.942,0.466,-0.0002843404620307231,0.023588593548338373,0.46662267976116156,0.1623087456949038,-0.037752363357692706,0.019761425556153286
15.962,0.466,-0.00013785346754772746,0.023564031787576527,0.4666174050761406,0.1622302973569485,-0.03858160512941875,0.0200911437604975
15.982,0.466,-0.00013785346754772746,0.023564031787576527,0.4666174050761406,0.1622302973569485,-0.03858160512941875,0.0200911437604975
16.002,0.466,-0.00038998139882545277,0.023392817133283502,0.4665279331442342,0.16141858370116097,-0.0379362549094758,0.02030516164126251
16.022,0.466,-0.00029265562262125556,0.023362446779265706,0.4664859564494995,0.1613731865590027,-0.03850002863259375,0.020336020913291716
16.042,0.466,-0.0003144439171530877,0.023436872454299793,0.4665250978708059,0.1616839957724489,-0.03840527715399824,0.019916557303112415
16.062,0.466,-0.000342136431907195,0.023400142267167287,0.4665368531910064,0.1619540612512153,-0.038726142642129695,0.019663073961764345
16.082,0.466,-0.000342136431907195,0.023400142267167287,0.4665368531910064,0.1619540612512153,-0.038726142642129695,0.019663073961764345
16.102,0.466,-0.00015653226178301383,0.023471133920312984,0.4665721872664386,0.16220845313317875,-0.03949415466917702,0.019008200908727263
16.122,0.466,-0.00011429358981868238,0.023563970763002123,0.4666194020356502,0.1627443117011694,-0.039967932109812324,0.018915579885955377
16.142,0.466,-0.00029944715262489384,0.023626467311411416,0.4666317531016772,0.16277757595471906,-0.03970264669676111,0.018617736135056056
16.162,0.466,-0.0004581835816278732,0.023677080203847085,0.46670004147804156,0.16307064600130414,-0.03942548537093922,0.0188966177309759
16.182,0.466,-0.0004581835816278732,0.023677080203847085,0.46670004147804156,0.16307064600130414,-0.03942548537093922,0.0188966177309759
16.202,0.466,-0.0005850552337758778,0.02375564468637627,0.4666822505232663,0.1632479834454284,-0.039021826539815646,0.018734390361517077
16.222,0.466,-0.0004429296966816291,0.023702067662355965,0.46669859245885953,0.16333001466629024,-0.039729852912545424,0.018925024537159486
16.242,0.466,-0.00037481261196646305,0.023635394971840723,0.46662465544827,0.16275527628317274,-0.03998402258674469,0.018633286854819762
16.262,0.466,-0.00024498855817707397,0.02358533202704283,0.46658540972440393,0.16272147587401026,-0.04056516877264163,0.018382083991514708
16.282,0.466,-0.00024498855817707397,0.02358533202704283,0.46658540972440393,0.16272147587401026,-0.04056516877264163,0.018382083991514708
16.302,0.466,-0.00024890502204577813,0.023579734774178088,0.4666002639122595,0.16286590691858802,-0.04074125481859843,0.017969103308129224
16.322,0.466,-0.000589972951210437,0.02369252313887955,0.46662995282463515,0.16282287899193224,-0.039454485786409,0.018036800719641415
16.342,0.466,-0.0007011103998653868,0.023752316158485463,0.46666446708179615,0.1630009726215604,-0.03905004520366891,0.017875042390224787
16.362,0.466,-0.0011354234688679835,0.023678343975286172,0.4666321698083169,0.16266988853018782,-0.0375759236080535,0.018346613504294295
16.382,0.466,-0.0011354234688679835,0.023678343975286172,0.4666321698083169,0.16266988853018782,-0.0375759236080535,0.018346613504294295
16.402,0.466,-0.000986409321016025,0.02371155976239346,0.466667015946418,0.16318285647293984,-0.038016589819504676,0.018818450066756365
16.422,0.466,-0.0010074551600855772,0.02355888076493228,0.4665842378538117,0.1626191521079602,-0.03765788848821002,0.019342500545876565
16.442,0.466,-0.0008239246746926403,0.023478235235425502,0.4665677161310387,0.16230909478094607,-0.03806766759465542,0.01921221096552318
16.462,0.466,-0.000769005819315734,0.023526003973671696,0.4665797367794815,0.1623433640118495,-0.037802820014965384,0.018914148387806213
16.482,0.466,-0.000769005819315734,0.023526003973671696,0.4665797367794815,0.1623433640118495,-0.037802820014965384,0.018914148387806213
16.502,0.466,-0.0008215589749866382,0.023528214760474776,0.4665431527767661,0.16238309311891302,-0.037387487574395,0.018749431884584025
16.522,0.466,-0.0007474049610630424,0.02354561247095189,0.46653974833514866,0.16210092368391343,-0.0373665349013808,0.01873674277925975
16.542,0.466,-0.0007850299625851126,0.023519574152105743,0.46650417300279723,0.1618636916539024,-0.0367808898014552,0.018693471814848813
16.562,0.466,-0.00032743486884861505,0.023526916442557975,0.46652240276648194,0.16191276470206045,-0.037918662782289024,0.018758529114198456
16.582,0.466,-0.00032743486884861505,0.023526916442557975,0.46652240276648194,0.16191276470206045,-0.037918662782289024,0.018758529114198456
16.602,0.466,-0.0001545923036979605,0.023288692384856122,0.4663989362021638,0.1610053500809113,-0.038234850005413115,0.019451479071701614
16.622,0.466,0.0002881015463955775,0.02335017900435575,0.4664310177298467,0.16105874479677398,-0.03937367939771963,0.01952360622896344
16.642,0.466,0.0007764494793804594,0.02324604818226917,0.46642323487343806,0.16067615170292185,-0.04077777311579456,0.019306315591618453
16.662,0.466,0.0014341812221434255,0.023368843643081585,0.46645213325401835,0.160385806574086,-0.04275619330509986,0.019124504161689152
16.682,0.466,0.0014341812221434255,0.023368843643081585,0.46645213325401835,0.160385806574086,-0.04275619330509986,0.019124504161689152
16.702,0.466,0.0019863828869895123,0.023322433090072987,0.4664454883541569,0.16015232434823534,-0.044338114339908065,0.018501780088885013
16.722,0.466,0.002512564370788423,0.023388502354574996,0.4664884149073255,0.1600625634870896,-0.045780597531861415,0.018014935903901203
16.742,0.466,0.002674754534254224,0.02348430539443878,0.46658182483242233,0.16045471507433265,-0.046243031045549554,0.01791332635879046
16.762,0.466,0.002723297771855149,0.023526376487226962,0.4667161189968345,0.16058063166866163,-0.04638705776570607,0.018071622097455237
16.782,0.466,0.002723297771855149,0.023526376487226962,0.4667161189968345,0.16058063166866163,-0.04638705776570607,0.018071622097455237
16.802,0.466,0.003437142564127748,0.023483960217194063,0.46674192140860493,0.16049929125837845,-0.0490658308174986,0.018364198043737377
16.822,0.466,0.00361312326566641,0.023291984450085273,0.46672600484309257,0.1593853560532428,-0.050218205183293174,0.0191008979830552
16.842,0.466,0.004364615825142832,0.02319396626218348,0.46673726681772415,0.15857369121982934,-0.05327532746851522,0.019248203746082146
16.862,0.466,0.005296233006087281,0.022875838544209326,0.4666519554213852,0.1565668593275799,-0.05709017135518931,0.019392373503154793
16.882,0.466,0.005296233006087281,0.022875838544209326,0.4666519554213852,0.1565668593275799,-0.05709017135518931,0.019392373503154793
16.902,0.466,0.006447442568421092,0.02255629454439991,0.46661075283323933,0.1547394692225153,-0.062037674961672194,0.019894558675539787
16.922,0.466,0.007070542406429891,0.022175783395767517,0.4665719479356414,0.1531959428661063,-0.06515703888254804,0.020444398223799357
16.942,0.466,0.007841667551206835,0.02178071508879655,0.46651821114738345,0.15173925420538156,-0.06868355493200952,0.021445036839670566
16.962,0.466,0.008530600778483537,0.021307683436348288,0.4664841511774142,0.15016693383878538,-0.07191900419425391,0.022428072576499706
16.982,0.466,0.008530600778483537,0.021307683436348288,0.4664841511774142,0.15016693383878538,-0.07191900419425391,0.022428072576499706
17.002,0.466,0.009322523706311965,0.020914483893432076,0.46649817936065857,0.1484222544438956,-0.0752564983103037,0.023832073822311138
17.022,0.466,0.010313590442301615,0.02046441539635713,0.46645263030016254,0.1469711431051628,-0.07863309301529904,0.024965401998067568
17.042,0.466,0.010546629817256934,0.020008341850138316,0.4664428102344409,0.1449982576290358,-0.0790725266989991,0.027044404893099814
17.062,0.466,0.015630371446601267,0.01788865475641017,0.46651878331618835,0.13771117801550287,-0.09004217614675768,0.034220394101619214
17.082,0.466,0.015630371446601267,0.01788865475641017,0.46651878331618835,0.13771117801550287,-0.09004217614675768,0.034220394101619214
17.102,0.466,0.016629871563403578,0.01593207076875995,0.4654115303175129,0.1323975482840147,-0.07632500252243409,0.04043502354187666
17.122,0.466,0.01582754281467446,0.015389019649429682,0.4653803060478645,0.12996412919706005,-0.06158230739369974,0.04117008376887367
17.142,0.466,0.017304026534283888,0.014715760594388196,0.46518152988007694,0.12838774452672302,-0.05512003678363549,0.040013085426850524
17.162,0.466,0.020322471833299445,0.014051476888860307,0.4650471742398509,0.12681090431800068,-0.05389642557961043,0.03931099922347788
17.182,0.466,0.020322471833299445,0.014051476888860307,0.4650471742398509,0.12681090431800068,-0.05389642557961043,0.03931099922347788
17.202,0.466,0.024745405491263393,0.013496485314950677,0.46488103860611724,0.12367177188660178,-0.0574963209695085,0.036555613568995816
17.222,0.466,0.03190323781582567,0.012537031622734014,0.4644599150417779,0.11927480138336309,-0.07255905047194283,0.03556648524074827
17.242,0.466,0.0379245332344451,0.01115788754352324,0.4636408192851948,0.1129049048889657,-0.08034337490167004,0.03733685135107732
17.262,0.466,0.03856058795203774,0.011183116381370683,0.46379833597524045,0.113299920662931,-0.07111925427435777,0.04773617860154881
17.282,0.466,0.03856058795203774,0.011183116381370683,0.46379833597524045,0.113299920662931,-0.07111925427435777,0.04773617860154881
17.302,0.466,0.04172539779837549,0.01112880566329137,0.4635170216140238,0.11429272252483651,-0.06802276429627806,0.056254481282885266
17.322,0.466,0.04587905070919453,0.011052850894179818,0.46328585991155763,0.11494051519192629,-0.06622993861972179,0.06384354946763798
17.342,0.466,0.04378563822754802,0.00907221907362137,0.46248976087947935,0.10678582913466524,-0.03952011000108625,0.06705504199730496
17.362,0.466,0.04498631739934127,0.008672067712795125,0.46222361429978503,0.10464508504503484,-0.02163970010174001,0.06335097478564429
17.382,0.466,0.04498631739934127,0.008672067712795125,0.46222361429978503,0.10464508504503484,-0.02163970010174001,0.06335097478564429
17.402,0.466,0.04485623868074699,0.008831594351668156,0.4625730250320943,0.10497158799514857,-0.00020864977143999342,0.05799503568484197
17.422,0.466,0.04305031771854018,0.00861834419445338,0.462814993564713,0.10001494127794922,0.026819734091157964,0.05621818761024742
17.442,0.466,0.04428543361274375,0.008588495569391457,0.46262302979769954,0.09824882808033956,0.04226341929088912,0.055247830122242186
17.462,0.466,0.04596766687486756,0.007518249614803735,0.46184680301479925,0.09471131308791177,0.05245023279430593,0.05934781350245161
17.482,0.466,0.04596766687486756,0.007518249614803735,0.46184680301479925,0.09471131308791177,0.05245023279430593,0.05934781350245161
17.502,0.466,0.04784144002666342,0.007986833139522276,0.46206626466969636,0.09537947872256795,0.06312464199278173,0.065431546606267
17.522,0.466,0.05289662244430565,0.007818885088892301,0.46145912075885015,0.09647565414870393,0.058121627870460435,0.07670004481989731
17.542,0.466,0.054807593700004716,0.006752723038925987,0.46041903555535907,0.0879070473002198,0.064260037883195,0.08765993727004073
17.562,0.466,0.05777957411080468,0.006950426090018473,0.4603597017577701,0.08856977992332019,0.06933556694138354,0.08768339928337307
17.582,0.466,0.05777957411080468,0.006950426090018473,0.4603597017577701,0.08856977992332019,0.06933556694138354,0.08768339928337307
17.602,0.466,0.058490430791346866,0.006263398503318216,0.4603001667809622,0.08512266273883512,0.07753754383051453,0.08948681229170088
17.622,0.466,0.060423919888158366,0.005159516028527205,0.4594846571081835,0.07974831781103152,0.08162678929400774,0.08633689090507177
17.642,0.466,0.06370864603682101,0.00574498117225904,0.45953587259600437,0.0792688460071098,0.08116290990989282,0.07753053143222659
17.662,0.466,0.06548552756605712,0.004578731531293157,0.45846806124370426,0.07134126348762575,0.08177820775792867,0.07476732925288083
17.682,0.466,0.06548552756605712,0.004578731531293157,0.45846806124370426,0.07134126348762575,0.08177820775792867,0.07476732925288083
17.702,0.466,0.06976297386676056,0.005382368853293982,0.45839001138471275,0.07585899179641468,0.06898144957736708,0.07625002877198517
17.722,0.466,0.07034136442456645,0.004145527717763354,0.4571583473649265,0.06984055340709092,0.07042497172349711,0.08573740853254704
17.742,0.466,0.07410405074128164,0.0037671662034967903,0.4565432910726369,0.07109385305163379,0.056556444721770044,0.09154640708074703
17.762,0.466,0.07655360477931125,0.004090129303128223,0.45647351152958665,0.07095814852688666,0.04429970008482625,0.09594901084442738
17.782,0.466,0.07655360477931125,0.004090129303128223,0.45647351152958665,0.07095814852688666,0.04429970008482625,0.09594901084442738
17.802,0.466,0.08118471689318602,0.00357329628032353,0.4555344627984536,0.06884544385590846,0.01895120517436737,0.10003282091241202
17.822,0.466,0.0823935827295393,0.0017943125735628341,0.4542118937539666,0.060168440621879204,0.007042698259369177,0.09597558768201078
17.842,0.466,0.08511224949190237,0.0015229464926777468,0.45360292260578955,0.05615484136599215,-0.012515217980855697,0.0888662798523688
17.862,0.466,0.08713493217459964,0.001876425010482793,0.4533970413058264,0.05656299847355388,-0.030888390031977516,0.08626926434243029
17.882,0.466,0.08713493217459964,0.001876425010482793,0.4533970413058264,0.05656299847355388,-0.030888390031977516,0.08626926434243029
17.902,0.466,0.09115248692308763,0.0010504560416938642,0.4519629815175164,0.056725980469246616,-0.06572266241438687,0.09161112804882267
17.922,0.466,0.09376299157027947,0.0009021939301969165,0.45146381552619125,0.05844880617284411,-0.09094202770186446,0.08822170978784347
17.942,0.466,0.09448257989810721,0.00010586614466974724,0.4509747403803852,0.05574094435742735,-0.11430984351906606,0.09136422729026208
17.962,0.466,0.09822906275432866,0.0002790668997207763,0.44991771164699235,0.054407222899613396,-0.14848752288301828,0.09181837284922018
17.982,0.466,0.09822906275432866,0.0002790668997207763,0.44991771164699235,0.054407222899613396,-0.14848752288301828,0.09181837284922018
18.002,0.466,0.10245243982114749,-0.0008494871836458254,0.4486452227537122,0.05275304388450586,-0.1857109991199773,0.0839350859094571
18.022,0.466,0.10272133916317067,-0.0018463640766542935,0.44820732527796214,0.05058318940654353,-0.21393158300905687,0.08402219098103572
18.042,0.466,0.1085832863658231,-0.002664254430563544,0.44641558795391756,0.0500433473060385,-0.26711737467148106,0.08360531741779945
18.062,0.466,0.11411544795847828,-0.002217326672664655,0.4453603899680485,0.0515142102492389,-0.31487313541124834,0.0729768804479347
18.082,0.466,0.11411544795847828,-0.002217326672664655,0.4453603899680485,0.0515142102492389,-0.31487313541124834,0.0729768804479347
18.102,0.466,0.1156387252033818,-0.0029959226963562438,0.44444480987163865,0.05007120205597144,-0.34824482124062417,0.07374226859929943
18.122,0.466,0.11615382023581262,-0.0035482220585121,0.4444370450504757,0.05145779337376793,-0.3723146589443837,0.07032126040296635
18.142,0.466,0.11584752055143388,-0.003595455486599149,0.44436221732842596,0.0537021239942583,-0.39855767954801125,0.07193291711104897
18.162,0.466,0.11740596244376396,-0.00444209293071659,0.4433558367448197,0.05244292281188588,-0.43140145655857,0.0715594601234897
18.182,0.466,0.11740596244376396,-0.00444209293071659,0.4433558367448197,0.05244292281188588,-0.43140145655857,0.0715594601234897
18.202,0.466,0.12139146809788326,-0.004706337499593633,0.44228317233422176,0.0517681914436305,-0.47547634782054465,0.06777693545027805
18.222,0.466,0.12254734218534095,-0.005497756757234927,0.4416900567087016,0.05056942924241636,-0.5085596002413292,0.051936732238216925
18.242,0.466,0.12697924144849668,-0.007414076535117727,0.4397154736088498,0.043685789187235584,-0.5571452185747716,0.04444373567362396
18.262,0.466,0.13119956525296397,-0.007930385332915556,0.43879048213435795,0.041483996525153916,-0.602438626595946,0.037337191116711084
18.282,0.466,0.13119956525296397,-0.007930385332915556,0.43879048213435795,0.041483996525153916,-0.602438626595946,0.037337191116711084
18.302,0.466,0.13304002500551237,-0.008619591306231338,0.4380093589827434,0.04446440311615565,-0.640715160883178,0.02808316539457015
18.322,0.466,0.13529455756719339,-0.009878349649555102,0.43631880079367513,0.044260205629441544,-0.6819116483197268,0.022178787771450176
18.342,0.466,0.140761471246278,-0.009926535372969753,0.4352466974472336,0.04655032179445408,-0.7311513627907161,0.017872840505558055
18.362,0.466,0.14056604209720613,-0.00924272209921359,0.43517519994514164,0.05166466642580797,-0.7603787026369894,0.01804660251417621
18.382,0.466,0.14056604209720613,-0.00924272209921359,0.43517519994514164,0.05166466642580797,-0.7603787026369894,0.01804660251417621
18.402,0.466,0.1444589515300527,-0.010148245911710846,0.43362632863680806,0.05178445796792982,-0.8040239513656301,0.01166012407231671
18.422,0.466,0.15138599723978263,-0.011098332588960121,0.4315596116287681,0.052222317871246524,-0.8671724477244397,0.01525750263100299
18.442,0.466,0.15801117392244932,-0.014168507800503684,0.42951841044267836,0.043425616286433634,-0.9254083224268448,0.011146152907836538
18.462,0.466,0.16307490831151944,-0.015305646129303008,0.4277260107610961,0.0352915353889171,-0.9786704942673783,0.007434569074130241
18.482,0.466,0.16307490831151944,-0.015305646129303008,0.4277260107610961,0.0352915353889171,-0.9786704942673783,0.007434569074130241
18.502,0.466,0.16765127316701023,-0.01527507568882519,0.426347803577862,0.03356465607218412,-1.026376335023214,-0.009911057123474041
18.522,0.466,0.17122698273882112,-0.016187366411295742,0.42528020168721276,0.028840159115336685,-1.0693456047472336,-0.01710286631223663
18.542,0.466,0.1690625367023478,-0.017693766138244135,0.4256302571676537,0.02363814925464176,-1.0864974103951794,-0.012829127773959398
18.562,0.466,0.17006831010595044,-0.01697461603593974,0.426625044717225,0.027626051433617876,-1.1101921442377787,-0.01853399430787805
18.582,0.466,0.17006831010595044,-0.01697461603593974,0.426625044717225,0.027626051433617876,-1.1101921442377787,-0.01853399430787805
18.602,0.466,0.16817330181624007,-0.017460106437614385,0.4273661273621778,0.023664453696114134,-1.1171086465327285,-0.026186753698866916
18.622,0.466,0.1666811216770457,-0.017813608080489162,0.4279811170961725,0.023179267609271272,-1.1253004825589128,-0.027355286488858235
18.642,0.466,0.16697059827786057,-0.017167680245108594,0.4285549682567551,0.026305836439265446,-1.139562356253456,-0.03597259644596452
18.662,0.466,0.16829142379259923,-0.016563330661362258,0.42879144871642905,0.02589394413386983,-1.1567204913134914,-0.035578125530623714
18.682,0.466,0.16721801389023264,-0.017581801149984082,0.42801820856740774,0.018329431936047653,-1.1646165854607013,-0.0256423488827407
18.702,0.466,0.16721801389023264,-0.017581801149984082,0.42801820856740774,0.018329431936047653,-1.1646165854607013,-0.0256423488827407
18.722,0.466,0.17148957996978892,-0.016977448517540693,0.42680249232968687,0.020437904532242042,-1.1932596651574137,-0.031065892040874517
18.742,0.466,0.17826225724817743,-0.016795162631289235,0.4244371176252071,0.01677991057237172,-1.235252555453147,-0.036584060336928716
18.762,0.466,0.18233928431833768,-0.017189048116124213,0.4227280159330919,0.010557694834169047,-1.262122886262805,-0.03844481035328755
18.782,0.466,0.18663265497318285,-0.017247650639613143,0.4208960775239814,0.005545848657420331,-1.289328006772815,-0.0417754841764467
18.802,0.466,0.18663265497318285,-0.017247650639613143,0.4208960775239814,0.005545848657420331,-1.289328006772815,-0.0417754841764467
18.822,0.466,0.19108966597098612,-0.017980615159715645,0.4186029858146455,-0.0019398168585882318,-1.3143798112165375,-0.05069097765016268
18.842,0.466,0.19628287048839732,-0.019266330153586524,0.4161989401685291,-0.012552531119811054,-1.343360549867614,-0.054981404813525946
18.862,0.466,0.19786378890603143,-0.02018444615397537,0.41465588611393395,-0.02041219453811278,-1.3584913998194779,-0.06104301105970894
18.882,0.466,0.20353766657955133,-0.02041212817674578,0.41310887247780337,-0.025121940540414694,-1.389138882143989,-0.07415015225387817
18.902,0.466,0.20353766657955133,-0.02041212817674578,0.41310887247780337,-0.025121940540414694,-1.389138882143989,-0.07415015225387817
18.922,0.466,0.210037630264937,-0.02176429688632495,0.4109819585688819,-0.0347665924640674,-1.4254163133682356,-0.08186495118005332
18.942,0.466,0.21244823535005813,-0.02313662272623439,0.40961893908016356,-0.043946216757932345,-1.44655908543827,-0.08019194067998087
18.962,0.466,0.21270058941382533,-0.022602852779378086,0.4099830718927178,-0.043052845599702884,-1.454578226310723,-0.07731322995951823
18.982,0.466,0.21084501977041836,-0.023138531106230046,0.4100989551901452,-0.047526131567413275,-1.4497051285094393,-0.08081136526228022
19.002,0.466,0.21084501977041836,-0.023138531106230046,0.4100989551901452,-0.047526131567413275,-1.4497051285094393,-0.08081136526228022
19.022,0.466,0.21434085379398812,-0.023709686490221427,0.4096872454904149,-0.04743581743776758,-1.4679315783098659,-0.0803717834473924
19.042,0.466,0.21495194638791482,-0.023260821727202948,0.409662543321513,-0.044497491236285616,-1.4781083573825766,-0.0810046877296853
19.062,0.466,0.21484177405971966,-0.02299992352061263,0.40961939581931633,-0.04198734625926375,-1.4844837040938792,-0.08742746254856033
19.082,0.466,0.22092786147490423,-0.023095771036973675,0.408220990050547,-0.039437121154030357,-1.5187178900558458,-0.0836513416570187
19.102,0.466,0.22092786147490423,-0.023095771036973675,0.408220990050547,-0.039437121154030357,-1.5187178900558458,-0.0836513416570187
19.122,0.466,0.21977638705337668,-0.023821082466074867,0.40700569863301805,-0.04223044653611223,-1.526161713461551,-0.06965872011319271
19.142,0.466,0.2209013006957343,-0.02456863236795059,0.4063418771389307,-0.04012203173832607,-1.5356890046462544,-0.06752135153152639
19.162,0.466,0.223185505215282,-0.02515125061209975,0.4059940914367757,-0.03809482085972443,-1.5482608627520043,-0.06547605024460419
19.182,0.466,0.2235927972776075,-0.024576393226130002,0.40661744910927217,-0.03456644862576675,-1.5503369659108335,-0.06748030875634345
19.202,0.466,0.2235927972776075,-0.024576393226130002,0.40661744910927217,-0.03456644862576675,-1.5503369659108335,-0.06748030875634345
19.222,0.466,0.22358684124119885,-0.024714377317202073,0.4067564046676663,-0.031057926283429432,-1.5476583422325745,-0.0777703699617238
19.242,0.466,0.22457436133843736,-0.025095032243915006,0.40675513794844104,-0.030376713427014757,-1.5487112001933645,-0.07545014222352925
19.262,0.466,0.22494552629879502,-0.02585719989274896,0.40627553987178183,-0.030277083806720863,-1.543287813917901,-0.06844128858415173
19.282,0.466,0.22494552629879502,-0.02585719989274896,0.40627553987178183,-0.030277083806720863,-1.543287813917901,-0.06844128858415173
19.302,0.466,0.225303160588266,-0.02628733266495026,0.4054872940759991,-0.027634107016237724,-1.5369461218204301,-0.06581862496139783
19.322,0.466,0.22544922095168987,-0.026420079960455218,0.4047874766570513,-0.02448928740857692,-1.5242723636002466,-0.06811698029875372
19.342,0.466,0.22684158927193146,-0.025992387791260986,0.40391586565974,-0.02127730248725808,-1.517177111057013,-0.06570028059193486
19.362,0.466,0.22849267299639006,-0.026081678874754904,0.4022592223927749,-0.019993068871590497,-1.5069139304276642,-0.0642024252474012
19.382,0.466,0.22849267299639006,-0.026081678874754904,0.4022592223927749,-0.019993068871590497,-1.5069139304276642,-0.0642024252474012
19.402,0.466,0.23021178846541102,-0.025958677668191838,0.40062190160432065,-0.016337763938562094,-1.495360419798572,-0.060779129436594644
19.422,0.466,0.23119204541699098,-0.02539905087556145,0.3993915615263634,-0.013306848884749435,-1.4755589924837826,-0.055306078178163
19.442,0.466,0.23290944984990827,-0.025291831305872252,0.3974056423692303,-0.011968184957306125,-1.4623479846146992,-0.041821030899757465
19.462,0.466,0.2362870516459029,-0.02422834195973823,0.3956360148835103,-0.009927951568676301,-1.4503052372419991,-0.04397130523226854
19.482,0.466,0.2362870516459029,-0.02422834195973823,0.3956360148835103,-0.009927951568676301,-1.4503052372419991,-0.04397130523226854
19.502,0.466,0.23818448642496853,-0.024225429266877548,0.3934741624333129,-0.012048456634611774,-1.4337074299472672,-0.04265589785395102
19.522,0.466,0.239138244039696,-0.024878520560495998,0.3914605807207468,-0.014649782257104773,-1.4118258908065384,-0.040772394320288716
19.542,0.466,0.24195448408913253,-0.023980852349738752,0.38967985582896053,-0.01364194730416602,-1.3964165555674015,-0.03619418349401964
19.562,0.466,0.24287086933343693,-0.023650615112697854,0.38802918468210634,-0.016041494634965996,-1.369890390835191,-0.034588065964673766
19.582,0.466,0.2456968750955124,-0.024225813453473667,0.38533133544060083,-0.021178001163570232,-1.353416306580674,-0.020255109491703414
19.602,0.466,0.2456968750955124,-0.024225813453473667,0.38533133544060083,-0.021178001163570232,-1.353416306580674,-0.020255109491703414
19.622,0.466,0.24727916813763812,-0.02396534305733688,0.3835864708803795,-0.02123649833055267,-1.3284872407273833,-0.0053996231810758515
19.642,0.466,0.24645038110411452,-0.022530388732164536,0.3835964648392855,-0.013759853503229974,-1.2894654412849589,0.01150641243811769
19.662,0.466,0.249384668830789,-0.020934338889102344,0.3824120634974436,-0.006981993669506552,-1.2613770308469892,0.026215676063695948
19.682,0.466,0.2505532064346593,-0.020138059869735346,0.381270228595753,-0.0029435142453443455,-1.2216930934423196,0.04719522898873983
19.702,0.466,0.2505532064346593,-0.020138059869735346,0.381270228595753,-0.0029435142453443455,-1.2216930934423196,0.04719522898873983
19.722,0.466,0.2464389467774542,-0.018621853457333273,0.38270659508237215,0.0079480237184118,-1.158735520104388,0.06861120378024721
19.742,0.466,0.248716027575937,-0.016117810334168717,0.38202447311157756,0.01791774789757989,-1.1194955105549786,0.07660799580245845
19.762,0.466,0.24761665922742032,-0.015472847920308086,0.3816538661308313,0.022493125769780305,-1.068913112920851,0.09486986005236045
19.782,0.466,0.2454479072107195,-0.014693239644717582,0.3824786501474675,0.0307682172000371,-1.0113170729663634,0.10771008783143043
19.802,0.466,0.2454479072107195,-0.014693239644717582,0.3824786501474675,0.0307682172000371,-1.0113170729663634,0.10771008783143043
19.822,0.466,0.24697159369450306,-0.013469287629240524,0.38129218668188547,0.03226856231723232,-0.9697238035085587,0.10936359485286795
19.842,0.466,0.24729941356210836,-0.013772217928912176,0.37929766796379993,0.026374149256487338,-0.9250581926990297,0.10799988214105223
19.862,0.466,0.24767916624591155,-0.01454648542830897,0.3769063385365541,0.02047848423881092,-0.886901362982121,0.11857558993351883
19.882,0.466,0.2535182267097885,-0.013099569975287438,0.37405291618942954,0.024748228012388875,-0.8698051498891666,0.1163342301074438
19.902,0.466,0.2535182267097885,-0.013099569975287438,0.37405291618942954,0.024748228012388875,-0.8698051498891666,0.1163342301074438
19.922,0.466,0.256884387366798,-0.013435849951674628,0.3709257429740506,0.023684615318099633,-0.8419275103832243,0.1184080906314283
19.942,0.466,0.2537558879253266,-0.01352850178344442,0.37124957044909757,0.02644929614685542,-0.7868035795346368,0.13168682589338987
19.962,0.466,0.2540730336872521,-0.012169833523972369,0.37038488475412285,0.031390268466935656,-0.7473848995997809,0.1462572513283465
19.982,0.466,0.2570013106377541,-0.011241305652617842,0.3679528209099079,0.04202952281958558,-0.7194895916823046,0.15805683463269687
20.002,0.466,0.2570013106377541,-0.011241305652617842,0.3679528209099079,0.04202952281958558,-0.7194895916823046,0.15805683463269687
20.022,0.466,0.2523135366396276,-0.012639578751608923,0.3683873728735571,0.0433992803739375,-0.6623648343213789,0.17911000348807038
20.042,0.466,0.25303740878449715,-0.010358884298777063,0.36893015971299603,0.05302196870232991,-0.6293151066769515,0.18029269610395715
20.062,0.466,0.25675561085900755,-0.007775228999040378,0.3677227711979575,0.05818073047090302,-0.6115084769404147,0.16966467160473903
20.082,0.466,0.2527833690824443,-0.010288627620705731,0.3682648797228033,0.05066312227448059,-0.5718708382794391,0.17204181889706788
20.102,0.466,0.2527833690824443,-0.010288627620705731,0.3682648797228033,0.05066312227448059,-0.5718708382794391,0.17204181889706788
20.122,0.466,0.25001204471397515,-0.01129414068356474,0.3691568751348026,0.0405247358383892,-0.5363025662933866,0.17938840514159127
20.142,0.466,0.24935639406326443,-0.010838797297563246,0.3699054036496066,0.037962739473084706,-0.5137610934216629,0.17582668194991974
20.162,0.466,0.2481741534031921,-0.011379650205359413,0.37020000794719976,0.03709826911915019,-0.4957998098005387,0.18506445231157173
20.182,0.466,0.24527010336449812,-0.012071582627535904,0.37172812702583186,0.036783018246765095,-0.4737435991375206,0.1902956924674339
20.202,0.466,0.24527010336449812,-0.012071582627535904,0.37172812702583186,0.036783018246765095,-0.4737435991375206,0.1902956924674339
20.222,0.466,0.2469396338115914,-0.010585090945604926,0.3713023902826665,0.0431617153351147,-0.476304023779434,0.19043579064988447
20.242,0.466,0.2453053785414288,-0.010896943404856719,0.37187204592081935,0.04537007637314876,-0.4693115374796134,0.19319309867276724
20.262,0.466,0.24555895338887954,-0.010373110879924579,0.3718309753823103,0.050579891421002804,-0.47400678129036256,0.20453362476175596
20.282,0.466,0.24256661430717003,-0.01084143800354016,0.37262405241968666,0.051244707278877005,-0.4710042677827407,0.21387918201877684
20.302,0.466,0.24256661430717003,-0.01084143800354016,0.37262405241968666,0.051244707278877005,-0.4710042677827407,0.21387918201877684
20.322,0.466,0.24275290164777882,-0.010955928886498956,0.3725041811910342,0.05735940011940658,-0.47996843416541474,0.2226754676333176
20.342,0.466,0.24184145620862937,-0.010219649672322305,0.3734355105767787,0.06049763886688497,-0.48780264839732707,0.23548757118874247
20.362,0.466,0.24655667112354623,-0.008692556347204358,0.3716670465757908,0.058029186714368394,-0.49589271051306344,0.22152813490946602
20.382,0.466,0.2381148756280456,-0.011028154814198284,0.37546527484466635,0.04956488076787009,-0.49630842495333916,0.22902452184315977
20.402,0.466,0.2381148756280456,-0.011028154814198284,0.37546527484466635,0.04956488076787009,-0.49630842495333916,0.22902452184315977
20.422,0.466,0.23995213496240012,-0.010162433100835113,0.37533473718889176,0.05019722280493301,-0.5196320682432267,0.22696038758457118
20.442,0.466,0.23992041561352903,-0.011342163770454402,0.3750031033201454,0.04439655638912608,-0.5316859351197172,0.22052341088651167
20.462,0.466,0.2397381320460891,-0.011090986764045681,0.3753245710177477,0.04510534869655422,-0.5421298318797338,0.22232516061876403
20.482,0.466,0.2385054644015231,-0.01117890396512847,0.37596827747080436,0.04859531648206374,-0.5481602122046209,0.231284024809607
20.502,0.466,0.2385054644015231,-0.01117890396512847,0.37596827747080436,0.04859531648206374,-0.5481602122046209,0.231284024809607
20.522,0.466,0.2378729108403658,-0.011203537925361102,0.37628903242411765,0.05125996394911864,-0.552935837557294,0.2358142360884427
20.542,0.466,0.23564676194300874,-0.011951768819525756,0.37682644902891155,0.052056871760428905,-0.5558700428048282,0.24358934117683748
20.562,0.466,0.23739656759838418,-0.011391838034247252,0.37678045397018495,0.0580343777384107,-0.5693266778743707,0.2414844993175558
20.582,0.466,0.23702500447356517,-0.011509207002531264,0.3773265883038742,0.05684721320577234,-0.571272102185186,0.23273926750998797
20.602,0.466,0.23702500447356517,-0.011509207002531264,0.3773265883038742,0.05684721320577234,-0.571272102185186,0.23273926750998797
20.622,0.466,0.235890838029398,-0.012708307275721196,0.37714948793946496,0.04973004858307255,-0.5707034754428164,0.22878586503683046
20.642,0.466,0.23525239221504143,-0.0127367320973224,0.3772961029086622,0.04474875031518622,-0.5708540907471295,0.22702219113995084
20.662,0.466,0.23635238667525826,-0.012788497886986955,0.3774256086191892,0.04417022229243654,-0.5749765422567862,0.21367585841642658
20.682,0.466,0.23584020482214185,-0.01352841467275474,0.377760970994338,0.041698179296653363,-0.5715696034849715,0.208538122564321
20.702,0.466,0.23584020482214185,-0.01352841467275474,0.377760970994338,0.041698179296653363,-0.5715696034849715,0.208538122564321
20.722,0.466,0.23653581475941945,-0.013751852784390223,0.377156897757471,0.04186641944404533,-0.5744026917468144,0.21164820195719647
20.742,0.466,0.2381368869107009,-0.01439747416295,0.37591957085428085,0.04105862484842251,-0.575857376887825,0.20781595422200028
20.762,0.466,0.23701346314722962,-0.0145109537288734,0.37715514830734315,0.04515106993951601,-0.5715941986615433,0.21751509511036407
20.782,0.466,0.23598427973057273,-0.014299629669093362,0.37642049446624937,0.04340961670270621,-0.5709121942396396,0.21897994550243555
20.802,0.466,0.23598427973057273,-0.014299629669093362,0.37642049446624937,0.04340961670270621,-0.5709121942396396,0.21897994550243555
20.822,0.466,0.2361669591838888,-0.01421306105202835,0.37660797766309584,0.04344164699361411,-0.5709420621754272,0.21536442133472813
20.842,0.466,0.2360210308098767,-0.01445756529671669,0.37668397473042753,0.04263261189587205,-0.5701384963815698,0.21267675439532654
20.862,0.466,0.23631572724629665,-0.014751437603147914,0.3765601143296299,0.04191495192579165,-0.5705575205346198,0.20891756270680664
20.882,0.466,0.23621407322920857,-0.015221630096080917,0.37661414888391936,0.040018720137097764,-0.5695023925736066,0.20542498565235232
20.902,0.466,0.23621407322920857,-0.015221630096080917,0.37661414888391936,0.040018720137097764,-0.5695023925736066,0.20542498565235232
20.922,0.466,0.23881188193730957,-0.01639077423353464,0.3771978928582322,0.035705231594571354,-0.5795473274722166,0.1923818256530206
20.942,0.466,0.23768503734979413,-0.01613504233499816,0.3786551093969696,0.030280128666704237,-0.5872859153552525,0.16770983289543054
20.962,0.466,0.23486554888007288,-0.01756329053487581,0.38003262974016927,0.024953743154012338,-0.5892797440909288,0.16952376590960974
20.982,0.466,0.23468503936917187,-0.016278172196170834,0.38293610690395485,0.028804747215976884,-0.6003877911439567,0.1614963333038414
21.002,0.466,0.23468503936917187,-0.016278172196170834,0.38293610690395485,0.028804747215976884,-0.6003877911439567,0.1614963333038414
21.022,0.466,0.22981776324802902,-0.017050207129821037,0.38632455883920214,0.018654254040328326,-0.5997479026365671,0.14544396430878814
21.042,0.466,0.2312533932886346,-0.017132245471942815,0.3871968058208091,0.014963131389489404,-0.6310422063538433,0.13186288738351662
21.062,0.466,0.2278376930350631,-0.017532724855420432,0.3909523006373599,0.013098968132930773,-0.6484479152332544,0.12475833255934599
21.082,0.466,0.22370352186009093,-0.01541410449009963,0.3966181134248092,0.018943126652020425,-0.664364335913507,0.10437540935575423
21.102,0.466,0.22370352186009093,-0.01541410449009963,0.3966181134248092,0.018943126652020425,-0.664364335913507,0.10437540935575423
21.122,0.466,0.2165830421586213,-0.015610011923229838,0.401438243515589,0.013593623457576578,-0.6737237502713505,0.08221659361107204
21.142,0.466,0.20971100486127792,-0.015874405387013294,0.406241536997375,0.014980108998889506,-0.695836538610229,0.07927106543481514
21.162,0.466,0.20001338254798645,-0.014987664320272166,0.4129740184058037,0.01911076293215948,-0.709124038316537,0.06626742975068885
21.182,0.466,0.19018241031646058,-0.01209161410846557,0.4205613406767203,0.031715977921618684,-0.725759057667172,0.032613431136303835
21.202,0.466,0.19018241031646058,-0.01209161410846557,0.4205613406767203,0.031715977921618684,-0.725759057667172,0.032613431136303835
21.222,0.466,0.17860510377096664,-0.01037276040980967,0.4269203719453089,0.03641192206077666,-0.7492805040711253,0.008033174851851262
21.242,0.466,0.17059712487446685,-0.011493372834191742,0.4303250552295195,0.03697805078556553,-0.8015644755641442,-0.008154724555207988
21.262,0.466,0.16472502144699103,-0.009915605315610011,0.43401078729382475,0.047104803943746575,-0.8701554562486001,-0.014763040999575374
21.282,0.466,0.15602703895805528,-0.00894535343128654,0.43839454603355477,0.05690788885606883,-0.9286126203476763,-0.014153011745265114
21.302,0.466,0.15602703895805528,-0.00894535343128654,0.43839454603355477,0.05690788885606883,-0.9286126203476763,-0.014153011745265114
21.322,0.466,0.14821210578222174,-0.008196122990573275,0.4421432347481099,0.061370490773377515,-1.0025736973980734,0.0013846082563081898
21.342,0.466,0.1438492552245055,-0.008354284661303779,0.4445300349912891,0.06347261806272923,-1.0955435792462396,0.0023942231622953104
21.362,0.466,0.14284432215151713,-0.00866040191695453,0.44703633943473664,0.0646633813892714,-1.207281971672787,-0.014055211812216487
21.382,0.466,0.14272854157264547,-0.008680149922565552,0.45039056947031547,0.06686571203863893,-1.319618852526458,-0.03721252812968992
21.402,0.466,0.14272854157264547,-0.008680149922565552,0.45039056947031547,0.06686571203863893,-1.319618852526458,-0.03721252812968992
21.422,0.466,0.14066267068899638,-0.008731758445132883,0.4540180639143023,0.07081904855860763,-1.4314419756218941,-0.04440065118369124
21.442,0.466,0.13875317658880326,-0.009992162272429439,0.45722270189774356,0.06519768967244623,-1.5389961259633778,-0.04552736075764459
21.462,0.466,0.13101627987459766,-0.011243231427090009,0.45990998279060624,0.058833572278194815,-1.6230002490146151,-0.04255631699403778
21.482,0.466,0.1285431762862579,-0.012913606130604166,0.4623562719009264,0.054085848211188954,-1.7178064284152363,-0.05559031248230904
21.502,0.466,0.1285431762862579,-0.012913606130604166,0.4623562719009264,0.054085848211188954,-1.7178064284152363,-0.05559031248230904
21.522,0.466,0.12547435005942953,-0.013617366087001887,0.46623983500731275,0.05511354103658449,-1.803303542057083,-0.07737522419125069
21.542,0.466,0.12150115158937798,-0.01558753882513159,0.46905969767812894,0.05025395281524088,-1.871998299425257,-0.09510943056323343
21.562,0.466,0.11260641272816861,-0.014217755128206099,0.4733187676235175,0.057644925063609555,-1.9117714987523262,-0.09745870703632503
21.582,0.466,0.10597093183580164,-0.0143265772586097,0.4760094906113933,0.04947436088491162,-1.9436502394387578,-0.08880641334723288
21.722,0.466,0.09857804383300418,-0.011295249413904892,0.47590574362986016,0.045674371665591074,-1.8990288491857132,-0.0812265138734776
21.742,0.466,0.1043210985383952,-0.010832479210077666,0.47315758815624054,0.03937309707746445,-1.85357134909732,-0.06994235878243744
21.762,0.466,0.1111627214110098,-0.009890792904604696,0.4700800220726014,0.03814123920768431,-1.78792006049168,-0.05216937961514468
21.782,0.466,0.1055356856296453,-0.004607367831309412,0.46681819218664955,0.06494645347949372,-1.6502157451517177,-0.05361622395204963
21.802,0.466,0.1055356856296453,-0.004607367831309412,0.46681819218664955,0.06494645347949372,-1.6502157451517177,-0.05361622395204963
21.822,0.466,0.11174577398526685,-0.0040673253616123305,0.4655747851547741,0.05249767300997677,-1.5378395981711936,-0.02087458528069593
21.842,0.466,0.1079130433423669,-0.0008327733878349419,0.4629460058895758,0.06345073676700844,-1.3685822795669502,-0.007952536571566776
21.862,0.466,0.10265378308325743,0.0021038402238232642,0.4605205342932871,0.07283945712656456,-1.1834519264148826,0.007534886152816389
21.882,0.466,0.0993494409574493,0.003510483709256941,0.45815816358252737,0.07994927276291737,-0.9961249455231881,0.014122617964409324
21.902,0.466,0.0993494409574493,0.003510483709256941,0.45815816358252737,0.07994927276291737,-0.9961249455231881,0.014122617964409324
21.922,0.466,0.09828613230043826,0.005387821468016128,0.4558700063454266,0.08624236881679105,-0.8223188427608438,0.0360584328131916
21.942,0.466,0.10460688629803676,0.005379760643674731,0.4528912062965913,0.09020204984876273,-0.6861739422473759,0.04885254066032945
21.962,0.466,0.11880022390333637,0.005345807591498659,0.448578653118878,0.08933194512875241,-0.5900534619673714,0.04043497822097954
21.982,0.466,0.1357716406302162,0.0023679102479625585,0.4416063571785827,0.07279592017966953,-0.5111677031330195,0.04135793287128584
22.002,0.466,0.1357716406302162,0.0023679102479625585,0.4416063571785827,0.07279592017966953,-0.5111677031330195,0.04135793287128584
22.022,0.466,0.14464793629948638,0.0012454089854520795,0.4373521254024379,0.06296815839109268,-0.39881952085419553,0.047025432475886225
22.042,0.466,0.15178162796014452,0.003560767171541843,0.43466709547391386,0.07006685660877755,-0.27980454741231053,0.04658885007966599
22.062,0.466,0.15705187040825236,0.0035234685137311436,0.43168808545090825,0.07673768356087386,-0.1557453867565829,0.057465962383491276
22.082,0.466,0.15755456336842763,0.0011314099747010572,0.428412243745828,0.07643638015850215,-0.0167187472516021,0.08579707896927442
22.102,0.466,0.15755456336842763,0.0011314099747010572,0.428412243745828,0.07643638015850215,-0.0167187472516021,0.08579707896927442
22.122,0.466,0.1557112132232645,0.0017524569635191068,0.4288122980283808,0.08816764181613093,0.12000923838093218,0.10397812224235298
22.142,0.466,0.15682923662385356,0.0026294921613735636,0.42843984368105525,0.09715104242528812,0.23263820122897783,0.11336111991325089
22.162,0.466,0.15733781062173216,0.0016388706823453622,0.42775122578376795,0.0902108006696217,0.31835086089420894,0.1182443694748493
22.182,0.466,0.16580326332210835,0.002230816436154109,0.42586247310287184,0.07593286395062561,0.35564086202882345,0.09000749005732107
22.202,0.466,0.16580326332210835,0.002230816436154109,0.42586247310287184,0.07593286395062561,0.35564086202882345,0.09000749005732107
22.222,0.466,0.17013756758144896,-0.0019767933644315575,0.4219414127287127,0.04664308075361032,0.38424287990780503,0.08149562384555807
22.242,0.466,0.1754034334742669,-0.0020942316698157578,0.4200302125810602,0.045518886191079584,0.40089476504872157,0.1011879603791496
22.262,0.466,0.17426095397695304,-0.0030775972587125905,0.4205419612265967,0.06120268242243379,0.4317728707007457,0.13524612767156774
22.282,0.466,0.17727735859412558,-0.0028832749295633164,0.4187606073846107,0.08867092111832393,0.4286402043806454,0.18204851432449107
22.302,0.466,0.17727735859412558,-0.0028832749295633164,0.4187606073846107,0.08867092111832393,0.4286402043806454,0.18204851432449107
22.322,0.466,0.17305698458175048,-0.006096754928536705,0.4173449798454123,0.09688982421048348,0.4315562719456668,0.22559935393649738
22.342,0.466,0.1695420489267604,-0.003997691203879528,0.42056760057355425,0.09078028006588967,0.4346145125117992,0.222750134664856
22.362,0.466,0.1653153979522865,-0.0025601367414886224,0.4233575311243541,0.07335547032489334,0.41926393914162324,0.19264560868909525
22.382,0.466,0.16217779388014966,-0.0020172455071650348,0.4246767411298512,0.045195966703583106,0.3842809157702199,0.15700013119903394
22.402,0.466,0.16217779388014966,-0.0020172455071650348,0.4246767411298512,0.045195966703583106,0.3842809157702199,0.15700013119903394
22.422,0.466,0.16009285670697884,-0.0018631318128085107,0.42523605486993,0.022159755054330824,0.3299133809156386,0.13063140877817384
22.442,0.466,0.16063829434646407,-0.0018686443353391918,0.4250126773854415,0.015947481277252068,0.2489958793943383,0.1190833912876784
22.462,0.466,0.15881692277233425,-0.004311892849529046,0.42438129017434645,0.006673889661909643,0.160699281716421,0.12352829479610489
22.482,0.466,0.15785049204207224,-0.0006661886103347904,0.42754355058184096,0.016966961234009495,0.05081265596915542,0.11747373730623557
22.502,0.466,0.15785049204207224,-0.0006661886103347904,0.42754355058184096,0.016966961234009495,0.05081265596915542,0.11747373730623557
22.522,0.466,0.15289551943740606,0.00038444661987031175,0.4301362863355366,0.014432665376135837,-0.06022404932972822,0.09900292469692938
22.542,0.466,0.15654162184588072,0.0011549525890666653,0.43050687888424727,0.028336536688776653,-0.216237693673166,0.0926875160684876
22.562,0.466,0.15311829561751056,0.0008803126197867146,0.43251551798656596,0.03254897910812303,-0.35301473704620523,0.09763005200507108
22.582,0.466,0.14409666237664007,0.001315040006709198,0.43720495286709143,0.04089399834575033,-0.4685053891506704,0.0835284200998737
22.602,0.466,0.14409666237664007,0.001315040006709198,0.43720495286709143,0.04089399834575033,-0.4685053891506704,0.0835284200998737
22.622,0.466,0.1352666113523246,0.00039764843502153964,0.44119933381402443,0.042615036570846906,-0.5857309987432664,0.055457160710658086
22.642,0.466,0.12524648880566108,-0.0021238995823334357,0.4448736580295503,0.03871426146616612,-0.7073585169588384,0.021850543779854077
22.662,0.466,0.11968918933359432,-0.004010382209750933,0.44848090321040773,0.04382730558225012,-0.849933438902551,-0.016280769881402785
22.682,0.466,0.11218175041747133,-0.0069574966041009425,0.45211550158377456,0.04445063509441953,-0.9911661675257818,-0.03693639419569158
22.702,0.466,0.11218175041747133,-0.0069574966041009425,0.45211550158377456,0.04445063509441953,-0.9911661675257818,-0.03693639419569158
22.722,0.466,0.10295080770163059,-0.007527993474505364,0.45752524140891976,0.05735876924332636,-1.1207559911969445,-0.044402908228535036
22.742,0.466,0.09619553842064042,-0.01001679406969495,0.4606683687738729,0.06417796821412051,-1.2616713421327668,-0.03943515903018715
22.762,0.466,0.09637409214622214,-0.01170918845224476,0.4646851401477754,0.07928418521670585,-1.420878260186709,-0.047593991705113546
22.782,0.466,0.0946178586092167,-0.013032831303986317,0.46881391666350014,0.09153410270172528,-1.5612441074851036,-0.053247056506028505
22.802,0.466,0.0946178586092167,-0.013032831303986317,0.46881391666350014,0.09153410270172528,-1.5612441074851036,-0.053247056506028505
22.822,0.466,0.09017524760407772,-0.014668937221032316,0.4712846664917995,0.10520293427874161,-1.6756319124637016,-0.051043968210619364
22.842,0.466,0.08456604183108368,-0.014713354008423121,0.47442292881316667,0.11861367025813477,-1.7705017129895144,-0.04696407062453949
23.042,0.466,0.0885736668167061,-0.0205904438438164,0.47332986368339813,0.12704157456770912,-1.8011562706029323,-0.09545739395668262
23.062,0.466,0.09582297369045084,-0.01832057488880822,0.4696448504540813,0.12228166180135606,-1.71413689275884,-0.08121454519807335
23.082,0.466,0.10508269926662799,-0.01637398317375416,0.46517353113351906,0.10918762775148239,-1.6123256646401558,-0.050715597699940405
23.102,0.466,0.10508269926662799,-0.01637398317375416,0.46517353113351906,0.10918762775148239,-1.6123256646401558,-0.050715597699940405
23.122,0.466,0.11363664763385205,-0.013137834517525543,0.46157026001023194,0.10518844526849265,-1.4875403750446796,-0.019560107363542457
23.142,0.466,0.11358593755229844,-0.008420324154182856,0.4583875735513933,0.09946540003107594,-1.3123276101085506,0.01993474257036103
23.162,0.466,0.10784161472541004,-0.004948802028858397,0.4551945502676174,0.09595195262782043,-1.100784261922462,0.050577139400160204
23.182,0.466,0.10600500941312571,-0.001212580742631573,0.45342931637873024,0.1011663214582241,-0.9008227438427956,0.04883342460421288
23.202,0.466,0.10600500941312571,-0.001212580742631573,0.45342931637873024,0.1011663214582241,-0.9008227438427956,0.04883342460421288
23.222,0.466,0.11316846593436833,0.0016713938894362876,0.45087551165856593,0.09708691328641159,-0.7401860603872497,0.03929932403045969
23.242,0.466,0.11916301198591386,0.0017784898476814375,0.44748301850082595,0.08410034597498359,-0.5893744833735101,0.036298334488603035
23.262,0.466,0.1333686744644693,0.0054695780873052656,0.44457264914879596,0.07466147452328974,-0.4801466710335259,0.015537934593784353
23.282,0.466,0.14666774951975683,0.007554040780745916,0.4396019972011871,0.05364238941470094,-0.3783263921124275,-0.008853533478579045
23.302,0.466,0.14666774951975683,0.007554040780745916,0.4396019972011871,0.05364238941470094,-0.3783263921124275,-0.008853533478579045
23.322,0.466,0.153005296714214,0.0065651862217603815,0.4347696159850792,0.027757016870219507,-0.2668479465254133,-0.006371475156029288
23.342,0.466,0.1601882546194712,0.009420360072759064,0.43190680633184453,0.02272828832894636,-0.1718861776157274,-0.0012011451733527246
23.362,0.466,0.16240244948211965,0.013332093157846578,0.43105251456633026,0.02008029387050675,-0.059839317642122275,-0.008670785224025148
23.382,0.466,0.16064423076219944,0.012999832035150184,0.4301785894299127,0.010372936265084282,0.033703918263246584,0.000932310930332177
23.402,0.466,0.16064423076219944,0.012999832035150184,0.4301785894299127,0.010372936265084282,0.033703918263246584,0.000932310930332177
23.422,0.466,0.1620239225710676,0.014918959967115045,0.4305526459365679,0.0028346004373269048,0.08476897839990932,-0.012244823190118291
23.442,0.466,0.1661987512668451,0.015737926193132183,0.4293806862580426,-0.017862385383212654,0.087976575219038,-0.03833047312706901
23.462,0.466,0.16645038797973294,0.013607762429718706,0.42937636679850694,-0.048641180577025635,0.0733017441420936,-0.0707135421074944
23.482,0.466,0.1594861811763626,0.011920983717737752,0.43165996800000916,-0.06903291399814931,0.05890731224091808,-0.09335435203688623
23.502,0.466,0.1594861811763626,0.011920983717737752,0.43165996800000916,-0.06903291399814931,0.05890731224091808,-0.09335435203688623
23.522,0.466,0.15359977221739318,0.012849708876391445,0.4343964103279243,-0.06565924717760432,0.01571037242059793,-0.09538719862131158
23.542,0.466,0.14365976363900862,0.012938117063589064,0.4376303538764781,-0.04813535413785923,-0.034838560407165466,-0.06877994397650493
23.562,0.466,0.1338072333292869,0.016643401293004123,0.44237193077739384,-0.01002293400724444,-0.10628780517090462,-0.035881759471511725
23.582,0.466,0.12180218120683158,0.020223448377592348,0.44692215004438085,0.028672226070949137,-0.1905309391591706,-0.012490200613789398
23.602,0.466,0.12180218120683158,0.020223448377592348,0.44692215004438085,0.028672226070949137,-0.1905309391591706,-0.012490200613789398
23.622,0.466,0.11557311586921137,0.020653205762459634,0.4491705414888759,0.05229127632403881,-0.3214045985229916,0.0024486306013562706
23.642,0.466,0.10774222802533802,0.01861043583751254,0.4513313342421116,0.06490899902104685,-0.46995009796311327,0.016239030694684096
23.662,0.466,0.09955671082443808,0.01527704228390839,0.452867163725733,0.06702808966758217,-0.6315693084939288,0.023764017693643825
23.682,0.466,0.09211152401335179,0.01188511016430814,0.4554308108075236,0.06910807564646344,-0.7996393110248715,0.015409102272370717
23.702,0.466,0.09211152401335179,0.01188511016430814,0.4554308108075236,0.06910807564646344,-0.7996393110248715,0.015409102272370717
23.722,0.466,0.08907399407523447,0.006574541195395662,0.457684710353164,0.06820673460511648,-0.9918117374740552,0.010877138316111055
23.742,0.466,0.07950733908775147,0.0033658879032385457,0.4626458151118684,0.07719582698750985,-1.150987007088149,-0.012937714240523207
23.762,0.466,0.07097226298624544,-0.0005351216919598297,0.46767369113303553,0.09181634831843966,-1.310629816032024,-0.035235512844706086
23.782,0.466,0.06278009044548041,-0.0024142206797381385,0.4744035516216106,0.11914785923427866,-1.4634449609596802,-0.051491586494877624
23.802,0.466,0.06278009044548041,-0.0024142206797381385,0.4744035516216106,0.11914785923427866,-1.4634449609596802,-0.051491586494877624
23.822,0.466,0.05156722847104556,-0.00402532519699124,0.4791980586620517,0.1388167423143255,-1.5928918880506613,-0.046430056020994155
24.162,0.466,0.1601183017827884,-0.018848066428065482,0.46580608512051286,0.12274649479613864,-2.249375651418938,-0.12289032054323272
24.182,0.466,0.174489994520585,-0.018771491858371084,0.45938895354716236,0.1004383207847711,-2.1905730676192645,-0.13617106745595214
24.202,0.466,0.174489994520585,-0.018771491858371084,0.45938895354716236,0.1004383207847711,-2.1905730676192645,-0.13617106745595214
24.222,0.466,0.18675143877222228,-0.019124292654062798,0.4510573661483709,0.07173430035253267,-2.126415178874825,-0.1430863880923276
24.242,0.466,0.19984103945507814,-0.019504547840818783,0.44156133709158485,0.047023741736999976,-2.0666320572711783,-0.14650993979372498
24.262,0.466,0.2090779147998329,-0.019132437066224833,0.4319778766460657,0.015645128624779705,-2.0000181120877194,-0.13593902026905813
24.282,0.466,0.22100502553240461,-0.019099367806563,0.4234299119443842,-0.013937570497100062,-1.9444180811424354,-0.13135195852928594
24.302,0.466,0.22100502553240461,-0.019099367806563,0.4234299119443842,-0.013937570497100062,-1.9444180811424354,-0.13135195852928594
24.322,0.466,0.22844033950121675,-0.018521941313784852,0.4163629270645634,-0.039827746549051496,-1.8802097002759666,-0.1286693543428039
24.342,0.466,0.2373446706609259,-0.019272691368101502,0.4097339974684573,-0.07036170683728661,-1.8248580364187095,-0.13828702829817463
24.362,0.466,0.24374742528207563,-0.02122115585464584,0.40432785383983316,-0.10584374475672145,-1.7707140213571881,-0.15451874625237857
24.382,0.466,0.24566304727516397,-0.02276711820352885,0.40080539816165534,-0.13836033807810835,-1.7193359989884816,-0.17001583058780445
24.402,0.466,0.24566304727516397,-0.02276711820352885,0.40080539816165534,-0.13836033807810835,-1.7193359989884816,-0.17001583058780445
24.422,0.466,0.2501777340121965,-0.025684945150251718,0.39761623550520026,-0.17947040132251207,-1.6923229005071383,-0.19038967259002818
24.442,0.466,0.25352894414515026,-0.03081182180766476,0.3942632122972214,-0.22696030554043323,-1.6784878898389746,-0.21973971745173496
24.462,0.466,0.25399854659395127,-0.03594990047727534,0.39241128386525365,-0.2772255503083969,-1.6661812345793838,-0.25889103047607515
24.482,0.466,0.25484949309678745,-0.040619100756252635,0.3925227122861215,-0.31840133441561247,-1.6712383567117162,-0.2951873554319484
24.502,0.466,0.25484949309678745,-0.040619100756252635,0.3925227122861215,-0.31840133441561247,-1.6712383567117162,-0.2951873554319484
24.522,0.466,0.25118532599450416,-0.04419295435009884,0.39462503292197015,-0.35318058078431847,-1.66950763732164,-0.3275785580714563
24.542,0.466,0.24932945214815078,-0.0478365399631752,0.3977347941245257,-0.37923815015389956,-1.6890390704739275,-0.35438164167618674
24.562,0.466,0.24293806159569337,-0.050081028469323975,0.40196923853350947,-0.39511255507524656,-1.7053528813949232,-0.3790400081891579
24.582,0.466,0.2388924990551031,-0.05153708033396266,0.4070601014154344,-0.39316276136999906,-1.7451738142121929,-0.39777241038471417
24.602,0.466,0.2388924990551031,-0.05153708033396266,0.4070601014154344,-0.39316276136999906,-1.7451738142121929,-0.39777241038471417
24.622,0.466,0.2309245092765917,-0.05114006422815512,0.41284326368114677,-0.37928765315759777,-1.7849554456761678,-0.39895567050584557
24.642,0.466,0.22558106686059998,-0.04844220767150756,0.420521802763753,-0.35444719560740096,-1.8403680212911575,-0.381570156373414
24.662,0.466,0.21760149867093764,-0.043563515066963085,0.4273523603826508,-0.31172028329669693,-1.8972378135022747,-0.3471211066567372
24.682,0.466,0.20991400662992138,-0.03577795122607331,0.4360883660583311,-0.2555045738644853,-1.9551843685786172,-0.3022841758167147
24.702,0.466,0.20991400662992138,-0.03577795122607331,0.4360883660583311,-0.2555045738644853,-1.9551843685786172,-0.3022841758167147
24.722,0.466,0.2014082491684524,-0.02789277658819322,0.44271767451316446,-0.1964391064396083,-2.0168031362541687,-0.23778878316929886
24.742,0.466,0.19316419031659374,-0.01883617716728593,0.4493723328610167,-0.13530275690781285,-2.072166673994257,-0.17550043579881
24.762,0.466,0.1854809979902142,-0.010756568575510168,0.454314993779711,-0.08124515693838626,-2.1279751448112174,-0.1026061090152346
24.782,0.466,0.1794981756221563,-0.003673038977057498,0.46001886284190746,-0.045175750445581135,-2.182316798974673,-0.03330779096392898
24.802,0.466,0.1794981756221563,-0.003673038977057498,0.46001886284190746,-0.045175750445581135,-2.182316798974673,-0.03330779096392898
24.822,0.466,0.17268462654569858,0.001012140881549964,0.4644207058280377,-0.007220447220424206,-2.225247371397111,0.01205073864680272
24.842,0.466,0.16759486241093277,0.0022991179066164597,0.468542048588556,0.01614220927518349,-2.264960674811404,0.02898159302466984
25.002,0.466,0.16635073053879995,-0.03253868972654739,0.46758940819168543,0.06992335986698468,-2.24298239775844,-0.21747761573768282
25.022,0.466,0.16635073053879995,-0.03253868972654739,0.46758940819168543,0.06992335986698468,-2.24298239775844,-0.21747761573768282
25.042,0.466,0.17214903654516886,-0.03261666609550826,0.46247051624106145,0.07212115783090067,-2.205013987003053,-0.20060136775582355
25.062,0.466,0.17977577096692174,-0.03013101083828325,0.45704880950652654,0.08615918217252061,-2.1577700997147122,-0.16631467378790113
25.082,0.466,0.18919795239428244,-0.02556922897026612,0.4521657463983827,0.10382044666530184,-2.1066784738111006,-0.10898979699309883
25.102,0.466,0.1846494033339546,-0.019256426322954375,0.44859662136791356,0.12445621216579986,-1.9904408115863836,-0.024930523484130683
25.122,0.466,0.1846494033339546,-0.019256426322954375,0.44859662136791356,0.12445621216579986,-1.9904408115863836,-0.024930523484130683
25.142,0.466,0.1759070323364506,-0.00953474235767184,0.44987296228016277,0.16276513667012604,-1.8396158863654768,0.055737912886575224
25.162,0.466,0.15760553144972936,-0.0009101568445380744,0.4526881280835946,0.18969908107148914,-1.6334754984522708,0.11284704465352594
25.182,0.466,0.133945661253385,0.0050541047788086576,0.45592580325579657,0.20403103295086203,-1.3909423221303157,0.14348599192259856
25.202,0.466,0.10553515812758718,0.008132439390772458,0.45917303851126906,0.20505138716751908,-1.1212232276476506,0.14902145957209267
25.222,0.466,0.10553515812758718,0.008132439390772458,0.45917303851126906,0.20505138716751908,-1.1212232276476506,0.14902145957209267
25.242,0.466,0.07497667361659262,0.009482550208215977,0.46223906174002916,0.192427219370134,-0.8438425129351486,0.1284333153319586
25.262,0.466,0.05622753937171794,0.010922971626954546,0.4650649809374451,0.18191442968551588,-0.6270438931526701,0.07366968422830517
25.282,0.466,0.051547875902904314,0.010021662381292073,0.464973217496151,0.15635649868385545,-0.48517012955107847,-0.01217274531798843
25.302,0.466,0.05869273807718101,0.010499565358727394,0.46459458374631596,0.12944969543611998,-0.3971966725985412,-0.11373527915392478
25.322,0.466,0.05869273807718101,0.010499565358727394,0.46459458374631596,0.12944969543611998,-0.3971966725985412,-0.11373527915392478
25.342,0.466,0.062085156120458264,0.014474858906435495,0.46344589031308286,0.11012756291200879,-0.3049624226007088,-0.16143165651417757
25.362,0.466,0.062262677043940395,0.018441914451793873,0.4615873407567244,0.09988974519571873,-0.2035876834032925,-0.12931378927709689
25.382,0.466,0.062389896046790294,0.025250522554216785,0.46105036191864046,0.10848875906252313,-0.0979142081119881,-0.04198716070048085
25.402,0.466,0.06210449694207355,0.027701554797328286,0.45882017284365756,0.11302924539655136,0.007578860766883817,0.06879839989502178
25.422,0.466,0.06210449694207355,0.027701554797328286,0.45882017284365756,0.11302924539655136,0.007578860766883817,0.06879839989502178
25.442,0.466,0.0556027435513014,0.030406564997012137,0.4586920366145529,0.11744471691978571,0.1284823858393014,0.1447156193971245
25.462,0.466,0.05127211092009738,0.03230966201202695,0.45979819280601264,0.1024558034751833,0.2195274011319331,0.14110217881105427
25.482,0.466,0.05111790148081227,0.03221000376338073,0.46153414991499186,0.06653323042695944,0.2658109916683558,0.05291672752645657
25.502,0.466,0.05809120837824287,0.027569008601257855,0.45976420756228664,0.012172981075510835,0.25698112589361705,-0.05666790270580748
25.522,0.466,0.05809120837824287,0.027569008601257855,0.45976420756228664,0.012172981075510835,0.25698112589361705,-0.05666790270580748
25.542,0.466,0.06449949288620316,0.028689861846604055,0.4604805188234582,-0.011832517914011,0.2381234848351525,-0.13954846151116734
25.562,0.466,0.06819341172496093,0.030549865944100283,0.4604285720551233,-0.006786262299534267,0.22028031157126504,-0.1466983906260054
25.582,0.466,0.06398253223927924,0.032492450314649236,0.4601677580455033,0.016069719369652916,0.23038930875829103,-0.08086188895872451
25.602,0.466,0.06113871961030895,0.033218582636248065,0.45957271794274446,0.05508484878342469,0.21888388762006772,0.028877904503693774
25.622,0.466,0.06113871961030895,0.033218582636248065,0.45957271794274446,0.05508484878342469,0.21888388762006772,0.028877904503693774
25.642,0.466,0.053762285596452554,0.03236476765487513,0.4596602211562925,0.07730189177596275,0.2042159546899493,0.12008855345652804
25.662,0.466,0.04852369564455612,0.031434663155200826,0.4607547126200852,0.08586929287633828,0.1677615950001808,0.13924615335142265
25.682,0.466,0.042100291848189995,0.028351009964521497,0.461797871135952,0.07790975072594308,0.11505623632936748,0.09060985107259319
25.702,0.466,0.03743782632584445,0.025214112879559727,0.46265285825853464,0.07398268901131955,0.04806022901616541,-0.005223985072781939
25.722,0.466,0.03743782632584445,0.025214112879559727,0.46265285825853464,0.07398268901131955,0.04806022901616541,-0.005223985072781939
25.742,0.466,0.03172388490628815,0.02417527955534373,0.46448189188848354,0.09173337060029509,-0.02439623879684495,-0.08412677529666376
25.762,0.466,0.02138517132417769,0.025018156579150165,0.4658599240670815,0.12799816562303076,-0.07754403238485146,-0.11581395010246096
25.782,0.466,0.012969863811833529,0.025394794602129386,0.46616582217150365,0.16480140913618288,-0.1383533291886664,-0.08072217288048962
25.802,0.466,0.0018719868426902383,0.02437354608455634,0.4653906414005868,0.1893442728793829,-0.19014982693728416,0.002915936012392958
25.822,0.466,0.0018719868426902383,0.02437354608455634,0.4653906414005868,0.1893442728793829,-0.19014982693728416,0.002915936012392958
25.842,0.466,-0.005476445659265117,0.022868295624122254,0.46519119706380974,0.20047717212099503,-0.25319645212795283,0.08768870472101911
25.862,0.466,-0.01229958393982645,0.019504526065169548,0.4650199212858092,0.19910348461970642,-0.3139191430121104,0.13934118218642258
25.882,0.466,-0.018880541701616228,0.016295217020202684,0.4651598102273879,0.20257485252348534,-0.36785441813748043,0.1371210889163348
25.902,0.466,-0.024464464733214227,0.013026039492995264,0.4649901306377644,0.21149068061317336,-0.4127064546325532,0.08466297452764668
25.922,0.466,-0.024464464733214227,0.013026039492995264,0.4649901306377644,0.21149068061317336,-0.4127064546325532,0.08466297452764668
25.942,0.466,-0.028125696094056497,0.01244031762047936,0.46560654228843035,0.23846753837969348,-0.45151948655598095,0.013976990196801589
25.962,0.466,-0.028904478404936464,0.012201281918277445,0.46583763745121276,0.2627754923349253,-0.4904565072682839,-0.034769778546947
25.982,0.466,-0.029637895763047355,0.013002891038069937,0.4659892066915622,0.2780271918532136,-0.5123722707570826,-0.04436067810491607
26.002,0.466,-0.03162872469962924,0.014180827593781399,0.46540603246058704,0.2775439690201025,-0.5156798963791858,-0.0037604601231714615
26.022,0.466,-0.03162872469962924,0.014180827593781399,0.46540603246058704,0.2775439690201025,-0.5156798963791858,-0.0037604601231714615
26.042,0.466,-0.0326088721438433,0.015317265429961568,0.4651483046537056,0.26214601581832164,-0.5086400110912697,0.06407534728765982
26.062,0.466,-0.03329228731735363,0.014482035732727704,0.46423661949612616,0.23566932683097525,-0.4873357428151477,0.12415817291035089
26.082,0.466,-0.029011542617360293,0.014196975796934309,0.46486565681897757,0.21918037475686286,-0.4646618207043756,0.13834279870426033
26.102,0.466,-0.025112737289357746,0.015080710387074666,0.46536099178663903,0.21243175717824814,-0.42569307285760305,0.10389133828611888
26.122,0.466,-0.025112737289357746,0.015080710387074666,0.46536099178663903,0.21243175717824814,-0.42569307285760305,0.10389133828611888
26.142,0.466,-0.01903113863376785,0.016227997451665116,0.46573746416679357,0.2105952392067449,-0.3805571700565846,0.03478441303057054
26.162,0.466,-0.013903668792908247,0.019797070998470747,0.4662961780187965,0.21117752007857568,-0.32458818085658525,-0.031442628343966064
26.182,0.466,-0.005739925194703273,0.021772842335018878,0.4661336960187318,0.2031924803775386,-0.2773348879420585,-0.06892654031037476
26.202,0.466,0.004503434434579739,0.02343108045430794,0.46585364926297085,0.17770471885646022,-0.23440449287544227,-0.05892600364495922
26.222,0.466,0.004503434434579739,0.02343108045430794,0.46585364926297085,0.17770471885646022,-0.23440449287544227,-0.05892600364495922
26.242,0.466,0.015293565389468279,0.02290811831010924,0.46437093733369766,0.14472329557037855,-0.19054370098900983,-0.005237029062033004
26.262,0.466,0.026982433772937024,0.023592635396297638,0.46382179847704347,0.11960353429529269,-0.14602422222701072,0.05105506849343822
26.282,0.466,0.04019869203523059,0.023760981333254848,0.4623300519271237,0.10154961020563287,-0.11090274335512519,0.09341807517535007
26.302,0.466,0.04846460174996805,0.02630963770467619,0.4619901912147196,0.09001689966945868,-0.060574820452709933,0.09646452612110375
26.322,0.466,0.04846460174996805,0.02630963770467619,0.4619901912147196,0.09001689966945868,-0.060574820452709933,0.09646452612110375
26.342,0.466,0.05642811311074872,0.02729108617206686,0.4609602222896061,0.0749993634958859,-0.020804248686092798,0.051335948875383945
26.362,0.466,0.06558013051443584,0.028840398065211516,0.4597971591771384,0.05598028964456468,0.005234907227182027,-0.018750627485167166
26.382,0.466,0.0723304217256009,0.02796049766810886,0.4584760041262712,0.03282514343968173,0.026175648033124034,-0.07447004476135247
26.402,0.466,0.07898290504392792,0.029701719835517646,0.45876301295271615,0.023024389885742333,0.03595254153573513,-0.09456806333982974
26.422,0.466,0.07898290504392792,0.029701719835517646,0.45876301295271615,0.023024389885742333,0.03595254153573513,-0.09456806333982974
26.442,0.466,0.08064785344424849,0.02773764034592476,0.4572358584629984,0.010617254363419178,0.05826882060803731,-0.0739383402533962
26.462,0.466,0.08247026243533145,0.024336074492081517,0.45558369859501907,0.00800990597395528,0.06164677677663645,-0.013968002104143907
26.482,0.466,0.0823737432266975,0.02477747321637249,0.4555193361051277,0.020135110389109836,0.0598343532193805,0.02716811437304005
26.502,0.466,0.08093538028088354,0.025090839740239852,0.45586110295361515,0.034670166932228644,0.03730772775854484,0.039116114532772174
26.522,0.466,0.08093538028088354,0.025090839740239852,0.45586110295361515,0.034670166932228644,0.03730772775854484,0.039116114532772174
26.542,0.466,0.08595852848359567,0.024612635291443887,0.455386953029684,0.044216948322690006,-0.027170859810102393,0.007789152905080561
26.562,0.466,0.08785506135774475,0.02377148564065679,0.45556705435953293,0.04491372657375248,-0.10226144634446756,-0.04548470573207649
26.582,0.466,0.0916216854359368,0.02088163193600837,0.45534880301170344,0.04581570265460282,-0.2026633422916615,-0.0869543679822045
26.602,0.466,0.09663996264316128,0.016193276735676214,0.4547927481927971,0.044934976117920154,-0.32125698298280936,-0.09156093131116393
26.622,0.466,0.09663996264316128,0.016193276735676214,0.4547927481927971,0.044934976117920154,-0.32125698298280936,-0.09156093131116393
26.642,0.466,0.09891906774390333,0.011783359206010096,0.4548090560881184,0.04932091254255182,-0.44289366745267106,-0.07513117819346506
26.662,0.466,0.10523784925958178,0.006559351921659911,0.4535626037907615,0.05044108298470589,-0.5951546908617161,-0.039357786502074096
26.682,0.466,0.10501598909180436,0.0028577807580172617,0.4533916399230399,0.058138946617743485,-0.7295252221551158,-0.017309596577569378
26.702,0.466,0.10837503026538721,0.0006770239805825163,0.4528133267126848,0.07524394070894083,-0.8858017652698381,-0.01754225598109056
26.722,0.466,0.10837503026538721,0.0006770239805825163,0.4528133267126848,0.07524394070894083,-0.8858017652698381,-0.01754225598109056
26.742,0.466,0.1115607682813227,-0.0005904662163456146,0.45329702594083715,0.09769124386430637,-1.0483982017400881,-0.028790986609231906
26.762,0.466,0.10873076135185968,0.0006264015571875282,0.45725848270623665,0.1265705103429306,-1.1844808316255881,-0.013038251782417286
26.782,0.466,0.09521704132968985,0.0006036324787482869,0.4610269056566465,0.14250065013201915,-1.2754936885227572,0.03158199029698445
26.802,0.466,0.08042252200493497,0.0011910852999116872,0.46557738542811483,0.14923960113021162,-1.350316374137571,0.06879644100015668
26.822,0.466,0.08042252200493497,0.0011910852999116872,0.46557738542811483,0.14923960113021162,-1.350316374137571,0.06879644100015668
26.842,0.466,0.06872899703928877,0.001042828327073711,0.47017289540172685,0.16087962257390245,-1.4312234360671015,0.08265516681259066
26.862,0.466,0.061577016935522255,0.001472886563177372,0.47567143365765985,0.18129964570659998,-1.5173852104265315,0.06313696795973929
26.882,0.466,0.04838215295992003,0.00037797043205401506,0.4781712377684933,0.18978416406118942,-1.5690033893905908,0.04214340397697797
27.082,0.466,-0.020872377153039013,0.01339643061432408,0.4705130143990622,0.17375504068084624,-1.240915411697344,0.05072216386641779
27.102,0.466,-0.03276348581876281,0.018687205834133875,0.4683673744207749,0.1765665769672608,-1.0374660007741734,0.05711998752579411
27.122,0.466,-0.03276348581876281,0.018687205834133875,0.4683673744207749,0.1765665769672608,-1.0374660007741734,0.05711998752579411
27.142,0.466,-0.043769577582091684,0.02256079934868402,0.4652705736912856,0.1763552371447166,-0.8120629995945602,0.041447176865678934
27.162,0.466,-0.04917133713253717,0.024884854109135216,0.46246892992165933,0.1684806109128306,-0.5949354633919997,0.021272081980167737
27.182,0.466,-0.044711762701239825,0.025973495213193025,0.46159384721766905,0.15323890946214477,-0.4192065647964293,0.014715246114317893
27.202,0.466,-0.025638105059915695,0.026057914128438876,0.46309220612964813,0.13763515200947848,-0.3100230939109791,0.013089965811794035
27.222,0.466,-0.025638105059915695,0.026057914128438876,0.46309220612964813,0.13763515200947848,-0.3100230939109791,0.013089965811794035
27.242,0.466,0.0015363449393316728,0.0275174031534883,0.4646298264152511,0.12537744378739485,-0.2353824538111006,0.012618275562955122
27.262,0.466,0.02735697109969081,0.02706487468656286,0.4633785803392909,0.11027380898539703,-0.1481112409016446,0.017704154101781104
27.282,0.466,0.04688944827047162,0.02877698417223388,0.461797690989262,0.10384950775082871,-0.02822796026308818,0.025662376271493263
27.302,0.466,0.0583520623165217,0.030433948045593007,0.4598425766862096,0.10032012441182582,0.13143710590723878,0.03076230174219978
27.322,0.466,0.0583520623165217,0.030433948045593007,0.4598425766862096,0.10032012441182582,0.13143710590723878,0.03076230174219978
27.342,0.466,0.06094917056115721,0.029728326508919226,0.4584763739076269,0.09955881373290762,0.3194834233558742,0.0347886396408792
27.362,0.466,0.05878464507094095,0.031738321492144714,0.4611299648883439,0.09362886307328946,0.515521906066788,0.014150963915925711
27.382,0.466,0.06588699435203864,0.028549913499338286,0.45947702607431296,0.0725420066941708,0.6320510437034909,-0.027253948949140974
27.402,0.466,0.07509207760759544,0.029090676392551362,0.45994292565557493,0.05610259546612752,0.7166304500172044,-0.0842817559633364
27.422,0.466,0.07509207760759544,0.029090676392551362,0.45994292565557493,0.05610259546612752,0.7166304500172044,-0.0842817559633364
27.442,0.466,0.08542918335782988,0.02705175290525889,0.4575282253401066,0.03289408434590946,0.7575253971836008,-0.11878227029304872
27.462,0.466,0.09599437973449543,0.028415863066449762,0.45685344571278547,0.041830707823452086,0.767401389313769,-0.12189931928108828
27.482,0.466,0.10202621795562854,0.025220286135513924,0.45353167991976484,0.05656964238816404,0.7619159502226671,-0.07611809540545342
27.502,0.466,0.10471348508012626,0.024842082056096053,0.45358440040476844,0.09113557401510931,0.746827582297339,-0.029106926930257015
27.522,0.466,0.10471348508012626,0.024842082056096053,0.45358440040476844,0.09113557401510931,0.746827582297339,-0.029106926930257015
27.542,0.466,0.10250896627011134,0.023762634510557424,0.45404752222387124,0.11351348857684807,0.7206176501545605,-0.0003529245617760864
27.562,0.466,0.09198950875712805,0.022708385755480207,0.4570547452072462,0.1193595360018646,0.6930586145875525,0.0016855219046972554
27.582,0.466,0.08139998837027161,0.021239751910264143,0.4583701702016333,0.10935596966960659,0.6307515786541762,-0.025735203107711914
27.602,0.466,0.07022867840087543,0.022218139393939667,0.46100488235470793,0.11494263511176082,0.5438641809002317,-0.06861662640684758
27.622,0.466,0.07022867840087543,0.022218139393939667,0.46100488235470793,0.11494263511176082,0.5438641809002317,-0.06861662640684758
27.642,0.466,0.057748276094852474,0.022384793947250584,0.4622256935746607,0.12581788008645767,0.4393763831354044,-0.0948521675263905
27.662,0.466,0.04873942299033817,0.023190515986341805,0.4631120514032521,0.15133396774532468,0.2992894984770651,-0.08654468335723471
27.682,0.466,0.04024392264880475,0.024075876202320757,0.46411176173650687,0.1801623248143783,0.14312210071354384,-0.04286011946502423
27.702,0.466,0.028179732429569036,0.022381934266931577,0.4642549638881788,0.18903886546264084,-0.007221110362468794,0.020895331561150275
27.722,0.466,0.028179732429569036,0.022381934266931577,0.4642549638881788,0.18903886546264084,-0.007221110362468794,0.020895331561150275
27.742,0.466,0.009375569357290232,0.018852282071151315,0.4638514159959947,0.1810126511676547,-0.13361710099257948,0.0791093096780233
27.762,0.466,-0.007587552619882369,0.017202196017885776,0.46380128742218657,0.17387147340925646,-0.2546615247567544,0.09652010859292527
27.782,0.466,-0.025698347970349047,0.016781970879836367,0.46307157164041013,0.17131927533772923,-0.36092646342894374,0.07912584842455292
27.802,0.466,-0.04164589247429624,0.016625457235501535,0.4619872139709017,0.18021444384959903,-0.4662523610885055,0.041642111388616704
27.822,0.466,-0.04164589247429624,0.016625457235501535,0.4619872139709017,0.18021444384959903,-0.4662523610885055,0.041642111388616704
27.842,0.466,-0.054069720614103256,0.017953387649174573,0.4620835307244192,0.2030847048837646,-0.573711709642594,-0.00013851712094223502
27.862,0.466,-0.06381063980800922,0.01957880189266786,0.4620429660139754,0.22545936890717966,-0.6810450169952684,-0.0166296007474934
27.882,0.466,-0.06947147514216283,0.020113017413903325,0.46130472116273774,0.23201071942462678,-0.7791079198128334,-0.014587624213343538
27.902,0.466,-0.07089285574872238,0.021254686668756618,0.4620685673047264,0.22041798493840564,-0.8763809734705243,0.02277013724040949
27.922,0.466,-0.07089285574872238,0.021254686668756618,0.4620685673047264,0.22041798493840564,-0.8763809734705243,0.02277013724040949
27.942,0.466,-0.06994847990514633,0.02146013112133543,0.4624458862401809,0.19481106867423723,-0.9487111029784704,0.05767484093109896
27.962,0.466,-0.07057169437810684,0.021170625749820853,0.4621466966756201,0.17303128544221236,-0.9779857745638545,0.07858844862025807
27.982,0.466,-0.07242529086555893,0.02074135300786256,0.461519913252778,0.16489165004533188,-0.9630043038574794,0.0680651249810827
28.002,0.466,-0.06990610969615643,0.021339499754988184,0.46232293766582117,0.1757536538910937,-0.927621180516123,0.03591057941054592
28.022,0.466,-0.06990610969615643,0.021339499754988184,0.46232293766582117,0.1757536538910937,-0.927621180516123,0.03591057941054592
28.042,0.466,-0.06894136314838928,0.022900123566463922,0.4626599479854779,0.19206965389396316,-0.8516406735228943,0.000296741479767755
28.062,0.466,-0.06534919476401371,0.023770965014668244,0.4622571293593819,0.19382568817750348,-0.7549226262054841,-0.019025262219355927
28.082,0.466,-0.0591831509097806,0.024916496624476488,0.46174354033591986,0.1811573200298663,-0.6442345394029722,-0.01325269388271028
28.102,0.466,-0.048966237679952604,0.025474807974227274,0.46178974232032344,0.1597569707131756,-0.5345872964717382,0.018140640279191485
28.122,0.466,-0.048966237679952604,0.025474807974227274,0.46178974232032344,0.1597569707131756,-0.5345872964717382,0.018140640279191485
28.142,0.466,-0.038720861768689725,0.025571435085926218,0.46162639630674474,0.1422003062562518,-0.41283334727211246,0.05263367284107494
28.162,0.466,-0.02118743565933322,0.024700907962450315,0.4627425886214548,0.12897189399148312,-0.31206230896019566,0.07517027925442986
28.182,0.466,0.00020910747028510582,0.02443221610156682,0.4639315422988005,0.1266307961249764,-0.21712033814864826,0.0683271451071045
28.202,0.466,0.015712853334580827,0.024314177155600334,0.4635916107580614,0.12757703606004164,-0.09657575206159469,0.042865153097560664
28.222,0.466,0.015712853334580827,0.024314177155600334,0.4635916107580614,0.12757703606004164,-0.09657575206159469,0.042865153097560664
28.242,0.466,0.030355750278237354,0.026228987443398896,0.4633638924705716,0.13087827692150333,0.03149404938405811,0.0028107712192800066
28.262,0.466,0.04082964540628967,0.02703050612872964,0.4625870364260166,0.12984652701941954,0.17166966140379258,-0.030579699919702216
28.282,0.466,0.04757047413013923,0.027549955246580004,0.4624691771078755,0.12783596740416658,0.3182412016588772,-0.049367027664658086
28.302,0.466,0.058384809102562725,0.02565011274586068,0.46106283900386985,0.11546569939001564,0.43259197938224675,-0.05354805383092341
28.322,0.466,0.058384809102562725,0.02565011274586068,0.46106283900386985,0.11546569939001564,0.43259197938224675,-0.05354805383092341
28.342,0.466,0.06597276729686481,0.024672521513246986,0.46113080686902275,0.10956569980094794,0.5373620996074824,-0.04650220214059561
28.362,0.466,0.07642939869477662,0.02192619905974402,0.45896824789592755,0.10512155054224807,0.6029606142045142,-0.03323060748866112
28.382,0.466,0.08436686794551534,0.02187593391831852,0.4582950863666569,0.10572239838930776,0.6541759386017715,-0.029839082959300017
28.402,0.466,0.08952408296351055,0.020288739849496907,0.4566334627686429,0.10428980404745884,0.6810517997372513,-0.033754510811942015
28.422,0.466,0.08952408296351055,0.020288739849496907,0.4566334627686429,0.10428980404745884,0.6810517997372513,-0.033754510811942015
28.442,0.466,0.09296795926889713,0.022033061525577533,0.4565322931494227,0.10844251905395023,0.6943194326299622,-0.051933453996743276
28.462,0.466,0.08800891763229816,0.02359309717663698,0.4586751646984733,0.10824410832127555,0.7124975110829908,-0.07390777374983887
28.482,0.466,0.08363568127046069,0.023515439893068948,0.45912732646374554,0.10938720140774218,0.692708844717951,-0.08683267632118385
28.502,0.466,0.07821303774631697,0.023871474116977008,0.4599935630651083,0.11817503212351121,0.6480321082666944,-0.08648460452672829
28.522,0.466,0.07821303774631697,0.023871474116977008,0.4599935630651083,0.11817503212351121,0.6480321082666944,-0.08648460452672829
28.542,0.466,0.07303268305660444,0.02269709472527371,0.4600167640906892,0.1188481100152201,0.5755414141096176,-0.07351895640745787
28.562,0.466,0.06411374987321106,0.02240868257544618,0.4615301561896184,0.12994718599430316,0.4887824656825373,-0.048495307327810655
28.582,0.466,0.05611521251145425,0.02236999593206332,0.4623796950288069,0.1415617870667349,0.37629223593149924,-0.013982218471622386
28.602,0.466,0.05127351035308875,0.022138078263951567,0.46221822975714955,0.1527179076304651,0.23370728428583978,0.01701197321048975
28.622,0.466,0.05127351035308875,0.022138078263951567,0.46221822975714955,0.1527179076304651,0.23370728428583978,0.01701197321048975
28.642,0.466,0.04098623604789872,0.02298534752898531,0.4632666545708325,0.1600873733829746,0.10483010768650884,0.03852136111376773
28.662,0.466,0.026229570570172344,0.021642459175961425,0.4633447029131202,0.15678936499434296,-0.010653741106795159,0.043796592789023876
28.682,0.466,0.006506669006595779,0.022880019670802883,0.4645048702775136,0.1645606189067816,-0.10690615556699415,0.03332346092356011
28.702,0.466,-0.011902348715782152,0.022305013118337054,0.4638550347591511,0.16548213210951931,-0.20315196138056693,0.013977808246757286
28.722,0.466,-0.011902348715782152,0.022305013118337054,0.4638550347591511,0.16548213210951931,-0.20315196138056693,0.013977808246757286
28.742,0.466,-0.028090896062502202,0.022629764526058565,0.4634096313598989,0.1710430922521792,-0.30358571165775144,-0.0016475746536974189
28.762,0.466,-0.039836834679136984,0.022003028733758662,0.46258365933200396,0.17270024381012375,-0.41352540144405137,-0.007024860241418296
28.782,0.466,-0.04803185587333352,0.02214141591965101,0.4623594903589026,0.1763616417275043,-0.5312073361846312,0.009970722037958403
28.802,0.466,-0.05533618668367634,0.023111974817007917,0.46227550888190927,0.18006890329801517,-0.6388093455388921,0.03780123159119796
28.822,0.466,-0.05533618668367634,0.023111974817007917,0.46227550888190927,0.18006890329801517,-0.6388093455388921,0.03780123159119796
28.842,0.466,-0.059386682206574185,0.023888272112066282,0.4626442972669089,0.17848816514863755,-0.7341807845283423,0.054501201257775626
28.862,0.466,-0.062744114035529,0.0230952225923248,0.4621567199582396,0.17432906831888914,-0.80948117638714,0.06558659829485143
28.882,0.466,-0.06391101114709015,0.022833632147393774,0.46264896183271315,0.18012735898896956,-0.8626581388151278,0.05971352677600559
28.902,0.466,-0.06537810195529334,0.022118948616243975,0.4629100936054375,0.18597791094097404,-0.878103425117484,0.033981229648901996
28.922,0.466,-0.06537810195529334,0.022118948616243975,0.4629100936054375,0.18597791094097404,-0.878103425117484,0.033981229648901996
28.942,0.466,-0.068403148202635,0.021964482589541815,0.4625958799657793,0.19481517382187424,-0.8545741587845274,0.009081742656349595
28.962,0.466,-0.0661237380770516,0.021065009208718344,0.4627033195575963,0.1940674032001125,-0.8205554395754117,-0.0017051835471557733
28.982,0.466,-0.06364075451157053,0.02185842059387758,0.46261719003515844,0.1902954160056862,-0.7584877996755878,0.0044779623360367655
29.002,0.466,-0.05703986522467956,0.02212599416714899,0.46268167198551247,0.17854921889911576,-0.6876662467922885,0.024657025842715858
29.022,0.466,-0.05703986522467956,0.02212599416714899,0.46268167198551247,0.17854921889911576,-0.6876662467922885,0.024657025842715858
29.042,0.466,-0.05091478060355865,0.022399280524867414,0.4618985914557659,0.17074495718188243,-0.5948799214598298,0.048461104057736314
29.062,0.466,-0.04027269178477389,0.02313677335391411,0.4626169602971802,0.1639618474109316,-0.5086759840281264,0.06924219590542684
29.082,0.466,-0.029230514786308035,0.022633478377808606,0.4630825402737063,0.16188037874136316,-0.401394664010463,0.05928486992462505
29.102,0.466,-0.016682567821485052,0.022975610062431137,0.46402382644379536,0.16309922414712377,-0.29347353687521505,0.04145341581891726
29.122,0.466,-0.016682567821485052,0.022975610062431137,0.46402382644379536,0.16309922414712377,-0.29347353687521505,0.04145341581891726
29.142,0.466,-0.00019171418198147888,0.023162950469460576,0.4650334146519348,0.1632815263773202,-0.18913536838557213,0.00863776924558
29.162,0.466,0.0116991860705273,0.024682540534629014,0.4656929644256932,0.16442469579763613,-0.06640816993217025,-0.01410338084697391
29.182,0.466,0.025872495891240452,0.02415166965868889,0.4644528663195154,0.1561336081174662,0.050862678666738034,-0.027965712904625413
29.202,0.466,0.03628617140155168,0.024328892766318527,0.4633651289128016,0.15033517100188468,0.17372297137626747,-0.024343852664411716
29.222,0.466,0.03628617140155168,0.024328892766318527,0.4633651289128016,0.15033517100188468,0.17372297137626747,-0.024343852664411716
29.242,0.466,0.04541837446657154,0.023502814512149712,0.4624826601752766,0.144883651129943,0.2852689667763188,-0.0093821420940775
29.262,0.466,0.05660845452428278,0.02306327486422768,0.46155725853436247,0.13952009014999806,0.37654149994926217,0.00034228493610064296
29.282,0.466,0.06640594070327245,0.02196754230388782,0.4605894132572893,0.13000587045898543,0.4543428159910623,-0.0028063756422153996
29.302,0.466,0.07472865512138994,0.022085165719241125,0.4595174275532679,0.11710773976724585,0.5222323354803438,-0.020418639413584364
29.322,0.466,0.07472865512138994,0.022085165719241125,0.4595174275532679,0.11710773976724585,0.5222323354803438,-0.020418639413584364
29.342,0.466,0.07813067967091906,0.021957341044746746,0.4594710910809491,0.10696710097387194,0.5830170855601824,-0.040731865927566814
29.362,0.466,0.08104077262272415,0.023851334764895798,0.4595889723475895,0.1044104261821201,0.6210960099932299,-0.0584323660761632
29.382,0.466,0.0801064865495722,0.0235781057815037,0.4587426616043181,0.09556685546602359,0.6479760096865846,-0.071054112948542
29.402,0.466,0.07882853339836123,0.025086698469543877,0.45893379824832276,0.09394841909811767,0.6495686429810746,-0.07510105694381829
29.422,0.466,0.07882853339836123,0.025086698469543877,0.45893379824832276,0.09394841909811767,0.6495686429810746,-0.07510105694381829
29.442,0.466,0.07500931774106268,0.024322597930055256,0.4588152441093666,0.09460960379792319,0.6267573900749103,-0.06777293339534482
29.462,0.466,0.07239987926719625,0.026410675159327053,0.4604788669192482,0.10502335784785057,0.5757396174905637,-0.05954630369663214
29.482,0.466,0.06786402201233399,0.02418314632473341,0.460040775991133,0.10048295262060436,0.4987803837222407,-0.035302978415350406
29.502,0.466,0.06140184277916867,0.024245781627858978,0.4612678350788422,0.11190874205143132,0.40833383338461393,-0.011771105960670153
29.522,0.466,0.06140184277916867,0.024245781627858978,0.4612678350788422,0.11190874205143132,0.40833383338461393,-0.011771105960670153
29.542,0.466,0.05380126412134063,0.024158418971301356,0.4620639497820807,0.11850529407705346,0.3081778111329883,0.011226840467538166
29.562,0.466,0.04604912270933123,0.02517859803532742,0.46291303918568233,0.13077364456858087,0.1972360988666117,0.029115169263437924
29.582,0.466,0.03396240511826992,0.025845675750197975,0.46371277357003754,0.1376328515624176,0.09374766544543418,0.03610930851361882
29.602,0.466,0.016514385148935475,0.02517999989492042,0.4641741701581153,0.14031148359794451,0.005979514413263374,0.027953584951592933
29.622,0.466,0.016514385148935475,0.02517999989492042,0.4641741701581153,0.14031148359794451,0.005979514413263374,0.027953584951592933
29.642,0.466,0.001389100465046141,0.025241231442442648,0.46464233873216254,0.148672478864915,-0.09111985313514694,0.012712301107492776
29.662,0.466,-0.011613919734543773,0.024422923477602925,0.46463806590675816,0.1557851016253382,-0.19486500984603952,-0.0026909232105392566
29.682,0.466,-0.025836233986351723,0.02458432948492699,0.4642388316316768,0.16581456754060758,-0.29487748898366234,-0.002953518568674003
29.702,0.466,-0.034396413077871384,0.022690001718855126,0.46323789028434453,0.1674863283520885,-0.40662972456220237,0.007358182010933952
29.722,0.466,-0.034396413077871384,0.022690001718855126,0.46323789028434453,0.1674863283520885,-0.40662972456220237,0.007358182010933952
29.742,0.466,-0.041639717263248686,0.022284825396458936,0.46293877035655506,0.17306601242466607,-0.5141920371251458,0.029029915438654106
29.762,0.466,-0.047953168018662604,0.021812892776421795,0.4626260323208002,0.17876092766955948,-0.6056636363123271,0.04558187051297956
29.782,0.466,-0.05334815371455337,0.02106144947385229,0.46238448792041714,0.18199121001875024,-0.6830641366342263,0.05709846127616358
29.802,0.466,-0.05764071798941953,0.020679558125901318,0.4625697446718895,0.18880886449996806,-0.7387483815232913,0.05580322433671418
29.822,0.466,-0.05764071798941953,0.020679558125901318,0.4625697446718895,0.18880886449996806,-0.7387483815232913,0.05580322433671418
29.842,0.466,-0.06109779030350422,0.020432840681333306,0.46319194509882894,0.2005672309828294,-0.7709299812919722,0.04499029310434084
29.862,0.466,-0.06248555345689996,0.019661364225007655,0.4633884974506151,0.21027859601821347,-0.7789798204796766,0.024770347369535897
29.882,0.466,-0.06259993525484123,0.019896173939864373,0.46362801745136684,0.2177142806938877,-0.7672406588737749,0.017038562751747005
29.902,0.466,-0.06051601921853996,0.01944681847668108,0.4634623438885634,0.21444402906501164,-0.7368332407707721,0.01978346000204099
29.922,0.466,-0.06051601921853996,0.01944681847668108,0.4634623438885634,0.21444402906501164,-0.7368332407707721,0.01978346000204099
29.942,0.466,-0.0577964545659565,0.02074705859142146,0.463540821269152,0.2140523906381158,-0.6857116700472229,0.03566751064877792
29.962,0.466,-0.05049624640084631,0.019868528479420625,0.4630226180023951,0.20207895961133562,-0.626721290030831,0.05004793838644004
29.982,0.466,-0.042064185219828264,0.01957577116688705,0.4631683541058139,0.19402528343288408,-0.5517006665376649,0.05655984105429306
30.002,0.466,-0.035356041213119305,0.019936864366414654,0.46327127758818587,0.19108560884357984,-0.4536547220948215,0.05290173421229035
30.022,0.466,-0.035356041213119305,0.019936864366414654,0.46327127758818587,0.19108560884357984,-0.4536547220948215,0.05290173421229035
30.042,0.466,-0.025553739135193362,0.02007562405245971,0.4638269438629102,0.18659891635738993,-0.35393426406169715,0.03801753920227388
30.062,0.466,-0.013509288808846078,0.02064307903252577,0.46461741344198826,0.18001940094463847,-0.2528044452289258,0.01699732514795366
30.082,0.466,-0.0006633249399476102,0.021287870117657662,0.4650294812627418,0.1750874501326858,-0.1487909796431728,-0.002687266394337503
30.102,0.466,0.011870591009677753,0.021710707480344295,0.46433507680276376,0.1633545846727303,-0.04261212400543957,-0.01242404732014053
30.122,0.466,0.011870591009677753,0.021710707480344295,0.46433507680276376,0.1633545846727303,-0.04261212400543957,-0.01242404732014053
30.142,0.466,0.02544228909580788,0.023582020308166602,0.46428742702832676,0.16073161794688956,0.054487790756760766,-0.009965861163637041
30.162,0.466,0.03672659535114417,0.024360817760134344,0.4635413840820648,0.1505423379557835,0.15308687275254781,-0.001987936689721061
30.182,0.466,0.04762959576158483,0.02450209449142906,0.4624428869691978,0.13930712346296342,0.24291730400935674,0.006991784038710003
30.202,0.466,0.05626372596781593,0.025195665293083223,0.46249880493843504,0.1308420799857,0.32829473062291303,0.008761342653121498
30.222,0.466,0.05626372596781593,0.025195665293083223,0.46249880493843504,0.1308420799857,0.32829473062291303,0.008761342653121498
30.242,0.466,0.062267670198592154,0.023757324407829142,0.4610280597423239,0.11057143192950003,0.4127022052133989,-0.0007745526490225
30.262,0.466,0.06900487019766274,0.024606141847502157,0.46023742241176746,0.09816703089303222,0.475025443190951,-0.01692076639741657
30.282,0.466,0.0713344248815707,0.02581716296075256,0.4602364411615259,0.08707055604618161,0.5351216985456848,-0.03779399738096244
30.302,0.466,0.0731628386518067,0.026946679162711932,0.459686338808852,0.08332683606941314,0.5664794099298146,-0.04997519663142269
30.322,0.466,0.0731628386518067,0.026946679162711932,0.459686338808852,0.08332683606941314,0.5664794099298146,-0.04997519663142269
30.342,0.466,0.07172958421912012,0.026611312197706963,0.45958291846066623,0.07629898219702158,0.5886646128525836,-0.059936877348908124
30.362,0.466,0.07000200996836717,0.026876879392176485,0.4596828915460709,0.07487024611558561,0.5835487758412933,-0.06072123833164781
30.382,0.466,0.06823925488945017,0.028026354701033446,0.4606949716848046,0.0826655945247975,0.553095553987859,-0.05344149397317964
30.402,0.466,0.0666077342325224,0.0272296026500848,0.46026184087128363,0.08642218552190833,0.4934181181545885,-0.029834001801804382
30.422,0.466,0.0666077342325224,0.0272296026500848,0.46026184087128363,0.08642218552190833,0.4934181181545885,-0.029834001801804382
30.442,0.466,0.060808861063049134,0.026421793823799986,0.46113023402609105,0.08766709385897704,0.4312441967560357,-0.008399155610823337
30.462,0.466,0.05590387659409867,0.026914487946614347,0.46172295404891006,0.09784581051648239,0.346179403843586,0.011743793203897838
30.482,0.466,0.0491818730523714,0.026303683012118623,0.4620352058758915,0.10777975947812136,0.2535611506491074,0.025625285693710326
30.502,0.466,0.03971019441776169,0.026149390034240563,0.4630069075938766,0.1198913130306081,0.1601730717766168,0.03105077790834874
30.522,0.466,0.03971019441776169,0.026149390034240563,0.4630069075938766,0.1198913130306081,0.1601730717766168,0.03105077790834874
30.542,0.466,0.026689426350005253,0.02645368475117457,0.4641892011898684,0.13164911175330957,0.07544317827992876,0.018609574876759145
30.562,0.466,0.011619807861327637,0.026211140175852958,0.4649472433686681,0.14305752232283842,-0.00754137641068263,0.003588596899606288
30.582,0.466,0.0015898964247442208,0.02407835282059012,0.46445414175529093,0.14922756972012968,-0.1119537312525758,-0.007896450087304016
30.602,0.466,-0.012450163352545686,0.024041968582338053,0.46487811939757917,0.16613772785530645,-0.20475765977456067,-0.0038202950386294053
30.622,0.466,-0.012450163352545686,0.024041968582338053,0.46487811939757917,0.16613772785530645,-0.20475765977456067,-0.0038202950386294053
30.642,0.466,-0.021355269259226286,0.022397373385458618,0.46427417242555735,0.17038950036036904,-0.3091129520408226,0.00607312656386117
30.662,0.466,-0.03276513479377064,0.021813293487980258,0.46371209212569997,0.18260935051179736,-0.3987279354483146,0.029350775246424012
30.682,0.466,-0.038303255664834654,0.020083935608211298,0.46332439591334174,0.18679805031763616,-0.4960253986995246,0.04810414426295088
30.702,0.466,-0.044270446883772276,0.01868550239038513,0.4630691745877125,0.19408495466476422,-0.5744979822865387,0.057888694895286544
30.722,0.466,-0.044270446883772276,0.01868550239038513,0.4630691745877125,0.19408495466476422,-0.5744979822865387,0.057888694895286544
30.742,0.466,-0.049535896185143764,0.01793026778179716,0.4630783016182746,0.20312316968036487,-0.6351357109105893,0.05641705802748364
30.762,0.466,-0.05362399924905836,0.01706289832850204,0.46301185213014817,0.21506456411761468,-0.6763130398553917,0.04321650827681201
30.782,0.466,-0.05618692463773685,0.016670444025283563,0.4632132371453047,0.22604797708872462,-0.7024042622781221,0.03199834042182021
30.802,0.466,-0.058406390378826334,0.017204655214836037,0.4634204961411897,0.23624660986152948,-0.7042549233759385,0.024835489935314217
30.822,0.466,-0.058406390378826334,0.017204655214836037,0.4634204961411897,0.23624660986152948,-0.7042549233759385,0.024835489935314217
30.842,0.466,-0.05775982212959925,0.017303293099025965,0.46349637290804097,0.23449788268569627,-0.6944592949952024,0.029947064015695253
30.862,0.466,-0.0532404078908309,0.017369288440007888,0.4638692172852333,0.22873953920294135,-0.6742229056463395,0.03986903512451224
30.882,0.466,-0.04933318853265435,0.01760058892300991,0.46378346645056817,0.2198621111595734,-0.626710395586902,0.05004817348649629
30.902,0.466,-0.04366187452290693,0.018344280042160842,0.46375541033038464,0.21247589186410337,-0.5665802479050559,0.05798632237789587
30.922,0.466,-0.04366187452290693,0.018344280042160842,0.46375541033038464,0.21247589186410337,-0.5665802479050559,0.05798632237789587
30.942,0.466,-0.03645084929867271,0.018776387637263664,0.4639731004840338,0.20599624396707072,-0.49215455672023956,0.05294318283104533
30.962,0.466,-0.028546757948569253,0.01901982833791255,0.46414536025373687,0.19817404430932875,-0.4038623240986542,0.036736543523937806
30.982,0.466,-0.022120678640521956,0.020180209010357577,0.4642479495333571,0.19317032155196848,-0.2994339822015489,0.018372446520189472
31.002,0.466,-0.01137733509937952,0.02163678629598863,0.46521614690376006,0.18453792724976173,-0.20499104210560715,0.0013388096106805596
31.022,0.466,-0.01137733509937952,0.02163678629598863,0.46521614690376006,0.18453792724976173,-0.20499104210560715,0.0013388096106805596
31.042,0.466,0.003187106404928933,0.022657791157722023,0.46536099110401685,0.1722757722393482,-0.1215514899991144,-0.0062668215025841805
31.062,0.466,0.014543113233165537,0.023300573426639777,0.4646212455140207,0.1579294759025047,-0.027954264142500622,-0.002143499828630036
31.082,0.466,0.028588033403318298,0.025560727994020316,0.46439938442177375,0.15039608675273955,0.052741331741299156,0.005619821108615568
31.102,0.466,0.038276803038516966,0.02537547289336523,0.4629863787736581,0.13292014033658323,0.14276772984261754,0.016222243188405722
31.122,0.466,0.038276803038516966,0.02537547289336523,0.4629863787736581,0.13292014033658323,0.14276772984261754,0.016222243188405722
31.142,0.466,0.047443611672080915,0.02616718310018997,0.46245383254603323,0.12294128479164394,0.22877305439511997,0.016371130824183754
31.162,0.466,0.05317080477231554,0.02658930663662177,0.4620290335368047,0.10931085302780635,0.3148917463435145,0.01048945238856527
31.182,0.466,0.05886625172593308,0.027787886312769215,0.4620402183146426,0.10128045159278529,0.38663552728317313,-0.0011612156494554512
31.202,0.466,0.06222903502749524,0.027731171443052982,0.4611543637578212,0.08256402694198917,0.45211325187521895,-0.021308601061152548
31.222,0.466,0.06222903502749524,0.027731171443052982,0.4611543637578212,0.08256402694198917,0.45211325187521895,-0.021308601061152548
31.242,0.466,0.06617923694390766,0.02885108368111556,0.46053044355536016,0.07355912150755808,0.4921344379100356,-0.039437086541080885
31.262,0.466,0.0654574079909648,0.028697858432051047,0.4601681612625602,0.06383453630211919,0.5263218703232136,-0.04798448871226353
31.282,0.466,0.06502165555461155,0.029833648453532775,0.4610680829111449,0.0667262036317231,0.5350121266209581,-0.04934969423394389
31.302,0.466,0.06472821798412293,0.02865761608052812,0.46024182412438025,0.06667093515535451,0.5181491703647721,-0.041981175719342664
31.322,0.466,0.06472821798412293,0.02865761608052812,0.46024182412438025,0.06667093515535451,0.5181491703647721,-0.041981175719342664
31.342,0.466,0.0643465409403836,0.02836665610199253,0.4604554396610881,0.0752396307178935,0.4777640758485662,-0.026275707361843367
31.362,0.466,0.061305890922409095,0.02803556549754574,0.461115356770307,0.07867847843820913,0.4268330634275093,-0.0056589690415095074
31.382,0.466,0.05715265317131545,0.028147458808102266,0.46166326716247014,0.09088261295249916,0.36392200077065795,0.005799439529555013
31.402,0.466,0.04982282257230909,0.026388554385251003,0.4616770013406946,0.09773935221411413,0.29361133404225426,0.0133345837537106
31.422,0.466,0.04264397112750565,0.02703249526691256,0.4630576371888877,0.1136731516150801,0.20996384986858005,0.015351847974430543
31.442,0.466,0.04264397112750565,0.02703249526691256,0.4630576371888877,0.1136731516150801,0.20996384986858005,0.015351847974430543
31.462,0.466,0.032217810869164976,0.02745030440028482,0.4643674124039176,0.12948111051257416,0.13003989773417413,0.008568358496471305
31.482,0.466,0.019041876081030477,0.02613923833542295,0.4649966301303373,0.14162770215291737,0.052157326773417126,0.0006201987374679558
31.502,0.466,0.010824777551871907,0.024363946777247333,0.4649565748340488,0.15688641134238,-0.04893718029786675,-0.002371401295155287
31.522,0.466,-0.00012299080635991164,0.02415880326308183,0.46563969967775576,0.17103469870049248,-0.1397813493542666,0.0021544876724175857
31.542,0.466,-0.00012299080635991164,0.02415880326308183,0.46563969967775576,0.17103469870049248,-0.1397813493542666,0.0021544876724175857
31.562,0.466,-0.012249113066879714,0.02230996550077542,0.4651006232210962,0.17916800581198677,-0.22552230544799576,0.014883004364135756
31.582,0.466,-0.020879790563237247,0.020461192546692777,0.4647017608092487,0.18666425508434634,-0.31771139517382163,0.028785574497901298
31.602,0.466,-0.029736757680394337,0.019194641869628715,0.46407702877113083,0.19539641447696157,-0.40122064925573364,0.04604276372476131
31.622,0.466,-0.037891344660415764,0.01888865876411133,0.46398398933149887,0.2071501969882955,-0.4709558246104987,0.05006483110919446
31.642,0.466,-0.037891344660415764,0.01888865876411133,0.46398398933149887,0.2071501969882955,-0.4709558246104987,0.05006483110919446
31.662,0.466,-0.044283417505171396,0.018520704510144047,0.46391327942792615,0.21938100032932029,-0.5324332240521422,0.046571205710874926
31.682,0.466,-0.04835358922305557,0.01698849292393247,0.4635510893550475,0.22322392252976903,-0.5879188934049198,0.04307232262602046
31.702,0.466,-0.0510214896245613,0.016404014899367474,0.4636443324216802,0.2306492201318668,-0.6245247597885681,0.03300587274717088
31.722,0.466,-0.052950107583236636,0.01616461239535834,0.46347642154236324,0.23525216022236906,-0.6455132111100109,0.030912832382435855
31.742,0.466,-0.052950107583236636,0.01616461239535834,0.46347642154236324,0.23525216022236906,-0.6455132111100109,0.030912832382435855
31.762,0.466,-0.05262425742703944,0.016700336513956433,0.46383096772393734,0.23791238278823157,-0.650702349434636,0.033089273396359045
31.782,0.466,-0.05008445223354864,0.016608630309925945,0.46383694697537736,0.23357954046408075,-0.6425491766785767,0.041507461915574806
31.802,0.466,-0.04669878395410614,0.01697724883051909,0.46410079906727914,0.22536307947395254,-0.6143025419371027,0.046871333835630274
31.822,0.466,-0.04316272595140388,0.01704872176890434,0.46360716522511597,0.21346508518893273,-0.5676443322573419,0.05304965147078451
31.842,0.466,-0.04316272595140388,0.01704872176890434,0.46360716522511597,0.21346508518893273,-0.5676443322573419,0.05304965147078451
31.862,0.466,-0.038664522417409614,0.018145786502530525,0.4639579398105186,0.20856478586405133,-0.4996943445376231,0.04290113664729288
31.882,0.466,-0.03290922111070681,0.01907415616164243,0.46405352872259764,0.20119698689653284,-0.42507154973830696,0.032885669505295936
31.902,0.466,-0.025884489606615525,0.020407354832153814,0.4642657690159932,0.1934650790249668,-0.34019987557155984,0.017885648053064588
31.922,0.466,-0.016754391876484902,0.020561429230268193,0.46403224290301237,0.17806813745099848,-0.25698787463921463,0.008487413819969172
31.942,0.466,-0.016754391876484902,0.020561429230268193,0.46403224290301237,0.17806813745099848,-0.25698787463921463,0.008487413819969172
31.962,0.466,-0.0030087353401291126,0.022332518306554208,0.46508721368077355,0.168935230140463,-0.18408656438426174,0.002446143719791121
31.982,0.466,0.007089159709604384,0.02344877883403791,0.46463492616915525,0.15374110625158996,-0.09774168414748925,0.008481953519202681
32.002,0.466,0.019449280265392957,0.025346746374444867,0.4646896232537791,0.14502605402028285,-0.01744254222757084,0.012478447984569048
32.022,0.466,0.026830575641902724,0.025278790284964266,0.463852640083867,0.1310370466357129,0.07644923135291758,0.018096177797639956
32.042,0.466,0.026830575641902724,0.025278790284964266,0.463852640083867,0.1310370466357129,0.07644923135291758,0.018096177797639956
32.062,0.466,0.03527361972614135,0.026846300131060086,0.4632978489027969,0.11928688257776622,0.16360808271708446,0.01520172633224127
32.082,0.466,0.04336401670368157,0.027649414301324955,0.4627981722476684,0.10921333538878632,0.23964523184296596,0.009671308952046948
32.102,0.466,0.05020194152441794,0.02851254524888131,0.4623981647934571,0.09756933779633302,0.31035106038217164,-0.001834727038988604
32.122,0.466,0.05393514475283767,0.02724002000549553,0.4613028297431147,0.08134134589573441,0.3764058148587649,-0.014803391590006565
32.142,0.466,0.05393514475283767,0.02724002000549553,0.4613028297431147,0.08134134589573441,0.3764058148587649,-0.014803391590006565
32.162,0.466,0.05788994848176877,0.027728391103661442,0.4608228231049666,0.07264699061810372,0.42434258061302765,-0.02533517483097116
32.182,0.466,0.05945832798041581,0.02960757098844891,0.4619951346945729,0.07418548058934565,0.4616985480023162,-0.03202922607369029
32.202,0.466,0.0629688192472531,0.028261566169096402,0.46022123146399313,0.06881431414669242,0.4692986694168007,-0.02921925877889351
32.222,0.466,0.06007308504192493,0.02867171465217388,0.46139371512433097,0.07383480040587635,0.4820766477189203,-0.02727989193119786
32.242,0.466,0.06007308504192493,0.02867171465217388,0.46139371512433097,0.07383480040587635,0.4820766477189203,-0.02727989193119786
32.262,0.466,0.0616472231496678,0.029135939109999533,0.4614770730428907,0.08053588162976946,0.45401306482142456,-0.021207466807258296
32.282,0.466,0.057012561648642913,0.02851399085861327,0.46258479689267623,0.08937445963658501,0.42852913720380315,-0.015473759951813862
32.302,0.466,0.05599848975251457,0.027433469522961128,0.4619633505976903,0.09417613826847127,0.37148830281811296,-0.012031757321870788
32.322,0.466,0.05091873453080728,0.027019797501842135,0.46263716045180964,0.10537777394317291,0.30893069781695337,-0.0033007068573506575
32.342,0.466,0.05091873453080728,0.027019797501842135,0.46263716045180964,0.10537777394317291,0.30893069781695337,-0.0033007068573506575
32.362,0.466,0.04340072108166205,0.025779529176303554,0.46282751919900245,0.11196891724408971,0.2475621677369865,-0.0013300457138519584
32.382,0.466,0.0369204918526882,0.026316993770728023,0.4640444132037617,0.13255271726964368,0.1661371463474578,0.002232241435643301
32.402,0.466,0.02703846391051716,0.024742661498553743,0.4643448958616262,0.1424957270924352,0.08923398446308835,0.005467144488466734
32.422,0.466,0.019278175701156523,0.02416923799648607,0.4651249128003736,0.15987811435331062,-0.0006855274845220066,0.00754861434556515
32.442,0.466,0.019278175701156523,0.02416923799648607,0.4651249128003736,0.15987811435331062,-0.0006855274845220066,0.00754861434556515
32.462,0.466,0.007220412300121005,0.02318005212239682,0.4655853930754252,0.17130614799170885,-0.07785497924477845,0.012549093035644674
32.482,0.466,-0.004072417895802895,0.02154423329308119,0.46524047620742814,0.17883765681080546,-0.157306954538099,0.016308239121990423
32.502,0.466,-0.012985338686174158,0.019762867557225488,0.46480759164921776,0.18619225572748888,-0.24030983291049193,0.01933676619006042
32.522,0.466,-0.021680130687017223,0.019200164199523976,0.4647681984851899,0.19716790955080848,-0.3200532697421105,0.025787249368767414
32.542,0.466,-0.021680130687017223,0.019200164199523976,0.4647681984851899,0.19716790955080848,-0.3200532697421105,0.025787249368767414
32.562,0.466,-0.029098611584853246,0.018467012725936108,0.4645461095831239,0.20497147348446107,-0.39499373790514775,0.032023090509940094
32.582,0.466,-0.03546044836592196,0.017284891960003445,0.4640464138014301,0.21018726195537615,-0.4607441744360445,0.03591608198681779
32.602,0.466,-0.04156470537867734,0.017542152510700952,0.4638651087825763,0.21922857906961973,-0.5137360150012736,0.03905079439669059
32.622,0.466,-0.04626527256712969,0.01816225989542479,0.4640097590847328,0.2283907402961847,-0.5540626842679891,0.0409794240734219
32.642,0.466,-0.04626527256712969,0.01816225989542479,0.4640097590847328,0.2283907402961847,-0.5540626842679891,0.0409794240734219
32.662,0.466,-0.04774788510808203,0.01752558973438211,0.4638763246499598,0.2291406004692694,-0.5872278436818045,0.041104707284369775
32.682,0.466,-0.04779458761638836,0.017024158803009663,0.46392070061386537,0.22542782798645822,-0.6042591468788027,0.03800146160765626
32.702,0.466,-0.047039486733955055,0.017473928119944634,0.464058427771429,0.22619169647361217,-0.6037268431332942,0.03799835937801534
32.722,0.466,-0.045508238905734376,0.017990103008346626,0.46414636910470936,0.22008835201930693,-0.5862242262467716,0.03865379795214035
32.742,0.466,-0.045508238905734376,0.017990103008346626,0.46414636910470936,0.22008835201930693,-0.5862242262467716,0.03865379795214035
32.762,0.466,-0.04350303544922864,0.01861768443156255,0.4639271721641891,0.21234785999135478,-0.5503111424983943,0.03893297079832522
32.782,0.466,-0.03886305489722311,0.019154226042303775,0.46402061456242816,0.20405128558926594,-0.5037137985642358,0.03665097690782533
32.802,0.466,-0.03271068223694829,0.0197669333846302,0.46431487652131986,0.1958931577947605,-0.44473416191912163,0.028887629603623042
32.822,0.466,-0.028649344315362486,0.021108414138701674,0.46425284660774613,0.18873383367252708,-0.36761453060389826,0.025951338407577972
32.842,0.466,-0.028649344315362486,0.021108414138701674,0.46425284660774613,0.18873383367252708,-0.36761453060389826,0.025951338407577972
32.862,0.466,-0.020814285205673414,0.022073083890595764,0.46459550352534146,0.1772519360159504,-0.2937967077505479,0.020952575383728696
32.882,0.466,-0.011257806248546115,0.02287614826278989,0.46471686971408854,0.16416374621944932,-0.21866505381586512,0.015716014237042487
32.902,0.466,-0.00031650350678572546,0.023508294768593483,0.46461251655067526,0.15302463688319276,-0.14506742768055075,0.014255478698066324
32.922,0.466,0.010522041401317832,0.02543105346795589,0.46520523030152927,0.14664529953768518,-0.06747042358978975,0.010379732753217658
32.942,0.466,0.010522041401317832,0.02543105346795589,0.46520523030152927,0.14664529953768518,-0.06747042358978975,0.010379732753217658
32.962,0.466,0.020436530432753796,0.02590431206094011,0.46447892214174336,0.13273603401282832,0.009426695636938013,0.012688491335868204
32.982,0.466,0.02900381271895582,0.026971648183692708,0.46374213745254683,0.12190555974766448,0.08952038221896921,0.012295983520439912
33.002,0.466,0.0369274065097568,0.02738152695087587,0.463195032614474,0.1138941892764408,0.16582804968751097,0.009036874172654915
33.022,0.466,0.04156433463965301,0.028453340553195244,0.4635178036051706,0.10742354706904451,0.245639284381306,0.0018655744538107406
33.042,0.466,0.04156433463965301,0.028453340553195244,0.4635178036051706,0.10742354706904451,0.245639284381306,0.0018655744538107406
33.062,0.466,0.046897762665474525,0.026684958491033882,0.4621359549993803,0.09254530564865918,0.308785950150142,-0.0035122893105639114
33.082,0.466,0.05369359186930243,0.027261466906204207,0.4615580754026004,0.08620743742094837,0.35345049222968744,-0.014207113260960743
33.102,0.466,0.0591340815762016,0.027156795805977494,0.460631124817221,0.08336836516613659,0.3802054188049219,-0.016076854312962328
33.122,0.466,0.05796823590474994,0.028702440680108063,0.4620911286996315,0.08607824034934777,0.4188861815282247,-0.023223314585291577
33.142,0.466,0.05796823590474994,0.028702440680108063,0.4620911286996315,0.08607824034934777,0.4188861815282247,-0.023223314585291577
33.162,0.466,0.057295711254154724,0.027042907465481283,0.4615869371657263,0.08340695391356641,0.43551225932692167,-0.028955055191538945
33.182,0.466,0.05766151117825536,0.027402735417762353,0.4615683437957337,0.08667031503710917,0.430111451078242,-0.029816814170291698
33.202,0.466,0.05491940321861363,0.027994543581602683,0.46295198903923895,0.09920585319662002,0.41031411341042223,-0.022240168960580748
33.222,0.466,0.05482937931881144,0.026697399853475273,0.4620565320073344,0.10424516248011348,0.36537640029861607,-0.016577418942574217
33.242,0.466,0.05482937931881144,0.026697399853475273,0.4620565320073344,0.10424516248011348,0.36537640029861607,-0.016577418942574217
33.262,0.466,0.04954772716194265,0.0269138820506577,0.4633807966634377,0.11418511580565635,0.32321070513130506,-0.009437542485543056
33.282,0.466,0.04419008430630168,0.02515662076132618,0.4633353965514058,0.11888406560584958,0.2650970835907673,-0.004171862393527829
33.302,0.466,0.038375506782880854,0.024406061992985142,0.4636609100733177,0.12961270895026192,0.1966916075880573,-4.2095796809864274e-05
33.322,0.466,0.0314129831590244,0.024184976960429445,0.4643440501044736,0.14275673044431048,0.12248676924869578,0.0041352160593233845
33.342,0.466,0.0314129831590244,0.024184976960429445,0.4643440501044736,0.14275673044431048,0.12248676924869578,0.0041352160593233845
33.362,0.466,0.02261366588898783,0.02394279150411797,0.46525487920542263,0.15787658684443961,0.04921269258501458,0.0038541049190497227
33.382,0.466,0.013355080040647163,0.02358592402473217,0.4655422571014896,0.16814898671982584,-0.027029832244124107,0.006019061017847909
33.402,0.466,0.004375184249249946,0.02219422255439317,0.46561958965358535,0.17695322803015748,-0.10733595417770848,0.012823270113486482
33.422,0.466,-0.004370308259476437,0.020753008591943057,0.4653600269277294,0.18522395454307622,-0.18574187181872126,0.017135123863433487
33.442,0.466,-0.004370308259476437,0.020753008591943057,0.4653600269277294,0.18522395454307622,-0.18574187181872126,0.017135123863433487
33.462,0.466,-0.014625407448384895,0.020561064954184843,0.4651006226179052,0.19238786684713494,-0.2553834874470104,0.022637108562697513
33.482,0.466,-0.024217039020959456,0.019631882140703938,0.46464152740062636,0.19773449915545216,-0.32006529060371847,0.02909387302781384
33.502,0.466,-0.02942069332375329,0.01875429589220953,0.4644203779266277,0.2016710601327729,-0.39196836675084357,0.03456186173665357
33.522,0.466,-0.034919364554278604,0.018107260164375492,0.46392051077514873,0.20467118827194888,-0.4510558108810264,0.0390964493164996
33.542,0.466,-0.034919364554278604,0.018107260164375492,0.46392051077514873,0.20467118827194888,-0.4510558108810264,0.0390964493164996
33.562,0.466,-0.038415170283730565,0.018232667114464387,0.4640867812120136,0.20958766605717458,-0.5003371051036144,0.038100156198415204
33.582,0.466,-0.04110012974590414,0.018352258147606795,0.46416768062893393,0.21247975759825807,-0.5368451333354634,0.03837401523921464
33.602,0.466,-0.04409660853245002,0.019008482897204984,0.4640507613243428,0.21577238609139682,-0.5537062696228962,0.036697988636348995
33.622,0.466,-0.045345389871518794,0.019431734790906104,0.4640529919801974,0.2155575610640101,-0.558459324970632,0.03612804426874227
33.642,0.466,-0.045345389871518794,0.019431734790906104,0.4640529919801974,0.2155575610640101,-0.558459324970632,0.03612804426874227
33.662,0.466,-0.043689175137806624,0.01858839139305596,0.4636920077519384,0.206640985387003,-0.5545228390227674,0.036522350552305426
33.682,0.466,-0.04103311590497617,0.01908372586535075,0.46414072429971776,0.20096381022595952,-0.5328703194988564,0.03276551635387548
33.702,0.466,-0.039439279741453254,0.020321059825690845,0.4640860661051269,0.19770548395429985,-0.49175573265626304,0.033485912702571737
33.722,0.466,-0.034331279581852864,0.020900640158819383,0.4643135652065498,0.18837752505775812,-0.44744309465554144,0.031908370497990564
33.742,0.466,-0.034331279581852864,0.020900640158819383,0.4643135652065498,0.18837752505775812,-0.44744309465554144,0.031908370497990564
33.762,0.466,-0.030743424857479534,0.02199266361540679,0.4642253047234398,0.18349114797280464,-0.38256285022978015,0.02952260285859438
33.782,0.466,-0.02231881174967382,0.022927568194107177,0.4648824389560787,0.17651046901107836,-0.32233208027330595,0.020815898629628255
33.802,0.466,-0.012791572597910623,0.023778669043501916,0.4651802535765834,0.16550151363806484,-0.2597830424685816,0.016983743516239998
33.822,0.466,-0.004459814605755438,0.024673567975853093,0.4655117450371869,0.15989593337064506,-0.18557074634956097,0.011129881053410676
33.842,0.466,-0.004459814605755438,0.024673567975853093,0.4655117450371869,0.15989593337064506,-0.18557074634956097,0.011129881053410676
33.862,0.466,0.0025660531986297598,0.024659604019481866,0.4650374272267864,0.1492518550216916,-0.10555114134738748,0.012601535534430006
33.882,0.466,0.01363176002657629,0.025379393599460422,0.4650435044146042,0.14345753678512171,-0.038428141820591254,0.011378579818244743
33.902,0.466,0.021522180719095032,0.02640820249365672,0.4647329801164274,0.13535754361546715,0.03972508085192348,0.008755588147395113
33.922,0.466,0.030477780681178696,0.026265903415085803,0.4638220533585516,0.1250370354804868,0.10887793722648952,0.006197400338356876
33.942,0.466,0.030477780681178696,0.026265903415085803,0.4638220533585516,0.1250370354804868,0.10887793722648952,0.006197400338356876
33.962,0.466,0.03593134056319687,0.028687558224813326,0.4646965537664635,0.12290561762252263,0.1835737367045675,0.0015700554319636494
33.982,0.466,0.04145527342896106,0.027997434466425695,0.4640516699303832,0.11667832970832576,0.2442359949604593,-0.0005294915327464112
34.002,0.466,0.046416523696315715,0.026355313280316373,0.46260565012524923,0.10451101354702608,0.2943019908987077,-0.0033779874251822412
34.022,0.466,0.049077182485986456,0.02592604185532139,0.4623757300822254,0.09899743791593357,0.3425469757758445,-0.010250884430341112
34.042,0.466,0.049077182485986456,0.02592604185532139,0.4623757300822254,0.09899743791593357,0.3425469757758445,-0.010250884430341112
34.062,0.466,0.05226626112811196,0.027609520977546417,0.46322119392640526,0.10192196720365802,0.37274452665324925,-0.017360940582791782
34.082,0.466,0.05437680800594552,0.026226535058352908,0.46209323679641834,0.09804363789373033,0.386153363004247,-0.019248308715787883
34.102,0.466,0.05340381749829251,0.026844268203341293,0.46284934795731836,0.10164212865794042,0.39899697371475873,-0.026519658359436003
34.122,0.466,0.05384948700575962,0.025264468700421382,0.4618920578545739,0.1036489611967915,0.3829447983680891,-0.024986217098972852
34.142,0.466,0.05384948700575962,0.025264468700421382,0.4618920578545739,0.1036489611967915,0.3829447983680891,-0.024986217098972852
34.162,0.466,0.051995492502283885,0.025227800546839155,0.46214928934712046,0.1090851118197612,0.35548029098490813,-0.018549265774394103
34.182,0.466,0.04925510818465921,0.024679733398491027,0.46257344652027116,0.11523370944397886,0.3200183256941276,-0.018905856350306977
34.202,0.466,0.04503407870157686,0.023771517635899617,0.4629361265742813,0.12188298470669001,0.27079500079333113,-0.011484262911385152
34.222,0.466,0.039891840172292095,0.023761981071195173,0.4632889376194078,0.129973627286671,0.21303672400737633,-0.004078792303231902
34.242,0.466,0.039891840172292095,0.023761981071195173,0.4632889376194078,0.129973627286671,0.21303672400737633,-0.004078792303231902
34.262,0.466,0.032531746284412744,0.023620396922868138,0.46391291863326284,0.1388939517344913,0.1525905076878153,0.0035423657291917482
34.282,0.466,0.026670577565931487,0.024137317117612203,0.4649612125099868,0.15309077199411375,0.07980374052745004,0.006863430197286867
34.302,0.466,0.019647331849819576,0.02343323435173611,0.4650530133439259,0.16096621331217772,0.0036486502002151585,0.012874922501549193
34.322,0.466,0.008148204226971914,0.02277064529507527,0.4652437854376806,0.16642889182504556,-0.05729866913523355,0.014403478230932364
34.342,0.466,0.008148204226971914,0.02277064529507527,0.4652437854376806,0.16642889182504556,-0.05729866913523355,0.014403478230932364
34.362,0.466,1.9855648456960927e-05,0.02170363220807854,0.46516003738076883,0.1735701110599131,-0.13068843238518002,0.015639293011250208
34.382,0.466,-0.009654591090088883,0.021647711331875416,0.46530404033233247,0.18308191055071252,-0.19639791186750696,0.017405790941956413
34.402,0.466,-0.01718392616385751,0.020856961982068583,0.4649857228414658,0.18715667336345468,-0.2661925768072378,0.02137567543064761
34.422,0.466,-0.02365669363461738,0.020184339623525043,0.4646003577347326,0.1905062024410973,-0.3315515163152552,0.026224761605190577
34.442,0.466,-0.02365669363461738,0.020184339623525043,0.4646003577347326,0.1905062024410973,-0.3315515163152552,0.026224761605190577
34.462,0.466,-0.029125729917844505,0.02049128628673981,0.4646719708295117,0.1943277547879554,-0.391571899550938,0.0332401486708272
34.482,0.466,-0.03393694411784408,0.02029312690109781,0.46444848000148936,0.1982524728170031,-0.43988988766699366,0.03641721206857869
34.502,0.466,-0.0365452700072541,0.019517096991613598,0.4642143243589555,0.1984555630845027,-0.48038315000447535,0.03452448482909005
34.522,0.466,-0.03885836233942282,0.019092182306380597,0.4640221874979584,0.1989925624873012,-0.5091146804829839,0.03707606728132899
34.542,0.466,-0.03885836233942282,0.019092182306380597,0.4640221874979584,0.1989925624873012,-0.5091146804829839,0.03707606728132899
34.562,0.466,-0.0400087024576772,0.01928283230948541,0.4640304002294476,0.1984852028335558,-0.5243556655943312,0.03629462586016406
34.582,0.466,-0.040979421399688284,0.020251359353781192,0.4641976569123622,0.20062265687329475,-0.5191516718596944,0.03015919417643447
34.602,0.466,-0.0389321963240552,0.020601967151130655,0.4644609215635448,0.19662991362727292,-0.5111035492404841,0.03150241978437409
34.622,0.466,-0.037341563663997865,0.020403167033774372,0.4641224697468772,0.19342424712065068,-0.47966416579956067,0.026385691174897783
34.642,0.466,-0.037341563663997865,0.020403167033774372,0.4641224697468772,0.19342424712065068,-0.47966416579956067,0.026385691174897783
34.662,0.466,-0.03401808310452169,0.021933568649719463,0.46468126641404056,0.19198335184676846,-0.4415009920960782,0.026094182855427715
34.682,0.466,-0.027479011348531382,0.02201920798508376,0.46477612540436514,0.1817062233490541,-0.40395904983567954,0.030355344618784412
34.702,0.466,-0.021917920699034407,0.02171297402695079,0.46439118667459417,0.17091893453540125,-0.34822047629816233,0.028462429117612188
34.722,0.466,-0.016573558100916146,0.022414458028349397,0.4645844272343382,0.16724243312412695,-0.2804841968195313,0.023440985632015764
34.742,0.466,-0.016573558100916146,0.022414458028349397,0.4645844272343382,0.16724243312412695,-0.2804841968195313,0.023440985632015764
34.762,0.466,-0.009714525540493653,0.022862277318171455,0.464738095574669,0.16166664861265476,-0.21102032856567013,0.01842438026159574
34.782,0.466,-0.0014921093672047743,0.02412979205937933,0.4652494007790354,0.15879141034917388,-0.14379795509693857,0.014693980412842792
34.802,0.466,0.006679698829378394,0.024254186815749854,0.4651006645022416,0.15087005649901558,-0.07335096750443931,0.010470225653447365
34.822,0.466,0.01676333073031304,0.0257917180519181,0.4654234792890226,0.14822828514388167,-0.010000085943201306,0.007630431643985591
34.842,0.466,0.01676333073031304,0.0257917180519181,0.4654234792890226,0.14822828514388167,-0.010000085943201306,0.007630431643985591
34.862,0.466,0.024174727926948768,0.026193736762612697,0.46488968726851126,0.1395901458206249,0.0599885058371573,0.005479218201761994
34.882,0.466,0.03031080293423158,0.025306428806612366,0.4640436393614418,0.12980249274242492,0.12702620739888942,0.0059156026392322225
34.902,0.466,0.035432196561478564,0.0257563077702003,0.4637964514681517,0.12431176420047385,0.19149545355505862,0.00202999632705116
34.922,0.466,0.043011515837245,0.02569507649380065,0.4629681949771078,0.11966353519747841,0.23456190536842525,0.00012915343988844348
34.942,0.466,0.043011515837245,0.02569507649380065,0.4629681949771078,0.11966353519747841,0.23456190536842525,0.00012915343988844348
34.962,0.466,0.04485922197053082,0.025501399771903483,0.46309167563171233,0.11461036577351592,0.28728686722182145,-0.004436789056783474
34.982,0.466,0.04722382609689252,0.025298426985460573,0.4630342508271103,0.10933913050512326,0.3272886795065055,-0.012847963032558515
35.002,0.466,0.05038516624724301,0.02458295262069874,0.46192674862088096,0.10483607698582592,0.3447927777622513,-0.016273500868718274
35.022,0.466,0.04993894614897857,0.025303865310348644,0.4624812748139816,0.10660040368366626,0.36038253250761887,-0.019348012601928703
35.042,0.466,0.04993894614897857,0.025303865310348644,0.4624812748139816,0.10660040368366626,0.36038253250761887,-0.019348012601928703
35.062,0.466,0.049837269012512966,0.027343913301473018,0.4638736468625367,0.11413482763878195,0.36159495022733695,-0.026673948344397454
35.082,0.466,0.04882736087947424,0.026472111970820607,0.4637070849741787,0.11537534734117944,0.3427900674397402,-0.022302244930340505
35.102,0.466,0.047303254531743145,0.025872027916411185,0.4633480712219761,0.11767140931261298,0.31101725366500094,-0.013893312017872857
35.122,0.466,0.043534522796497346,0.024853112040075252,0.46348141116660446,0.12265212454640946,0.2734884089793486,-0.008473030806616976
35.142,0.466,0.043534522796497346,0.024853112040075252,0.46348141116660446,0.12265212454640946,0.2734884089793486,-0.008473030806616976
35.162,0.466,0.03990080332643036,0.02484539238426208,0.46379172560170384,0.130691724623695,0.22349202710042831,-0.0033585464592532067
35.182,0.466,0.034101811482147366,0.024663652993402008,0.4644433199614551,0.13701602270840113,0.16883261479792921,0.0053860278948006995
35.202,0.466,0.03064190719173878,0.024909892054208006,0.46478802218292004,0.14636316068846422,0.09766733116139102,0.006133541298625282
35.222,0.466,0.021763028485950173,0.02347306236720927,0.46464362083185967,0.14898716592450464,0.04086261013537364,0.0075311160488397075
35.242,0.466,0.021763028485950173,0.02347306236720927,0.46464362083185967,0.14898716592450464,0.04086261013537364,0.0075311160488397075
35.262,0.466,0.015267328925556954,0.023320981335417573,0.4650125089216614,0.1583436724435262,-0.02938896414873961,0.008462620895459495
35.282,0.466,0.005964846882876668,0.022086645902529626,0.4650280213647859,0.16503026066933835,-0.09303614955239836,0.01206063208724902
35.302,0.466,-0.0034976323489918832,0.02215647240245176,0.4652025232986886,0.17329914434665347,-0.15511687629424778,0.01680692227367307
35.322,0.466,-0.011241574252743568,0.021514670779151205,0.46488610974271394,0.17543781088060406,-0.21795112052288956,0.019541093469946497
35.342,0.466,-0.011241574252743568,0.021514670779151205,0.46488610974271394,0.17543781088060406,-0.21795112052288956,0.019541093469946497
35.362,0.466,-0.01900962129066178,0.021691624219178512,0.46500967407374716,0.1818840891025638,-0.2767484886932184,0.02465459294123308
35.382,0.466,-0.0246433830852857,0.021049905653686914,0.46451272797801996,0.1842051795791395,-0.33498253745300105,0.03003418891631327
35.402,0.466,-0.02868202128044039,0.02009100061508946,0.4641326823955877,0.18457622715631253,-0.3871515508778391,0.0321387435110765
35.422,0.466,-0.0322179079526776,0.02031457835647805,0.4644493280824566,0.18891002854546696,-0.42811135746103013,0.029860788308267844
35.442,0.466,-0.0322179079526776,0.02031457835647805,0.4644493280824566,0.18891002854546696,-0.42811135746103013,0.029860788308267844
35.462,0.466,-0.03574590004329839,0.021021050374691593,0.46444398235674006,0.19473214473629932,-0.4585520366025879,0.03271505791367982
35.482,0.466,-0.037537312682077925,0.02035291528496365,0.46397251900205017,0.1932737245275956,-0.4792418710982339,0.03381226995047825
35.502,0.466,-0.03679801765157188,0.02008317862975537,0.46430574703330074,0.19447606759687916,-0.48874136159915205,0.02785973455007516
35.522,0.466,-0.036259947221465735,0.020360069047968835,0.4643373830507395,0.19469915731100315,-0.4842231474080973,0.028015600955651292
35.542,0.466,-0.036259947221465735,0.020360069047968835,0.4643373830507395,0.19469915731100315,-0.4842231474080973,0.028015600955651292
35.562,0.466,-0.034972319416105915,0.020957238632440273,0.4646911819137167,0.19270537396431078,-0.465231128889664,0.027174815732578888
35.582,0.466,-0.031531048817353205,0.0208548252401,0.4646547525800147,0.18710998095178222,-0.44022710515452584,0.028540737119472068
35.602,0.466,-0.029448083296400623,0.021374637779648917,0.4645109187486753,0.18508512077486217,-0.39565664107593107,0.03068697590375077
35.622,0.466,-0.026084641497544258,0.022150907963056316,0.46463025291500554,0.18316378974958783,-0.3421047766794152,0.027722548954836432
35.642,0.466,-0.026084641497544258,0.022150907963056316,0.46463025291500554,0.18316378974958783,-0.3421047766794152,0.027722548954836432
35.662,0.466,-0.016933337948257392,0.021502491559643157,0.4646775069028477,0.17398960742925876,-0.3005080175669947,0.024366102731439295
35.682,0.466,-0.010796551095114341,0.022873309954281048,0.46508767824254554,0.17106085380276112,-0.24029351421095696,0.02000498743459968
35.702,0.466,-0.0035074893162512794,0.02324410806950401,0.46527166851019847,0.16545765957709432,-0.17690684389359676,0.013533840355796774
35.722,0.466,0.0031223332913247457,0.024325936080559368,0.46554898925056654,0.1609817414861518,-0.10930960450107499,0.010595359216846172
35.742,0.466,0.0031223332913247457,0.024325936080559368,0.46554898925056654,0.1609817414861518,-0.10930960450107499,0.010595359216846172
35.762,0.466,0.010022871392466675,0.023839909252569784,0.465033547586736,0.15303927608802184,-0.04227700421336944,0.009576779291326725
35.782,0.466,0.016291889838270228,0.024870141008633197,0.46531441960056913,0.14844315862502513,0.025352001114322044,0.009264331282751495
35.802,0.466,0.026417249930172124,0.02461195783663995,0.46426731699222223,0.14027262945687527,0.07509850359335724,0.009317453004299958
35.822,0.466,0.031403660753392494,0.026141154251835053,0.4646415115572195,0.1364587681896571,0.13866486789525134,0.0065117158672229605
35.842,0.466,0.031403660753392494,0.026141154251835053,0.4646415115572195,0.1364587681896571,0.13866486789525134,0.0065117158672229605
35.862,0.466,0.036872092870013785,0.02520863747530385,0.46379746945339134,0.12813325687871696,0.18907876637530333,0.0048788177670411
35.882,0.466,0.04024449354024772,0.026095760397502554,0.46403962685319006,0.12384312325469925,0.24017642430881617,-0.0017229142371387321
35.902,0.466,0.045719105710542815,0.026142476335586005,0.4636692423645735,0.12269687387175682,0.26850015245644954,-0.00776486176511832
35.922,0.466,0.047491044394826876,0.02552950186000819,0.4630628633350703,0.11655582130663014,0.29915183594683026,-0.013704775319764023
35.942,0.466,0.047491044394826876,0.02552950186000819,0.4630628633350703,0.11655582130663014,0.29915183594683026,-0.013704775319764023
35.962,0.466,0.04832559276222636,0.02666077449923131,0.4636554532145966,0.11799801327076402,0.31954454113574826,-0.020907872039077156
35.982,0.466,0.04850035527487259,0.025716942091542568,0.4629417719250982,0.11226783119914038,0.3260656440997958,-0.023065369439925296
36.002,0.466,0.0452994543249464,0.02491110988406943,0.4629009694143516,0.11328684362372497,0.32327122691416854,-0.014889825182172666
36.022,0.466,0.04400601000190857,0.02476136825851322,0.4629078445684145,0.11392692119367699,0.30284681109534106,-0.012876027083606068
36.042,0.466,0.04400601000190857,0.02476136825851322,0.4629078445684145,0.11392692119367699,0.30284681109534106,-0.012876027083606068
36.062,0.466,0.04282550444478418,0.025999629395880866,0.46382167210144193,0.12289685548443563,0.26807818127917626,-0.009726549583480161
36.082,0.466,0.039940358238191725,0.024958735639247092,0.4637593487270215,0.12536663933400075,0.22372659469221443,-0.0015908002171771234
36.102,0.466,0.03828031799817516,0.0259531309466254,0.464532285604311,0.13459796266837426,0.16318306324403883,0.005751540854689438
36.122,0.466,0.0294454372642164,0.025062195329550875,0.4646352468444921,0.13400978539574532,0.1250491146786747,0.007049046197106834
36.142,0.466,0.0294454372642164,0.025062195329550875,0.4646352468444921,0.13400978539574532,0.1250491146786747,0.007049046197106834
36.162,0.466,0.02516237728855878,0.02457534433247035,0.46474630607225786,0.14238902540077558,0.05862288126747304,0.010494911081762233
36.182,0.466,0.014931617281874907,0.02386545529215996,0.46507000686602135,0.1483883805305019,0.010211881798504883,0.0132654561204219
36.202,0.466,0.006942394613338502,0.02424652286558331,0.4654406412170323,0.15753114583231262,-0.04917693847086207,0.014705325719223068
36.222,0.466,0.0016750210406535928,0.023459423233282418,0.4652643676342652,0.16291832483820226,-0.11635865979387991,0.012085777837175966
36.242,0.466,0.0016750210406535928,0.023459423233282418,0.4652643676342652,0.16291832483820226,-0.11635865979387991,0.012085777837175966
