sensor type:,aurora
timestamp (s),arclength (m),data
-0.058,0.0,0.00015822063138795422,-0.0006780554848810094,0.0006241793220827548,0.004169466759990207,-0.0014924824531396268,-0.0007302025753037329
-0.038,0.0,0.00014113790427819833,-0.0006960170471909304,0.0005327983396204227,0.003745651899659346,-0.0014685400919688507,-0.0007402235768219572
-0.018,0.0,8.207228672947406e-05,-0.0006768162597050224,0.0004758548086305559,0.003452459345585145,-0.0014538089087311082,-0.000467779806832623
0.002,0.0,6.664489163335778e-05,-0.0006893076386867659,0.0004270046539160648,0.0033269112001069624,-0.001166817551651775,-0.0004793364783370507
0.022,0.0,6.664489163335778e-05,-0.0006893076386867659,0.0004270046539160648,0.0033269112001069624,-0.001166817551651775,-0.0004793364783370507
0.042,0.0,3.66021503453066e-05,-0.0006930188725011805,0.0004612854244018594,0.0034816021359207914,-0.0008884821557169102,-0.0004684080728466342
0.062,0.0,4.334641559766107e-05,-0.0006929713392717461,0.00046252232452437334,0.003469652846417788,-0.0010289427457543228,-0.00032754527407354966
0.082,0.0,8.658644781637994e-05,-0.0006608967442106826,0.00047911632608711,0.0037472727246616547,-0.001327200147811211,-0.0005983493635845217
0.102,0.0,9.926278902846035e-05,-0.0006758025342067606,0.00047253112448036275,0.003620014662256704,-0.0011815587244037532,-0.000751726516330101
0.122,0.0,9.926278902846035e-05,-0.0006758025342067606,0.00047253112448036275,0.003620014662256704,-0.0011815587244037532,-0.000751726516330101
0.142,0.0,5.804873987955775e-05,-0.0006427230187663613,0.0004575724415431186,0.0036495962286999992,-0.0004753783508319437,-0.000611396986305868
0.162,0.0,0.00010148433512751151,-0.0006470115696689344,0.00045976383492944575,0.003660040623065872,-0.0004760033194973099,-0.0008940933280076793
0.182,0.0,0.00011540858838002006,-0.0005912513203794508,0.0004844794990015945,0.0039426194491689465,-0.0004901658156395141,-0.0008837403548104897
0.202,0.0,0.00010905831382004886,-0.0005967571433981554,0.0005321031675017893,0.0040684965653642975,-0.0007775753816095526,-0.0008715321152631304
0.222,0.0,0.00010905831382004886,-0.0005967571433981554,0.0005321031675017893,0.0040684965653642975,-0.0007775753816095526,-0.0008715321152631304
0.242,0.0,0.00016276342536377837,-0.0005617088662705054,0.000594615678368691,0.004505315667330935,-0.0006599828843105199,-0.0010032836094463079
0.262,0.0,0.00024100443710451937,-0.0005418466556397886,0.0006346216982415492,0.004768819997945124,-0.0012400801102603425,-0.0012748446771325083
0.282,0.0,0.00018977670992355447,-0.0005640236461081028,0.0005976176182991573,0.004491196930424391,-0.0009421700035714674,-0.001002923384038999
0.302,0.0,0.0001486857530282751,-0.0005667791078396995,0.0006513068880715936,0.004645031570164408,-0.0006646117569773262,-0.0009922833954132697
0.322,0.0,0.0001486857530282751,-0.0005667791078396995,0.0006513068880715936,0.004645031570164408,-0.0006646117569773262,-0.0009922833954132697
0.342,0.0,0.000115194733893491,-0.0005804217262846373,0.0006852934180403658,0.004789724055149596,-0.0005325841535884005,-0.0008525385641864491
0.362,0.0,7.055748762502294e-05,-0.0005646553349683477,0.0006745550261438301,0.004765143090848599,-0.0008139856723294204,-0.0005694290583562138
0.382,0.0,5.548639801291095e-06,-0.000571412398706048,0.0006737240316316145,0.004612196419381913,-0.0008037463126482876,-0.0002860431771380571
0.402,0.0,-5.112064586956803e-05,-0.0005801659406301259,0.0006322723512626141,0.004489883821983357,-0.00023383860018646795,-1.5688431682827708e-05
0.422,0.0,-5.112064586956803e-05,-0.0005801659406301259,0.0006322723512626141,0.004489883821983357,-0.00023383860018646795,-1.5688431682827708e-05
0.442,0.0,-0.00011171877960391437,-0.0005984179350744601,0.0006402885788456901,0.004364795064905499,0.0002004519881717096,0.0001259217921153947
0.462,0.0,-0.0001309026831596738,-0.0005721737578510234,0.0007154879569825538,0.004943006322966464,0.00045443797104126576,0.0001458353376157114
0.482,0.0,-0.0001716075313303331,-0.0005678935746744277,0.0007225841016387133,0.004945727082280375,0.0005964528617387837,0.00028676569755671397
0.502,0.0,-0.00022698554563242823,-0.0005806476797348722,0.0007028436388326162,0.004692902401491413,0.0013163836905360868,0.0004170265803323575
0.522,0.0,-0.00022698554563242823,-0.0005806476797348722,0.0007028436388326162,0.004692902401491413,0.0013163836905360868,0.0004170265803323575
0.542,0.0,-0.0002265960619833345,-0.000570700603897831,0.0007128887547194107,0.004692902401491413,0.0013163836905360868,0.0004170265803323575
0.562,0.0,-0.00020464664072197792,-0.0005626351755241553,0.0006940958668722862,0.004692902401491413,0.0013163836905360868,0.0004170265803323575
0.582,0.0,-0.0001602253028499271,-0.0005808446719480497,0.0005994188603216102,0.004127113317781229,0.0012033469494863642,0.0002546603169098858
0.602,0.0,-0.0001205109601601472,-0.000565768188802234,0.0005708736731528173,0.0041514517780017945,0.0014849859308245293,-2.7451336708096716e-05
0.622,0.0,-7.557195064368587e-05,-0.0005128238485369931,0.0005762876329493446,0.004433854689777915,0.0014708431345523347,-1.712310767304732e-05
0.642,0.0,-7.557195064368587e-05,-0.0005128238485369931,0.0005762876329493446,0.004433854689777915,0.0014708431345523347,-1.712310767304732e-05
0.662,0.0,-6.684296628023475e-05,-0.0005133197994931023,0.0006074710147140982,0.004431913953216756,0.0013286317001854325,-0.00015880094993722584
0.682,0.0,-8.082961124884323e-05,-0.0005322191372535181,0.000587516363622596,0.004419174965424282,0.0011887906611812045,-1.7168891815910795e-05
0.702,0.0,8.439546994145958e-06,-0.000523735020075239,0.0005494091550953733,0.00424668732607601,0.0003448566423136155,-0.0003101199496382754
0.722,0.0,5.01054829919342e-06,-0.0005251415422681276,0.0004940879331696753,0.004078437521204015,-6.924582142876384e-05,-0.0001667206690757922
0.742,0.0,5.01054829919342e-06,-0.0005251415422681276,0.0004940879331696753,0.004078437521204015,-6.924582142876384e-05,-0.0001667206690757922
0.762,0.0,4.2140579644942064e-05,-0.0005249234920263066,0.0005147940950535767,0.004204257303613572,-0.0005029199844966423,-0.0003079334952082252
0.782,0.0,7.808062491912655e-05,-0.0005705142868909163,0.0004446299344184292,0.0038042750701903776,-0.0001972312982938673,-0.0006004653334067676
0.802,0.0,0.0001390746592921368,-0.000537728633400555,0.00047663042568971636,0.004027434110053161,-0.0014823556266945687,-0.0007291841201430764
0.822,0.0,7.651668807504301e-05,-0.0005451233366144913,0.0005449468577568777,0.004326509787139359,-0.0010731482891302817,-0.0005781012624593841
0.842,0.0,7.651668807504301e-05,-0.0005451233366144913,0.0005449468577568777,0.004326509787139359,-0.0010731482891302817,-0.0005781012624593841
0.862,0.0,6.514496044831621e-05,-0.0005272927922746054,0.0005982498838428599,0.004608831397138362,-0.0010873217706800972,-0.0005676937097338095
0.882,0.0,2.835425589209826e-05,-0.0005618556206845286,0.0005696175139471161,0.00435656138378473,-0.0003656059603079898,-0.0004381670549303908
0.902,0.0,7.053494869008747e-05,-0.0004939783202538577,0.0006145152391896016,0.004765143090848599,-0.0008139856723294204,-0.0005694290583562138
0.922,0.0,0.00010304746937823493,-0.0004808743808939867,0.0005888315401763771,0.004622647518093165,-0.0008044290875919556,-0.00056882673939274
0.942,0.0,0.00010304746937823493,-0.0004808743808939867,0.0005888315401763771,0.004622647518093165,-0.0008044290875919556,-0.00056882673939274
0.962,0.0,3.88716044293026e-05,-0.0004828125548543544,0.0006292327818670925,0.004807892824280934,3.326736642040789e-05,-0.0005710192860552917
0.982,0.0,8.749252319600148e-05,-0.0004945205412025658,0.0005762833681203447,0.004549287875380524,0.00032879636829553455,-0.0008636513662294379
1.002,0.0,7.478054307234908e-05,-0.0004796463576159533,0.0005838678955005456,0.004677982059420336,0.00018390659635971387,-0.0007107310310701188
1.022,0.0,4.971700145317576e-05,-0.00048673222615729,0.0006023465642318595,0.004665416483027755,4.293162094634219e-05,-0.0005703668010267885
1.042,0.0,4.971700145317576e-05,-0.00048673222615729,0.0006023465642318595,0.004665416483027755,4.293162094634219e-05,-0.0005703668010267885
1.062,0.0,4.6618244600997e-05,-0.0005077310157621371,0.0005992667098112649,0.0047062991424827935,0.0007485429453583597,-0.0007115964986797139
1.082,0.0,-1.3578186983224009e-05,-0.0005189656097162727,0.0005617054080460775,0.004428046313454463,0.001046296886881512,-0.00043993721004032454
1.102,0.0,6.533640842003804e-05,-0.0005469423691610028,0.0005670369132086546,0.004422054872505561,0.0006204147816956404,-0.0008636406532434689
1.122,0.0,6.894758574277323e-05,-0.0005294377104579352,0.0006035352033453466,0.004677982059420336,0.00018390659635971387,-0.0007107310310701188
1.142,0.0,6.894758574277323e-05,-0.0005294377104579352,0.0006035352033453466,0.004677982059420336,0.00018390659635971387,-0.0007107310310701188
1.162,0.0,6.73942027411465e-05,-0.0005662483969440665,0.0005695328478897967,0.004395662120845528,0.00019805557675870835,-0.0007211517228452919
1.182,0.0,6.082393383264858e-05,-0.0005658159952860394,0.000557621971405382,0.004409482674811824,0.00048051145632057175,-0.000722260827003645
1.202,0.0,4.843867749890607e-05,-0.0005847889514250242,0.0005669296540966422,0.004409482674811824,0.00048051145632057175,-0.000722260827003645
1.222,0.0,-2.241736890796918e-05,-0.0005906267398735174,0.0006771985160084226,0.004681287966418941,0.0004670002537731328,-0.0004289727438065213
1.242,0.0,-2.241736890796918e-05,-0.0005906267398735174,0.0006771985160084226,0.004681287966418941,0.0004670002537731328,-0.0004289727438065213
1.262,0.0,1.2090284359056278e-05,-0.000584539731325786,0.0006682390893715572,0.004693812797015306,0.0006077141180687381,-0.0005713015033649763
1.282,0.0,-1.7972410063789816e-05,-0.0005320289682339339,0.0006745808347101464,0.0047226876155497186,0.0011726631621778098,-0.0005716759489692348
1.302,0.0,-7.358712798210503e-05,-0.0005217826513724107,0.0006689795960558445,0.004842223357316616,0.0010227972710293663,-0.0001492580953833098
1.322,0.0,-1.0727988447269417e-05,-0.0005085065438336743,0.0006638009531943948,0.004837522234901325,0.0007396501123511485,-0.00043066706096896634
1.342,0.0,-1.0727988447269417e-05,-0.0005085065438336743,0.0006638009531943948,0.004837522234901325,0.0007396501123511485,-0.00043066706096896634
1.362,0.0,-0.00010926758288864715,-0.000549324078634299,0.0005850245066974175,0.004431913953216756,0.0013286317001854325,-0.00015880094993722584
1.382,0.0,-5.749983961107918e-05,-0.0005515407045581938,0.0005647253910197763,0.00414754909161287,0.0012015994549092093,-0.0003097756897876547
1.402,0.0,-3.178861770326866e-05,-0.0005573413140614953,0.0005922185079171915,0.0044134341722634795,0.0007641895538779613,-0.00044004775577134606
1.422,0.0,-2.268915921094133e-05,-0.0005671687795551064,0.0006156601155770675,0.004372532875681376,5.772031753904542e-05,-0.0002979127045553219
1.442,0.0,-2.268915921094133e-05,-0.0005671687795551064,0.0006156601155770675,0.004372532875681376,5.772031753904542e-05,-0.0002979127045553219
1.462,0.0,-9.433540168332446e-05,-0.0005490436198204742,0.0006018889532398692,0.004362062702535882,5.833832445264827e-05,-1.5027228689121654e-05
1.482,0.0,-1.0670230552492451e-05,-0.0005447078968460349,0.0006334676931180285,0.004512363907662954,-9.406495776313585e-05,-0.000439464791831327
1.502,0.0,-5.951535069649534e-06,-0.0005784851012086488,0.0006070991255643304,0.004358840471994988,-0.00022484017446954585,-0.00029692634993502045
1.522,0.0,8.87091672250656e-05,-0.0005863341737533561,0.0005671329933846443,0.004312245029252333,-0.001355475098257998,-0.0005776419175708118
1.542,0.0,8.87091672250656e-05,-0.0005863341737533561,0.0005671329933846443,0.004312245029252333,-0.001355475098257998,-0.0005776419175708118
1.562,0.0,0.00012070018144064478,-0.0006408721787356378,0.0005076494845796843,0.003901780283048397,-0.0011954023460091793,-0.000740590303908642
1.582,0.0,0.00015431350117641647,-0.0006297093906268623,0.0005389690251385367,0.004013208400790499,-0.0017648572650767436,-0.0007287020629965755
1.602,0.0,0.00018097421879789327,-0.000628575715522612,0.0005690932013246357,0.004139902675880669,-0.0021983780540213156,-0.0008705726382948826
1.622,0.0,0.00013254919226759907,-0.0006402733057072932,0.0006231133268430744,0.004269487519647416,-0.002203076990348023,-0.0005760980269374448
1.642,0.0,0.00013254919226759907,-0.0006402733057072932,0.0006231133268430744,0.004269487519647416,-0.002203076990348023,-0.0005760980269374448
1.662,0.0,4.4881935025647857e-05,-0.0006591267824731685,0.0005725489946910176,0.004005053755200098,-0.001622263802748126,-0.00030555583688593067
1.682,0.0,3.3472366981247034e-05,-0.0006045866773275563,0.0006658855448034414,0.004610171306782386,-0.0009453935540975719,-0.0004265507773393965
1.702,0.0,7.697447008580717e-05,-0.0006765582433563475,0.0006750418727460763,0.004326509787139359,-0.0010731482891302817,-0.0005781012624593841
1.722,0.0,2.4138780771420598e-05,-0.0006713005454908881,0.0006623282097157961,0.00431577350733282,-0.0010717418868381348,-0.0002959890880313836
1.742,0.0,2.4138780771420598e-05,-0.0006713005454908881,0.0006623282097157961,0.00431577350733282,-0.0010717418868381348,-0.0002959890880313836
1.762,0.0,1.8436463098905765e-05,-0.0006609113208810426,0.0006514784578016377,0.0043299519798271685,-0.000789569357327428,-0.0002964732237169116
1.782,0.0,-5.2003901767987346e-05,-0.000680161123921569,0.0006023419848516312,0.004052625701561964,-0.0004923311796727545,-2.4761718745840387e-05
1.802,0.0,5.096561549129399e-06,-0.0006514552764678171,0.0006257017233094861,0.004163238110972345,-0.0012084057383936067,-0.00016651940458464222
1.822,0.0,-2.677660713751261e-05,-0.0006297820302225097,0.0006119041651776746,0.004192267558097319,-0.000643416638001812,-0.00016705069682929288
1.842,0.0,-2.677660713751261e-05,-0.0006297820302225097,0.0006119041651776746,0.004192267558097319,-0.000643416638001812,-0.00016705069682929288
1.862,0.0,2.4116104435159215e-05,-0.000604117239519215,0.0005952381826231215,0.004178233163385929,-0.0009254294647010907,-0.00016671864177844175
1.882,0.0,6.305888336767254e-05,-0.0005969013366418074,0.0005895435023816729,0.00416113265353411,-0.0013501145555634725,-0.00030700336130879406
1.902,0.0,9.190465962343752e-05,-0.0005833329416308067,0.0006447171096658353,0.004441362620282465,-0.001506031158402524,-0.0004371052483464599
1.922,0.0,7.527204982708206e-05,-0.0005674192712318988,0.0005507080578376163,0.004146916973768436,-0.0016324736668871327,-0.0003065105053068795
1.942,0.0,7.527204982708206e-05,-0.0005674192712318988,0.0005507080578376163,0.004146916973768436,-0.0016324736668871327,-0.0003065105053068795
1.962,0.0,0.00016035033697170674,-0.000562962512574324,0.000492776037365291,0.003861312513487463,-0.0019009047714215752,-0.0005988598892843634
1.982,0.0,0.00010060718552724912,-0.0005870935073592253,0.0004177659254829986,0.003440510432912672,-0.00159445370834655,-0.0003269117061738122
2.002,0.0,0.00010686676247246427,-0.000570629321496899,0.00046355411427998584,0.0037080945654269066,-0.0018908114508853265,-0.0003152661962640446
2.022,0.0,0.00013886795608294977,-0.0005477060575096253,0.0005283988407393637,0.004003537674447555,-0.0017644811483694361,-0.0004465982389942075
2.042,0.0,0.00013886795608294977,-0.0005477060575096253,0.0005283988407393637,0.004003537674447555,-0.0017644811483694361,-0.0004465982389942075
2.062,0.0,8.670764616257899e-05,-0.0005296607658744272,0.0005685128911536738,0.004188077070196096,-0.0009265790857423351,-0.00044802379209192523
2.082,0.0,2.8811602613513457e-05,-0.0005404192057641937,0.0006129706098584836,0.004318061146505092,-0.0009308644309736128,-0.0001547419347277121
2.102,0.0,4.43452591850876e-05,-0.0005528317527561089,0.0006014236849216259,0.0043447524596989225,-0.0005067815782152624,-0.0002965201301511367
2.122,0.0,3.298137350570105e-05,-0.0005698822863650699,0.0005739968000819429,0.004102855119900217,0.00021291677019550335,-0.00044887602846142594
2.142,0.0,3.298137350570105e-05,-0.0005698822863650699,0.0005739968000819429,0.004102855119900217,0.00021291677019550335,-0.00044887602846142594
2.162,0.0,7.9760124052296e-05,-0.0005886053489268657,0.0005484176056547339,0.003987134820343363,0.0004991443454845146,-0.0007435934995470985
2.182,0.0,6.982192593217798e-05,-0.0006120787640064857,0.0005498799575539153,0.003859030218814443,0.0007909488691140718,-0.0007427697928511531
2.202,0.0,2.4894311164555547e-05,-0.0005794115495186022,0.0005720035027165306,0.004116606535689256,0.0004953089224022381,-0.00044987076580105446
2.222,0.0,3.496284196521711e-05,-0.0006013220910965057,0.0005927241902229317,0.004129841632199706,0.0006367633904275233,-0.0005918086425343728
2.242,0.0,3.496284196521711e-05,-0.0006013220910965057,0.0005927241902229317,0.004129841632199706,0.0006367633904275233,-0.0005918086425343728
2.262,0.0,7.904138021001881e-05,-0.0005787547620559092,0.0006278658030696814,0.004422054872505561,0.0006204147816956404,-0.0008636406532434689
2.282,0.0,0.00010476648607597733,-0.0005705858602557569,0.0006223217133161064,0.0043936761394149535,5.565036235567537e-05,-0.0008626974322572784
2.302,0.0,0.0001268912550885555,-0.0005589976615949089,0.000620662713608015,0.004533900259036116,-9.475899431316291e-05,-0.0010044425188934223
2.322,0.0,7.994948839639539e-05,-0.0005956442495577877,0.0005840148132612816,0.00414032318081748,0.0006352843813470419,-0.0008736058783499678
2.342,0.0,7.994948839639539e-05,-0.0005956442495577877,0.0005840148132612816,0.00414032318081748,0.0006352843813470419,-0.0008736058783499678
2.362,0.0,4.7544198574478174e-05,-0.0005788504066241842,0.0006005523104121175,0.0042697224563929175,0.0004850417742523337,-0.0007332614011615758
2.382,0.0,5.416017184283201e-05,-0.0005927194736581305,0.0005742816283575283,0.004115302069443533,0.0003536619632281552,-0.0005910905432462733
2.402,0.0,5.9049182428578107e-05,-0.0005956398252536993,0.0006196264618932302,0.004380947139283554,-8.43690284740235e-05,-0.0007211763631561734
2.422,0.0,4.45770457903319e-05,-0.0006275277082618859,0.000593212134311609,0.00422859118973722,-0.00022085370416528345,-0.0005918611419894506
2.442,0.0,4.45770457903319e-05,-0.0006275277082618859,0.000593212134311609,0.00422859118973722,-0.00022085370416528345,-0.0005918611419894506
2.462,0.0,0.00012671103685853757,-0.0006290782966700806,0.0005716005456268609,0.004083189995184781,-0.0004939400325486405,-0.0008723814385905339
2.482,0.0,0.0001138113817128335,-0.0005505309085174823,0.0005748116382382575,0.004365674638996984,-0.000508095040480451,-0.0008620388024186921
2.502,0.0,9.54917386738117e-05,-0.0005818813944373213,0.0005687419562039381,0.004198455648510902,-0.0009272751770463643,-0.000730703739243494
2.522,0.0,6.99473572599915e-05,-0.0005745377813059803,0.000604985677343498,0.004327848974009758,-0.000931198713133805,-0.0004369373068290555
2.542,0.0,6.99473572599915e-05,-0.0005745377813059803,0.000604985677343498,0.004327848974009758,-0.000931198713133805,-0.0004369373068290555
2.562,0.0,3.2644016557936426e-05,-0.0005951393763864639,0.0005739530380411289,0.004201975289223039,-0.0006437455281352064,-0.00044917224037727187
2.582,0.0,5.12120625983225e-05,-0.0005865468137063101,0.0005665010931053286,0.004188077070196096,-0.0009265790857423351,-0.00044802379209192523
2.602,0.0,7.602966200343594e-05,-0.0005883340566645429,0.0005598806785819112,0.004159017789547336,-0.0014918402062283468,-0.0004474688004841163
2.622,0.0,4.746525774507618e-05,-0.0005820914937936255,0.0005842401895066878,0.004314358890182456,-0.0012137709026501845,-0.0004372157560927444
2.642,0.0,4.746525774507618e-05,-0.0005820914937936255,0.0005842401895066878,0.004314358890182456,-0.0012137709026501845,-0.0004372157560927444
2.662,0.0,2.609275284947523e-05,-0.0005643163426894529,0.0005636078430004666,0.004201975289223039,-0.0006437455281352064,-0.00044917224037727187
2.682,0.0,0.00010069270978184761,-0.0005485585527019483,0.0005749319699408631,0.004352393354616942,-0.0006496690191460587,-0.0007200860728854036
2.702,0.0,1.3411370278802372e-07,-0.0005863939610857312,0.0005436231207272073,0.004088118875738201,-6.952538116126996e-05,-0.0004488198809578961
2.722,0.0,8.674495544902542e-05,-0.000618254860796507,0.0005338057102223473,0.003930070788825418,-0.0006310211671254478,-0.0007414816836571746
2.742,0.0,8.674495544902542e-05,-0.000618254860796507,0.0005338057102223473,0.003930070788825418,-0.0006310211671254478,-0.0007414816836571746
2.762,0.0,5.615800635873029e-05,-0.0006338961344510677,0.00048461810832969686,0.0036898254582240415,0.0002308731663996793,-0.0007539152998466829
2.782,0.0,3.67691798941199e-05,-0.0006380531401022913,0.0004987951243038371,0.0038471803544990533,0.0006507755529949043,-0.0006021016363260013
2.802,0.0,9.427663893004086e-05,-0.0006287495872077324,0.0006030431031146761,0.004367113912389965,-0.00036708573673430433,-0.0007200608598360769
2.822,0.0,0.00017384124079139533,-0.0005736101679062974,0.0006143874472542902,0.00451709574881799,-0.0005188121421277362,-0.001144800088285793
2.842,0.0,0.00017384124079139533,-0.0005736101679062974,0.0006143874472542902,0.00451709574881799,-0.0005188121421277362,-0.001144800088285793
2.862,0.0,0.0002019245647133827,-0.0005789471582954557,0.0006504760011931843,0.004797905259536511,-0.0006749624328685361,-0.0012753912508710657
2.882,0.0,0.0002185680179714599,-0.0005534515030106478,0.0007058351987923049,0.0050660544290465764,-0.0009712284882641139,-0.0012645895716552904
2.902,0.0,0.00015496206902008516,-0.0005806788623165808,0.0006945432515798292,0.004927272887222141,-0.00067881650944388,-0.0009818388056460558
2.922,0.0,0.000112613626041319,-0.0005629687726081139,0.0007105565999108041,0.005057761104329078,-0.0008288806221779763,-0.0008417533845204279
2.942,0.0,0.000112613626041319,-0.0005629687726081139,0.0007105565999108041,0.005057761104329078,-0.0008288806221779763,-0.0008417533845204279
2.962,0.0,0.00014377998134640393,-0.0005423752400191681,0.0007293542305701208,0.005195193060380771,-0.0009752118211489505,-0.0009709264294701861
2.982,0.0,7.630546072231617e-05,-0.0005481805622449302,0.0007797746697558755,0.005468239927691735,-0.0009884199756458063,-0.0006781008263929203
3.002,0.0,4.436904817595012e-05,-0.00051852304470405,0.0007293578981372372,0.005343428695344028,-0.0005603578114947119,-0.0005488760049512962
3.022,0.0,3.251536473401806e-05,-0.0005235560584701328,0.0006956885556950692,0.0050493914687502785,-0.0006866035839408577,-0.00041855541481861845
3.042,0.0,3.251536473401806e-05,-0.0005235560584701328,0.0006956885556950692,0.0050493914687502785,-0.0006866035839408577,-0.00041855541481861845
3.062,0.0,1.7177885038156076e-05,-0.0005301005908547501,0.000649407916342347,0.004780550340258409,-0.0003901352927720182,-0.00042865076653717785
3.082,0.0,-5.7103163341991055e-05,-0.0005354029206498948,0.0006283782460766268,0.004630484016078702,-0.00023760960104860976,-4.30657685923543e-06
3.102,0.0,-1.4232339241683187e-05,-0.0005775083603795925,0.0005765954242716065,0.004358840471994988,-0.00022484017446954585,-0.00029692634993502045
3.122,0.0,1.4714961278914611e-05,-0.0006235158030852782,0.00047183878626393697,0.0037797103563233085,-0.00047858988627746827,-0.0003172226074139669
3.142,0.0,1.4714961278914611e-05,-0.0006235158030852782,0.00047183878626393697,0.0037797103563233085,-0.00047858988627746827,-0.0003172226074139669
3.162,0.0,5.133382789206085e-05,-0.0006202511646320134,0.0004494766845126263,0.003610890508748314,-0.0010389453001535336,-0.0003278335652562188
3.182,0.0,8.51733350293829e-05,-0.0006409756693254677,0.00040753748661161984,0.003341069522384502,-0.0008846108702013256,-0.0004797722476595925
3.202,0.0,0.00014203127799109066,-0.0006565464731030545,0.0004018076322876333,0.0033244600440963884,-0.0013078771957722476,-0.0006204312803082692
3.222,0.0,0.00016670666058172024,-0.000618111218541502,0.0003938579294043331,0.0033230952006999145,-0.0014497919023256848,-0.0007616015809383635
3.242,0.0,0.00016670666058172024,-0.000618111218541502,0.0003938579294043331,0.0033230952006999145,-0.0014497919023256848,-0.0007616015809383635
3.262,0.0,0.00013453890635082799,-0.0005979497061543477,0.000455400024344541,0.0036071717686072696,-0.0013219014197983568,-0.0006101422194297794
3.282,0.0,0.0001289767764276974,-0.0005955651625057759,0.0004801425880722947,0.003773327922526507,-0.0009035807902583675,-0.000740478009289895
3.302,0.0,0.00015327778894955765,-0.0005943999726065876,0.0004075526627070016,0.0034920691705971722,-0.0008890978423300108,-0.0007511769891685319
3.322,0.0,0.00014648804949495968,-0.0006212363745897752,0.0003623713218017336,0.00322125155016247,-0.0007345802971124815,-0.0009022670751781645
3.342,0.0,0.00014648804949495968,-0.0006212363745897752,0.0003623713218017336,0.00322125155016247,-0.0007345802971124815,-0.0009022670751781645
3.362,0.0,9.12202682184133e-05,-0.0005981973338212379,0.00042349880435158546,0.0034934821326998377,-0.0007471463849176727,-0.0006100356839926157
3.382,0.0,3.197294565366034e-05,-0.0005757367289345271,0.000482999577625881,0.0037922557426958974,-0.0003376711310575496,-0.00045953212313739694
3.402,0.0,4.1223852087667624e-05,-0.0005165881969416217,0.0005315344235624173,0.004243299317443962,6.170146424575966e-05,-0.0005918073826243814
3.422,0.0,-2.3992194003839e-05,-0.0005169493476530072,0.0005940843181516752,0.004387191430277193,0.00034006092096099637,-0.0002978359770141895
3.442,0.0,-2.3992194003839e-05,-0.0005169493476530072,0.0005940843181516752,0.004387191430277193,0.00034006092096099637,-0.0002978359770141895
3.462,0.0,-5.866219835374465e-05,-0.00048735704696136395,0.0006430199246873215,0.004697679617499192,0.0008912360945395572,-0.0002891107941637638
3.482,0.0,-4.002465089424169e-05,-0.0005325142479946492,0.0006082335510389901,0.004555252531916567,0.0007538255018675866,-0.0004411017599303992
3.502,0.0,-8.504021313091124e-06,-0.0005049439087474579,0.000581510167150129,0.004541636568019558,0.0004715252871052947,-0.0004401600814131798
3.522,0.0,-3.958505087428478e-06,-0.0005392008198142916,0.0005657975343556142,0.004385280039632991,0.00019874570267337766,-0.000438472729142859
3.542,0.0,-3.958505087428478e-06,-0.0005392008198142916,0.0005657975343556142,0.004385280039632991,0.00019874570267337766,-0.000438472729142859
3.562,0.0,4.2575195918055554e-05,-0.0005260368941577573,0.0006134665354836018,0.00465157394026514,-0.00023965674314922882,-0.0005692020248298893
3.582,0.0,4.332762251577191e-05,-0.0005365312076418654,0.000631998601948089,0.004665416483027755,4.293162094634219e-05,-0.0005703668010267885
3.602,0.0,2.344806816836447e-05,-0.0005346368356139849,0.000630896465786601,0.004665416483027755,4.293162094634219e-05,-0.0005703668010267885
3.622,0.0,-3.637809305161096e-05,-0.0005394538195378173,0.0006457471471563885,0.004683277915289288,0.0006083335742196126,-0.0002884373876274212
3.642,0.0,-3.637809305161096e-05,-0.0005394538195378173,0.0006457471471563885,0.004683277915289288,0.0006083335742196126,-0.0002884373876274212
3.662,0.0,-5.909373181631779e-05,-0.0005534655505059671,0.0006114592012126407,0.004389178981791237,0.00048143325423476624,-0.0001572578545883753
3.682,0.0,-6.3408095519314e-05,-0.0005518751555772808,0.0005835727123241179,0.004362062702535882,5.833832445264827e-05,-1.5027228689121654e-05
3.702,0.0,-9.736665066924089e-05,-0.0005579749021511367,0.0005825583723040342,0.0043500566643147635,-8.209290346986272e-05,0.00012591717935316792
3.722,0.0,-0.00010815597443921538,-0.0005784808510146604,0.0006104587087865016,0.004364795064905499,0.0002004519881717096,0.0001259217921153947
3.742,0.0,-0.00010815597443921538,-0.0005784808510146604,0.0006104587087865016,0.004364795064905499,0.0002004519881717096,0.0001259217921153947
3.762,0.0,-0.0001295442011121869,-0.0005761156394784622,0.0006286306460364395,0.004366771480824908,0.0003417319201956388,0.0002665848007258691
3.782,0.0,-9.902772040112085e-05,-0.0005580027931102915,0.000612512361844126,0.0043500566643147635,-8.209290346986272e-05,0.00012591717935316792
3.802,0.0,-0.00012175296982975917,-0.0005859654447388115,0.0006112261172548091,0.0043500566643147635,-8.209290346986272e-05,0.00012591717935316792
3.822,0.0,-0.0001347591929673092,-0.0005571501787685405,0.0006543108501913026,0.0046206159897914595,-0.00023737018797762707,0.0002779814556016111
3.842,0.0,-0.0001347591929673092,-0.0005571501787685405,0.0006543108501913026,0.0046206159897914595,-0.00023737018797762707,0.0002779814556016111
3.862,0.0,-0.00019684321786683572,-0.0004943324226631187,0.000702055228844514,0.004933340060737701,0.0004548201149629191,0.00042808365491513005
3.882,0.0,-0.00011762152336902941,-0.0005023642659613644,0.0006782890855065593,0.004914616209167668,-0.00011042406471477547,0.00014673604198302034
3.902,0.0,-5.145405041342877e-05,-0.0005074661849962193,0.000654639213080936,0.004884724993860434,-0.0008176135845578632,6.5785888622716854e-06
3.922,0.0,1.0969375030315533e-05,-0.00047543538070908114,0.0006665316909102558,0.0049217554779834305,-0.0003942932217417653,-0.0004179660254482606
3.942,0.0,1.0969375030315533e-05,-0.00047543538070908114,0.0006665316909102558,0.0049217554779834305,-0.0003942932217417653,-0.0004179660254482606
3.962,0.0,7.787954713152798e-05,-0.0005049027869346433,0.0006449572334507909,0.004765143090848599,-0.0008139856723294204,-0.0005694290583562138
3.982,0.0,9.269151608568376e-05,-0.00046893436549036134,0.0007017501221004642,0.005019040024124876,-0.001392609995446909,-0.0005581596972074381
4.002,0.0,7.218088953248617e-05,-0.0004834934945269842,0.0007265115911713816,0.005173022014291502,-0.0011158378739203486,-0.0005466917656142556
4.022,0.0,7.591624309567515e-05,-0.0004740612726000476,0.000725215320968398,0.005187698929305433,-0.0008321354550055052,-0.000547590972331929
4.042,0.0,7.591624309567515e-05,-0.0004740612726000476,0.000725215320968398,0.005187698929305433,-0.0008321354550055052,-0.000547590972331929
4.062,0.0,1.5244913167367165e-05,-0.0004584448179000748,0.0007405788078230281,0.005191311362646021,-0.0005494281084912964,-0.00026511097540260996
4.082,0.0,3.861788844600919e-05,-0.00044343622973173804,0.0007648647029671919,0.0054857611344795165,-0.00042285212966864066,-0.0003968484374879535
4.102,0.0,9.012575032718126e-05,-0.000475987457698378,0.000705103171180714,0.005199660984889581,-0.0006916769639040274,-0.0006883466878454634
4.122,0.0,8.051094432281766e-05,-0.0004312406543652186,0.0007219027612875367,0.005329393927015737,-0.0008424245714903158,-0.000548584399671031
4.142,0.0,8.051094432281766e-05,-0.0004312406543652186,0.0007219027612875367,0.005329393927015737,-0.0008424245714903158,-0.000548584399671031
4.162,0.0,6.465428501807847e-05,-0.0004403518983326923,0.000729005030802062,0.005357976618031234,-0.00027701751981669274,-0.0005496812627349992
4.182,0.0,6.426851702497844e-05,-0.00043635554280518603,0.0007353735451836734,0.0054977972114817735,-0.0002823765647676701,-0.0005378200248419913
4.202,0.0,-4.745041175330899e-05,-0.00045477020368415636,0.0007706525002760264,0.0054774610241539335,-0.00028064968932261093,2.6336578098825483e-05
4.222,0.0,-0.00010223447737521996,-0.0004292044429740365,0.00075541401890215,0.005494168841721962,0.00014325762332029345,0.00016703957683475516
4.242,0.0,-0.00010223447737521996,-0.0004292044429740365,0.00075541401890215,0.005494168841721962,0.00014325762332029345,0.00016703957683475516
4.262,0.0,-0.00012947166412232157,-0.0004547236825760437,0.0007094524795511224,0.005225055199439828,0.000440185536720387,0.00015630882246011262
4.282,0.0,-7.26411690817039e-05,-0.0004594258716085737,0.0007238445433149394,0.00521019639503218,1.613621553029765e-05,1.5877460274895543e-05
4.302,0.0,-9.912960941687041e-05,-0.0005247263189474655,0.0007188360580469936,0.004929380827280695,0.00017204766983594028,0.00014673957717959842
4.322,0.0,-5.302233992127119e-05,-0.0005622790896468999,0.0006961145011459634,0.004772161602880377,-0.00024797130049143007,-5.32308925627692e-06
4.342,0.0,-5.302233992127119e-05,-0.0005622790896468999,0.0006961145011459634,0.004772161602880377,-0.00024797130049143007,-5.32308925627692e-06
4.362,0.0,-3.009375304494259e-05,-0.0006084083417818716,0.0006914461043176619,0.00461653803678287,-0.0005203720238609843,-3.152601587628543e-06
4.382,0.0,-4.2936968972033955e-05,-0.000664182196385798,0.0006467758584318784,0.004334299178212244,-0.0005061526391169199,-1.3651536265134333e-05
4.402,0.0,-9.993486093119109e-05,-0.0007057306709384798,0.000629915050115889,0.004041872653553254,-0.0004909871793278731,0.0002575320546731809
4.422,0.0,-0.00013484986843949088,-0.0007217781073933521,0.0006288245369095158,0.004029207889632449,-0.000633045604807343,0.0003990274048888137
4.442,0.0,-0.00013484986843949088,-0.0007217781073933521,0.0006288245369095158,0.004029207889632449,-0.000633045604807343,0.0003990274048888137
4.462,0.0,-7.77214517565901e-05,-0.0006957010893995516,0.0005464241297878775,0.0037838805580169992,-0.00019549584654728316,-3.623557082709862e-05
4.482,0.0,-2.9051024556248277e-05,-0.0007336483395571076,0.0004627624476459975,0.003204489532494381,-0.00045019291677404316,-5.5581731831460485e-05
4.502,0.0,1.8593483191742594e-06,-0.000746920383734629,0.0004350678736262046,0.003203052894730178,-0.0005911311324736197,-0.00019771877997709026
4.522,0.0,1.1226242605683424e-05,-0.0007453514749573429,0.00037926337217810606,0.002946923627945179,-0.00015408485107787847,-0.0003488779152650211
4.542,0.0,1.1226242605683424e-05,-0.0007453514749573429,0.00037926337217810606,0.002946923627945179,-0.00015408485107787847,-0.0003488779152650211
4.562,0.0,3.667311317942009e-07,-0.0007219625179543479,0.00030421380735999164,0.002679186418302475,0.00014291870549137245,-0.0003606120491080627
4.582,0.0,-1.9562314978810663e-05,-0.0007090013051057597,0.0002639404873808872,0.002666656217860677,2.0655992525127116e-06,-0.00021828223606661082
4.602,0.0,4.473600246796537e-06,-0.0006715931742859774,0.00026600874122047376,0.002665362821028195,-0.00013969451561976373,-0.0003595126196605851
4.622,0.0,5.110129918755996e-05,-0.0006543664171547469,0.00026064707041790076,0.0026365057017996726,-0.0007043676241114188,-0.0003590988774320238
4.642,0.0,5.110129918755996e-05,-0.0006543664171547469,0.00026064707041790076,0.0026365057017996726,-0.0007043676241114188,-0.0003590988774320238
4.662,0.0,7.965392646802956e-05,-0.0006010268279207468,0.00026594161232769604,0.0029285730925645366,-0.0007193726929514764,-0.0006312823537434697
4.682,0.0,0.00010926119551767301,-0.0006084154852056693,0.0002579339788471233,0.002827865502742238,-0.000150883488150836,-0.0009253564148342249
4.702,0.0,0.00012430432973425368,-0.0006233890681627473,0.0003226608332880981,0.0031100932290314557,-0.00016553712058230626,-0.0009155057520683429
4.722,0.0,7.352864864289309e-05,-0.000673484238225739,0.0003403228624685989,0.002996252435158573,0.00040968622026716045,-0.0009154107589759859
4.742,0.0,7.352864864289309e-05,-0.000673484238225739,0.0003403228624685989,0.002996252435158573,0.00040968622026716045,-0.0009154107589759859
4.762,0.0,0.00010730853580422534,-0.0006659122502563354,0.00042413199540053046,0.0034058450275290244,0.00010326327950072416,-0.0009055316678362739
4.782,0.0,6.652217796351438e-05,-0.0006745714160865639,0.00040472859633331376,0.0032660132063622757,0.00025423046535297993,-0.000763308013682603
4.802,0.0,5.4619436515169246e-05,-0.0006568046027007506,0.0004670388083674437,0.0035487423962789824,0.00024012212812957604,-0.0007529383510888982
4.822,0.0,2.9877626746130887e-05,-0.0006519496448369116,0.0004205804896002157,0.0032825112384106303,0.0006786080741682425,-0.0006234133990303385
4.842,0.0,2.9877626746130887e-05,-0.0006519496448369116,0.0004205804896002157,0.0032825112384106303,0.0006786080741682425,-0.0006234133990303385
4.862,0.0,-5.53148587857839e-05,-0.0006434948650697591,0.00042248845505747906,0.0033153678667787487,0.0015269705334483225,-0.00034174526001534835
4.882,0.0,-6.288329729422572e-05,-0.0006640204313114066,0.00045067607596832414,0.003341315514858322,0.0019503813739345764,-0.00048374706672162386
4.902,0.0,-3.4133042787195634e-05,-0.0006773070556945358,0.00046193564021408743,0.003338598450053407,0.0018085724837737208,-0.0006246427177361152
4.922,0.0,-4.460810975768938e-05,-0.0006385582985379867,0.000476150207937692,0.0036098106331488716,0.0016537580414909964,-0.00047297083548148594
4.942,0.0,-4.460810975768938e-05,-0.0006385582985379867,0.000476150207937692,0.0036098106331488716,0.0016537580414909964,-0.00047297083548148594
4.962,0.0,-4.6675638035247604e-05,-0.0006241233855381756,0.0004940374965014356,0.00373762546409598,0.001360778382629843,-0.00047345082410478755
4.982,0.0,-4.911164051920011e-05,-0.0006026164083889345,0.000466281907724831,0.0037105945565838994,0.000938150305890868,-0.0003313778590118967
5.002,0.0,-7.393612395663507e-05,-0.0005575234994277517,0.000489846784731541,0.0038651160715082035,0.0012158515325213911,-0.0003202009474011319
5.022,0.0,-0.00012570347958450716,-0.0005199636020065819,0.000640456074828577,0.00468729272199907,0.0008918893726337063,-6.300157345486973e-06
5.042,0.0,-0.00012570347958450716,-0.0005199636020065819,0.000640456074828577,0.00468729272199907,0.0008918893726337063,-6.300157345486973e-06
5.062,0.0,-9.782621100176757e-05,-0.0005513002233062095,0.0006148519134717732,0.004444240687776414,0.0014701455655788023,-0.00029993348351917636
5.082,0.0,-0.00014430544946213242,-0.0005395797545968286,0.0006870612399574285,0.004714185835803326,0.0013144663369476055,-0.00014829770296047204
5.102,0.0,-0.00012114191644109276,-0.000544351250680655,0.0007042944579492601,0.004968284309883012,0.0007361622134149896,-0.00013714982575775534
5.122,0.0,-0.00011456812490525933,-0.0005367611356939477,0.0006796289593780756,0.004800701299143419,0.0003170089344099653,-6.328869215077894e-06
5.142,0.0,-0.00011456812490525933,-0.0005367611356939477,0.0006796289593780756,0.004800701299143419,0.0003170089344099653,-6.328869215077894e-06
5.162,0.0,-7.176778461118243e-05,-0.0005952529952007342,0.000666705569339485,0.004643109356047391,-9.755525527296474e-05,-0.00014584589971222087
5.182,0.0,-8.803194701431762e-05,-0.0006166169126131002,0.0006407574950325439,0.004475805961439072,-0.0005157852214291341,-1.536446820256936e-05
5.202,0.0,-5.903113985932531e-05,-0.0006329246799742159,0.0006365505831589665,0.004332046840411395,-0.0006479551504187841,-0.000155990463920839
5.222,0.0,-4.678747886580933e-05,-0.0006075471593072049,0.0006896528755802261,0.004629177837172194,-0.0003794232351910862,-0.00014564418884672033
5.242,0.0,-4.678747886580933e-05,-0.0006075471593072049,0.0006896528755802261,0.004629177837172194,-0.0003794232351910862,-0.00014564418884672033
5.262,0.0,1.694253986489458e-05,-0.000646450017741706,0.0006593876451077132,0.00445758104591779,-0.0010820327718845367,-0.0002969988796997305
5.282,0.0,3.390201002019201e-05,-0.0006314333396184943,0.0006129628339149935,0.004327848974009758,-0.000931198713133805,-0.0004369373068290555
5.302,0.0,7.718571571108782e-05,-0.000593840258727017,0.0006592868504981958,0.004710177198299778,-0.0018029095425219918,-0.0004268921646354213
5.322,0.0,0.00012204418880017517,-0.0005816280313884619,0.0007368921002773536,0.004976279563019181,-0.002240217688941775,-0.0005566121518622948
5.342,0.0,0.00012204418880017517,-0.0005816280313884619,0.0007368921002773536,0.004976279563019181,-0.002240217688941775,-0.0005566121518622948
5.362,0.0,0.0001300024437388579,-0.0005627576231135962,0.000725264735103546,0.005004050890261906,-0.0016757868389025222,-0.000557950356040251
5.382,0.0,0.00010914861204404326,-0.0005316418013242766,0.0008101105955512373,0.005482416141675055,-0.0007061860028783949,-0.0006785517472504423
5.402,0.0,1.2581064682196921e-05,-0.0004749048048604431,0.000865880836256279,0.005782430437968834,-0.00015446672551499663,-0.0003863840624682053
5.422,0.0,4.5006481008471134e-05,-0.0004677863259674116,0.000837633328198032,0.005782430437968834,-0.00015446672551499663,-0.0003863840624682053
5.442,0.0,4.5006481008471134e-05,-0.0004677863259674116,0.000837633328198032,0.005782430437968834,-0.00015446672551499663,-0.0003863840624682053
5.462,0.0,8.321572766279126e-05,-0.0004731133869275885,0.0007591986369654506,0.00536991157656235,-0.0001366514077350252,-0.0006904248431616596
5.482,0.0,0.00010945518199730277,-0.0004778856498667163,0.00071618335008945,0.005199660984889581,-0.0006916769639040274,-0.0006883466878454634
5.502,0.0,5.1181007361052214e-05,-0.00044240261675351257,0.0007226765594674518,0.005203864614861926,-0.00040851616469910233,-0.00040752356377164235
5.522,0.0,4.739652858337912e-05,-0.00048222256798747994,0.0007224466501861566,0.005203864614861926,-0.00040851616469910233,-0.00040752356377164235
5.542,0.0,4.739652858337912e-05,-0.00048222256798747994,0.0007224466501861566,0.005203864614861926,-0.00040851616469910233,-0.00040752356377164235
5.562,0.0,1.2427937700021732e-05,-0.0004993377969296066,0.0006479891975640159,0.0047974090461149945,3.390647487802148e-05,-0.00028820441074428577
5.582,0.0,4.700504951839399e-05,-0.000527096501874894,0.0006317012280018419,0.0046800604718078625,0.0003253566916963732,-0.000570214842900461
5.602,0.0,8.749765121322976e-05,-0.0005482591117732911,0.0006007136014596856,0.004395662120845528,0.00019805557675870835,-0.0007211517228452919
5.622,0.0,0.00012561364022185224,-0.000575876786916523,0.0005574870704900879,0.00423922029837049,-0.00022228708647002417,-0.0008737816920404331
5.642,0.0,0.00012561364022185224,-0.000575876786916523,0.0005574870704900879,0.00423922029837049,-0.00022228708647002417,-0.0008737816920404331
5.662,0.0,0.00015970286283195056,-0.000591531255772471,0.0005348996505888688,0.0040684965653642975,-0.0007775753816095526,-0.0008715321152631304
5.682,0.0,0.00020699991713059705,-0.0006131866552528508,0.0005753008290245656,0.004207436175604101,-0.001069973729610343,-0.0011543328864820008
5.702,0.0,8.282307943654852e-05,-0.0006139127606036776,0.0006599434190268326,0.00450883796092429,-0.0003765643704327794,-0.0007218896772776875
5.722,0.0,0.00013216481070912417,-0.0006599223683604896,0.0006019139482910835,0.004083189995184781,-0.0004939400325486405,-0.0008723814385905339
5.742,0.0,0.00013216481070912417,-0.0006599223683604896,0.0006019139482910835,0.004083189995184781,-0.0004939400325486405,-0.0008723814385905339
5.762,0.0,8.768435319955014e-05,-0.0007093895480786047,0.0005923173137763872,0.003943952564815224,-0.0003482777513465594,-0.0007425785204744183
5.782,0.0,0.0001920024378011036,-0.0006725343082640209,0.0006129623503776861,0.004221441105501586,-0.000787014624488856,-0.0011555796215668543
5.802,0.0,0.00015958871486513804,-0.0006796872882564632,0.000641214542089016,0.004221441105501586,-0.000787014624488856,-0.0011555796215668543
5.822,0.0,0.00014136177707365342,-0.0006673187809466102,0.0006195334897713434,0.004223058659782111,-0.0006457986495508625,-0.0010138090822917056
5.842,0.0,0.00014136177707365342,-0.0006673187809466102,0.0006195334897713434,0.004223058659782111,-0.0006457986495508625,-0.0010138090822917056
5.862,0.0,0.00010446833173465344,-0.0006251241836795319,0.0006446478096586672,0.0044659814652420965,-0.001224342030882817,-0.0007202400230911371
5.882,0.0,0.00014135233307433645,-0.0006149678693571308,0.0006743072207303423,0.0045907966235115266,-0.001652779984823125,-0.0008494343472140594
5.902,0.0,0.0001144085268571237,-0.0006260706843510866,0.0006451924843160436,0.0044659814652420965,-0.001224342030882817,-0.0007202400230911371
5.922,0.0,6.0798168755231085e-05,-0.0006084659053605357,0.0005961869074423665,0.004200565858112579,-0.000785630894882301,-0.0005902781108435607
5.942,0.0,6.0798168755231085e-05,-0.0006084659053605357,0.0005961869074423665,0.004200565858112579,-0.000785630894882301,-0.0005902781108435607
5.962,0.0,0.00012157052256560825,-0.0005802285751880004,0.0005881103772312954,0.004324134314048967,-0.001214121678044498,-0.0007193068562566924
5.982,0.0,9.409319433009231e-05,-0.0005559605793623503,0.000659378457093505,0.004721877040443448,-0.0016616214675769742,-0.0005684403702896123
6.002,0.0,0.00016257422712064875,-0.0005133488141165865,0.0006529430066702027,0.004732535165985178,-0.0016630375712497491,-0.0008503865752851653
6.022,0.0,8.971757055520923e-05,-0.0005525280235893528,0.0006137190204784194,0.004453865467014975,-0.0013649732949517995,-0.0005793891737473087
6.042,0.0,8.971757055520923e-05,-0.0005525280235893528,0.0006137190204784194,0.004453865467014975,-0.0013649732949517995,-0.0005793891737473087
6.062,0.0,0.0001155582076864457,-0.0005255462226688112,0.0006153005088807568,0.0044659814652420965,-0.001224342030882817,-0.0007202400230911371
6.082,0.0,0.00010060303799140413,-0.00054352018460855,0.0006143237483788328,0.004453865467014975,-0.0013649732949517995,-0.0005793891737473087
6.102,0.0,0.00012137931637528544,-0.0005733435755339806,0.0006611931208316311,0.0046191157134660345,-0.0010880511656973311,-0.0008503407683886098
6.122,0.0,5.658713483881241e-05,-0.0005666707610228986,0.0006772034219691184,0.004610171306782386,-0.0009453935540975719,-0.0004265507773393965
6.142,0.0,5.658713483881241e-05,-0.0005666707610228986,0.0006772034219691184,0.004610171306782386,-0.0009453935540975719,-0.0004265507773393965
6.162,0.0,5.2452470557933193e-05,-0.0005860882283942543,0.0006684742363177211,0.004596660217741321,-0.0012279803089146207,-0.0004267686270822329
6.182,0.0,4.136755409200475e-05,-0.0006155058755874822,0.0006863413050193157,0.004610171306782386,-0.0009453935540975719,-0.0004265507773393965
6.202,0.0,4.449525421926415e-05,-0.0006230583854059165,0.0007316363708359958,0.004779304412651801,-0.0005318963487917083,-0.0005698682026400261
6.222,0.0,4.232683694494214e-06,-0.0006139131251543201,0.0007093763276691631,0.0046800604718078625,0.0003253566916963732,-0.000570214842900461
6.242,0.0,4.232683694494214e-06,-0.0006139131251543201,0.0007093763276691631,0.0046800604718078625,0.0003253566916963732,-0.000570214842900461
6.262,0.0,2.1166280935187826e-05,-0.0006321210770209981,0.0006287134705365034,0.004370531624415071,-8.370948190678026e-05,-0.00043846793344573217
6.282,0.0,-7.113384901448765e-06,-0.0005850391597114435,0.0007224972150710645,0.004949685392114899,0.0001703367952511792,-0.00041748715700773675
6.302,0.0,7.865812587996648e-05,-0.0005825489372704205,0.0007305963039556885,0.004916807744519496,-0.0006781893478114467,-0.0006991669899318782
6.322,0.0,8.60721695517053e-05,-0.0005741364121748139,0.0007196276016231757,0.004944265029664849,-0.0002544743777787385,-0.000841517146983161
6.342,0.0,8.60721695517053e-05,-0.0005741364121748139,0.0007196276016231757,0.004944265029664849,-0.0002544743777787385,-0.000841517146983161
6.362,0.0,3.6978233947267046e-05,-0.0005733983940479031,0.0006891547624688008,0.004807892824280934,3.326736642040789e-05,-0.0005710192860552917
6.382,0.0,2.8544249834163343e-05,-0.0005485513905754398,0.0006950990882114186,0.00494768032856958,2.8789245542197484e-05,-0.0005599485990247154
6.402,0.0,9.617352570985392e-05,-0.0005288438987464211,0.0006722368640403595,0.0048181688471498636,3.254009759998819e-05,-0.0008535489773475597
6.422,0.0,8.549655590697534e-05,-0.000506952305046333,0.0006625106099839848,0.0048058853330941245,-0.00010815209995176594,-0.0007114781841112857
6.442,0.0,8.549655590697534e-05,-0.000506952305046333,0.0006625106099839848,0.0048058853330941245,-0.00010815209995176594,-0.0007114781841112857
6.462,0.0,8.611162009320139e-05,-0.0005039352951557007,0.0005994686990231047,0.00451093761770076,-0.0002350261898185025,-0.0005814764632267822
6.482,0.0,9.075544433386982e-05,-0.0005371979346338563,0.0005837688126684029,0.004355318243717328,-0.0005073981059247227,-0.0005794178205250132
6.502,0.0,2.3997171404149823e-05,-0.0005625240870571849,0.0006158736016322785,0.004399047841891055,0.0004812591500301205,-0.000439430461425216
6.522,0.0,1.58386494892764e-05,-0.0006226693882539878,0.0004739745940641919,0.0035540822151008122,0.0006655266881244967,-0.000329591722131128
6.542,0.0,1.58386494892764e-05,-0.0006226693882539878,0.0004739745940641919,0.0035540822151008122,0.0006655266881244967,-0.000329591722131128
6.562,0.0,3.7051826149501506e-05,-0.0006151203012781726,0.0004758306963981441,0.0035528729026669675,0.0005239358307611963,-0.0004709580251831968
6.582,0.0,5.811760332648582e-05,-0.0005866020893872091,0.0004575198089961425,0.003538324679668317,0.0002407961726755699,-0.00047022150592063313
6.602,0.0,0.00011812266186332508,-0.0005683414994453142,0.00045948721108817023,0.0036643930949098037,-0.00019276643572326365,-0.0006114451847429215
6.622,0.0,0.0001273830284852575,-0.0005936061054619392,0.00036078051551774687,0.003125906677768199,0.00025941971113759016,-0.0007749797807630091
6.642,0.0,3.667091187851513e-05,-0.0005702608729194295,0.0004653252538871064,0.0036664816866435338,-5.1190638376713277e-05,-0.0004709422878317403
6.662,0.0,3.667091187851513e-05,-0.0005702608729194295,0.0004653252538871064,0.0036664816866435338,-5.1190638376713277e-05,-0.0004709422878317403
6.682,0.0,2.7499047714729058e-05,-0.0005659020268807813,0.0004997477462166333,0.003821079057907056,0.00022676097955683504,-0.00045996905530548487
6.702,0.0,6.505381525863904e-06,-0.0005565586072193662,0.000521797181783595,0.004104848916622927,0.00035432386025036896,-0.00030829585990998305
6.722,0.0,-1.1645725498702924e-05,-0.0005248178962351856,0.0005408514883834123,0.004104848916622927,0.00035432386025036896,-0.00030829585990998305
6.742,0.0,6.731666259685483e-05,-0.00048455265024191784,0.0005524781825832754,0.004355318243717328,-0.0005073981059247227,-0.0005794178205250132
6.762,0.0,6.731666259685483e-05,-0.00048455265024191784,0.0005524781825832754,0.004355318243717328,-0.0005073981059247227,-0.0005794178205250132
6.782,0.0,7.897492815994062e-05,-0.00045863067018794867,0.0005669871908429429,0.00463758590231859,-0.0005216088388247464,-0.000568948350735052
6.802,0.0,-4.569418933523145e-05,-0.00047326198608716407,0.0006441129990529659,0.004799489005139209,0.00017536230107302887,-0.0001477408590205766
6.822,0.0,-8.825956978990278e-05,-0.0004719121295229038,0.0006154916357268422,0.00464723103403574,0.00018628303363659094,0.00013624181109570736
6.842,0.0,-0.00014938754181844513,-0.0004692670425442506,0.000673808048353997,0.004945727082280375,0.0005964528617387837,0.00028676569755671397
6.862,0.0,-0.00014938754181844513,-0.0004692670425442506,0.000673808048353997,0.004945727082280375,0.0005964528617387837,0.00028676569755671397
6.882,0.0,-0.00012771895767724225,-0.0005189423832830393,0.000620192560521405,0.004675494729279302,0.0007508927859332745,0.00013541906382443368
6.902,0.0,-0.0001137507518883386,-0.0005377931535388987,0.0005771796461316884,0.004404806549305874,0.0009059888934714624,-1.6563986181991674e-05
6.922,0.0,-8.55378401663448e-05,-0.000548054247818813,0.00054641057376391,0.004108786225368164,0.0006379662600408867,-2.5996209838650504e-05
6.942,0.0,-0.00013065284580853718,-0.0005358357489628086,0.0005869918520699669,0.004380519353648723,0.0006240932540917674,0.0002655432618623424
6.962,0.0,-0.00013065284580853718,-0.0005358357489628086,0.0005869918520699669,0.004380519353648723,0.0006240932540917674,0.0002655432618623424
6.982,0.0,-0.0001132594286227909,-0.0005407231391836436,0.0006432154992236436,0.004658934235665777,0.0003273880742462473,-5.2939681953342845e-06
7.002,0.0,-0.0001384420065980836,-0.0005781752842930066,0.0006611426711079581,0.004660917067965475,0.00046873724333441224,0.00013531178047999483
7.022,0.0,-8.147138828445844e-05,-0.0006311413643882707,0.0006410637514663102,0.004376568073264411,0.00034148834435386013,-1.574904752094852e-05
7.042,0.0,-5.2757227297278245e-05,-0.0006786922001349768,0.0005469542642299487,0.0037958472922046222,-5.5115180036305136e-05,-0.00017707956868729272
7.062,0.0,-5.2757227297278245e-05,-0.0006786922001349768,0.0005469542642299487,0.0037958472922046222,-5.5115180036305136e-05,-0.00017707956868729272
7.082,0.0,-2.1539580897227843e-05,-0.0007014533207474023,0.0005478064116604619,0.003808329801923202,8.670119718435457e-05,-0.0003183147975675361
7.102,0.0,7.425962205418679e-06,-0.0006977828481973519,0.0005335150400683494,0.0036537568213403687,-0.00019127518690912647,-0.0003294182003321429
7.122,0.0,2.9260181302560653e-05,-0.0006787523920797425,0.0006081404352428353,0.004047432452011226,-0.0007754636616109976,-0.0003068283664854037
7.142,0.0,5.3666287165678326e-05,-0.0006617812371087024,0.0006186539130201182,0.004060223979266218,-0.000635216527547004,-0.0004484439005461075
7.162,0.0,5.3666287165678326e-05,-0.0006617812371087024,0.0006186539130201182,0.004060223979266218,-0.000635216527547004,-0.0004484439005461075
7.182,0.0,6.286137844282223e-05,-0.0006522306157322473,0.0006006689207043784,0.004046184356775797,-0.0009173296600508889,-0.0004481255967198522
7.202,0.0,8.498858659626376e-05,-0.0006650743875397237,0.0006010095692234709,0.004057851993028306,-0.0007761474296768307,-0.000589588929452003
7.222,0.0,0.00010831501400562811,-0.0007152352704695991,0.0005669704060724342,0.0038022617097108616,-0.0003386488164688839,-0.0007409046836215464
7.242,0.0,0.00010190324637504584,-0.0007217879233197956,0.0005412119918007453,0.0035348197082987467,-4.1649001990794554e-05,-0.0007527056061386997
7.262,0.0,0.00010190324637504584,-0.0007217879233197956,0.0005412119918007453,0.0035348197082987467,-4.1649001990794554e-05,-0.0007527056061386997
7.282,0.0,9.500846461914594e-05,-0.0006740430770286742,0.0005647599612150321,0.0038159710696897835,-5.613249238457421e-05,-0.0007419271032730111
7.302,0.0,8.24718969590886e-05,-0.0006447430620317733,0.0006085384925275571,0.004084786681119266,-0.000352862441056978,-0.0007305405696024794
7.322,0.0,5.835385585517031e-05,-0.0006528077991019669,0.000608062282157496,0.0040727669745606685,-0.0004932600478011079,-0.0005897006156741283
7.342,0.0,5.048000808281158e-05,-0.0006712035560535192,0.0006099818128979881,0.004046184356775797,-0.0009173296600508889,-0.0004481255967198522
7.362,0.0,5.048000808281158e-05,-0.0006712035560535192,0.0006099818128979881,0.004046184356775797,-0.0009173296600508889,-0.0004481255967198522
7.382,0.0,5.696294277076697e-05,-0.0006995429669099556,0.000553998327828746,0.003790167713439901,-0.0004791774379962802,-0.0006000266938502349
7.402,0.0,1.5699500209786987e-06,-0.0006739983821818262,0.0005497676116187858,0.003806270393042003,-5.583202134909361e-05,-0.00045989566385988014
7.422,0.0,-3.309410448784643e-05,-0.0006737034687284236,0.0006211421033337001,0.004090112115845148,7.182355186424166e-05,-0.00030823707641523254
7.442,0.0,1.8209452499212465e-07,-0.0006710148287706691,0.0005862092966130315,0.003948303165178225,-6.502412921246434e-05,-0.0004599249458803396
7.462,0.0,1.8209452499212465e-07,-0.0006710148287706691,0.0005862092966130315,0.003948303165178225,-6.502412921246434e-05,-0.0004599249458803396
7.482,0.0,-6.06454004919437e-05,-0.0006300053044378123,0.0005904877026862845,0.004078437521204015,-6.924582142876384e-05,-0.0001667206690757922
7.502,0.0,-1.85974376924483e-05,-0.0005899459025739536,0.000591494779856769,0.004204257303613572,-0.0005029199844966423,-0.0003079334952082252
7.522,0.0,-4.719660784509073e-05,-0.0006139643413453029,0.0006372214673336312,0.004332046840411395,-0.0006479551504187841,-0.000155990463920839
7.542,0.0,-4.449114913327117e-06,-0.0006082528097431025,0.0006102069390821289,0.0043299519798271685,-0.000789569357327428,-0.0002964732237169116
7.562,0.0,-4.449114913327117e-06,-0.0006082528097431025,0.0006102069390821289,0.0043299519798271685,-0.000789569357327428,-0.0002964732237169116
7.582,0.0,-4.929926443774382e-05,-0.0005836369826328331,0.0005955516023311607,0.004346672863026254,-0.0003653530215613661,-0.00015587590472237566
7.602,0.0,-5.234381852550646e-05,-0.0005777631334333598,0.0005869089222642472,0.004234757086014006,0.0002035944954698505,-0.00016845839940075806
7.622,0.0,-0.00014139042524670338,-0.0005677111115698932,0.0006825713760435793,0.00464723103403574,0.00018628303363659094,0.00013624181109570736
7.642,0.0,-9.678590253921677e-05,-0.0005689624430738864,0.0006117498004004412,0.004362062702535882,5.833832445264827e-05,-1.5027228689121654e-05
7.662,0.0,-9.678590253921677e-05,-0.0005689624430738864,0.0006117498004004412,0.004362062702535882,5.833832445264827e-05,-1.5027228689121654e-05
7.682,0.0,-8.529290750432025e-05,-0.0005738728865611712,0.0005849562436575919,0.004222160718157457,6.362178153536165e-05,-2.6968170608960766e-05
7.702,0.0,-4.250601204609031e-06,-0.0005480696863898338,0.0005787131992878554,0.0043447524596989225,-0.0005067815782152624,-0.0002965201301511367
7.722,0.0,-3.140022960921437e-05,-0.0005442274522638523,0.0006584700785165654,0.004756739941952833,-0.0006717818393508518,-0.00014614934728412955
7.742,0.0,-2.240788866143498e-05,-0.00055513157319315,0.0006589580615668792,0.004756739941952833,-0.0006717818393508518,-0.00014614934728412955
7.762,0.0,-2.240788866143498e-05,-0.00055513157319315,0.0006589580615668792,0.004756739941952833,-0.0006717818393508518,-0.00014614934728412955
7.782,0.0,-3.100627148633182e-05,-0.0005587062880029935,0.0006705340913919358,0.004629177837172194,-0.0003794232351910862,-0.00014564418884672033
7.802,0.0,-3.497194810076249e-05,-0.0005592816420666339,0.0006679008820896428,0.0046548983809098846,4.35619591967505e-05,-0.0002875196819387423
7.822,0.0,-2.095598996267928e-05,-0.0005408518759552731,0.0006781923803944866,0.004669569156764816,0.000325915622735413,-0.0002873916415045667
7.842,0.0,2.6310073449831175e-05,-0.0005515040079781938,0.0006794324867819697,0.004795408144140249,-0.00010750945144886531,-0.00042871160811217685
7.862,0.0,2.6310073449831175e-05,-0.0005515040079781938,0.0006794324867819697,0.004795408144140249,-0.00010750945144886531,-0.00042871160811217685
7.882,0.0,8.593500422436242e-05,-0.0005501849118883512,0.0006474198055867456,0.00463758590231859,-0.0005216088388247464,-0.000568948350735052
7.902,0.0,0.00011052432109747345,-0.0005754198688295157,0.0007123282263778006,0.004916807744519496,-0.0006781893478114467,-0.0006991669899318782
7.922,0.0,7.923183624587305e-05,-0.000523363575847374,0.0006901019169623014,0.00493156802393533,-0.0003954765262536272,-0.0006991564275922887
7.942,0.0,1.9208331205297437e-05,-0.0005206912002729265,0.000679061062975369,0.004795408144140249,-0.00010750945144886531,-0.00042871160811217685
7.962,0.0,1.9208331205297437e-05,-0.0005206912002729265,0.000679061062975369,0.004795408144140249,-0.00010750945144886531,-0.00042871160811217685
7.982,0.0,1.2754554742555388e-05,-0.0005510887413123646,0.0006067774578032561,0.004385280039632991,0.00019874570267337766,-0.000438472729142859
8.002,0.0,-2.1400523218669716e-05,-0.0005915818034455206,0.0006077734881497068,0.00424668732607601,0.0003448566423136155,-0.0003101199496382754
8.022,0.0,1.0819512434113052e-05,-0.0005978406183075851,0.0005627191727164927,0.004102855119900217,0.00021291677019550335,-0.00044887602846142594
8.042,0.0,-2.3047185955602791e-07,-0.0005969140552816656,0.0005821366853801972,0.004102855119900217,0.00021291677019550335,-0.00044887602846142594
8.062,0.0,-2.3047185955602791e-07,-0.0005969140552816656,0.0005821366853801972,0.004102855119900217,0.00021291677019550335,-0.00044887602846142594
8.082,0.0,2.5846578996327533e-05,-0.0006091908032261845,0.0005850860747829411,0.004088118875738201,-6.952538116126996e-05,-0.0004488198809578961
8.102,0.0,2.4646951069236218e-05,-0.0005718576973169833,0.0006194795078755589,0.00435656138378473,-0.0003656059603079898,-0.0004381670549303908
8.122,0.0,-3.396223099058622e-05,-0.0005463891843688284,0.0005919606502335611,0.0044011156243948316,0.0006225745734564617,-0.0002989386000118888
8.142,0.0,-6.946862740076865e-05,-0.0005227316522012656,0.0005888086404107183,0.004417397788363211,0.0010466811995939987,-0.00015899828801878727
8.162,0.0,-6.946862740076865e-05,-0.0005227316522012656,0.0005888086404107183,0.004417397788363211,0.0010466811995939987,-0.00015899828801878727
8.182,0.0,-2.3848896490999714e-05,-0.0005975741484262883,0.0006340797425303735,0.004387191430277193,0.00034006092096099637,-0.0002978359770141895
8.202,0.0,4.276078669957111e-05,-0.0006036924460422546,0.0006596454125370076,0.004369210202930993,-0.00022552990442163123,-0.0005796441742710574
8.222,0.0,0.00013485442605053614,-0.0005578337268733076,0.000624846921524528,0.004480768199731126,-0.0009414539054664553,-0.0007202892272090857
8.242,0.0,0.00015423768993219104,-0.0005433262656263112,0.000670481611336923,0.0047614992708297724,-0.0010968390286563439,-0.0008517610061506889
8.262,0.0,0.00015423768993219104,-0.0005433262656263112,0.000670481611336923,0.0047614992708297724,-0.0010968390286563439,-0.0008517610061506889
8.282,0.0,0.00014156595631116477,-0.0005418604631964376,0.0006702835757608587,0.004746722573569109,-0.0013806100564856645,-0.0008508326874686569
8.302,0.0,0.00010592416885129624,-0.0005369976713501772,0.0006600396463215366,0.004721877040443448,-0.0016616214675769742,-0.0005684403702896123
8.322,0.0,8.589745822936285e-05,-0.0005251635145907806,0.0006789838854714809,0.004721877040443448,-0.0016616214675769742,-0.0005684403702896123
8.342,0.0,8.263903630251557e-05,-0.0005112290937918681,0.000696104580329594,0.004850517310864699,-0.001806948052816009,-0.00041539390482868427
8.362,0.0,8.263903630251557e-05,-0.0005112290937918681,0.000696104580329594,0.004850517310864699,-0.001806948052816009,-0.00041539390482868427
8.382,0.0,0.0001390607769938577,-0.0005397555976728955,0.0006839340607181694,0.004694136964742077,-0.002226016818477093,-0.0005671188363463722
8.402,0.0,0.00010136988388101083,-0.0005553096816178497,0.0006842528418786833,0.004667690087310219,-0.0026496219329153105,-0.00042556214282790303
8.422,0.0,0.00013123748203625196,-0.0005352430346802202,0.0006010782890926311,0.0043975360324464245,-0.002494545567628405,-0.0005769419257534529
8.442,0.0,8.066335429301961e-05,-0.0005335788919482051,0.0006500320892425152,0.0046958707711078195,-0.002085556856207092,-0.00042634142178885493
8.462,0.0,8.066335429301961e-05,-0.0005335788919482051,0.0006500320892425152,0.0046958707711078195,-0.002085556856207092,-0.00042634142178885493
8.482,0.0,1.2339298280021117e-05,-0.0005543409336159714,0.0006105404682542737,0.0044314395290767075,-0.0015048964579696957,-0.00015572692498643596
8.502,0.0,-4.6110653079513494e-05,-0.0005113091267835893,0.000640584887458903,0.00471525130014281,-0.0013777975729739411,-3.32355993164414e-06
8.522,0.0,-6.672974182966816e-05,-0.0005129133919970818,0.000632345958973557,0.004575623280688567,-0.0012258977442026987,0.00013815473729888406
8.542,0.0,-4.2429314087736136e-05,-0.0005263065300827647,0.0006422742890628201,0.004601691193277794,-0.0008032035991412861,-3.126393704031219e-06
8.562,0.0,-4.2429314087736136e-05,-0.0005263065300827647,0.0006422742890628201,0.004601691193277794,-0.0008032035991412861,-3.126393704031219e-06
8.582,0.0,-4.2429314087736136e-05,-0.0005263065300827647,0.0006422742890628201,0.004601691193277794,-0.0008032035991412861,-3.126393704031219e-06
8.602,0.0,-5.357690883127634e-05,-0.000582615687961432,0.0006162192229550139,0.004334299178212244,-0.0005061526391169199,-1.3651536265134333e-05
8.622,0.0,-8.602881967641306e-06,-0.0005559891267741393,0.0006717849313626882,0.004727807842292153,-0.0012367927680069504,-0.0001457428233213149
8.642,0.0,7.90490846284811e-05,-0.0005690401901428879,0.0006390400334488334,0.004608831397138362,-0.0010873217706800972,-0.0005676937097338095
8.662,0.0,7.90490846284811e-05,-0.0005690401901428879,0.0006390400334488334,0.004608831397138362,-0.0010873217706800972,-0.0005676937097338095
8.682,0.0,6.19690772897822e-05,-0.0005676687954838048,0.0006365737112817363,0.004622647518093165,-0.0008044290875919556,-0.00056882673939274
8.702,0.0,1.957122905780424e-05,-0.0005663497137517335,0.0006180301726479478,0.004472473324430231,-0.0007991861591698497,-0.00029714512758047354
8.722,0.0,3.796524898433446e-05,-0.0005642790329565523,0.0006454701805006208,0.004612196419381913,-0.0008037463126482876,-0.0002860431771380571
8.742,0.0,-6.439081793445358e-06,-0.0005755410561801925,0.0005410872937639666,0.004104848916622927,0.00035432386025036896,-0.00030829585990998305
8.762,0.0,-6.439081793445358e-06,-0.0005755410561801925,0.0005410872937639666,0.004104848916622927,0.00035432386025036896,-0.00030829585990998305
8.782,0.0,1.2187246876819657e-05,-0.0005401127084559889,0.0005775601355482445,0.004372532875681376,5.772031753904542e-05,-0.0002979127045553219
8.802,0.0,3.5757152222734495e-05,-0.0005698288340254867,0.0005240739029455388,0.004102855119900217,0.00021291677019550335,-0.00044887602846142594
8.822,0.0,4.794474323793634e-06,-0.000569928949530774,0.0004867630933704854,0.00395037872980782,7.641472718405482e-05,-0.00031941853167638187
8.842,0.0,1.5657574770993352e-05,-0.0005584571001768932,0.0004210612643121326,0.0036949116189116146,0.0005136071137045933,-0.00047193050668289265
8.862,0.0,1.5657574770993352e-05,-0.0005584571001768932,0.0004210612643121326,0.0036949116189116146,0.0005136071137045933,-0.00047193050668289265
8.882,0.0,-5.7265326169288906e-05,-0.0005578391639393694,0.00044310577689462595,0.003838668893218018,0.000792712400461637,-0.00017863958762253678
8.902,0.0,-8.06561776297418e-05,-0.0005141846477031812,0.0005231083096150042,0.004250465728264219,0.0006283454821427,-2.7805953847784946e-05
8.922,0.0,-9.846471985426514e-05,-0.0005322281765072693,0.0006224658212106541,0.004672772671624415,0.0006088838447375726,-5.5187645888961484e-06
8.942,0.0,-9.677706147363215e-05,-0.0005292330306618599,0.0005986949587837635,0.004390469277481973,0.000623040183595715,-1.599199877916965e-05
8.962,0.0,-9.677706147363215e-05,-0.0005292330306618599,0.0005986949587837635,0.004390469277481973,0.000623040183595715,-1.599199877916965e-05
8.982,0.0,-0.00013156358894391438,-0.0005153996730497554,0.0005885120468800582,0.004366771480824908,0.0003417319201956388,0.0002665848007258691
9.002,0.0,-4.713285039555937e-05,-0.0005229505863501958,0.0006660907791459893,0.00477092920648202,-0.0003897057383914645,-0.00014661637208536907
9.022,0.0,-5.252181455068851e-05,-0.0005184644171027769,0.0007137922689354376,0.004896485769012111,-0.0006764129082398787,-0.00013509686079280796
9.042,0.0,-3.2488325344426e-05,-0.0005303045603945119,0.0006948589341265505,0.004896485769012111,-0.0006764129082398787,-0.00013509686079280796
9.062,0.0,-3.2488325344426e-05,-0.0005303045603945119,0.0006948589341265505,0.004896485769012111,-0.0006764129082398787,-0.00013509686079280796
9.082,0.0,-6.22005788142913e-06,-0.0005635046454621429,0.0007169833880693834,0.004894387201230489,-0.000817987766779056,-0.0002755382312373343
9.102,0.0,-3.636149151609506e-05,-0.0005333017246768541,0.0007585918466375117,0.005179223927260851,-0.0006899736320101662,-0.00012417687667502935
9.122,0.0,-3.3589764975891564e-05,-0.000530317842656535,0.0007148285977171586,0.004896485769012111,-0.0006764129082398787,-0.00013509686079280796
9.142,0.0,-5.543117098692162e-05,-0.0005721373281172017,0.0006176484301461224,0.0043193800841967575,-0.0007890436412611107,-1.349651483855751e-05
9.162,0.0,-5.543117098692162e-05,-0.0005721373281172017,0.0006176484301461224,0.0043193800841967575,-0.0007890436412611107,-1.349651483855751e-05
9.182,0.0,-7.732689428443555e-06,-0.0005559380675107448,0.0005923176675978727,0.004291853198475896,-0.001353815871257731,-1.341484586538677e-05
9.202,0.0,6.268606864755158e-05,-0.0006003015294394867,0.0005335283500626491,0.004005053755200098,-0.001622263802748126,-0.00030555583688593067
9.222,0.0,-2.3518361194761567e-05,-0.0006186685034417287,0.0005949883007691975,0.004150640437784629,-0.00134951996355268,-2.4197912146306006e-05
9.242,0.0,-3.2757000633685075e-07,-0.0006140649965244872,0.0005494281214081263,0.0040073541066283054,-0.0014812881909296463,-0.00016428823823103365
9.262,0.0,-3.2757000633685075e-07,-0.0006140649965244872,0.0005494281214081263,0.0040073541066283054,-0.0014812881909296463,-0.00016428823823103365
9.282,0.0,-5.5352516415289384e-05,-0.0005482217625102727,0.00060497550022687,0.004450019717862605,-0.0009390382042386249,0.00012666393904845106
9.302,0.0,-1.3773997153870508e-05,-0.00052813183376478,0.0006250258205725903,0.0045861349811028235,-0.0012273625857058988,-0.00014387618608363925
9.322,0.0,-4.7991357185792745e-05,-0.000520794101793886,0.0006498182952429834,0.004717269475051313,-0.0012362040711270954,0.000137244754373031
9.342,0.0,-2.0155792687774693e-05,-0.0005172062900740432,0.0007059265116273441,0.004998178100067997,-0.0013923379239145126,6.401346573983796e-06
9.362,0.0,-2.0155792687774693e-05,-0.0005172062900740432,0.0007059265116273441,0.004998178100067997,-0.0013923379239145126,6.401346573983796e-06
9.382,0.0,1.2431043030640147e-05,-0.0005135486324605658,0.0006709020449294998,0.004854168063503841,-0.0015239049857559712,-0.00013296429863551154
9.402,0.0,4.985112316275241e-05,-0.0005289094620226496,0.0006806990095896833,0.004893060591715941,-0.0009598703162525068,-0.0004167970944206685
9.422,0.0,1.6231871051616636e-05,-0.0005400555745023485,0.0006493483233103332,0.004780550340258409,-0.0003901352927720182,-0.00042865076653717785
9.442,0.0,4.591675833425023e-06,-0.0005287395333678019,0.0007385507282919643,0.005217874338239327,-0.00012667913621051033,-0.0004077753535747371
9.462,0.0,4.591675833425023e-06,-0.0005287395333678019,0.0007385507282919643,0.005217874338239327,-0.00012667913621051033,-0.0004077753535747371
9.482,0.0,4.7595539870238996e-05,-0.0005171598728053042,0.0007012535950650902,0.005116370414819917,0.0004424963247586518,-0.0007018977000277405
9.502,0.0,7.770625122077432e-05,-0.0005334405049663066,0.0006770955651186361,0.004972714574026758,0.0003105128419506175,-0.000842485199755944
9.522,0.0,0.00011337077728897995,-0.0005670107458131965,0.0006107341202564706,0.004521498554895156,-0.00023646708369028544,-0.0008633435698854935
9.542,0.0,9.732262431459813e-05,-0.0005819704071665292,0.0006271288532263141,0.004649484956603774,-0.0003811899309912668,-0.0007097084539149076
9.562,0.0,9.732262431459813e-05,-0.0005819704071665292,0.0006271288532263141,0.004649484956603774,-0.0003811899309912668,-0.0007097084539149076
9.582,0.0,0.0001047904045364514,-0.0005700180250895366,0.0005727698293984447,0.004379616904604621,-0.00022618519446385442,-0.0008623117927345713
9.602,0.0,0.00010867949263917314,-0.0005962530036863068,0.000531421439136828,0.004069833751283961,-0.0006356468222552508,-0.0007303917646954487
9.622,0.0,0.00013004687743342072,-0.0006020959159305876,0.0005061681759485333,0.003930070788825418,-0.0006310211671254478,-0.0007414816836571746
9.642,0.0,7.212939828323543e-05,-0.0005591427916236632,0.0005262283832019957,0.004214693423790271,-0.0005035708052182297,-0.0005907095122028508
9.662,0.0,7.212939828323543e-05,-0.0005591427916236632,0.0005262283832019957,0.004214693423790271,-0.0005035708052182297,-0.0005907095122028508
9.682,0.0,9.259735563060211e-05,-0.0005167179045228966,0.0005353186409853231,0.004340389930673639,-0.0007901976173172648,-0.0005792524225487209
9.702,0.0,4.576279032835509e-05,-0.00047459345724609395,0.00048552947171399166,0.004190177375752722,-0.0007849322100713991,-0.000307557619100264
9.722,0.0,0.00011393132381970715,-0.0005050908691278396,0.000484120539039338,0.004043991999234059,-0.0010590741952421065,-0.0005885055450818019
9.742,0.0,0.00012588216787756654,-0.00045929775043454133,0.0005277121913387975,0.004326509787139359,-0.0010731482891302817,-0.0005781012624593841
9.762,0.0,0.00012588216787756654,-0.00045929775043454133,0.0005277121913387975,0.004326509787139359,-0.0010731482891302817,-0.0005781012624593841
9.782,0.0,0.00010541703458095585,-0.0005017201880605518,0.0005186334621362591,0.004200565858112579,-0.000785630894882301,-0.0005902781108435607
9.802,0.0,5.325545215721333e-05,-0.0004925300062314774,0.0005525394908466848,0.004341909608130371,-0.0006490710928455249,-0.0004373161764072971
9.822,0.0,8.326224045775137e-05,-0.0005540959067344936,0.0005093933284279761,0.0040727669745606685,-0.0004932600478011079,-0.0005897006156741283
9.842,0.0,0.00010387625963584591,-0.0005530595596848209,0.0005671857577220643,0.004226417832193988,-0.00036238953723519287,-0.0007322156631207348
9.862,0.0,0.00010387625963584591,-0.0005530595596848209,0.0005671857577220643,0.004226417832193988,-0.00036238953723519287,-0.0007322156631207348
9.882,0.0,0.00010728860302648548,-0.0005555259521676965,0.0006318239767475347,0.004495000050846284,-0.0006592737633233297,-0.0007207432250292705
9.902,0.0,0.00016089935975952452,-0.0005437595998525948,0.0006813566619513688,0.004746722573569109,-0.0013806100564856645,-0.0008508326874686569
9.922,0.0,0.00014900563708602834,-0.0006140057482567555,0.0006388002307587337,0.004336859278123241,-0.0010738528555983115,-0.0008608168722264515
9.942,0.0,6.224820639271788e-05,-0.0006155325351518444,0.0006506981773966474,0.004369210202930993,-0.00022552990442163123,-0.0005796441742710574
9.962,0.0,6.224820639271788e-05,-0.0006155325351518444,0.0006506981773966474,0.004369210202930993,-0.00022552990442163123,-0.0005796441742710574
9.982,0.0,3.488984459434152e-05,-0.0005932491025551357,0.0006295108857674971,0.004370531624415071,-8.370948190678026e-05,-0.00043846793344573217
10.002,0.0,2.4346931768390597e-05,-0.0006191565365661202,0.0005950075409559148,0.004088118875738201,-6.952538116126996e-05,-0.0004488198809578961
10.022,0.0,3.088938061564352e-05,-0.0006207007886152105,0.0005829716972349738,0.004115302069443533,0.0003536619632281552,-0.0005910905432462733
10.042,0.0,8.058654758985016e-05,-0.0006358475852031374,0.0005763665484909831,0.004113303772244933,0.00021224356039905597,-0.0007316148135920766
10.062,0.0,8.058654758985016e-05,-0.0006358475852031374,0.0005763665484909831,0.004113303772244933,0.00021224356039905597,-0.0007316148135920766
10.082,0.0,3.678175174348864e-05,-0.0005733391537721597,0.0006296344437948865,0.004370531624415071,-8.370948190678026e-05,-0.00043846793344573217
10.102,0.0,3.066668371961897e-05,-0.0005570273450797552,0.0005796022459663991,0.0042697224563929175,0.0004850417742523337,-0.0007332614011615758
10.122,0.0,-9.344612310778564e-05,-0.0005785530213387578,0.0005635610762956251,0.004135682616793249,0.0010615583961598974,-0.00016901582133502466
10.142,0.0,-0.00015225318733598218,-0.0006096976028726868,0.0005251318656019056,0.003869702642617672,0.0014988207667778503,-3.859469331058666e-05
10.162,0.0,-0.00015225318733598218,-0.0006096976028726868,0.0005251318656019056,0.003869702642617672,0.0014988207667778503,-3.859469331058666e-05
10.182,0.0,-0.00016359094005047791,-0.0005748692465621112,0.0005418313916533857,0.003996945722813284,0.0013537586974230072,0.00011495214475146573
10.202,0.0,-7.489993722694396e-05,-0.0005967926806401166,0.0005121829183525826,0.003838668893218018,0.000792712400461637,-0.00017863958762253678
10.222,0.0,-8.466887364739401e-05,-0.0005953527734091588,0.0005009544218054787,0.0038407300511536773,0.0009340242129612168,-3.8164275713843814e-05
10.242,0.0,-8.348217929549967e-05,-0.000594211478590504,0.0005039707070246137,0.003799800857676566,0.00022869353794456452,0.00010518601168319475
10.262,0.0,-8.348217929549967e-05,-0.000594211478590504,0.0005039707070246137,0.003799800857676566,0.00022869353794456452,0.00010518601168319475
10.282,0.0,-6.697732454937901e-05,-0.0006060595461586442,0.0005070671861671273,0.0037838805580169992,-0.00019549584654728316,-3.623557082709862e-05
10.302,0.0,-2.333308913078514e-05,-0.0006067828421049733,0.0004455453514413881,0.0035011715704642084,-0.00018146633174187125,-4.6480451603982924e-05
10.322,0.0,-3.162840269057821e-05,-0.0006198682908655535,0.000507283470328354,0.003808329801923202,8.670119718435457e-05,-0.0003183147975675361
10.342,0.0,-7.001365721946827e-05,-0.0006149489790582918,0.0004877320533849645,0.0037713689630403157,-0.0003363602396645003,0.00010620852651503128
10.362,0.0,-7.001365721946827e-05,-0.0006149489790582918,0.0004877320533849645,0.0037713689630403157,-0.0003363602396645003,0.00010620852651503128
10.382,0.0,-3.901790185029602e-05,-0.0006014825721035512,0.000562211301311118,0.004064376542884472,-0.00035112873419847847,-0.00016637776747281406
10.402,0.0,-7.202573912098324e-06,-0.0006113166327045815,0.0005805500113332489,0.0042181048110510955,-0.00022024435384475615,-0.000309038645221104
10.422,0.0,5.626936021726293e-05,-0.0006273351598922427,0.0005867677554757409,0.004188077070196096,-0.0009265790857423351,-0.00044802379209192523
10.442,0.0,6.735851066258691e-05,-0.0006237199398556057,0.0005983619018769057,0.0042860971314977415,-0.001778542951815085,-0.0004363356508577154
10.462,0.0,6.735851066258691e-05,-0.0006237199398556057,0.0005983619018769057,0.0042860971314977415,-0.001778542951815085,-0.0004363356508577154
10.482,0.0,9.165988703550864e-05,-0.0006429467230026599,0.000627667298243665,0.004412836882920281,-0.002071087740927038,-0.00043604973723045034
10.502,0.0,5.9393338410001667e-05,-0.0006202911050116097,0.0006228741933933008,0.004441362620282465,-0.001506031158402524,-0.0004371052483464599
10.522,0.0,-3.392081345193775e-05,-0.000576983365159891,0.0006648096542353261,0.00457429130282535,-0.0013678615572617389,-3.0809301527742255e-06
10.542,0.0,-4.1648291668599075e-05,-0.0005382019342292267,0.0006882852672669706,0.0048564376153385925,-0.0013820839706847872,7.445260572809459e-06
10.562,0.0,-4.1648291668599075e-05,-0.0005382019342292267,0.0006882852672669706,0.0048564376153385925,-0.0013820839706847872,7.445260572809459e-06
10.582,0.0,2.23424289566081e-05,-0.0005388536272316792,0.0006456509410935054,0.004711527474915129,-0.001660878753665428,-0.0002857552751146359
10.602,0.0,4.596475107416004e-05,-0.0005313189069579784,0.0006454180978416673,0.004725699245864899,-0.0013784606367200185,-0.00028618405314540397
10.622,0.0,0.00011454413535400113,-0.0004842103462887667,0.0006460717824097452,0.004874499257291152,-0.0015248201323197709,-0.0006979792117431167
10.642,0.0,0.0001268469667833725,-0.0004711244365254146,0.0006571053043085784,0.004976279563019181,-0.002240217688941775,-0.0005566121518622948
10.662,0.0,0.0001268469667833725,-0.0004711244365254146,0.0006571053043085784,0.004976279563019181,-0.002240217688941775,-0.0005566121518622948
10.682,0.0,0.00011283418439972867,-0.0004871919067406367,0.0006203956542810311,0.004721877040443448,-0.0016616214675769742,-0.0005684403702896123
10.702,0.0,0.0001344246682545054,-0.00048610334740316775,0.0006471585329798676,0.004874499257291152,-0.0015248201323197709,-0.0006979792117431167
10.722,0.0,0.0001390403468280331,-0.00047260092328837365,0.0006662632863750708,0.004990526460688756,-0.0019575766572983407,-0.000557156334175196
10.742,0.0,0.00012919112741244265,-0.0005054977229230574,0.0006583945192649861,0.004860305439838096,-0.001807300781683982,-0.0006974987886297263
10.762,0.0,0.00012919112741244265,-0.0005054977229230574,0.0006583945192649861,0.004860305439838096,-0.001807300781683982,-0.0006974987886297263
10.782,0.0,0.00015413892289734162,-0.0004885062394935211,0.0006589116212941882,0.004872981507453378,-0.0016669667641150414,-0.0008389916510261971
10.802,0.0,9.843855295124865e-05,-0.0005021980113342963,0.0006660684405358902,0.004862615865202619,-0.0016662443848851978,-0.000556278695728816
10.822,0.0,4.8464629568195525e-05,-0.0004670792677825429,0.000653542468962225,0.004852027820499567,-0.001664785268118879,-0.0002743109666218636
10.842,0.0,4.9976712953598886e-05,-0.0004466989523427319,0.000652972857816482,0.004854168063503841,-0.0015239049857559712,-0.00013296429863551154
10.862,0.0,4.9976712953598886e-05,-0.0004466989523427319,0.000652972857816482,0.004854168063503841,-0.0015239049857559712,-0.00013296429863551154
10.882,0.0,5.271536002654734e-06,-0.0004856482727936697,0.0006149096566449737,0.004700961536323062,-0.0016603173943338374,-2.7851932421520796e-06
10.902,0.0,-6.608383722432829e-05,-0.0004831182891973535,0.0005902585454598611,0.004603856501334895,-0.0006615432552617333,0.00013741715558835356
10.922,0.0,-0.00014421565671175464,-0.00047253195312006567,0.0005507512821937229,0.004326289302484479,-0.00036365787350586994,0.00040858977551246056
10.942,0.0,-0.00013949802462965479,-0.000454992947676907,0.000567279696254494,0.00458113630589172,-0.0008015452641530182,0.0005615818989693199
10.962,0.0,-0.00013949802462965479,-0.000454992947676907,0.000567279696254494,0.00458113630589172,-0.0008015452641530182,0.0005615818989693199
10.982,0.0,-0.00011462100002538704,-0.00043752916656528487,0.0005784788898472649,0.004591730208440831,-0.0008021128210091111,0.0002784167082599439
11.002,0.0,-0.00011312135397442208,-0.00042756647634590287,0.0005685543632851076,0.004591730208440831,-0.0008021128210091111,0.0002784167082599439
11.022,0.0,-0.00015984860360222357,-0.0004898743522250798,0.0005122235361661098,0.004298865361946684,-0.0007873812847083802,0.0005510790986213096
11.042,0.0,-0.00015831714060660424,-0.0004909525531352952,0.000541473986518701,0.004311620671825159,-0.0006471420046282063,0.0004094556007498041
11.062,0.0,-0.00015831714060660424,-0.0004909525531352952,0.000541473986518701,0.004311620671825159,-0.0006471420046282063,0.0004094556007498041
11.082,0.0,-0.0001641698627173313,-0.0005407442250115826,0.0005611345986948789,0.004311620671825159,-0.0006471420046282063,0.0004094556007498041
11.102,0.0,-0.0001257383594432835,-0.0005335563090274454,0.0005644866570455562,0.004295549470982949,-0.0010708650730617316,0.00026908221846310673
11.122,0.0,-0.00011907629608755414,-0.0005344949724272759,0.0005657268883941684,0.004283353753434085,-0.0012115289616647046,0.0004102458245763388
11.142,0.0,-3.480457865093069e-05,-0.0005291513033732995,0.0005882824006979269,0.004432964760646013,-0.0013636791274137501,-1.37401211192886e-05
11.162,0.0,-3.480457865093069e-05,-0.0005291513033732995,0.0005882824006979269,0.004432964760646013,-0.0013636791274137501,-1.37401211192886e-05
11.182,0.0,2.3621229163812123e-05,-0.0005393892393829989,0.0005429124126260462,0.004314358890182456,-0.0012137709026501845,-0.0004372157560927444
11.202,0.0,3.5065054887704676e-05,-0.0005687112278785607,0.0005191097691199427,0.004046184356775797,-0.0009173296600508889,-0.0004481255967198522
11.222,0.0,1.7752405278779875e-05,-0.0006285324094669286,0.0004747290250033867,0.00365169235230225,-0.0003338608289106239,-0.0004710046469777987
11.242,0.0,6.733695395333232e-05,-0.000656584943017898,0.0004416046971242737,0.0035075265235567877,-0.0004651640492223265,-0.0006103818603173747
11.262,0.0,6.733695395333232e-05,-0.000656584943017898,0.0004416046971242737,0.0035075265235567877,-0.0004651640492223265,-0.0006103818603173747
11.282,0.0,0.00012472450390235763,-0.0006702380304300129,0.0004091500032838798,0.0032500127463978004,-0.00016902029300798894,-0.0009035323051433294
11.302,0.0,0.00015680733615708794,-0.0006536685826624491,0.00041161287871048665,0.003248612875909569,-0.0003109751785752647,-0.0010444820548194099
11.322,0.0,0.00014167353799261257,-0.0006377882645328081,0.00041894541307001775,0.0033654887558739535,-0.0006031742257090564,-0.0007629187058463182
11.342,0.0,7.677324926583091e-05,-0.0006714511387575044,0.0004347041661782616,0.003367645523722377,-0.00046056807490130495,-0.0006214207601543953
11.362,0.0,7.677324926583091e-05,-0.0006714511387575044,0.0004347041661782616,0.003367645523722377,-0.00046056807490130495,-0.0006214207601543953
11.382,0.0,5.9512376803806536e-05,-0.0006840076150743277,0.0004057237708722656,0.0032402867963470276,-0.00016874005736202346,-0.0006214464125151177
11.402,0.0,-1.1998214415641967e-05,-0.0006764188959536142,0.00042146895818770023,0.003243665594192794,0.00011458070586357056,-0.00033976181728811967
11.422,0.0,9.824634877781103e-06,-0.0006639459376125652,0.0005410925477075517,0.003793764657449358,-0.00019667771644117963,-0.0003176211000586661
11.442,0.0,-6.904232211701833e-05,-0.0006470113950451203,0.0005739429623319625,0.0038123103196496667,0.0003694732101178588,-3.714736580737036e-05
11.462,0.0,-6.904232211701833e-05,-0.0006470113950451203,0.0005739429623319625,0.0038123103196496667,0.0003694732101178588,-3.714736580737036e-05
11.482,0.0,-8.580252949693081e-05,-0.0006246501917728117,0.0005433224225262339,0.003813522935202864,0.000511061756654981,0.00010415683261494399
11.502,0.0,-0.00015330368750000027,-0.0006011488650631391,0.0005712731233181274,0.004112725737345736,0.0009204282924331692,0.00025524229955639654
11.522,0.0,-0.00014543130487161345,-0.0006120758321462977,0.0005917335194591522,0.004112725737345736,0.0009204282924331692,0.00025524229955639654
11.542,0.0,-0.00016231273973114379,-0.0006146657001023783,0.0005727907754839752,0.003985082767154045,0.0012136546504989125,0.00025576253955974664
11.562,0.0,-0.00016231273973114379,-0.0006146657001023783,0.0005727907754839752,0.003985082767154045,0.0012136546504989125,0.00025576253955974664
11.582,0.0,-0.00010403804574428322,-0.0005975428791543861,0.0005817830441392847,0.0041514517780017945,0.0014849859308245293,-2.7451336708096716e-05
11.602,0.0,-6.857590202237427e-05,-0.0005815115586747373,0.0005728985195148184,0.004163705763051877,0.001625394314175842,-0.0001696682310236919
11.622,0.0,-2.8613548855040503e-05,-0.0005758461696296675,0.0005958494539765881,0.004161908828451297,0.0014844148724728235,-0.00031033456055107035
11.642,0.0,2.0545276759574413e-05,-0.0005526674506089147,0.0006136648453875053,0.004428046313454463,0.001046296886881512,-0.00043993721004032454
11.662,0.0,2.0545276759574413e-05,-0.0005526674506089147,0.0006136648453875053,0.004428046313454463,0.001046296886881512,-0.00043993721004032454
11.682,0.0,-3.4752259703295804e-05,-0.0004967299597442553,0.0006099528522398052,0.004430025364288992,0.0011875574788049236,-0.0002993651286640908
11.702,0.0,2.805846941929243e-05,-0.0005133008178755294,0.0005546685442957503,0.0044260937983772305,0.0009041184329577519,-0.0005815415624834617
11.722,0.0,9.538961572351324e-05,-0.00046275118883139514,0.0005811272143753139,0.004718743613756655,0.0008891496308841328,-0.0008538113243877454
11.742,0.0,7.478296255197991e-05,-0.0004399148946683888,0.0005708461024090021,0.0047062991424827935,0.0007485429453583597,-0.0007115964986797139
11.762,0.0,7.478296255197991e-05,-0.0004399148946683888,0.0005708461024090021,0.0047062991424827935,0.0007485429453583597,-0.0007115964986797139
11.782,0.0,8.624708656727362e-05,-0.0004005118660580215,0.000563008862655584,0.004691731375557523,0.0004663049488308338,-0.0007117102143755846
11.802,0.0,6.373944615741155e-05,-0.0003976181436524959,0.0005526104206812532,0.0046800604718078625,0.0003253566916963732,-0.000570214842900461
11.822,0.0,2.616189981553732e-05,-0.00038631864047699156,0.0005957885049197204,0.004935834413471642,-0.00011239091811310396,-0.0004183552806189797
11.842,0.0,4.946365869614846e-05,-0.00041196152362256254,0.0005827044047231305,0.0047664788013807345,-0.0006721098541195204,-0.0004282930580876365
11.862,0.0,4.946365869614846e-05,-0.00041196152362256254,0.0005827044047231305,0.0047664788013807345,-0.0006721098541195204,-0.0004282930580876365
11.882,0.0,7.766918657020012e-05,-0.00041327114663654546,0.0005657562954748385,0.004752624808833786,-0.0009550007277897958,-0.00042720748316831577
11.902,0.0,6.823670909396795e-05,-0.0004635750535774142,0.0005133326478240852,0.004341909608130371,-0.0006490710928455249,-0.0004373161764072971
11.922,0.0,0.0001005133712585351,-0.00047086688523170913,0.0004783341844020769,0.004200565858112579,-0.000785630894882301,-0.0005902781108435607
11.942,0.0,6.895864125562739e-05,-0.00044311249631643615,0.00048487544163602144,0.004327848974009758,-0.000931198713133805,-0.0004369373068290555
11.962,0.0,6.895864125562739e-05,-0.00044311249631643615,0.00048487544163602144,0.004327848974009758,-0.000931198713133805,-0.0004369373068290555
11.982,0.0,-1.694271777695959e-05,-0.0004240649721646294,0.0004902500386663762,0.00430533700821964,-0.0010711020171837633,-1.3137558312170311e-05
12.002,0.0,-5.290532188298317e-05,-0.0004436904431843732,0.0005514980239544884,0.004589640550635647,-0.0009437233252780566,0.00013788426119476277
12.022,0.0,-8.902729154856751e-05,-0.0004672869537721366,0.0006163626880186574,0.004734251019806005,-0.0008117061373596845,0.0002776755679550798
12.042,0.0,-8.821224131645337e-05,-0.000511639108659626,0.0006275498478429269,0.004618537522254613,-0.0003788958762197453,0.00013744056158262818
12.062,0.0,-0.00012352322355960703,-0.0005466876029845053,0.0005795873597787561,0.004364795064905499,0.0002004519881717096,0.0001259217921153947
12.082,0.0,-0.00012352322355960703,-0.0005466876029845053,0.0005795873597787561,0.004364795064905499,0.0002004519881717096,0.0001259217921153947
12.102,0.0,-0.00015962751798161352,-0.0005534171284746702,0.0005848249890826479,0.004395161006186799,0.000906364678714652,0.0002656310394555099
12.122,0.0,-0.00019900008137492108,-0.0005432026966603002,0.0006350075281952729,0.004691880687081289,0.001175022383145788,0.0002754711457025936
12.142,0.0,-0.00017321429535918761,-0.0005350418813684193,0.0006285171443792706,0.0046628116540471075,0.0006099835022726247,0.0002760286733608063
12.162,0.0,-0.00017321429535918761,-0.0005350418813684193,0.0006285171443792706,0.0046628116540471075,0.0006099835022726247,0.0002760286733608063
12.182,0.0,-0.0001794773029127499,-0.0005534534653685211,0.0006597585243858415,0.004649129040704851,0.0003275793270257487,0.0002769469720403719
12.202,0.0,-0.00018151347671892858,-0.0006017854218444599,0.0006642178389780394,0.004380519353648723,0.0006240932540917674,0.0002655432618623424
12.222,0.0,-0.00014039303022661656,-0.0006742950557483881,0.0006418176162300755,0.004122443826070572,0.0009201698425859783,-2.7019266559746003e-05
12.242,0.0,-0.0001400044142693629,-0.0006240434704314264,0.0005902801955770741,0.004136791306745867,0.001202957214976657,-2.7563789142684975e-05
12.262,0.0,-0.0001400044142693629,-0.0006240434704314264,0.0005902801955770741,0.004136791306745867,0.001202957214976657,-2.7563789142684975e-05
12.282,0.0,-0.00017237595175559047,-0.000657522372494571,0.0005648929273813257,0.00385699757181,0.0013589609632048813,0.00010299614765887035
12.302,0.0,-0.00014654893558544067,-0.0006225233270038912,0.000602347709034676,0.004110839479816546,0.0007792748381480823,0.00011459097164645194
12.322,0.0,-0.00010737900509851639,-0.000634322378805722,0.0005388394347569844,0.0038531788539246546,0.0010756736966706303,-0.00017939541267521282
12.342,0.0,-8.241589672929854e-05,-0.0006173121167502321,0.0005393788133926596,0.0038651160715082035,0.0012158515325213911,-0.0003202009474011319
12.362,0.0,-8.241589672929854e-05,-0.0006173121167502321,0.0005393788133926596,0.0038651160715082035,0.0012158515325213911,-0.0003202009474011319
12.382,0.0,-3.729715595707603e-05,-0.0006250838255884956,0.0005045789303384456,0.00373762546409598,0.001360778382629843,-0.00047345082410478755
12.402,0.0,-2.5741970228199187e-05,-0.0006230803414364202,0.0005318041976357601,0.003889763967289147,0.0014978156024004628,-0.0006034655884220939
12.422,0.0,2.1160762723236e-07,-0.000663171004231994,0.0004908157942472218,0.003592722835922381,0.0012291772366616429,-0.0006132264766914128
12.442,0.0,1.001380164807827e-05,-0.0006535990186117202,0.0004618669104628351,0.00357928944526126,0.0009471483593169395,-0.0006123847037572819
12.462,0.0,4.902807554710566e-06,-0.0006431945267795794,0.0004410268784536246,0.003592722835922381,0.0012291772366616429,-0.0006132264766914128
12.482,0.0,4.902807554710566e-06,-0.0006431945267795794,0.0004410268784536246,0.003592722835922381,0.0012291772366616429,-0.0006132264766914128
12.502,0.0,5.6921103369628286e-05,-0.0006443977429470433,0.0005031679231679013,0.003704577124756981,0.000513253183312272,-0.0007539293152895749
12.522,0.0,9.698891334608465e-05,-0.0006505952258524316,0.0004393571998348389,0.0035487423962789824,0.00024012212812957604,-0.0007529383510888982
12.542,0.0,7.018141246739653e-05,-0.0006312747179705471,0.00041080361990775816,0.003410097457326545,0.00038626024355864475,-0.0006227077286283941
12.562,0.0,7.018141246739653e-05,-0.0006312747179705471,0.00041080361990775816,0.003410097457326545,0.00038626024355864475,-0.0006227077286283941
12.582,0.0,2.9621033223463456e-05,-0.0006340542731422345,0.00045448801695333415,0.003564554794481698,0.0006649053823586592,-0.0006124112123183897
12.602,0.0,-1.6916610386394676e-05,-0.0006123562432903373,0.00048653986364915444,0.0038222958616946643,0.00036837460533575074,-0.0003186277799062558
12.622,0.0,-0.0001287038596844906,-0.0006283129367705985,0.00045541939908318624,0.0035463030477671936,0.0008071090710622586,9.32106800988684e-05
12.642,0.0,-0.00010493657765797983,-0.0006033955447301226,0.0004897949332960443,0.0038407300511536773,0.0009340242129612168,-3.8164275713843814e-05
12.662,0.0,-0.00010493657765797983,-0.0006033955447301226,0.0004897949332960443,0.0038407300511536773,0.0009340242129612168,-3.8164275713843814e-05
12.682,0.0,-0.0001366337074139777,-0.0005538617184639112,0.0005199001736223761,0.0041514517780017945,0.0014849859308245293,-2.7451336708096716e-05
12.702,0.0,-0.00013487649052616168,-0.0005637482569012016,0.0005521013863973988,0.004122443826070572,0.0009201698425859783,-2.7019266559746003e-05
12.722,0.0,-9.418319695974589e-05,-0.000568054279778036,0.0005450280511244817,0.004121313755895118,0.0007786252447508781,-0.00016834876488946572
12.742,0.0,-0.00011037958565591116,-0.0005486752150290476,0.00050703260587729,0.003982764483105812,0.0009247337283674229,-3.819193307145909e-05
12.762,0.0,-0.00011037958565591116,-0.0005486752150290476,0.00050703260587729,0.003982764483105812,0.0009247337283674229,-3.819193307145909e-05
12.782,0.0,-8.983615386660084e-05,-0.000528224406659244,0.0005352973416562884,0.004121313755895118,0.0007786252447508781,-0.00016834876488946572
12.802,0.0,-1.560508224877925e-05,-0.0005407035076581674,0.0005492585980064946,0.0042308466196525705,-7.910753053092332e-05,-0.0004495718756792519
12.822,0.0,9.862349732873524e-05,-0.00048784330457577954,0.0005348148195562161,0.004352393354616942,-0.0006496690191460587,-0.0007200860728854036
12.842,0.0,0.0001575255350751698,-0.000493472580987775,0.0005091884216223388,0.004336859278123241,-0.0010738528555983115,-0.0008608168722264515
12.862,0.0,0.0001575255350751698,-0.000493472580987775,0.0005091884216223388,0.004336859278123241,-0.0010738528555983115,-0.0008608168722264515
12.882,0.0,0.00020683147431641295,-0.00045039710308518205,0.0005579924059159074,0.004602541317148187,-0.0015113961507670223,-0.0009909444134854994
12.902,0.0,0.00015510681328209612,-0.0004830062108763096,0.0005205998371391933,0.004322782890085421,-0.0013561172591153052,-0.000860418238527326
12.922,0.0,0.0001756274082743981,-0.0004489829696299504,0.0005923793147274691,0.004845901529177553,-0.0020899321166121107,-0.0006968365510562564
12.942,0.0,0.00021534529332595804,-0.00043741393102852256,0.0005557363022197219,0.004732535165985178,-0.0016630375712497491,-0.0008503865752851653
12.962,0.0,0.00021534529332595804,-0.00043741393102852256,0.0005557363022197219,0.004732535165985178,-0.0016630375712497491,-0.0008503865752851653
12.982,0.0,0.00019178860788003225,-0.00040716353562474556,0.0006189110971219924,0.005000957575506584,-0.0019583024551839403,-0.0008398354113885327
13.002,0.0,0.00012583676310178203,-0.0004029904850684874,0.0006593892398538691,0.005272484101727455,-0.001971865489754374,-0.0005465952643081935
13.022,0.0,0.000137655332298863,-0.00041890484762895016,0.0006527215925393211,0.005143031631834335,-0.0018219062399326134,-0.0006876437670513833
13.042,0.0,3.215961297813639e-05,-0.00045978585702597535,0.000572566725185484,0.004754719642153172,-0.0008133962399847445,-0.00028667219080975756
13.062,0.0,3.215961297813639e-05,-0.00045978585702597535,0.000572566725185484,0.004754719642153172,-0.0008133962399847445,-0.00028667219080975756
13.082,0.0,7.928754156755514e-06,-0.00048375239678623906,0.0005482235473816602,0.004460513492367745,-0.0009396108721830903,-0.00015628215229382284
13.102,0.0,-4.0080010592382876e-05,-0.0004929380141082903,0.000526912032647708,0.004334299178212244,-0.0005061526391169199,-1.3651536265134333e-05
13.122,0.0,4.3116229848635525e-05,-0.0005084174306019568,0.00046887780605802483,0.004047432452011226,-0.0007754636616109976,-0.0003068283664854037
13.142,0.0,-7.687735591921137e-05,-0.0005239449372549472,0.0004558710859314702,0.0037850953932851835,-5.3823906740046135e-05,0.00010517231252989187
13.162,0.0,-4.470180864709468e-05,-0.0005580398845366831,0.0003779451436590176,0.0033613539261727176,-0.00017692620746449856,-5.7618251282392615e-05
13.182,0.0,-4.470180864709468e-05,-0.0005580398845366831,0.0003779451436590176,0.0033613539261727176,-0.00017692620746449856,-5.7618251282392615e-05
13.202,0.0,-4.441136910317479e-05,-0.0006007244165228882,0.0003735180399956777,0.0031904705859165496,-0.0007322270385440226,-5.5329045998387226e-05
13.222,0.0,-5.0498995932860294e-05,-0.0005684090365656489,0.00043500287152763395,0.0035883843583111126,-0.0011789275786220732,9.598339300346601e-05
13.242,0.0,-5.730604649134478e-06,-0.0006185624284117009,0.0004286775000531834,0.003485018304757569,-0.0006050387332827765,-0.00018669201957116247
13.262,0.0,-4.397277700047747e-05,-0.0005943775619556361,0.000425930265363705,0.0034872916510047458,-0.0004641739698384294,-4.534318064010944e-05
13.282,0.0,-4.397277700047747e-05,-0.0005943775619556361,0.000425930265363705,0.0034872916510047458,-0.0004641739698384294,-4.534318064010944e-05
13.302,0.0,-7.241366805982018e-05,-0.0005752086673313391,0.00047675758927335176,0.0037838805580169992,-0.00019549584654728316,-3.623557082709862e-05
13.322,0.0,-0.00010925575011919665,-0.0005778718021988078,0.0005314362812265867,0.003915159684794915,-0.00020444939999199674,0.0002449885096755301
13.342,0.0,-8.078448209916542e-05,-0.0005593592089241056,0.000594036485074634,0.004336215040195229,-0.000364735416327494,0.00012704866463954646
13.362,0.0,-9.551173687634202e-05,-0.0005410012856645649,0.0006586951793518884,0.004603856501334895,-0.0006615432552617333,0.00013741715558835356
13.382,0.0,-9.551173687634202e-05,-0.0005410012856645649,0.0006586951793518884,0.004603856501334895,-0.0006615432552617333,0.00013741715558835356
13.402,0.0,-7.656436784480084e-05,-0.0005284308501909323,0.0006577368428025619,0.004732244509979941,-0.0009532343230577848,0.0001370767305111541
13.422,0.0,-0.00010388642144449276,-0.0005032219707903673,0.0006921419892211594,0.00488596290656316,-0.000675826952603023,0.0001478801809796288
13.442,0.0,-0.00015635645198526943,-0.0005155454480076276,0.0006710903832422131,0.004649129040704851,0.0003275793270257487,0.0002769469720403719
13.462,0.0,-6.584111960870239e-05,-0.0005828237085468956,0.000632631756936214,0.004375349981730152,0.0001998092468325609,-0.00015708261494196224
13.482,0.0,-6.584111960870239e-05,-0.0005828237085468956,0.000632631756936214,0.004375349981730152,0.0001998092468325609,-0.00015708261494196224
13.502,0.0,-9.248821756468679e-05,-0.0005888269425187288,0.0006228616790073182,0.0043500566643147635,-8.209290346986272e-05,0.00012591717935316792
13.522,0.0,-5.026100229063207e-05,-0.0005941633342429429,0.0006450243446807862,0.004360839128750601,-8.338319351537615e-05,-0.00015635664227936564
13.542,0.0,-1.0438588132190678e-05,-0.0005839548113244806,0.0006348538564891033,0.004486647257526574,-0.0005170822392966241,-0.0002975559028350872
13.562,0.0,1.3383642619296176e-05,-0.0006201240282649614,0.0006312085545178203,0.0043299519798271685,-0.000789569357327428,-0.0002964732237169116
13.582,0.0,1.3383642619296176e-05,-0.0006201240282649614,0.0006312085545178203,0.0043299519798271685,-0.000789569357327428,-0.0002964732237169116
13.602,0.0,5.164657443284003e-05,-0.0006094584414834713,0.0006412973942534181,0.00445758104591779,-0.0010820327718845367,-0.0002969988796997305
13.622,0.0,2.9095039989355704e-07,-0.0006321851331434545,0.0005909593143339783,0.0042181048110510955,-0.00022024435384475615,-0.000309038645221104
13.642,0.0,5.286131653364762e-05,-0.0006145759161089353,0.0006401638809989148,0.004369210202930993,-0.00022552990442163123,-0.0005796441742710574
13.662,0.0,5.9573112072169924e-05,-0.0006553339061851385,0.0006304818974809624,0.004369210202930993,-0.00022552990442163123,-0.0005796441742710574
13.682,0.0,5.9573112072169924e-05,-0.0006553339061851385,0.0006304818974809624,0.004369210202930993,-0.00022552990442163123,-0.0005796441742710574
13.702,0.0,8.13954579605736e-05,-0.0006208764897909233,0.0006662778966277789,0.004649484956603774,-0.0003811899309912668,-0.0007097084539149076
13.722,0.0,-3.7019219717244086e-05,-0.0006364359374839079,0.0006232951946840629,0.004387191430277193,0.00034006092096099637,-0.0002978359770141895
13.742,0.0,2.081271968025476e-05,-0.0006042756865815704,0.0006816414917337891,0.004652897331182396,-9.785597431666084e-05,-0.00042804661988347264
13.762,0.0,-5.107523012318375e-05,-0.0006554340552783573,0.0006625571733001656,0.004387191430277193,0.00034006092096099637,-0.0002978359770141895
13.782,0.0,-5.107523012318375e-05,-0.0006554340552783573,0.0006625571733001656,0.004387191430277193,0.00034006092096099637,-0.0002978359770141895
13.802,0.0,-3.373169972907018e-05,-0.0006020739215100543,0.0007519054839469672,0.004937228795274445,2.9436523050918235e-05,-0.0002771613090326317
13.822,0.0,-7.082567983419286e-05,-0.0006291917247346705,0.0007477822740395066,0.004966217013673825,0.0005947930249939697,-0.00027760464298675583
13.842,0.0,-5.997085786284617e-05,-0.0006574835517268786,0.0006950845403081338,0.004681287966418941,0.0004670002537731328,-0.0004289727438065213
13.862,0.0,-0.00010755203770216157,-0.0006755852208767879,0.0006867514388550632,0.004517104485572187,0.00018946989334900745,-0.0001580387414292732
13.882,0.0,-0.00010755203770216157,-0.0006755852208767879,0.0006867514388550632,0.004517104485572187,0.00018946989334900745,-0.0001580387414292732
13.902,0.0,-0.0001410501123586518,-0.0006313953646329226,0.0007464840283747392,0.004929380827280695,0.00017204766983594028,0.00014673957717959842
13.922,0.0,-0.00011664570543152123,-0.000614399368459071,0.000756988504903974,0.00494110585644837,0.0003131806418666817,5.173012086077047e-06
13.942,0.0,-5.544420595282123e-05,-0.0006170850181953395,0.0006976394692090368,0.004643109356047391,-9.755525527296474e-05,-0.00014584589971222087
13.962,0.0,-1.826874721489999e-05,-0.0006168525584639933,0.0007183620197171425,0.004768837403298649,-0.0005312463974197978,-0.00028707031060622623
13.982,0.0,-1.826874721489999e-05,-0.0006168525584639933,0.0007183620197171425,0.004768837403298649,-0.0005312463974197978,-0.00028707031060622623
14.002,0.0,-4.439932577484585e-05,-0.0005906349148272962,0.0007328318583858369,0.004923258181687579,-0.00025327417588744887,-0.00027593091957690434
14.022,0.0,-5.357800887866721e-05,-0.0005588075353100602,0.0007131871350682787,0.00491122989500715,-0.00039371085916592495,-0.0001350699588890983
14.042,0.0,-5.094114568852766e-05,-0.0005871967550042055,0.0006678667070177033,0.004643109356047391,-9.755525527296474e-05,-0.00014584589971222087
14.062,0.0,-4.8599961961627935e-05,-0.0005941353702202856,0.0006150703536308259,0.004360839128750601,-8.338319351537615e-05,-0.00015635664227936564
14.082,0.0,-4.8599961961627935e-05,-0.0005941353702202856,0.0006150703536308259,0.004360839128750601,-8.338319351537615e-05,-0.00015635664227936564
14.102,0.0,-5.030844599924238e-05,-0.0006384813031808918,0.0006270233718219539,0.004234757086014006,0.0002035944954698505,-0.00016845839940075806
14.122,0.0,-8.31952539528747e-06,-0.0006357597203017134,0.0006025277393261595,0.004090112115845148,7.182355186424166e-05,-0.00030823707641523254
14.142,0.0,-2.5940524076779748e-05,-0.0007014742966777946,0.0005684447675004984,0.0037958472922046222,-5.5115180036305136e-05,-0.00017707956868729272
14.162,0.0,-4.997062341810385e-05,-0.0007219425043829943,0.0005612026202405692,0.0036412007212532176,-0.0003331751208397129,-0.0001881379237338596
14.182,0.0,-4.997062341810385e-05,-0.0007219425043829943,0.0005612026202405692,0.0036412007212532176,-0.0003331751208397129,-0.0001881379237338596
14.202,0.0,-7.299651371598379e-05,-0.0007166337101618971,0.000606752441726093,0.0037838805580169992,-0.00019549584654728316,-3.623557082709862e-05
14.222,0.0,-2.4445969391751106e-05,-0.000664164345556316,0.0006131562701799783,0.004076278026783286,-0.000210765129110453,-0.0003071607794883938
14.242,0.0,5.7545767629786334e-05,-0.0006874267751615869,0.0005277645031994857,0.003736608532228079,-0.001325845459616064,-0.00031630796521472064
14.262,0.0,0.00013213154305088262,-0.0006990295501587007,0.0005158850527625971,0.003605908654846847,-0.001463885359807686,-0.0007514133911871336
14.282,0.0,0.00013213154305088262,-0.0006990295501587007,0.0005158850527625971,0.003605908654846847,-0.001463885359807686,-0.0007514133911871336
14.302,0.0,0.0001325048846222454,-0.000719475140064797,0.0005243738892691676,0.003620014662256704,-0.0011815587244037532,-0.000751726516330101
14.322,0.0,0.00015154040340657082,-0.0006705997385764791,0.0005779743906538347,0.004025992606511202,-0.0016244781117346373,-0.0008702423702396163
14.342,0.0,0.0001799004313716916,-0.0006873002510805272,0.00046076993940973656,0.0034733805576693316,-0.0014551003162764462,-0.0010332582341849163
14.362,0.0,0.00017592959045444843,-0.0006565082024465538,0.0005318425964699457,0.003885473127822372,-0.0016204764812505499,-0.0008816176804953348
14.382,0.0,0.00017592959045444843,-0.0006565082024465538,0.0005318425964699457,0.003885473127822372,-0.0016204764812505499,-0.0008816176804953348
14.402,0.0,0.0002191518950795162,-0.0006398250240995881,0.0005148523488705889,0.003882986547126866,-0.0017616448533103709,-0.0010226081782773277
14.422,0.0,0.0001736171246830846,-0.0006162416920605211,0.0005112413280841833,0.0039004294203428694,-0.0013374196048330787,-0.000881739878408375
14.442,0.0,0.00013511821971937856,-0.000611918108765626,0.00047842989232064315,0.003901780283048397,-0.0011954023460091793,-0.000740590303908642
14.462,0.0,0.00010077506295823796,-0.0006553857139434727,0.0004719788167175102,0.0036214438429509853,-0.0010395730398685872,-0.0006107135414735901
14.482,0.0,0.00010077506295823796,-0.0006553857139434727,0.0004719788167175102,0.0036214438429509853,-0.0010395730398685872,-0.0006107135414735901
14.502,0.0,4.418207583993834e-05,-0.000661254130762633,0.0004861641798222322,0.00365169235230225,-0.0003338608289106239,-0.0004710046469777987
14.522,0.0,1.0700636940558391e-06,-0.0006325833444766366,0.0005211500367261895,0.0037797103563233085,-0.00047858988627746827,-0.0003172226074139669
14.542,0.0,4.3318478316223774e-05,-0.0006000791879951337,0.0005480437688638833,0.004060223979266218,-0.000635216527547004,-0.0004484439005461075
14.562,0.0,4.576125009082771e-05,-0.0005801583490069621,0.0005381850797058886,0.004060223979266218,-0.000635216527547004,-0.0004484439005461075
14.582,0.0,4.576125009082771e-05,-0.0005801583490069621,0.0005381850797058886,0.004060223979266218,-0.000635216527547004,-0.0004484439005461075
14.602,0.0,-3.514143592699644e-05,-0.0005139304587786872,0.0006467298866546593,0.00477092920648202,-0.0003897057383914645,-0.00014661637208536907
14.622,0.0,4.349327883647038e-06,-0.0004779125046605841,0.0007306191945736083,0.0051899837321329936,-0.0006913583692751935,-0.00040634003604745424
14.642,0.0,-3.012465165065759e-05,-0.0004875283284308061,0.0007819499236906474,0.005474049591536674,-0.0005640137827907638,-0.0002553195284572898
14.662,0.0,3.209100900256187e-05,-0.00046926404519139045,0.0008031664628005277,0.005611218963144865,-0.0008567511817095595,-0.0005380461587373421
14.682,0.0,3.209100900256187e-05,-0.00046926404519139045,0.0008031664628005277,0.005611218963144865,-0.0008567511817095595,-0.0005380461587373421
14.702,0.0,-1.0524529282027377e-05,-0.0005093487337473318,0.0008121994868133574,0.0054857611344795165,-0.00042285212966864066,-0.0003968484374879535
14.722,0.0,1.5740444330748317e-05,-0.00047188016012810033,0.000774270399252507,0.00548382950010637,-0.0005643032554739324,-0.0005374649736514937
14.742,0.0,-4.141910599137432e-05,-0.0004825929445439444,0.0008188264930124682,0.0056162729492071385,-0.0005736603267694051,-0.0002559646620679329
14.762,0.0,-4.508161085531344e-05,-0.00048155828768039615,0.0008284887517488943,0.005602767576205105,-0.0007145572872147704,-0.00011469314845510907
14.782,0.0,-4.508161085531344e-05,-0.00048155828768039615,0.0008284887517488943,0.005602767576205105,-0.0007145572872147704,-0.00011469314845510907
14.802,0.0,-6.908413714413935e-05,-0.0004886125274586454,0.0008280356642657253,0.005590738251308037,-0.0008550998261785774,2.6238990287667378e-05
14.822,0.0,-6.538520873246775e-05,-0.0005140462152862388,0.0008193829851645727,0.005475288857997131,-0.00042219839885104614,-0.00011400775931261895
14.842,0.0,-1.5209774872486227e-05,-0.000570052436676489,0.0007424369920111093,0.005050984641115456,-0.0005454813190366062,-0.00027661407911263897
14.862,0.0,-7.514239439331393e-05,-0.0005579121531997287,0.0006094058794523507,0.0045045708102770384,4.954143065674799e-05,-1.6595129435885522e-05
14.882,0.0,-7.514239439331393e-05,-0.0005579121531997287,0.0006094058794523507,0.0045045708102770384,4.954143065674799e-05,-1.6595129435885522e-05
14.902,0.0,-2.0108181948047454e-05,-0.0005461945741587117,0.000546587439726051,0.004360839128750601,-8.338319351537615e-05,-0.00015635664227936564
14.922,0.0,-3.4047997280059e-05,-0.0006019643671737302,0.0005218852870520454,0.004078437521204015,-6.924582142876384e-05,-0.0001667206690757922
14.942,0.0,2.246642912057225e-06,-0.0005818251532084068,0.0005334325017140779,0.004192267558097319,-0.000643416638001812,-0.00016705069682929288
14.962,0.0,-1.8981146492707437e-05,-0.000613314519583136,0.0005432763059959851,0.004064376542884472,-0.00035112873419847847,-0.00016637776747281406
14.982,0.0,-1.8981146492707437e-05,-0.000613314519583136,0.0005432763059959851,0.004064376542884472,-0.00035112873419847847,-0.00016637776747281406
15.002,0.0,7.253668437144024e-05,-0.000602357025764859,0.0005111198907399414,0.004046184356775797,-0.0009173296600508889,-0.0004481255967198522
15.022,0.0,0.00013133905129581404,-0.0006243650643793506,0.000451912056674232,0.0037493861886209534,-0.0011855651814594013,-0.0004579793763293855
15.042,0.0,9.040887497423986e-05,-0.0005868379210622061,0.00045412503688546034,0.003920234033562162,-0.0006299222730770512,-0.0004602680859107525
15.062,0.0,2.62510290749542e-05,-0.0005846178402928002,0.00045336126873198073,0.0037677896773803776,-0.0006189905914069358,-0.00017644451973288942
15.082,0.0,2.62510290749542e-05,-0.0005846178402928002,0.00045336126873198073,0.0037677896773803776,-0.0006189905914069358,-0.00017644451973288942
15.102,0.0,3.269912949803899e-05,-0.0005542713968392171,0.0005256556060758148,0.004178233163385929,-0.0009254294647010907,-0.00016671864177844175
15.122,0.0,2.0121333980723962e-05,-0.0005663409110539796,0.0006080453102358975,0.004472473324430231,-0.0007991861591698497,-0.00029714512758047354
15.142,0.0,1.5156491983005029e-05,-0.0005554402237559102,0.0007081511396361041,0.004894387201230489,-0.000817987766779056,-0.0002755382312373343
15.162,0.0,6.91707237801094e-06,-0.0005275976079077945,0.0006721453854619862,0.004742749907899141,-0.000953852206761997,-0.00014587995595615955
15.182,0.0,6.91707237801094e-06,-0.0005275976079077945,0.0006721453854619862,0.004742749907899141,-0.000953852206761997,-0.00014587995595615955
15.202,0.0,2.8680930789707693e-05,-0.0005200081487367548,0.0006639784397707663,0.004739815757985164,-0.0010962542617251772,-0.0002865760099928905
15.222,0.0,7.400661347819183e-05,-0.0004933803360751801,0.0006260910743436284,0.004737708206431582,-0.0012379119667187805,-0.00042698893563720335
15.242,0.0,6.775093552385674e-05,-0.00048300065893405004,0.0006252494898983969,0.004752624808833786,-0.0009550007277897958,-0.00042720748316831577
15.262,0.0,-1.0850785314284426e-05,-0.0005098513804661079,0.0006307559533873124,0.004641193125044331,-0.00023892030863098573,-0.0002864722195168379
15.282,0.0,-1.0850785314284426e-05,-0.0005098513804661079,0.0006307559533873124,0.004641193125044331,-0.00023892030863098573,-0.0002864722195168379
15.302,0.0,7.532038179334885e-05,-0.0005222850320392943,0.000612430788660559,0.004468180866726054,-0.0010825964300328376,-0.0005799256364189464
15.322,0.0,0.0001312714477783,-0.0005175362326332211,0.0005852649111047471,0.004478572628024974,-0.0010832484609792855,-0.0008625668490235805
15.342,0.0,0.00015488717340123387,-0.0005204045059744428,0.0005757065503515143,0.004491196930424391,-0.0009421700035714674,-0.001002923384038999
15.362,0.0,0.00012043463543830261,-0.0005095576557110815,0.0005480561394943458,0.004324134314048967,-0.001214121678044498,-0.0007193068562566924
15.382,0.0,0.00012043463543830261,-0.0005095576557110815,0.0005480561394943458,0.004324134314048967,-0.001214121678044498,-0.0007193068562566924
15.402,0.0,0.0001910772548482847,-0.0005369629454696538,0.00046270860268389887,0.003885473127822372,-0.0016204764812505499,-0.0008816176804953348
15.422,0.0,0.00017420923759763616,-0.0005321926226368324,0.0005062326551287471,0.004054482076413648,-0.0010596941308102124,-0.0008712480526877238
15.442,0.0,0.00014270339748572502,-0.0005736917410430936,0.000516572100549296,0.003928543531512227,-0.0007721745442430852,-0.0008834078755676481
15.462,0.0,0.00010083505637080084,-0.0005998255881145515,0.0005430951925700432,0.003943952564815224,-0.0003482777513465594,-0.0007425785204744183
15.482,0.0,0.00010083505637080084,-0.0005998255881145515,0.0005430951925700432,0.003943952564815224,-0.0003482777513465594,-0.0007425785204744183
15.502,0.0,8.970247332909535e-05,-0.0006153678178335692,0.0005784001233943517,0.00409851457792185,-7.023250217087048e-05,-0.0007315184217446583
15.522,0.0,3.673305114719412e-05,-0.0005062705956183722,0.0006712078255145385,0.0046800604718078625,0.0003253566916963732,-0.000570214842900461
15.542,0.0,-7.530649263417675e-06,-0.0005254263004311689,0.0007505064298001767,0.004977992928873646,0.0007358087691971046,-0.0004192622311309754
15.562,0.0,-4.466896116216971e-05,-0.0005127289599833783,0.0007572692312584609,0.004994455559854246,0.0011591397343975191,-0.00027849503025102426
15.582,0.0,-4.466896116216971e-05,-0.0005127289599833783,0.0007572692312584609,0.004994455559854246,0.0011591397343975191,-0.00027849503025102426
15.602,0.0,-6.459826727786743e-05,-0.0005412198802024317,0.000754610246790886,0.005008862771390494,0.0014418950329820985,-0.00027911770168456517
15.622,0.0,-3.626738859576228e-05,-0.0005505163471683305,0.0007238310520047487,0.004712298455097847,0.0011733142656927093,-0.0002889447607169311
15.642,0.0,-0.00016310978195270984,-0.0005605657838010533,0.0007886654686880557,0.004999970745889501,0.0015843076535038683,0.0001437908394735335
15.662,0.0,-0.00014996660211666043,-0.0005590132639760831,0.0007461725679682052,0.004716128453908809,0.0014566580402225662,-6.640718731965207e-06
15.682,0.0,-0.00014996660211666043,-0.0005590132639760831,0.0007461725679682052,0.004716128453908809,0.0014566580402225662,-6.640718731965207e-06
15.702,0.0,-0.00010732554687236518,-0.0005165338276806473,0.0007831315570612035,0.004996336322013674,0.0013002709138288753,-0.00013775703298483775
15.722,0.0,-5.8855316255721635e-05,-0.0004828417683635046,0.0007824188773872758,0.00524829649899403,0.0005805295624740508,-0.0002671814969749889
15.742,0.0,-9.516533829389779e-05,-0.0005058339561825581,0.0007382223335072201,0.00494110585644837,0.0003131806418666817,5.173012086077047e-06
15.762,0.0,-5.9033639892669636e-05,-0.0005558756611612342,0.0006777906426540401,0.004644419921705232,4.421903173964832e-05,-4.61583226039324e-06
15.782,0.0,-5.9033639892669636e-05,-0.0005558756611612342,0.0006777906426540401,0.004644419921705232,4.421903173964832e-05,-4.61583226039324e-06
15.802,0.0,-7.420758224384219e-05,-0.0005688366212399851,0.0005691003471639481,0.004079586026159225,7.241824411387822e-05,-2.539594777283939e-05
15.822,0.0,-2.5476079712287696e-05,-0.0005695758019764297,0.0005604212646860539,0.004206345975699875,-0.00036133843143436664,-0.00016743685021452612
15.842,0.0,-1.6432849997097787e-05,-0.0005361675189460702,0.0005789011314949881,0.004332046840411395,-0.0006479551504187841,-0.000155990463920839
15.862,0.0,-4.8783907595963266e-05,-0.0005578235869055245,0.000557080355082472,0.004234757086014006,0.0002035944954698505,-0.00016845839940075806
15.882,0.0,-4.8783907595963266e-05,-0.0005578235869055245,0.000557080355082472,0.004234757086014006,0.0002035944954698505,-0.00016845839940075806
15.902,0.0,1.701835452471796e-05,-0.0005375240074936809,0.000504550682959854,0.004088118875738201,-6.952538116126996e-05,-0.0004488198809578961
15.922,0.0,3.1447683426118336e-05,-0.0005255759863420871,0.0005109517363788696,0.004243299317443962,6.170146424575966e-05,-0.0005918073826243814
15.942,0.0,1.2435399660521476e-05,-0.0005832483066209849,0.00045119764296912876,0.003793764657449358,-0.00019667771644117963,-0.0003176211000586661
15.962,0.0,-6.911143098186037e-05,-0.0005926993947396713,0.0005019939039614975,0.003952296278761651,0.00021778167478257225,-0.00017883979537133344
15.982,0.0,-6.911143098186037e-05,-0.0005926993947396713,0.0005019939039614975,0.003952296278761651,0.00021778167478257225,-0.00017883979537133344
16.002,0.0,-6.918674185999157e-05,-0.0005693168290487185,0.0005277924677796621,0.00409423863768225,0.00035569693890071186,-2.6213423334049772e-05
16.022,0.0,-3.9592677777314785e-05,-0.0005995166421959001,0.0004961828175248984,0.0038104087895845487,0.00022812071117378068,-0.00017787530414497228
16.042,0.0,6.381511628865283e-07,-0.00060279239328145,0.0004990808131148986,0.003808329801923202,8.670119718435457e-05,-0.0003183147975675361
16.062,0.0,1.7549305370832803e-06,-0.0006410947313532737,0.0004646635870446459,0.003539624526188437,0.00038250184534583743,-0.0003289378404534138
16.082,0.0,1.7549305370832803e-06,-0.0006410947313532737,0.0004646635870446459,0.003539624526188437,0.00038250184534583743,-0.0003289378404534138
16.102,0.0,-0.0001193227368414133,-0.0006292770448597097,0.0004659581445983776,0.0035463030477671936,0.0008071090710622586,9.32106800988684e-05
16.122,0.0,-6.867827028478806e-05,-0.00063648509059492,0.0005354585711545957,0.003798661335429653,8.70233750072498e-05,-3.617852190971699e-05
16.142,0.0,-5.5539193821850325e-05,-0.0006280158543105216,0.0005446711948029097,0.0038123103196496667,0.0003694732101178588,-3.714736580737036e-05
16.162,0.0,-0.00010571509184757622,-0.0006531386315991333,0.0005406499786170053,0.003828289984811021,0.0007933875618807996,0.00010421087880708805
16.182,0.0,-0.00010571509184757622,-0.0006531386315991333,0.0005406499786170053,0.003828289984811021,0.0007933875618807996,0.00010421087880708805
16.202,0.0,-0.00010811952704594591,-0.0006133978527614436,0.0005296675408903177,0.0038407300511536773,0.0009340242129612168,-3.8164275713843814e-05
16.222,0.0,-7.770494621609045e-05,-0.0005858487193339525,0.0005229328207006378,0.0038269233360832037,0.000651699849206679,-3.705325332109858e-05
16.242,0.0,-4.762782289125354e-05,-0.0005682391575198637,0.000505121696094908,0.0038123103196496667,0.0003694732101178588,-3.714736580737036e-05
16.262,0.0,-2.7317230397568506e-05,-0.0005193658286159722,0.0005488354149431653,0.004220933211270589,-7.800264269539647e-05,-0.00016820997520225963
16.282,0.0,-2.7317230397568506e-05,-0.0005193658286159722,0.0005488354149431653,0.004220933211270589,-7.800264269539647e-05,-0.00016820997520225963
16.302,0.0,-1.2296318621346465e-05,-0.0005167917185992817,0.0005876458787614648,0.004346672863026254,-0.0003653530215613661,-0.00015587590472237566
16.322,0.0,1.5290918280272182e-06,-0.0005048128590849411,0.0006050032711171894,0.0045004381177820435,-0.00023436234037948347,-0.0002986496150333311
16.342,0.0,5.3302173879097385e-05,-0.0005309066541406878,0.0005371452879344129,0.004074938599177345,-0.0003516948544677598,-0.0004493130194390135
16.362,0.0,1.4073809940998395e-05,-0.0005195709865191072,0.0004787038073781288,0.0039238371013357535,-0.00034729355908950043,-0.00017785357546181772
16.382,0.0,1.4073809940998395e-05,-0.0005195709865191072,0.0004787038073781288,0.0039238371013357535,-0.00034729355908950043,-0.00017785357546181772
16.402,0.0,6.978833100633782e-05,-0.0005212620459419828,0.0005103942805571368,0.004047432452011226,-0.0007754636616109976,-0.0003068283664854037
16.422,0.0,0.00013231745087549312,-0.0005169514659246808,0.000495133119457762,0.004043991999234059,-0.0010590741952421065,-0.0005885055450818019
16.442,0.0,0.00012336748881538938,-0.0005199618745158519,0.0004772317280478906,0.003904138136805679,-0.0010535747195709207,-0.0006003837665472927
16.462,0.0,0.0001055899503574387,-0.0005757376788152737,0.0004631945446186634,0.003609630924817145,-0.0011808847385060665,-0.00046904541361702276
16.482,0.0,0.0001055899503574387,-0.0005757376788152737,0.0004631945446186634,0.003609630924817145,-0.0011808847385060665,-0.00046904541361702276
16.502,0.0,0.0001010533725170052,-0.0005763168002943859,0.0004715750326850861,0.003635583595972427,-0.0007573321534813411,-0.0006110609469104373
16.522,0.0,6.163347771934067e-05,-0.0005686501868563849,0.0005046798598955159,0.0037922557426958974,-0.0003376711310575496,-0.00045953212313739694
16.542,0.0,3.274051578558611e-05,-0.0005896997151671604,0.0004944647801106365,0.003667713183552099,9.047824452405504e-05,-0.00032970702761814745
16.562,0.0,-3.816617388298816e-05,-0.0005582175607135775,0.0006191543686634704,0.004207580216916678,-0.00021966990981677834,-2.6199035624357123e-05
16.582,0.0,-3.816617388298816e-05,-0.0005582175607135775,0.0006191543686634704,0.004207580216916678,-0.00021966990981677834,-2.6199035624357123e-05
16.602,0.0,3.9340051070033815e-05,-0.0005523464885893332,0.0006427184839894054,0.0043299519798271685,-0.000789569357327428,-0.0002964732237169116
16.622,0.0,9.639501094636931e-05,-0.0005401132592608725,0.0006809386539078997,0.004596660217741321,-0.0012279803089146207,-0.0004267686270822329
16.642,0.0,5.8810101902722e-05,-0.0005671867112674601,0.0006363814003678631,0.004190177375752722,-0.0007849322100713991,-0.000307557619100264
16.662,0.0,4.300984154373023e-05,-0.0005482820076577514,0.000671450828398867,0.004443477256743134,-0.0013643174337357729,-0.000296668105971737
16.682,0.0,4.300984154373023e-05,-0.0005482820076577514,0.000671450828398867,0.004443477256743134,-0.0013643174337357729,-0.000296668105971737
16.702,0.0,5.5209061761001084e-05,-0.000522898679755238,0.0007255244467251648,0.004739815757985164,-0.0010962542617251772,-0.0002865760099928905
16.722,0.0,2.196461752810761e-05,-0.0005101941839361537,0.0007206622431912264,0.004768837403298649,-0.0005312463974197978,-0.00028707031060622623
16.742,0.0,2.6618359856079158e-05,-0.0005434692080033807,0.0007049530031628943,0.004612196419381913,-0.0008037463126482876,-0.0002860431771380571
16.762,0.0,9.057591025312459e-05,-0.0005302000219424866,0.0006797656994082906,0.004608831397138362,-0.0010873217706800972,-0.0005676937097338095
16.782,0.0,9.057591025312459e-05,-0.0005302000219424866,0.0006797656994082906,0.004608831397138362,-0.0010873217706800972,-0.0005676937097338095
16.802,0.0,0.00012751090479407699,-0.0005041500221793611,0.0006609262933305219,0.004620537506055677,-0.000946050150479897,-0.0007092131063930474
16.822,0.0,0.00013042069275400682,-0.0004697057961761674,0.0005595174320179928,0.004312245029252333,-0.001355475098257998,-0.0005776419175708118
16.842,0.0,0.00015624057736735898,-0.00048347190283473836,0.0004997709912036399,0.003901780283048397,-0.0011954023460091793,-0.000740590303908642
16.862,0.0,0.00012341844646697285,-0.0004542758081672544,0.0004599820237579601,0.003773327922526507,-0.0009035807902583675,-0.000740478009289895
16.882,0.0,0.00012341844646697285,-0.0004542758081672544,0.0004599820237579601,0.003773327922526507,-0.0009035807902583675,-0.000740478009289895
16.902,0.0,0.00018727755231401114,-0.00043004715370237756,0.0004548275012762442,0.0037695171752862664,-0.0011865566338772422,-0.001022659363961506
16.922,0.0,0.00014817635121241703,-0.00038761788908104575,0.00046856311840651714,0.0038146509163560637,-0.0001978874603203414,-0.0008831110395530717
16.942,0.0,0.00019138833240915615,-0.0004116777830479573,0.000390275237545528,0.003390644315232786,-0.0003203485917959631,-0.001046411773080905
16.962,0.0,0.00016071910826626778,-0.00031876740644486585,0.0003690254656449061,0.0033920820494528427,-0.00017930577061574067,-0.0009043682966749818
16.982,0.0,0.00016071910826626778,-0.00031876740644486585,0.0003690254656449061,0.0033920820494528427,-0.00017930577061574067,-0.0009043682966749818
17.002,0.0,0.00012398087467445997,-0.00030101729785227024,0.00032185179867898076,0.003114078975648313,0.000118341867393485,-0.0006334950578561997
17.022,0.0,8.865988706694619e-05,-0.00027869015000228225,0.0002589654166776204,0.0026910994116512506,0.0002832123034992276,-0.0005013655441575269
17.042,0.0,0.00011892891041603375,-0.0002810059551293621,0.00026130283481906635,0.002688904235464414,0.00014260557198794656,-0.0006427335424876071
17.062,0.0,0.00019898444863390266,-0.0002805543451372091,0.0002138222558877777,0.002291617738227913,0.0004424101372186627,-0.0009472203335236687
17.082,0.0,0.00019898444863390266,-0.0002805543451372091,0.0002138222558877777,0.002291617738227913,0.0004424101372186627,-0.0009472203335236687
17.102,0.0,0.00018666153372575974,-0.00022940871919059375,0.0002117208424729623,0.0023052405760909077,0.0007247127257410455,-0.0009481069677337413
17.122,0.0,0.00019889364864363634,-0.00018092137732619165,0.00012069631745017926,0.0018954317711205957,0.0010314007937512351,-0.0009574601705096457
17.142,0.0,0.00012614985967315687,-0.00012113589539305665,0.00012119122110392942,0.0016311228171766337,0.0016112010221275258,-0.000686896609214338
17.162,0.0,0.0001944081177314885,-9.627832986815699e-05,0.00010870717540825236,0.0016003397761136543,0.0009043341297092517,-0.0008261629519916801
17.182,0.0,0.0001944081177314885,-9.627832986815699e-05,0.00010870717540825236,0.0016003397761136543,0.0009043341297092517,-0.0008261629519916801
17.202,0.0,0.00017808927394006704,-3.5258627785203034e-05,0.00013734909347614546,0.0016029842315172787,0.0010462589777428565,-0.0006852218075376878
17.222,0.0,0.0003381753861046637,1.2541564433650354e-05,8.41357678362789e-05,0.0013125386803614066,0.0004939335651215936,-0.001260434219176825
17.242,0.0,0.000361169233875303,8.346678082756579e-05,3.193969248978017e-05,0.0010422246316167862,0.000648325593345866,-0.0014115604799847024
17.262,0.0,0.000435633424718641,0.0001125169649203652,-3.988862225686986e-05,0.0004633670298591515,0.000394966817174078,-0.0014319951393325357
17.282,0.0,0.000435633424718641,0.0001125169649203652,-3.988862225686986e-05,0.0004633670298591515,0.000394966817174078,-0.0014319951393325357
17.302,0.0,0.000434001609568835,0.0002239906498981641,-5.883737142024755e-05,0.000451728207510696,0.00025389497737608475,-0.001290600267797142
17.322,0.0,0.0005105926347584143,0.00026934492916547506,-7.79002033609537e-05,0.0001654774284881262,-1.4521927804082911e-05,-0.001583177457696428
17.342,0.0,0.00045333460945333736,0.0002971465196696251,-0.0001680297976522864,-0.0005070835123457496,0.0008663958554801988,-0.0013345469223488822
17.362,0.0,0.0005119467305987242,0.0003581576104065587,-0.0001617558702851419,-0.000637817501089387,0.0010162125580363023,-0.0014745611614522065
17.382,0.0,0.0005119467305987242,0.0003581576104065587,-0.0001617558702851419,-0.000637817501089387,0.0010162125580363023,-0.0014745611614522065
17.402,0.0,0.0005564460724070518,0.000404383676807628,-0.00020829304644441615,-0.0010717234085754397,0.0008946635949860377,-0.0013552795010125858
17.422,0.0,0.0006533952502484846,0.0004536278891760007,-0.00030390330299033715,-0.0014741893135840798,0.0010580841977411164,-0.0017883184570250208
17.442,0.0,0.0007127432403910585,0.0005174340469622878,-0.00036343352741350493,-0.0018570424668941318,0.0016409895255176071,-0.002093615431215059
17.462,0.0,0.0006601950370416034,0.0005306408439600583,-0.0003888634395994453,-0.002251278346633317,0.0023714753574527606,-0.0019625602516151444
17.482,0.0,0.0006601950370416034,0.0005306408439600583,-0.0003888634395994453,-0.002251278346633317,0.0023714753574527606,-0.0019625602516151444
17.502,0.0,0.0006956485483685235,0.0005609189849646184,-0.0004304241897413474,-0.0025336183897011403,0.0023857094504931365,-0.00197292325977549
17.522,0.0,0.0006939810389766439,0.0006043238264023817,-0.000454426066040705,-0.002801866255037612,0.002682124836755743,-0.0019837431726880623
17.542,0.0,0.0006894646145748476,0.0006317528715668604,-0.0005611312058375804,-0.003378579954022633,0.0025697107596045054,-0.0018632346654671233
17.562,0.0,0.0007171749765464614,0.0006348526001528291,-0.0006373397095241318,-0.003929268412269208,0.002879743197710754,-0.0018850005022329464
17.582,0.0,0.0007171749765464614,0.0006348526001528291,-0.0006373397095241318,-0.003929268412269208,0.002879743197710754,-0.0018850005022329464
17.602,0.0,0.0007564975028158058,0.0006978234083540052,-0.0006429455501326611,-0.004058984360680574,0.0030312171849426976,-0.002025670588669877
17.622,0.0,0.0007388913547423655,0.0006985068875054963,-0.0006834678726017649,-0.004479013668301433,0.0031910362412986486,-0.0019059515813154638
17.642,0.0,0.000768278703480252,0.0007460134500304111,-0.0007726191608973121,-0.004904401710664193,0.0032150510917821305,-0.001915850877002891
17.662,0.0,0.0007696244046093365,0.0008167207263843093,-0.0008526849426861974,-0.005324142507377169,0.0033754109873870867,-0.0017956460750536086
17.682,0.0,0.0007696244046093365,0.0008167207263843093,-0.0008526849426861974,-0.005324142507377169,0.0033754109873870867,-0.0017956460750536086
17.702,0.0,0.0007446739115759743,0.0008338533034718698,-0.0009637633969953594,-0.006082540643564437,0.0027092890410273384,-0.0013913524342879055
17.722,0.0,0.0007714911362724299,0.0009448639929841916,-0.0010160281002546923,-0.006352877363614103,0.002863646830260682,-0.0015436110674837283
17.742,0.0,0.0008017267194469944,0.0010122180005274295,-0.0010737453812331718,-0.006774452096939348,0.0028815769499238603,-0.001565483324200771
17.762,0.0,0.0008133658825644924,0.0010974860418957472,-0.00109027370614049,-0.00690305525824664,0.0031747801364674527,-0.0015644621721411347
17.782,0.0,0.0008133658825644924,0.0010974860418957472,-0.00109027370614049,-0.00690305525824664,0.0031747801364674527,-0.0015644621721411347
17.802,0.0,0.0008200873295463388,0.001176566262900898,-0.0011420161206349604,-0.007296295007497427,0.003758099631419518,-0.0015873494726008433
17.822,0.0,0.000814316150961003,0.0012747824465026915,-0.0011667870229202276,-0.007466137833184303,0.0033444406241466317,-0.0014441399763383423
17.842,0.0,0.0008515435111199706,0.0013153124888651742,-0.0012663039597872936,-0.008184214904122697,0.0030943134408185752,-0.0014760352155804093
17.862,0.0,0.000935564367614348,0.001421346419495068,-0.0013237247468156873,-0.00846867549420073,0.0029670197152298007,-0.0016274429727119585
17.882,0.0,0.000935564367614348,0.001421346419495068,-0.0013237247468156873,-0.00846867549420073,0.0029670197152298007,-0.0016274429727119585
17.902,0.0,0.0008911020650144227,0.0014987061641175902,-0.0014300685312710728,-0.009159957435807525,0.003429549023358458,-0.0015067215813926716
17.922,0.0,0.0008923932466842793,0.0015457246078322542,-0.0014970611376348302,-0.009710414354536498,0.003739952025920055,-0.0015280164736527324
17.942,0.0,0.0009300024061832201,0.0016042358251439365,-0.001589847590356986,-0.010387420703872196,0.004195925335778865,-0.0017024593605184076
17.962,0.0,0.0009559560973552571,0.0016458126756839228,-0.0016798798474074016,-0.011109539540087782,0.003951522832192324,-0.0017215927167064582
17.982,0.0,0.0009559560973552571,0.0016458126756839228,-0.0016798798474074016,-0.011109539540087782,0.003951522832192324,-0.0017215927167064582
18.002,0.0,0.0010303200137359348,0.0016957844735719508,-0.0017823846391322924,-0.011663411760457168,0.003979720235291498,-0.002024509549737531
18.022,0.0,0.0009900616696690867,0.0017534789491238762,-0.0017959837172636052,-0.01197027849049831,0.003712057482621644,-0.0017525204775647076
18.042,0.0,0.0009655618361355451,0.0017999283735120088,-0.0018200015685058892,-0.012250935535297944,0.0038675591555699597,-0.001621896198387437
18.062,0.0,0.0009379834846970392,0.0018588946514646574,-0.0018893355881058082,-0.012801047425578554,0.004177865814136639,-0.0016431406194908767
18.082,0.0,0.0009379834846970392,0.0018588946514646574,-0.0018893355881058082,-0.012801047425578554,0.004177865814136639,-0.0016431406194908767
18.102,0.0,0.0009198616655827156,0.001928119753331284,-0.0019862181791076294,-0.013363128329433647,0.004347631325028788,-0.0015229991403570586
18.122,0.0,0.00080414500788585,0.0019593626459448424,-0.0020340627989318422,-0.013782805318226843,0.004797336136004515,-0.001109177967364451
18.142,0.0,0.0008227074208794345,0.001994602560600478,-0.0020469289841794614,-0.013950173224647545,0.004236906897738099,-0.0011205262153422028
18.162,0.0,0.0007003789744957932,0.002054515987799464,-0.0020391473346626442,-0.0141143364823859,0.00424806372838204,-0.0005541988172849579
18.182,0.0,0.0007003789744957932,0.002054515987799464,-0.0020391473346626442,-0.0141143364823859,0.00424806372838204,-0.0005541988172849579
18.202,0.0,0.0007051047031809294,0.0021042865008469662,-0.0020383681611564424,-0.0141143364823859,0.00424806372838204,-0.0005541988172849579
18.222,0.0,0.0006179326718415793,0.0021428041769488066,-0.002082268691546615,-0.014544795396069956,0.004267547220062752,-0.0002941424255286629
18.242,0.0,0.0005779692276240727,0.0021571916366402186,-0.002123222259708,-0.014982867854086142,0.004150182723076777,-0.00016141458160214388
18.262,0.0,0.0004924017153953625,0.002149285995092788,-0.0022325574379685434,-0.015686879358913074,0.004471777793042343,0.00010032251808924004
18.282,0.0,0.0004924017153953625,0.002149285995092788,-0.0022325574379685434,-0.015686879358913074,0.004471777793042343,0.00010032251808924004
18.302,0.0,0.0005682459774124958,0.0022006602222068915,-0.0022693294271995596,-0.015885346481452654,0.0032042336562114375,-5.0548106016405654e-05
18.322,0.0,0.0004780197037566177,0.002217033675542155,-0.0023728164789365075,-0.016430952801559463,0.0037991651038326176,0.00021043134695569802
18.342,0.0,0.0004550036958681902,0.0022698638237965084,-0.0023411637827825244,-0.016457588289186156,0.003375527163174643,0.0003522482213774282
18.362,0.0,0.0004473499608231017,0.002334706753203551,-0.0023819109777277114,-0.016766521541330702,0.0029657364717740053,0.00048377207748418345
18.382,0.0,0.0004473499608231017,0.002334706753203551,-0.0023819109777277114,-0.016766521541330702,0.0029657364717740053,0.00048377207748418345
18.402,0.0,0.0004230677894111077,0.002365074145240257,-0.002488855041169394,-0.01734328838331241,0.0028539906368079695,0.0006040195504540664
18.422,0.0,0.00042947907347253434,0.002336300579830957,-0.0026483511879005443,-0.018192520436243427,0.0027540823145242727,0.0004322305108771726
18.442,0.0,0.0003496077662772001,0.0023778819112764324,-0.0025836177492417015,-0.0180903167138042,0.0023279528424047778,0.0008689429957730598
18.462,0.0,0.0004212379936777698,0.0024303479846449795,-0.0026285563765994953,-0.018500965612237224,0.0023459955017653563,0.0005638589973803763
18.482,0.0,0.0004212379936777698,0.0024303479846449795,-0.0026285563765994953,-0.018500965612237224,0.0023459955017653563,0.0005638589973803763
18.502,0.0,0.0003644795414833119,0.002466418011124258,-0.0026319791123121878,-0.018499083127272938,0.002486964260528097,0.0007048619282636973
18.522,0.0,0.00040244435052803104,0.0024466546147104635,-0.0027528822766465164,-0.019194541017022435,0.0026662649333670523,0.0005437366243160641
18.542,0.0,0.0003932645999394342,0.002500503584567304,-0.002724967354563916,-0.01906582907138227,0.002374196481392112,0.0005430953261759642
18.562,0.0,0.0004970836906948122,0.002530481575653317,-0.002727808185315782,-0.019071363168895676,0.0019491002850331141,0.00012006993976445727
18.582,0.0,0.0004970836906948122,0.002530481575653317,-0.002727808185315782,-0.019071363168895676,0.0019491002850331141,0.00012006993976445727
18.602,0.0,0.000525090216400857,0.0025218319808700696,-0.002758165921677326,-0.019368538421288262,0.0016806884402945593,0.00011084960850438336
18.622,0.0,0.0005744190175980756,0.002494782650376022,-0.002840273328741027,-0.01994931890230918,0.001285531718684051,-5.1054302588211224e-05
18.642,0.0,0.0005201187874011252,0.0025316681400441364,-0.0027067551058957773,-0.01938323245715405,0.001398346700447864,0.00011080626500904837
18.662,0.0,0.0005765764529296831,0.002646789901517863,-0.0027430253453492835,-0.019370663775203027,0.0015383215456071728,-3.076020802207618e-05
18.682,0.0,0.0005671612058100905,0.0026610436091002794,-0.0027980213244320736,-0.019626067013830475,0.001976022495762311,-0.0001831042412921789
18.702,0.0,0.0005671612058100905,0.0026610436091002794,-0.0027980213244320736,-0.019626067013830475,0.001976022495762311,-0.0001831042412921789
18.722,0.0,0.0006122269414546937,0.002706690364613017,-0.002805264750953857,-0.01962814807214408,0.0018347273014669282,-0.0003238791372203854
18.742,0.0,0.0006134526199526201,0.0027471532416794256,-0.0028132190311315275,-0.019642844264400283,0.0015524801298153776,-0.000324015196075495
18.762,0.0,0.0006235009136119947,0.0028236415727795152,-0.0027374832728162463,-0.019372580284164234,0.0013971482700483805,-0.00017170734714596963
18.782,0.0,0.0006062609554991183,0.002854539236097503,-0.002810525586434823,-0.019770375706124242,0.001986258698267289,-0.00018187048312436294
18.802,0.0,0.0006062609554991183,0.002854539236097503,-0.002810525586434823,-0.019770375706124242,0.001986258698267289,-0.00018187048312436294
18.822,0.0,0.0006072975785938429,0.0028494939237291225,-0.0029536723947825028,-0.02045892840951667,0.002301728170592689,-0.0002143941368523766
18.842,0.0,0.0006237441525614853,0.0028786625855083685,-0.0030228611137212507,-0.020885289332976974,0.0023258248818873594,-0.0002242382491555376
18.862,0.0,0.000575765989147837,0.0029511091972457726,-0.0029475367875861657,-0.02041652995592773,0.003148976091625402,-0.00021645144593509936
18.882,0.0,0.0005952306448403538,0.0030215889907240197,-0.00305518120946819,-0.020854276539916655,0.0030315081478777374,-8.380238412907482e-05
18.902,0.0,0.0005952306448403538,0.0030215889907240197,-0.00305518120946819,-0.020854276539916655,0.0030315081478777374,-8.380238412907482e-05
18.922,0.0,0.0005839070667762463,0.0029787342981722224,-0.003043226855308772,-0.02097979698101264,0.003176866494911651,-0.00023684088941502396
18.942,0.0,0.0005820594895977819,0.002946421413738962,-0.0031194297887497317,-0.021557039562184376,0.003064967079431868,-0.0001165543827271506
18.962,0.0,0.0005228522082554761,0.0029418462265227417,-0.0031525470412896725,-0.02197881284169214,0.0033722184854965633,0.0001562783560477536
18.982,0.0,0.00046184795358044674,0.002972396708082233,-0.0032110059296278862,-0.022245099289085715,0.003809937579111879,0.00028695067575301806
19.002,0.0,0.00046184795358044674,0.002972396708082233,-0.0032110059296278862,-0.022245099289085715,0.003809937579111879,0.00028695067575301806
19.022,0.0,0.00044467182434466626,0.0029771455223331672,-0.0032541689767817054,-0.022526787457109704,0.003824312043340015,0.0002763808750990472
19.042,0.0,0.00042900102693055006,0.003049864394021353,-0.003264193100167572,-0.022539521586151707,0.0036835225899690275,0.0004171677366369524
19.062,0.0,0.000349238638459519,0.00310379210848139,-0.0031849837307741644,-0.022253558051905795,0.003952372392646273,0.0007094221942247528
19.082,0.0,0.0003035608115870834,0.0031069829314367787,-0.003150501349324196,-0.022224391755779206,0.004517190245096981,0.0007087959331752015
19.102,0.0,0.0003035608115870834,0.0031069829314367787,-0.003150501349324196,-0.022224391755779206,0.004517190245096981,0.0007087959331752015
19.122,0.0,0.00030362131863062797,0.0031079183394980164,-0.0031375831227091373,-0.022265145670635943,0.0038115623499503804,0.0008512387239884466
19.142,0.0,0.00029276314271913455,0.0030653854421018745,-0.00319424403247392,-0.02283028012620539,0.003839825919729778,0.0008305375962287964
19.162,0.0,0.00022730281190445504,0.003102197624952029,-0.0032188077831942787,-0.02282598468661576,0.004122819286119894,0.0011122988451122272
19.182,0.0,0.00022690862945591488,0.003116697393413986,-0.003240929187791651,-0.02311990828056469,0.003997015186269555,0.0012429838625582343
19.202,0.0,0.00022690862945591488,0.003116697393413986,-0.003240929187791651,-0.02311990828056469,0.003997015186269555,0.0012429838625582343
19.222,0.0,0.00026635221773345423,0.003119656800852612,-0.0032837041649932228,-0.023280154016022524,0.0035832512500164272,0.0011037541068341912
19.242,0.0,0.00029499634415517794,0.003138193912398868,-0.0032802947694870006,-0.0232953633254719,0.0033000163618513677,0.0011040397666265483
19.262,0.0,0.0002555208978735965,0.003172041346133216,-0.003291192397804268,-0.023307189402393572,0.0031589945883184287,0.001246148184691176
19.282,0.0,0.0002555208978735965,0.003172041346133216,-0.003291192397804268,-0.023307189402393572,0.0031589945883184287,0.001246148184691176
19.302,0.0,0.0003006118120636254,0.003128279217427628,-0.0033894316420587487,-0.02371498486431825,0.003318569501420848,0.0010821875933588034
19.322,0.0,0.0002902194635187462,0.0031820480817466392,-0.003292772182389286,-0.023150841128680197,0.00329011381892206,0.0011032432193209115
19.342,0.0,0.0002795140823177294,0.003187184836471943,-0.003326292106679918,-0.023442873303367234,0.0033052076915510873,0.0013750299132384547
19.362,0.0,0.0003158730335618073,0.0031984142222996038,-0.0034167135184243096,-0.02372743650010272,0.003177070835275213,0.0012238217980801245
19.382,0.0,0.0003158730335618073,0.0031984142222996038,-0.0034167135184243096,-0.02372743650010272,0.003177070835275213,0.0012238217980801245
19.402,0.0,0.0003652209393311426,0.003210314008329932,-0.003380869111765365,-0.023447187594603177,0.0030218638424964975,0.0010932376943592163
19.422,0.0,0.0004827757426129738,0.0032284956003522315,-0.0033504476110759783,-0.023467811314345388,0.002314653526521286,0.0006710905079956032
19.442,0.0,0.0004939063983354154,0.0032749936632294227,-0.0033461380136794792,-0.023197693481645906,0.0021600639851112506,0.0008227116341911852
19.462,0.0,0.0004518424991277867,0.0032984999384793,-0.0033401646620909316,-0.02316941264983615,0.002724292958724302,0.0008219491291557126
19.482,0.0,0.0004518424991277867,0.0032984999384793,-0.0033401646620909316,-0.02316941264983615,0.002724292958724302,0.0008219491291557126
19.502,0.0,0.0005179507506095913,0.003296709201731679,-0.003377659307200522,-0.023480628272055323,0.002173597228143663,0.0008119878118763902
19.522,0.0,0.0005994763837641175,0.0032918753278934035,-0.0034050118832702763,-0.023766628809573,0.0019045667468355098,0.0005203728936276863
19.542,0.0,0.0005648736622374723,0.0032810607638494374,-0.0033445402756197857,-0.02348238623784471,0.002031641959232504,0.0006717255961090331
19.562,0.0,0.0006203044848472617,0.003299907414142596,-0.0034037155922400863,-0.023766628809573,0.0019045667468355098,0.0005203728936276863
19.582,0.0,0.0006375743832507436,0.0033097323165234087,-0.0034497202695201426,-0.02379506654559204,0.001339811400270074,0.000521230294987024
19.602,0.0,0.0006375743832507436,0.0033097323165234087,-0.0034497202695201426,-0.02379506654559204,0.001339811400270074,0.000521230294987024
19.622,0.0,0.0006155800414475117,0.0033114951579219392,-0.003411505332268624,-0.02379309376684048,0.0014811435103097596,0.0006621134879450448
19.642,0.0,0.0006225926763288418,0.0033296165272519614,-0.003393124078170295,-0.023766628809573,0.0019045667468355098,0.0005203728936276863
19.662,0.0,0.0005753380929474485,0.003350783955809476,-0.0033540502824410496,-0.02346586451519149,0.0024556920124231057,0.0008120126001315867
19.682,0.0,0.0005778222127670561,0.0033496705673467532,-0.0033447447989670234,-0.023453391290278198,0.0025974495769332585,0.0006703916396014107
19.702,0.0,0.0005778222127670561,0.0033496705673467532,-0.0033447447989670234,-0.023453391290278198,0.0025974495769332585,0.0006703916396014107
19.722,0.0,0.0006013160787282005,0.003333403078316518,-0.0033705251116092653,-0.023579924287387335,0.0027421483227827704,0.0005169145256057858
19.742,0.0,0.0006059792558509227,0.0033141767308368514,-0.0033266492211220227,-0.023402753239208856,0.0033019469021156457,0.00024619062470424344
19.762,0.0,0.0005703883084987877,0.0032934246868065076,-0.0032663982724471918,-0.023119000443410115,0.0034294342199320134,0.00039691228974858924
19.782,0.0,0.0005866988567295089,0.003297696222273258,-0.003192515395498617,-0.02283790342549503,0.0032732415240447595,0.00026640453113183446
19.802,0.0,0.0005866988567295089,0.003297696222273258,-0.003192515395498617,-0.02283790342549503,0.0032732415240447595,0.00026640453113183446
19.822,0.0,0.000573442881606257,0.0032690923601235698,-0.0031842896273633976,-0.02283547873452198,0.00341557891944649,0.0004070083463547121
19.842,0.0,0.0006441288531456756,0.0032812651986923957,-0.0031687992982006247,-0.02283975562015342,0.00313232283791923,0.00012543910727551887
19.862,0.0,0.0007035233064682049,0.0032697937034884997,-0.0032267347000217196,-0.02313881235834616,0.002722098937036518,-2.5748566210195515e-05
19.882,0.0,0.0006503261127638846,0.0032758244704206778,-0.003219444297056807,-0.0231488655513406,0.002723084143060614,0.00025620447480252136
19.902,0.0,0.0006503261127638846,0.0032758244704206778,-0.003219444297056807,-0.0231488655513406,0.002723084143060614,0.00025620447480252136
19.922,0.0,0.000632603720524576,0.003214759811048703,-0.0033088678796954893,-0.0236975545901764,0.0031753631357001304,0.0003764172990902992
19.942,0.0,0.0006610185418896007,0.0032419768492614486,-0.00328634185415322,-0.023711952171775907,0.002892779453943816,0.00037692290148781075
19.962,0.0,0.0006123497444655594,0.0031834917515862152,-0.0033574692032094463,-0.024259592388699854,0.0033453479984014503,0.0004968881027758171
19.982,0.0,0.0006627496147657528,0.0032089381429412063,-0.0033721543722834207,-0.024276624359551656,0.0029210699801955004,0.00035602239820130326
20.002,0.0,0.0006627496147657528,0.0032089381429412063,-0.0033721543722834207,-0.024276624359551656,0.0029210699801955004,0.00035602239820130326
20.022,0.0,0.0006959757384712591,0.003210122049921768,-0.003423448943091722,-0.024558339133731306,0.0029359316345055337,0.0003460080401929373
20.042,0.0,0.0006342468321593174,0.0032002583704663027,-0.003470115457059866,-0.024850125263555407,0.002949729931005582,0.0006178834029734691
20.062,0.0,0.0005808846852642521,0.0031793797022300744,-0.0035054604330308358,-0.025142955751722092,0.0029645117416945486,0.0008897949071823061
20.082,0.0,0.0005189832827066775,0.003217454398236589,-0.003413602625423222,-0.02457657491938164,0.003078523597847021,0.0010514472210070805
20.102,0.0,0.0005189832827066775,0.003217454398236589,-0.003413602625423222,-0.02457657491938164,0.003078523597847021,0.0010514472210070805
20.122,0.0,0.0005836117695616236,0.003231596539114257,-0.00340953281234556,-0.02456391548232935,0.003219402780130286,0.000910568838918824
20.142,0.0,0.0006343632792881856,0.0032199062715128506,-0.003378232598172469,-0.024456946265882518,0.0025085864865171345,0.0007819908669409903
20.162,0.0,0.0006996635809561723,0.003237063906903303,-0.0033649182216809485,-0.024346024170196847,0.0016506096500266967,0.0004993741417932573
20.182,0.0,0.0006599985552222122,0.003220158251224441,-0.0033478385588792065,-0.02433124246086856,0.0019329376059705767,0.0004994455687599668
20.202,0.0,0.0006599985552222122,0.003220158251224441,-0.0033478385588792065,-0.02433124246086856,0.0019329376059705767,0.0004994455687599668
20.222,0.0,0.0006809049160540714,0.003267167843845139,-0.003275913659984313,-0.023906808712675302,0.0017672256213346763,0.00036782348557736654
20.242,0.0,0.0006408305770505094,0.003351005229816724,-0.0031968589853018734,-0.023498991063223045,0.0016081681393894192,0.0005306126576633473
20.262,0.0,0.000635426107203906,0.00338028696960579,-0.0032099227753988675,-0.023678100970145527,0.0009062486476867621,0.0006614520057784087
20.282,0.0,0.0006611605247784355,0.0033947240699189756,-0.0032234673035299384,-0.02385017686263534,0.0003516193334477113,0.0006640298686126455
20.302,0.0,0.0006611605247784355,0.0033947240699189756,-0.0032234673035299384,-0.02385017686263534,0.0003516193334477113,0.0006640298686126455
20.322,0.0,0.0006256053071059016,0.003448182645365397,-0.0032146274484553855,-0.02385017686263534,0.0003516193334477113,0.0006640298686126455
20.342,0.0,0.000538445858813313,0.003434470483286931,-0.0032963179276934954,-0.024410866893366988,0.0006628091009478376,0.0009252003334873457
20.362,0.0,0.00043961841998963716,0.0035226890013696135,-0.003286317191503932,-0.02415058541283225,0.0005088147750613133,0.001359208003002756
20.382,0.0,0.0003854837782431537,0.0035615167594416127,-0.0034032838265713006,-0.024830694985651956,0.001111264208424536,0.00133821752396272
20.402,0.0,0.0003854837782431537,0.0035615167594416127,-0.0034032838265713006,-0.024830694985651956,0.001111264208424536,0.00133821752396272
20.422,0.0,0.0002578689743604736,0.003629194043473922,-0.003451444020026334,-0.025135086683090505,0.0009859529456081708,0.0017524634406183327
20.442,0.0,0.00019248021106703118,0.0036543888965038817,-0.003550826871865163,-0.02571036785688716,0.0010143672517766717,0.0020137190717507865
20.462,0.0,0.0001541715212406822,0.003702845486196526,-0.003612925845766266,-0.02601825799365767,0.0006059265959212774,0.0021451438992846046
20.482,0.0,0.00015393298283621895,0.0036754813183186904,-0.0037697408364740274,-0.02689457139386956,8.31118576328226e-05,0.0021143709809574424
20.502,0.0,0.00015393298283621895,0.0036754813183186904,-0.0037697408364740274,-0.02689457139386956,8.31118576328226e-05,0.0021143709809574424
20.522,0.0,4.11136013901695e-05,0.003721062806970569,-0.00382876276610766,-0.027172650867634922,0.0003802693556677214,0.002386412925883027
20.542,0.0,-5.1311741500666915e-05,0.0037390267561430587,-0.003940250124137997,-0.02773194833935718,0.0006926218166100613,0.002646813923557376
20.562,0.0,-9.109203131141269e-05,0.003799656600312398,-0.003898462776892758,-0.02746264655507982,0.0005369082511268626,0.0027986696255583414
20.582,0.0,-2.885785179888827e-05,0.0038349039317742794,-0.003932508805570453,-0.027481359455046817,-2.8786691992922475e-05,0.002518085865732634
20.602,0.0,-2.885785179888827e-05,0.0038349039317742794,-0.003932508805570453,-0.027481359455046817,-2.8786691992922475e-05,0.002518085865732634
20.622,0.0,-8.24454229288555e-05,0.0037878892769411796,-0.004010587676842457,-0.02805766265296724,-0.00014175253122452821,0.0026382020283819765
20.642,0.0,-0.00012276603053612166,0.003812875479073149,-0.0040215163817769245,-0.028070195087061503,-0.00028203690099302904,0.002779327427452767
20.662,0.0,-4.921636194417413e-05,0.0038312882766511204,-0.003994560726421207,-0.027780120656569166,-0.0004388192942043891,0.00236695491864336
20.682,0.0,-6.826337592301591e-05,0.003872634648083655,-0.00393567301302825,-0.027353831398373878,-0.0004619743933011785,0.0023758539659724347
20.702,0.0,-6.826337592301591e-05,0.003872634648083655,-0.00393567301302825,-0.027353831398373878,-0.0004619743933011785,0.0023758539659724347
20.722,0.0,-8.996246549826613e-05,0.0038348099235277124,-0.003904974464989557,-0.02737973691072864,-0.0008860017969697625,0.0025174479591935626
20.742,0.0,-0.00013510156335675712,0.0038326161422607835,-0.0038813273721969967,-0.02725144374191828,-0.0008892805369184318,0.0028121864368876462
20.762,0.0,-0.000190283744780763,0.003804136891900571,-0.003842434406333234,-0.026967267011020757,-0.0007618482985315405,0.002963973784799549
20.782,0.0,-0.00013923707011116913,0.003748455045097397,-0.003842327469225896,-0.026942481219564864,-0.00047957048758147304,0.0026802164195461413
20.802,0.0,-0.00013923707011116913,0.003748455045097397,-0.003842327469225896,-0.026942481219564864,-0.00047957048758147304,0.0026802164195461413
20.822,0.0,-0.00014909735641590113,0.003609605653212142,-0.003975082145918747,-0.027763809033876305,-1.4705334252695792e-05,0.0025077427999313203
20.842,0.0,-0.00019754089024463366,0.003543118371244039,-0.003940233143476289,-0.027759166884313072,0.00026887957673943233,0.0027886706461196834
20.862,0.0,-0.00020665676774704687,0.00345245746338431,-0.003945355475303255,-0.027718417967871913,0.0009751339906884447,0.002647093869871365
20.882,0.0,-0.00021705330084375554,0.00334856807076006,-0.0038853849242811776,-0.027423815733721473,0.0011017117614962213,0.002515832230517518
20.902,0.0,-0.00021705330084375554,0.00334856807076006,-0.0038853849242811776,-0.027423815733721473,0.0011017117614962213,0.002515832230517518
20.922,0.0,-0.00026897767727550185,0.0032364391171402973,-0.003936267401270309,-0.027675570822232126,0.0018221894178210708,0.0026456114501911356
20.942,0.0,-0.00023009616813262599,0.0031682475018102257,-0.003910773628024021,-0.02740973827254265,0.001383593842427034,0.0025155514761328705
20.962,0.0,-0.00028184712534055825,0.003059964949839466,-0.00389369818448862,-0.027122582954153273,0.0016529204138492012,0.002807624928427705
20.982,0.0,-0.0002733753768470956,0.0029664319429389585,-0.0037375227741531227,-0.026249924165005017,0.0020339649996288125,0.0026967497843549174
21.002,0.0,-0.0002733753768470956,0.0029664319429389585,-0.0037375227741531227,-0.026249924165005017,0.0020339649996288125,0.0026967497843549174
21.022,0.0,-0.00028686948465114667,0.002907385544758391,-0.0036783579759878,-0.025618108506180227,0.003134342708860623,0.002434080654183819
21.042,0.0,-0.00031861704333983795,0.002842723646704453,-0.003513659932075837,-0.024653468934714828,0.0026594071213414784,0.002605281630083826
21.062,0.0,-0.0002735230527576588,0.0028089187501121617,-0.0033775938741978117,-0.02364396541352778,0.002893806345744921,0.0023652434492563404
21.082,0.0,-0.0002478345918992366,0.002747719893904656,-0.0032212733431903227,-0.022655989730089244,0.002699630769067213,0.002254243799385634
21.102,0.0,-0.0002478345918992366,0.002747719893904656,-0.0032212733431903227,-0.022655989730089244,0.002699630769067213,0.002254243799385634
21.122,0.0,-0.00036710873855593185,0.0026706385568088377,-0.003034184107888479,-0.021663695058459068,0.0030772875303759226,0.0027202650286771435
21.142,0.0,-0.0002821049274270393,0.0025789976388741176,-0.0029651618301941404,-0.02097596314262468,0.002331997542200466,0.002317351569703192
21.162,0.0,-0.00034379921097455314,0.0024433829793291686,-0.00282213458923807,-0.020127329868778687,0.0024312883186725885,0.002489167460510721
21.182,0.0,-0.00044064008686310347,0.002326729886154405,-0.002629550847449646,-0.018967466155409122,0.0030807814543900784,0.002671077999894097
21.202,0.0,-0.00044064008686310347,0.002326729886154405,-0.002629550847449646,-0.018967466155409122,0.0030807814543900784,0.002671077999894097
21.222,0.0,-0.0003722667144777849,0.0022340742924674096,-0.0024654053147760355,-0.017816107192291115,0.003164676413187572,0.002289733528589431
21.242,0.0,-0.00041951964906426656,0.0021138899809927092,-0.0023664586016657572,-0.017107519122628857,0.0031268210953254295,0.0023083585382830786
21.262,0.0,-0.00035855196499808234,0.0019432611150022856,-0.0022483941657027813,-0.01643666210552318,0.0022455295276298777,0.0020607020296768714
21.282,0.0,-0.0004518118098180464,0.0017959084984842217,-0.0021581991988673618,-0.015883061775780756,0.0022184620454920164,0.0023636825251501774
21.302,0.0,-0.0004518118098180464,0.0017959084984842217,-0.0021581991988673618,-0.015883061775780756,0.0022184620454920164,0.0023636825251501774
21.322,0.0,-0.000546261928763142,0.0016883035046818253,-0.002027193996404154,-0.01491688913911445,0.0018843082336208055,0.0026760998944736804
21.342,0.0,-0.0006404349999041608,0.0015780743895348645,-0.0019123641643950487,-0.01409482029963479,0.0015594385649294383,0.0029910020739352446
21.362,0.0,-0.000666292561032502,0.001509860323559511,-0.0018026652404660869,-0.013263765720056822,0.0010928810506758433,0.0028815308390518885
21.382,0.0,-0.0007277878352119631,0.0014360027207798423,-0.0016646883068341819,-0.01244447367963879,0.0006271805774514514,0.003054612209515036
21.402,0.0,-0.0007277878352119631,0.0014360027207798423,-0.0016646883068341819,-0.01244447367963879,0.0006271805774514514,0.003054612209515036
21.422,0.0,-0.0007008580520371196,0.0014166106376612118,-0.0015642959676733942,-0.01191009784632007,-0.00010797794716858738,0.0029352402665183183
21.442,0.0,-0.0007185629557210347,0.0013931343365190167,-0.0015028818915299624,-0.011402435733090797,-0.001265972533381145,0.0029580791456980723
21.462,0.0,-0.0008547518921017851,0.0013964721210387027,-0.0015034506782197518,-0.011182622885909856,-0.0021254149634789454,0.0035344806225642705
21.482,0.0,-0.0009658499901526235,0.0013575187803566442,-0.0014979539516184852,-0.011207747361113648,-0.0024071850987353563,0.0038175896345287465
21.502,0.0,-0.0009658499901526235,0.0013575187803566442,-0.0014979539516184852,-0.011207747361113648,-0.0024071850987353563,0.0038175896345287465
21.522,0.0,-0.0010138442043405534,0.0014137898868791228,-0.0013670787534105766,-0.010389200195712782,-0.0030152594176463456,0.0038493470959604526
21.542,0.0,-0.001027339593813087,0.0014513701188200467,-0.0013649546288000327,-0.010094772117764193,-0.002888435501548411,0.0037192830388132255
21.562,0.0,-0.0010425807845384151,0.0013961534528070024,-0.0014183273938927052,-0.01039335184728032,-0.0032981970137181886,0.0035680727238939
21.582,0.0,-0.0010900041450497872,0.0013348531621421224,-0.0014539900341626144,-0.010688627627260618,-0.003424796990016153,0.0036987879740842133
21.722,0.0,-0.0011583347788293693,0.0010544720785784657,-0.0013597325878325563,-0.009728263749612585,-0.004183176351383596,0.0035888103080740277
21.742,0.0,-0.0010791782238575203,0.0010182728622431813,-0.0012797212371659253,-0.009140796580922865,-0.004071271939442723,0.0031853611784058195
21.762,0.0,-0.0010136152493016584,0.000951481949811357,-0.0013060157414517364,-0.009143727792209708,-0.004213188937345462,0.003045082629629452
21.782,0.0,-0.0009684041739041994,0.0008468282667972028,-0.0012628933268783416,-0.009160182603549467,-0.004637939888784959,0.0029046996966539626
21.802,0.0,-0.0009684041739041994,0.0008468282667972028,-0.0012628933268783416,-0.009160182603549467,-0.004637939888784959,0.0029046996966539626
21.822,0.0,-0.0009467087060187067,0.0008347029940271578,-0.0011309226381659653,-0.008312820925906145,-0.00467987188042408,0.002936356311710785
21.842,0.0,-0.0008212222453581687,0.00088106121713133,-0.0010151722068382962,-0.007443358243330436,-0.004582014057784881,0.0025426277766869895
21.862,0.0,-0.0007639663067851265,0.0008370573861382361,-0.0010485651172326366,-0.007687137282084296,-0.004004698467150045,0.0022494759928827035
21.882,0.0,-0.0006884235174639597,0.0008861080146198976,-0.0010022105349529354,-0.007390328676226546,-0.0037357533737833173,0.002258485577928584
21.902,0.0,-0.0006884235174639597,0.0008861080146198976,-0.0010022105349529354,-0.007390328676226546,-0.0037357533737833173,0.002258485577928584
21.922,0.0,-0.0006527674656488911,0.0009213697159954504,-0.0010049094146189902,-0.007335906666187592,-0.0027477752473368754,0.0021170005064527144
21.942,0.0,-0.0004928080297756227,0.0009584613207911281,-0.0010398129237852946,-0.007607478292609579,-0.002734707962033156,0.0018234487488542055
21.962,0.0,-0.0004694316893946737,0.0009791963963785477,-0.0010848607145753917,-0.007846884777863853,-0.0018724274795015137,0.0018119004395559825
21.982,0.0,-0.0003959122090351355,0.0010246032855394014,-0.0011363627813423367,-0.008101178497770195,-0.001293068635326938,0.0018005344939312786
22.002,0.0,-0.0003959122090351355,0.0010246032855394014,-0.0011363627813423367,-0.008101178497770195,-0.001293068635326938,0.0018005344939312786
22.022,0.0,-0.00036095424693702847,0.0010602945811959677,-0.0011295594209864534,-0.008044286586991207,-0.0001636684193943269,0.001798647207201889
22.042,0.0,-0.00024393655325921965,0.0011905705076596898,-0.001051379049108008,-0.007400174798064714,0.0010780384221148887,0.0013936298894413092
22.062,0.0,-5.2681623884309265e-05,0.0012531305044993252,-0.0010762995142088365,-0.007633183394664998,0.0016559943323704654,0.0008171096900732535
22.082,0.0,1.8460540689026107e-05,0.0012801485963532182,-0.0011777633851466254,-0.00832402446528353,0.002117817956940233,0.000938547993944407
22.102,0.0,1.8460540689026107e-05,0.0012801485963532182,-0.0011777633851466254,-0.00832402446528353,0.002117817956940233,0.000938547993944407
22.122,0.0,0.0001624767538645373,0.0013342507427548081,-0.0011507870486730637,-0.008287753085669765,0.0025404653357246638,0.0005140904666493243
22.142,0.0,0.0003072440084479647,0.0014084712064338788,-0.001186668435893794,-0.008457549895936662,0.0018379808967686347,0.00036274050841016245
22.162,0.0,0.0004633054539641489,0.0014154109731520756,-0.0012009112400708669,-0.00873151147949577,0.0017100196548334395,-7.220989471919447e-05
22.182,0.0,0.0005204029225163928,0.001476711936614111,-0.0012856055914855537,-0.009270211164080128,0.00216151983181157,-0.00023382803950447881
22.202,0.0,0.0005204029225163928,0.001476711936614111,-0.0012856055914855537,-0.009270211164080128,0.00216151983181157,-0.00023382803950447881
22.222,0.0,0.0006168223731749905,0.001533673287768886,-0.001357405973309455,-0.00980984817218973,0.0024711444602489377,-0.0005375352407246907
22.242,0.0,0.0006759768002974251,0.0016006359776542627,-0.0013963968956127964,-0.010094280840843446,0.002344246378109936,-0.0006886193283570255
22.262,0.0,0.0006765055071215883,0.0016148585629186896,-0.0015598597173094716,-0.011221095903061187,0.0025425314369643174,-0.0005891492157657687
22.282,0.0,0.000676031483008753,0.0016525706012478088,-0.0017255415471816172,-0.012223551716998632,0.002454002586445095,-0.0004782226547309235
22.302,0.0,0.000676031483008753,0.0016525706012478088,-0.0017255415471816172,-0.012223551716998632,0.002454002586445095,-0.0004782226547309235
22.322,0.0,0.0005757360509108276,0.0016966135232987813,-0.0018348292813004435,-0.0129213158578369,0.002911478370340233,-8.751825136758213e-05
22.342,0.0,0.0006561063665784393,0.0017047868518626742,-0.0019363794970761084,-0.013475506632721046,0.0029392421676811514,-0.0003914859749760338
22.362,0.0,0.0006357953488751188,0.0017369016848942948,-0.0020084670756691024,-0.013886892601279502,0.0032449769211847835,-0.0004011118709632069
22.382,0.0,0.000586208641884618,0.0017354495620554588,-0.002025348793429432,-0.014167091044592017,0.0034014228709601225,-0.0002709827299053069
22.402,0.0,0.000586208641884618,0.0017354495620554588,-0.002025348793429432,-0.014167091044592017,0.0034014228709601225,-0.0002709827299053069
22.422,0.0,0.0005244553076586716,0.0017754612642122984,-0.002112630396628471,-0.014447321128349254,0.0035570962606867942,-0.00014021247172534
22.442,0.0,0.00042186375177820953,0.0017521471103116245,-0.002115129854200254,-0.014582490136114191,0.0038440177616834896,0.00013034774524392886
22.462,0.0,0.0004303297439893319,0.0017280841555122153,-0.0021315589654374873,-0.014727763609700262,0.0037125164848702623,-9.187870713018405e-06
22.482,0.0,0.0004384843143079039,0.0016702221941561697,-0.0021951959822269773,-0.015009330260755977,0.003726798997570479,-1.9737325266331733e-05
22.502,0.0,0.0004384843143079039,0.0016702221941561697,-0.0021951959822269773,-0.015009330260755977,0.003726798997570479,-1.9737325266331733e-05
22.522,0.0,0.0004878300641386579,0.0016726793132174809,-0.002096535163813667,-0.014332258349875174,0.002982545443582033,-0.0001398797927452673
22.542,0.0,0.00047073454633496636,0.0015641253951984018,-0.0020856533513431276,-0.014360960883436814,0.002417485041271901,-0.00013880284217577396
22.562,0.0,0.0004553413272725252,0.0015328265415969137,-0.001981708437983997,-0.01368587183556906,0.001819898013122196,-0.00010522603514990505
22.582,0.0,0.0003520700296904984,0.0015031125886172938,-0.0019169385842748984,-0.013282786803374184,0.0016558549954366665,0.0003269657686447937
22.602,0.0,0.0003520700296904984,0.0015031125886172938,-0.0019169385842748984,-0.013282786803374184,0.0016558549954366665,0.0003269657686447937
22.622,0.0,0.0002821903916462133,0.0014877403639312653,-0.0018240960278305498,-0.012632459179459618,0.0007771067741995357,0.0006436744946341515
22.642,0.0,0.00023007882512348984,0.0014535996169548432,-0.001776148368741346,-0.012233504337350777,0.0003287172051128365,0.0007949091133382757
22.662,0.0,0.0001455809809220843,0.0014431304624704605,-0.0017179765899160069,-0.011850906394341252,-0.00025410117272547825,0.0011002386718666803
22.682,0.0,0.00013785667313193477,0.001387414055417393,-0.0017204185559206219,-0.011723957227569987,-0.0006874183377452867,0.0009577719056471808
22.702,0.0,0.00013785667313193477,0.001387414055417393,-0.0017204185559206219,-0.011723957227569987,-0.0006874183377452867,0.0009577719056471808
22.722,0.0,0.00010042886125279126,0.0013859041496313972,-0.0016319234356279423,-0.011213919596924549,-0.001703860370456464,0.0011219869266508576
22.742,0.0,9.501762949780873e-06,0.0013494306172217715,-0.0015455877178937201,-0.010705192837879764,-0.002721143368868722,0.0012861189843987755
22.762,0.0,-0.0001528509420759359,0.0013622637995215896,-0.0014890346970438126,-0.010459111983184286,-0.003157482338715385,0.0017206502951042622
22.782,0.0,-0.00027567566431220336,0.0013918634394841864,-0.00146169991646921,-0.010187078462120374,-0.0031710193688831746,0.0020136762568685996
22.802,0.0,-0.00027567566431220336,0.0013918634394841864,-0.00146169991646921,-0.010187078462120374,-0.0031710193688831746,0.0020136762568685996
22.822,0.0,-0.00029847502090282426,0.0014221539631224353,-0.0014662926904355318,-0.009935002887367254,-0.0038914189876166267,0.0018838899996277958
22.842,0.0,-0.00041787186629202455,0.0014176991558716191,-0.001483785357827167,-0.010256180319530992,-0.004441231756997772,0.002156979355800402
23.042,0.0,-0.0007638839670309462,0.0013204192791675215,-0.0015292061318134573,-0.009993880660884804,-0.004453570645249983,0.0027313359880781094
23.062,0.0,-0.000810711055859704,0.0012463371705482662,-0.001559869776305527,-0.010233618305917042,-0.0035925401922893632,0.0027194235804571887
23.082,0.0,-0.000729481365276591,0.0012503145411382954,-0.0014501632702412482,-0.009645342027042496,-0.0033391703342188477,0.002458014559141196
23.102,0.0,-0.000729481365276591,0.0012503145411382954,-0.0014501632702412482,-0.009645342027042496,-0.0033391703342188477,0.002458014559141196
23.122,0.0,-0.0007229148051260666,0.0011854276874544852,-0.0013893017109549031,-0.00933674962969343,-0.002930189883059074,0.002326336535429305
23.142,0.0,-0.0007101687954150402,0.0011760284958202453,-0.0013537318793163573,-0.009168123732148864,-0.0023695715026901456,0.0023363051685852568
23.162,0.0,-0.0006141536490969811,0.0010981297684019183,-0.0014154619228830734,-0.00941369652633251,-0.0019324678864100827,0.0019025365506118903
23.182,0.0,-0.0006324140261924912,0.0011414371858728541,-0.0013766800162555133,-0.008984764590440513,-0.0016733714381653578,0.0021937474887994742
23.202,0.0,-0.0006324140261924912,0.0011414371858728541,-0.0013766800162555133,-0.008984764590440513,-0.0016733714381653578,0.0021937474887994742
23.222,0.0,-0.0006100646797368893,0.0010879126182604677,-0.001349708952434561,-0.008941877358783611,-0.0008255950759011282,0.0021921525942579165
23.242,0.0,-0.0004992264045711642,0.0010822491327011762,-0.0013012548833077485,-0.008649032641758656,-0.0008409585006610852,0.0019194443411696402
23.262,0.0,-0.0004557515844002018,0.0010264841221340167,-0.0012923769966207666,-0.008609114463437182,-0.00013537671080457672,0.0017779021543781637
23.282,0.0,-0.00036217872343582134,0.0009565698268096938,-0.0013000979790342138,-0.008570173954665979,0.00042931266157575484,0.0014943941036966008
23.302,0.0,-0.00036217872343582134,0.0009565698268096938,-0.0013000979790342138,-0.008570173954665979,0.00042931266157575484,0.0014943941036966008
23.322,0.0,-0.0002709154335376426,0.0008760827781046389,-0.0012886336576307257,-0.008529429013377733,0.0011347393847411865,0.0013520002100105165
23.342,0.0,-0.00015018310399523316,0.0007891012307916909,-0.0012722284909554389,-0.008207784739271782,0.0016843884934807166,0.0010791686240273154
23.362,0.0,-4.626855733784135e-05,0.0007478085050510823,-0.0011905498235168217,-0.0077330901267110555,0.0025130016964867146,0.000816935248535072
23.382,0.0,7.339668371399628e-05,0.0006632886784045461,-0.0010873642832971916,-0.00725690830984349,0.003193630296279248,0.0004019035820718467
23.402,0.0,7.339668371399628e-05,0.0006632886784045461,-0.0010873642832971916,-0.00725690830984349,0.003193630296279248,0.0004019035820718467
23.422,0.0,6.949608264439931e-05,0.0006534822281493099,-0.0009402987164231507,-0.006380011135277968,0.003857133031490386,0.0005730877757211609
23.442,0.0,0.00021264758718682146,0.0005431782116576779,-0.0009522061734769381,-0.006471939800565201,0.004572289963228318,0.00014972086773657438
23.462,0.0,0.0003160928044776633,0.0004994746498216132,-0.0008329441296540325,-0.005753928560428786,0.00453349881386149,-0.0001132483962508697
23.482,0.0,0.000396651556128043,0.0004582372864095368,-0.0007971500392665019,-0.005445105293788123,0.004943235150793343,-0.00024454887675515706
23.502,0.0,0.000396651556128043,0.0004582372864095368,-0.0007971500392665019,-0.005445105293788123,0.004943235150793343,-0.00024454887675515706
23.522,0.0,0.0004178148134545689,0.0004581517939721582,-0.0007108174192143158,-0.004853830007669626,0.005338082758476093,-0.00036587595667821743
23.542,0.0,0.00042115302614772413,0.00047202734057150917,-0.0006226834471343237,-0.0043032161180249755,0.005027034404732083,-0.0003445392254046385
23.562,0.0,0.0004505392950142173,0.00046927712097271973,-0.000527345049890077,-0.003909660711480744,0.004296480905383689,-0.00047528516547482307
23.582,0.0,0.0003827663073587771,0.000457003103581707,-0.0005306175095598319,-0.003933410342349202,0.004015048228918338,-0.0001928690444775433
23.602,0.0,0.0003827663073587771,0.000457003103581707,-0.0005306175095598319,-0.003933410342349202,0.004015048228918338,-0.0001928690444775433
23.622,0.0,0.00035436402297653633,0.00043784806790147216,-0.0005753897033077789,-0.00411945199217599,0.0031768177632200104,-0.00018975702272294406
23.642,0.0,0.0002817964664976834,0.0003991970344501052,-0.0006397920788281236,-0.004454203599190136,0.0023448331322786283,8.406221386213207e-05
23.662,0.0,0.00028071620599718055,0.00040740988624077756,-0.0005826320237586022,-0.004214933186089751,0.001483064650837412,9.479684538927964e-05
23.682,0.0,0.00022337660113843662,0.00042528509416482017,-0.0005104159730993283,-0.003856656275791957,0.0003299089348949919,0.00038902987010213806
23.702,0.0,0.00022337660113843662,0.00042528509416482017,-0.0005104159730993283,-0.003856656275791957,0.0003299089348949919,0.00038902987010213806
23.722,0.0,0.00010101078277329021,0.00045727397454970733,-0.0005357219788422787,-0.003883528472795791,-9.312946740195753e-05,0.0005301177874274825
23.742,0.0,-0.0001026817228406226,0.0004617195535148199,-0.0004886749056717517,-0.0037788186155507126,-0.00037920081396026383,0.0011077464887000255
23.762,0.0,-0.00021952996349118304,0.0005225592473580762,-0.0004865852440543464,-0.0035508982992834967,-0.0013810490203768678,0.0012607987933546335
23.782,0.0,-0.00041913401955189075,0.0005102205936447736,-0.0005921177573654867,-0.004162753994541704,-0.0017740661036773674,0.0019469877542370242
23.802,0.0,-0.00041913401955189075,0.0005102205936447736,-0.0005921177573654867,-0.004162753994541704,-0.0017740661036773674,0.0019469877542370242
23.822,0.0,-0.0006217705001905151,0.0005731915584941317,-0.0006177085270537455,-0.004237836163792181,-0.0027605196079140693,0.002653669441028266
24.162,0.0,-0.001194845059296895,0.0011675669018485961,-0.0014623818099760303,-0.008583831013977227,-0.00579505049274716,0.004915604216734493
24.182,0.0,-0.0011983719706904123,0.0011773237269098644,-0.0014549460884458222,-0.008555921907899212,-0.005229989707923863,0.0049141101463683855
24.202,0.0,-0.0011983719706904123,0.0011773237269098644,-0.0014549460884458222,-0.008555921907899212,-0.005229989707923863,0.0049141101463683855
24.222,0.0,-0.0010521353249486611,0.0011384714960846903,-0.001494871434708424,-0.00867260446815374,-0.005085087246222901,0.00447922068346415
24.242,0.0,-0.0009301063841139648,0.0011250901674933248,-0.001478666027545412,-0.008662536500112268,-0.005086030899943358,0.004197191281410553
24.262,0.0,-0.0009091400508883104,0.0010644610098986885,-0.0015082395268663207,-0.00887598173600945,-0.00380058304784151,0.0040428643819692715
24.282,0.0,-0.0008433606726751314,0.0010267768671753596,-0.0015665452401868115,-0.009274470471768478,-0.003354079305243948,0.003891693456630586
24.302,0.0,-0.0008433606726751314,0.0010267768671753596,-0.0015665452401868115,-0.009274470471768478,-0.003354079305243948,0.003891693456630586
24.322,0.0,-0.0007439246450111402,0.001023323222195365,-0.0016103356640201911,-0.009389107102149869,-0.00306744679652018,0.0035972017380745402
24.342,0.0,-0.0006880117715993288,0.0010341905129321169,-0.0016452603164967456,-0.009517695915875432,-0.002775356055515834,0.003598109162026157
24.362,0.0,-0.0006390681306172585,0.0010631713912693597,-0.001696641942839095,-0.009785940092437745,-0.0024795109234441483,0.00358740097374042
24.382,0.0,-0.0004960783786083242,0.0010573982051736218,-0.0016783903155923137,-0.009778229944022701,-0.0026216093007104227,0.0031638568211306757
24.402,0.0,-0.0004960783786083242,0.0010573982051736218,-0.0016783903155923137,-0.009778229944022701,-0.0026216093007104227,0.0031638568211306757
24.422,0.0,-0.00042875654338161355,0.0009967954780960811,-0.0016622914178648174,-0.009904497685961607,-0.002475681808667076,0.0030107164500018254
24.442,0.0,-0.0003085194992631605,0.0010166046353330817,-0.0016320413884301078,-0.009728749653018095,-0.002057898825922877,0.0025989089614277478
24.462,0.0,-0.00035346949984076207,0.001054440152027504,-0.001609830560567095,-0.009566988959626592,-0.0015013488206055705,0.0028777804806000957
24.482,0.0,-0.0002777089915532301,0.0010329636571449318,-0.0016339996198556275,-0.009686395352608219,-0.0012102969371087366,0.002596907240684336
24.502,0.0,-0.0002777089915532301,0.0010329636571449318,-0.0016339996198556275,-0.009686395352608219,-0.0012102969371087366,0.002596907240684336
24.522,0.0,-0.0001864040440032649,0.0010205910665930813,-0.0016539647124463924,-0.009829766376977639,-0.0014897187570245688,0.0023029670088980923
24.542,0.0,-0.0001244230431888501,0.0010376479287374245,-0.0016528554484514003,-0.00969456148793032,-0.0017772571196773626,0.002032737066311634
24.562,0.0,-0.000133821548746176,0.0010611578857849286,-0.001616797327860059,-0.009550769439563697,-0.0017865952345935037,0.0020316908903532495
24.582,0.0,-0.00014535263643795565,0.0010642666073456414,-0.0016035166439051732,-0.00937321572254307,-0.0012274640098639347,0.0017602743014009268
24.602,0.0,-0.00014535263643795565,0.0010642666073456414,-0.0016035166439051732,-0.00937321572254307,-0.0012274640098639347,0.0017602743014009268
24.622,0.0,-0.00012106650049968358,0.0010452361162386539,-0.0015737064369574882,-0.009246301848280325,-0.001660652791244245,0.0016183541707210669
24.642,0.0,-0.00017012134552853297,0.0010466227252164026,-0.0015450640117946233,-0.008947858577157576,-0.0012504511853546484,0.0017691101266201982
24.662,0.0,-0.0001707089041321844,0.001084142174932464,-0.0015199964760265554,-0.008681652803941578,-0.0016894066814599994,0.0016385859528887526
24.682,0.0,-0.0002524840367473065,0.0010636048761645499,-0.0015212362976261026,-0.008720216046610153,-0.0022530545760571243,0.0019219230331255523
24.702,0.0,-0.0002524840367473065,0.0010636048761645499,-0.0015212362976261026,-0.008720216046610153,-0.0022530545760571243,0.0019219230331255523
24.722,0.0,-0.0003868942810843401,0.0010720852835603835,-0.0014986484932371523,-0.008630556242008829,-0.0028219678177189124,0.002500273818387271
24.742,0.0,-0.00042384415075917336,0.0010905041629678276,-0.0015003377171878588,-0.008530311635406332,-0.003678005307455244,0.0025001249688521477
24.762,0.0,-0.0005271758057065947,0.0011290819244398904,-0.0014286033958129819,-0.008298538256058023,-0.004397443076843772,0.002935813220192515
24.782,0.0,-0.0006287091258312654,0.0011468294996921516,-0.0013678035663351863,-0.008055432661823951,-0.004975772756381979,0.003228975373629898
24.802,0.0,-0.0006287091258312654,0.0011468294996921516,-0.0013678035663351863,-0.008055432661823951,-0.004975772756381979,0.003228975373629898
24.822,0.0,-0.0006584203735411168,0.0011306280327431052,-0.0013855415610739103,-0.008098120444969634,-0.005822828413554711,0.0032304335643691074
24.842,0.0,-0.0007501914838950303,0.001069009629416903,-0.0013505765102438223,-0.008107858383523495,-0.005822550292443576,0.0035128168258266755
25.002,0.0,-0.0009896548294373434,0.0008401200369537783,-0.0011378983275039587,-0.007230556419219616,-0.005158445089685688,0.0036843994381366768
25.022,0.0,-0.0009896548294373434,0.0008401200369537783,-0.0011378983275039587,-0.007230556419219616,-0.005158445089685688,0.0036843994381366768
25.042,0.0,-0.0010145347793460574,0.0007624481995093541,-0.0011411983818604148,-0.0072148310806519084,-0.004734140770461717,0.0038245157241027536
25.062,0.0,-0.0010356019403063082,0.0006896506855854271,-0.0010932128617577148,-0.0068895597902724655,-0.003901223704139537,0.003833409332111777
25.082,0.0,-0.0010427613506957633,0.0006734716457125496,-0.0009980998410940366,-0.006322799116903894,-0.0037874842623988377,0.003995466030630544
25.102,0.0,-0.0009633159917919669,0.0006797236410220118,-0.0009658140551656943,-0.0057606973391199886,-0.003957998742014889,0.0038752163133177636
25.122,0.0,-0.0009633159917919669,0.0006797236410220118,-0.0009658140551656943,-0.0057606973391199886,-0.003957998742014889,0.0038752163133177636
25.142,0.0,-0.0009314536567395006,0.000635912912435346,-0.0009677090094850034,-0.005731867592757939,-0.0033924082475071506,0.0038740961741404907
25.162,0.0,-0.000931453126245731,0.0005545471040376964,-0.0009521825795356324,-0.005689348990644043,-0.0025456483169524827,0.003872677731656506
25.182,0.0,-0.0009808097785244246,0.0005184627732592858,-0.0008063516943109503,-0.004825328289340895,-0.0021638622738129583,0.004043985368767281
25.202,0.0,-0.000969399755655608,0.00044621532308802294,-0.0007260035744962732,-0.0043909080096374035,-0.0020416390163411793,0.003925124528591761
25.222,0.0,-0.000969399755655608,0.00044621532308802294,-0.0007260035744962732,-0.0043909080096374035,-0.0020416390163411793,0.003925124528591761
25.242,0.0,-0.0009060498684705041,0.0003697557735948013,-0.0006630348116563356,-0.003956932920668753,-0.0020663970639764897,0.0036517982931885953
25.262,0.0,-0.0008627133961467008,0.00030468872553636466,-0.0006018712809020394,-0.003522400778299255,-0.0019448087848368061,0.0035325570302290293
25.282,0.0,-0.0008054279804830582,0.00022744688164054412,-0.0005006555765094208,-0.003060824132156621,-0.001545574059498947,0.0031169513376428652
25.302,0.0,-0.000715069681355327,0.00015777059110573763,-0.00037593110055819277,-0.002202638733320433,-0.001588895749048591,0.0028665713893584284
25.322,0.0,-0.000715069681355327,0.00015777059110573763,-0.00037593110055819277,-0.002202638733320433,-0.001588895749048591,0.0028665713893584284
25.342,0.0,-0.0005959600885158672,7.057945409418812e-05,-0.000317994049856118,-0.0018856593755198694,-0.0013220627810953097,0.0023112271381965747
25.362,0.0,-0.00055902382492638,-4.8241179053034085e-05,-0.00024663585197453913,-0.0015510012506636268,-0.0004902094337454418,0.0020379841857670776
25.382,0.0,-0.0004936529015895601,-9.002127048615412e-05,-0.00010017800083872015,-0.0008212064695957633,-0.0003874177178151125,0.0016334853464922733
25.402,0.0,-0.0003518044502282737,-0.00011658733395149708,9.300408574701025e-05,0.0003138161447357342,-0.0007285800782742177,0.0011109558658723945
25.422,0.0,-0.0003518044502282737,-0.00011658733395149708,9.300408574701025e-05,0.0003138161447357342,-0.0007285800782742177,0.0011109558658723945
25.442,0.0,-0.0002680648407298993,-0.00015283103996141233,0.00013159335981823123,0.0004931840716724804,-0.00016909771324546822,0.0008395859878578476
25.462,0.0,-0.0001784300463695405,-0.00017267873737332015,0.0002350618843928715,0.0009414562040654248,8.95061234484177e-05,0.0005656660746618811
25.482,0.0,-0.00014746263829435672,-0.00024402119546816794,0.0002995466345144001,0.0011367657562120067,0.0010725485385566016,0.0004348658400589695
25.502,0.0,-3.6015032987050496e-05,-0.0002528579166760477,0.0004409356674282253,0.0017386202471564966,0.0014672779499889238,3.14386777577291e-05
25.522,0.0,-3.6015032987050496e-05,-0.0002528579166760477,0.0004409356674282253,0.0017386202471564966,0.0014672779499889238,3.14386777577291e-05
25.542,0.0,4.763774303432815e-05,-0.0002496978232512547,0.00048751473438125924,0.0019454088224824233,0.0024449997291239186,-0.0003951084333921227
25.562,0.0,0.00010741611941518353,-0.00024954123977839434,0.0005539296729295296,0.0022403207523100294,0.002571648943092361,-0.0005262464096243942
25.582,0.0,0.00013582250321937105,-0.00023452887881538246,0.0006094421338223451,0.0025227806290415216,0.0025580495462924984,-0.0005154433803537141
25.602,0.0,0.00018005022405615404,-0.00021944360830431352,0.0006211313103856275,0.0025352330630042854,0.002698464606310213,-0.000657654388846989
25.622,0.0,0.00018005022405615404,-0.00021944360830431352,0.0006211313103856275,0.0025352330630042854,0.002698464606310213,-0.000657654388846989
25.642,0.0,0.0002222108028830788,-0.0002440814579788455,0.0006026072197102562,0.002547381460729785,0.0028395873076243307,-0.0007986083693574317
25.662,0.0,0.0001263037088078904,-0.0002625673312618607,0.000571030374893038,0.002297181204515498,0.003701048023317382,-0.0005281971957754126
25.682,0.0,0.00021479423946813147,-0.00028255917109445717,0.0005741421817518714,0.002332679388983834,0.0039822403390730315,-0.001093531634176525
25.702,0.0,0.0002332102517676127,-0.0002779740406035397,0.0006186960521375879,0.002612542420119438,0.003827115211406883,-0.0012235115923736471
25.722,0.0,0.0002332102517676127,-0.0002779740406035397,0.0006186960521375879,0.002612542420119438,0.003827115211406883,-0.0012235115923736471
25.742,0.0,0.0002910172592695849,-0.000282457800180349,0.0005751007581705554,0.002579549082358551,0.0029786767487196813,-0.0015049633558723078
25.762,0.0,0.00021381563871854538,-0.00029376566370610297,0.0005623788673561231,0.002555197795059806,0.002697317830881295,-0.0012220559417872594
25.782,0.0,0.00016274954503484328,-0.0002905183415407185,0.0005955224141271859,0.002798681915834142,0.002118656926899555,-0.0009286199149304351
25.802,0.0,0.00012222328564708796,-0.00031705001246976706,0.000563788425372835,0.0027978173459459587,0.0019766173685727448,-0.0010691858397611118
25.822,0.0,0.00012222328564708796,-0.00031705001246976706,0.000563788425372835,0.0027978173459459587,0.0019766173685727448,-0.0010691858397611118
25.842,0.0,7.687619861178129e-05,-0.00033156692049098513,0.0005235028753140025,0.0027703226477600396,0.001553663336125646,-0.0009277123017010513
25.862,0.0,-2.5786874914188007e-05,-0.00033987934580767434,0.000511493455368531,0.002717230339253015,0.0007073180890646271,-0.0006436366722736753
25.882,0.0,-2.307846942490227e-05,-0.000372487080691254,0.0004370213797408092,0.0025364447201295204,5.249900627016623e-06,-0.0005124037467804301
25.902,0.0,-4.002010565695565e-05,-0.0004008402305840054,0.00041975693046938223,0.002506934050782258,-0.0007004818419778441,-0.0006528964815973169
25.922,0.0,-4.002010565695565e-05,-0.0004008402305840054,0.00041975693046938223,0.002506934050782258,-0.0007004818419778441,-0.0006528964815973169
25.942,0.0,-9.023695869271317e-05,-0.0004402174676074583,0.0004387173584422174,0.00257977388312753,-0.0018338694085769194,-0.0003572885049280364
25.962,0.0,-0.0001984513157542208,-0.0005002122922388309,0.0003631530641880043,0.002132469656887791,-0.0020977184109214862,-9.569797536954109e-05
25.982,0.0,-0.0002565168323322836,-0.000503525750590982,0.00043117402865542427,0.002542734300081738,-0.002256740688430659,6.7261456652098e-05
26.002,0.0,-0.00020155477462904285,-0.000516074765006646,0.0003415647674842155,0.0022564341464353867,-0.0025255108198983076,-0.00022492533457840652
26.022,0.0,-0.00020155477462904285,-0.000516074765006646,0.0003415647674842155,0.0022564341464353867,-0.0025255108198983076,-0.00022492533457840652
26.042,0.0,-0.0002502502371969721,-0.0005812759038083215,0.00027996216224516834,0.0018080892531889407,-0.002930488593458094,-0.00010486101267603009
26.062,0.0,-0.00035240100612985846,-0.0005428691953160368,0.00029786646078727816,0.0020815862873051674,-0.002802160013678176,0.00032915523317693455
26.082,0.0,-0.0003411265795217587,-0.0005497840925989928,0.0003380794722648485,0.002193105231564211,-0.0033716272563034735,0.0003412554264579402
26.102,0.0,-0.00034061332577183065,-0.0005668025707238864,0.00036466479016866775,0.002347800832625504,-0.0032405432814112665,0.00019886215750432277
26.122,0.0,-0.00034061332577183065,-0.0005668025707238864,0.00036466479016866775,0.002347800832625504,-0.0032405432814112665,0.00019886215750432277
26.142,0.0,-0.00036772678271394506,-0.0005745152137109108,0.00046283629518432495,0.0027717525414168672,-0.0031183437642875456,0.0003617890499214142
26.162,0.0,-0.00035635738609821635,-0.0005684835033027685,0.0004570656730736111,0.0026316581500599157,-0.0031127515613429187,0.0003498136046467436
26.182,0.0,-0.0004202008010630922,-0.0005622423618744029,0.00046383986012708036,0.0026218546906293114,-0.003112602425510702,0.0006323573827734418
26.202,0.0,-0.00039285499749921527,-0.0004910789066585301,0.0005002795339444353,0.0027764156643693655,-0.002834845747291188,0.0006435457406801339
26.222,0.0,-0.00039285499749921527,-0.0004910789066585301,0.0005002795339444353,0.0027764156643693655,-0.002834845747291188,0.0006435457406801339
26.242,0.0,-0.0003214262692922132,-0.0004515157392867297,0.0005588066355664098,0.003056187461986486,-0.002989930576969594,0.000513262712109402
26.262,0.0,-0.0003309674411301038,-0.0004044583502307732,0.0005984830268336116,0.0033816545288135485,-0.002156638785989067,0.00052200400065802
26.282,0.0,-0.00026752503473905594,-0.00037035826075841426,0.0006019830780235843,0.0033816545288135485,-0.002156638785989067,0.00052200400065802
26.302,0.0,-0.00016489046822098374,-0.00035809721963846576,0.0005811148792306824,0.0031358879318337893,-0.0017197613675957954,8.698345656406637e-05
26.322,0.0,-0.00016489046822098374,-0.00035809721963846576,0.0005811148792306824,0.0031358879318337893,-0.0017197613675957954,8.698345656406637e-05
26.342,0.0,-7.556654551931131e-05,-0.0003338011172253867,0.000522263684887689,0.0028657122364365577,-0.0015653725100957241,-6.490277855982158e-05
26.362,0.0,-1.632569147566408e-05,-0.00028962119368203525,0.0004453030481951383,0.0024426726226515413,-0.001546878718474273,-8.620989286454936e-05
26.382,0.0,-5.6237757144305515e-05,-0.00020973867793278375,0.00042394407082113183,0.0023189383694259148,-0.0009717507075028008,0.00019629851870773973
26.402,0.0,5.369374728027883e-06,-0.00020355712471915272,0.00039061139451072884,0.002077893173444455,-0.00025129885904491046,4.360586305305034e-05
26.422,0.0,5.369374728027883e-06,-0.00020355712471915272,0.00039061139451072884,0.002077893173444455,-0.00025129885904491046,4.360586305305034e-05
26.442,0.0,4.5109822270079443e-05,-0.00016761913584921183,0.0003808086573720336,0.002105864112165112,0.0003131941399922439,4.208420370345723e-05
26.462,0.0,0.0001228639396922537,-0.00018314186716434882,0.00033956666213781075,0.001848392166651838,0.0006096223554506993,-0.0002505972897192161
26.482,0.0,5.843346733031722e-05,-0.00016611574648053322,0.00037628114249373736,0.0018385144670849916,0.0006106352040613518,3.0890655709271376e-05
26.502,0.0,0.0001132304423938527,-0.000110531080101414,0.0003409006362946648,0.0018239242021776164,0.0003274478428901654,3.162760648019259e-05
26.522,0.0,0.0001132304423938527,-0.000110531080101414,0.0003409006362946648,0.0018239242021776164,0.0003274478428901654,3.162760648019259e-05
26.542,0.0,9.397351372999477e-05,-7.885292543758936e-05,0.0003799604109938638,0.0018239242021776164,0.0003274478428901654,3.162760648019259e-05
26.562,0.0,5.19800701180779e-05,-1.6313291769331685e-05,0.00040226527359034625,0.0020812378867058074,3.199188274997132e-05,0.0003255025877890637
26.582,0.0,-3.820646055369109e-05,2.2604325597269106e-05,0.0003975446650779199,0.002071267359018049,3.300229713439969e-05,0.0006072251263737563
26.602,0.0,-5.981542390018364e-05,3.738485045530547e-05,0.000370543236218283,0.001817945239455921,0.0006121641181679989,0.000595636826695645
26.622,0.0,-5.981542390018364e-05,3.738485045530547e-05,0.000370543236218283,0.001817945239455921,0.0006121641181679989,0.000595636826695645
26.642,0.0,-8.867433311281045e-05,4.0441360291571535e-05,0.000289548902916071,0.001380568539836783,0.0004947546147656825,0.0007279449962748184
26.662,0.0,-0.0001426601860147634,7.638651742173612e-05,0.0002102979324119107,0.0009055178098480425,-0.0003327467777459495,0.0009896918755236926
26.682,0.0,-0.00019392957673407642,0.00021366616447217446,0.0001685022273612856,0.0008806662526795921,-0.0006153291479825668,0.0012725325157523304
26.702,0.0,-0.0002861075761288505,0.0002832829883416751,7.42965343243351e-05,0.00044419730646545026,-0.0007318915765347651,0.0014059030520402827
26.722,0.0,-0.0002861075761288505,0.0002832829883416751,7.42965343243351e-05,0.00044419730646545026,-0.0007318915765347651,0.0014059030520402827
26.742,0.0,-0.00031364936421739804,0.0003531405937528168,-0.00013223511912899643,-0.0005698670514931031,-0.0011085810537783043,0.0015049223531725657
26.762,0.0,-0.00041735323774280675,0.00035861940397959084,-0.00016745970006886538,-0.000914892435496733,-0.0019393904381842094,0.002059717210368144
26.782,0.0,-0.0004858125792805427,0.00042974448309422264,-0.00032398155345298937,-0.001634410711719814,-0.002043266414080718,0.0021819279038717944
26.802,0.0,-0.000511086167248209,0.00047036434372894713,-0.00036680761832461956,-0.0018287878612724558,-0.0030261709754183064,0.002312799445347461
26.822,0.0,-0.000511086167248209,0.00047036434372894713,-0.00036680761832461956,-0.0018287878612724558,-0.0030261709754183064,0.002312799445347461
26.842,0.0,-0.000631600344092158,0.0004967359639311791,-0.000505339437728526,-0.0025726043903742187,-0.0034107203515947185,0.0027173286555189106
26.862,0.0,-0.0007892004352803476,0.0004984489284325999,-0.000542260448900124,-0.0029314089498673267,-0.004383754627632923,0.003415392029948481
26.882,0.0,-0.0008844492711433607,0.0005629740025237431,-0.0006382102027195684,-0.0032392831637720033,-0.0047923480566674035,0.003546234279064856
27.082,0.0,-0.0011338347433739444,7.875754345220046e-05,-0.0003525356145166961,-0.001858762831150559,-0.005570456614633959,0.0034590758654849036
27.102,0.0,-0.0011020511463019913,3.4761813015301744e-05,-0.00021083941591101463,-0.0010017537805161205,-0.005613687197596753,0.0032074597827838167
27.122,0.0,-0.0011020511463019913,3.4761813015301744e-05,-0.00021083941591101463,-0.0010017537805161205,-0.005613687197596753,0.0032074597827838167
27.142,0.0,-0.0009769181736954346,-7.202673372277724e-05,-7.750902100184393e-05,-0.0003025150616141462,-0.006217247805042903,0.00266293360440052
27.162,0.0,-0.0009373551834678952,-0.00015976042717781304,-2.1371561965935804e-05,-2.4122089776653983e-05,-0.006515162019975275,0.00239133162577531
27.182,0.0,-0.0008906170997308255,-0.00023855607901290035,2.2821267483534576e-05,0.00028339844153767825,-0.006247839021646189,0.00211942334570909
27.202,0.0,-0.0007666770925186725,-0.00030123519738785873,0.00012002313870378011,0.0007155986487366098,-0.006414047361803962,0.0017054112295691736
27.222,0.0,-0.0007666770925186725,-0.00030123519738785873,0.00012002313870378011,0.0007155986487366098,-0.006414047361803962,0.0017054112295691736
27.242,0.0,-0.0006669988540208147,-0.00033208006539699224,0.00019457899587436433,0.0011624591258450408,-0.0061510055882404765,0.001444231090759396
27.262,0.0,-0.0005404619720440417,-0.0003594137478665672,0.0002706931195668914,0.0014960689606920634,-0.005460680690992194,0.0010296209934382175
27.282,0.0,-0.00044905476846953264,-0.0003942849630245874,0.00033307834473879827,0.001859604091731534,-0.004062565221292789,0.0007555204576491562
27.302,0.0,-0.0002993594012531204,-0.0004073820631259684,0.0003843058934681343,0.0020530681265006315,-0.0033669533232447064,0.00033016867960473695
27.322,0.0,-0.0002993594012531204,-0.0004073820631259684,0.0003843058934681343,0.0020530681265006315,-0.0033669533232447064,0.00033016867960473695
27.342,0.0,-0.00015629575824381795,-0.0004029723844661347,0.00038811021222819687,0.002105925388086496,-0.002521300588001954,4.5951890296280506e-05
27.362,0.0,-4.8976933865008815e-05,-0.00041861520726691506,0.00037053561697709297,0.0020456325158516777,-0.0010996765536306697,-0.00023774450137573863
27.382,0.0,2.8926931492988026e-05,-0.00037539567556929977,0.0004943268329474377,0.002705671968583875,0.0005663950173128821,-0.0005021268103093797
27.402,0.0,0.00018728795553799195,-0.0004130476881475903,0.0004477909925409749,0.002362806314095889,0.0018549136358548862,-0.0009497025735909651
27.422,0.0,0.00018728795553799195,-0.0004130476881475903,0.0004477909925409749,0.002362806314095889,0.0018549136358548862,-0.0009497025735909651
27.442,0.0,0.00038461715691488584,-0.00040124970877837584,0.0005000835343665909,0.002579549082358551,0.0029786767487196813,-0.0015049633558723078
27.462,0.0,0.00047089900635452746,-0.0003909811006799159,0.0004903897509856826,0.0026494787381557863,0.004249448243544942,-0.0016484173223728943
27.482,0.0,0.00046885793118832956,-0.0003717462065925986,0.0005270433963150195,0.002692024993922314,0.005096349454445633,-0.0016498167059794025
27.502,0.0,0.0004164898890631597,-0.0003578019114652883,0.0005395252042859442,0.0027387017714700355,0.006226726089556109,-0.001369439103657549
27.522,0.0,0.0004164898890631597,-0.0003578019114652883,0.0005395252042859442,0.0027387017714700355,0.006226726089556109,-0.001369439103657549
27.542,0.0,0.0005086884684745907,-0.00030693010061622696,0.00048467533717437995,0.0027490362254091144,0.006226061329046672,-0.0016519151207739838
27.562,0.0,0.0005689193502898832,-0.0003099957621507915,0.00041304438004204715,0.002493050328836538,0.006663644012356954,-0.001804181197092997
27.582,0.0,0.0006202239110656066,-0.0003221218094176922,0.0004322079793765541,0.0026441241096545527,0.0066595711235519685,-0.0020753479211382555
27.602,0.0,0.0007347267298793455,-0.0003824087434790729,0.00036091605522073616,0.002190882669947088,0.0059710724298696755,-0.0022362390258970524
27.622,0.0,0.0007347267298793455,-0.0003824087434790729,0.00036091605522073616,0.002190882669947088,0.0059710724298696755,-0.0022362390258970524
27.642,0.0,0.0007372173701457935,-0.00040223082533142837,0.00036282481977962,0.002162444622071946,0.0054063332699924496,-0.0022353121810231085
27.662,0.0,0.000725361559577011,-0.00039443941466083557,0.00040600954169841077,0.0024450798998073412,0.005391750136623386,-0.00222543701198649
27.682,0.0,0.0006656658415099059,-0.00039134454135899535,0.0004686691937278125,0.0026997845328898488,0.004954401656302592,-0.002073010811915918
27.702,0.0,0.0005614417520147304,-0.00040042329692718223,0.0004528236226818655,0.00268967098754321,0.004955363172988444,-0.0017908792659686499
27.722,0.0,0.0005614417520147304,-0.00040042329692718223,0.0004528236226818655,0.00268967098754321,0.004955363172988444,-0.0017908792659686499
27.742,0.0,0.000531029472776577,-0.0003964601757314285,0.00044481062543735183,0.0026331368205108783,0.0038256365937448054,-0.0017882662592609683
27.762,0.0,0.00047355207344710974,-0.0004493347454047228,0.0004069871118039485,0.0025642040647934857,0.0025552308054350536,-0.0016455808127969122
27.782,0.0,0.0003513238643236375,-0.00045151614503962653,0.0005219496409833733,0.0030617082244865077,0.0013978238263827902,-0.001340492449995102
27.802,0.0,0.00011496736376964556,-0.0004711643690869438,0.0005744634746628767,0.003308805344807336,0.001101818796005637,-0.0007648348138949479
27.822,0.0,0.00011496736376964556,-0.0004711643690869438,0.0005744634746628767,0.003308805344807336,0.001101818796005637,-0.0007648348138949479
27.842,0.0,-6.193347610519828e-05,-0.0004847020980632414,0.0005126056478857224,0.0030910176132913545,-2.201276371251898e-05,-0.0002102211881348153
27.862,0.0,-0.00024353419560678118,-0.000472505904340967,0.0005416390012291397,0.003194529469978406,-0.0004491107536621361,0.0002258768298256349
27.882,0.0,-0.00038826578932980545,-0.0005036255732198689,0.0004645099628769695,0.0028464758313982022,-0.001421783113903669,0.0006411033479812294
27.902,0.0,-0.000517023572871258,-0.0005197625572956539,0.0003710933708709182,0.002371324196439825,-0.0022502991847107366,0.0009025099265716092
27.922,0.0,-0.000517023572871258,-0.0005197625572956539,0.0003710933708709182,0.002371324196439825,-0.0022502991847107366,0.0009025099265716092
27.942,0.0,-0.0007122604577934152,-0.0005023736206425739,0.0003344259592219976,0.0022089269408767974,-0.0022391543452738574,0.001468392434106908
27.962,0.0,-0.000764132476645903,-0.0004684657519547738,0.00034098177007671444,0.0024214680641885112,-0.0035238862760367034,0.0016222895276227405
27.982,0.0,-0.0008462389126218847,-0.0005043287015403366,0.0002496701037138291,0.0018449529728537804,-0.0036361401100586626,0.0017432388650383034
28.002,0.0,-0.0009046989423001343,-0.00046086997643945835,0.0002904945298774433,0.0021272855408533053,-0.0036508695622327913,0.0017532927827495764
28.022,0.0,-0.0009046989423001343,-0.00046086997643945835,0.0002904945298774433,0.0021272855408533053,-0.0036508695622327913,0.0017532927827495764
28.042,0.0,-0.0009694758442976776,-0.00046445977694504424,0.0002972085641781336,0.0021170414619781047,-0.0036499761220023315,0.0020354995657941243
28.062,0.0,-0.0009326278237378386,-0.0004673356871257105,0.000311610773805825,0.002100922565606381,-0.0040740511186767485,0.0018950206569663583
28.082,0.0,-0.0008954332369831046,-0.0004916619495402387,0.00033333384040282215,0.0020995529013368617,-0.00421550373745924,0.0017546173247089847
28.102,0.0,-0.0009132821714245469,-0.0004692760296077171,0.00032265529418811834,0.002100922565606381,-0.0040740511186767485,0.0018950206569663583
28.122,0.0,-0.0009132821714245469,-0.0004692760296077171,0.00032265529418811834,0.002100922565606381,-0.0040740511186767485,0.0018950206569663583
28.142,0.0,-0.0009163221372265974,-0.00043769983073840997,0.00032235187797391744,0.0023097434017573105,-0.002807890517443869,0.0017642051350691044
28.162,0.0,-0.0007994051264997155,-0.00042858342539464677,0.0004305393332796383,0.0027308189297367783,-0.003114939386182995,0.0014907713146662164
28.182,0.0,-0.0007014115312678747,-0.00044566587965391794,0.0004630047921430839,0.0028707389522632525,-0.0032652357780836765,0.0013492087107374756
28.202,0.0,-0.0007503562300656823,-0.0004323349403963929,0.0005739161774013337,0.003378509645829293,-0.0015899625511725446,0.0013678491457202874
28.222,0.0,-0.0007503562300656823,-0.0004323349403963929,0.0005739161774013337,0.003378509645829293,-0.0015899625511725446,0.0013678491457202874
28.242,0.0,-0.0007341081433503496,-0.00043440035892296106,0.0006002593866966773,0.0034237581286939555,-0.0006009129883185435,0.0015076279343962415
28.262,0.0,-0.0005929154695190589,-0.00043006140229518634,0.0005953204395108991,0.003459971462502372,-0.00017838277505003,0.0010832817208286276
28.282,0.0,-0.00041526614791402285,-0.0004553093146522545,0.0005504525956805586,0.0032025168395274682,0.00011764488205504577,0.0007896440010350986
28.302,0.0,-0.00021358464165424168,-0.0004425708281598862,0.0005174003972071693,0.0029410342748245515,0.00013088895150725478,0.00021483473167207377
28.322,0.0,-0.00021358464165424168,-0.0004425708281598862,0.0005174003972071693,0.0029410342748245515,0.00013088895150725478,0.00021483473167207377
28.342,0.0,-6.08396881448871e-05,-0.00043158440805181846,0.000545604712878867,0.0032740011814920427,0.0008216151556910135,-0.00019901994958945144
28.362,0.0,6.0411065302145827e-05,-0.00041827046924907806,0.0005925302021479068,0.0036098106331488716,0.0016537580414909964,-0.00047297083548148594
28.382,0.0,0.00022425395438944575,-0.00037721058145722346,0.0006755008549108843,0.003901401298459547,0.0016386216973468305,-0.0007449870540025481
28.402,0.0,0.0002528048893422025,-0.00037072150930542023,0.0006837063305248573,0.003944840365175768,0.0024865477163307165,-0.0007460740818787287
28.422,0.0,0.0002528048893422025,-0.00037072150930542023,0.0006837063305248573,0.003944840365175768,0.0024865477163307165,-0.0007460740818787287
28.442,0.0,0.00029435330336402495,-0.0003835902352844819,0.0006573180946455335,0.0037190088535618547,0.003630092115903477,-0.0007583247191055007
28.462,0.0,0.0003426746214928275,-0.0003953476278550329,0.000594240997642413,0.003465359797535372,0.004208581365657195,-0.0007702990826254411
28.482,0.0,0.0005203731499708671,-0.00038330657414876616,0.000586055489377253,0.0034697599010268918,0.00378344019123658,-0.0014751924063282067
28.502,0.0,0.0005808330977930374,-0.0003824262016631094,0.0005929322439006107,0.0037498782059190517,0.003627892420498543,-0.0016057583846377354
28.522,0.0,0.0005808330977930374,-0.0003824262016631094,0.0005929322439006107,0.0037498782059190517,0.003627892420498543,-0.0016057583846377354
28.542,0.0,0.0006161532088230597,-0.00035538355519482606,0.000604186735780828,0.00376281639532846,0.0037686191762449296,-0.001747225220415512
28.562,0.0,0.0005665779149272255,-0.0003652475783690043,0.0006627737125426998,0.004075649814312339,0.004460766524755656,-0.001596285220539828
28.582,0.0,0.0005536520138896942,-0.0003538575261052662,0.000683497859300094,0.004061020059706774,0.004178574590499459,-0.0015964036365141627
28.602,0.0,0.0005129854942505523,-0.00040333543332447163,0.0006027539898374905,0.0034982097597553432,0.004348120398646012,-0.001476255194645327
28.622,0.0,0.0005129854942505523,-0.00040333543332447163,0.0006027539898374905,0.0034982097597553432,0.004348120398646012,-0.001476255194645327
28.642,0.0,0.0005207645929125579,-0.0004548808115045808,0.000524862913616234,0.0030595727928901407,0.0039430199995520564,-0.0016386667463447213
28.662,0.0,0.0005043904361303116,-0.0004866751389193183,0.00047925094367507143,0.002888840584980296,0.0033877226868968984,-0.0016358393355559305
28.682,0.0,0.0004986316506019138,-0.00047461312018764177,0.0004618537631327556,0.0028441242747661334,0.0023980491874274388,-0.0017757343828560346
28.702,0.0,0.000506532234371808,-0.0004966819015807187,0.00040106501187335547,0.002633174016220819,0.0009909921145164282,-0.0017843758543406765
28.722,0.0,0.000506532234371808,-0.0004966819015807187,0.00040106501187335547,0.002633174016220819,0.0009909921145164282,-0.0017843758543406765
28.742,0.0,0.0003237296994995105,-0.0005151996764088178,0.0004493076578563383,0.0027506752249014735,0.0008458073487313732,-0.001350215754579767
28.762,0.0,0.00013739612495179256,-0.0005271025996517437,0.000448456585818419,0.0027422603698966652,0.000988875160277731,-0.0009261681731362627
28.782,0.0,-2.3206016726000885e-05,-0.000527226363818123,0.0003987177281930866,0.0024094598900027756,0.00029759309364508325,-0.0005119426000071236
28.802,0.0,-0.0001242781522829342,-0.0005050431771737743,0.00035845663887385356,0.002341549879176835,-0.0008317207911998949,-0.00022774122304682618
28.822,0.0,-0.0001242781522829342,-0.0005050431771737743,0.00035845663887385356,0.002341549879176835,-0.0008317207911998949,-0.00022774122304682618
28.842,0.0,-0.00022045810066741265,-0.000498446442120668,0.00036915586045294904,0.0025954945067886816,-0.00141001631190662,-0.00021580804778826166
28.862,0.0,-0.0003631891684704612,-0.000497521566686729,0.00034511585128403925,0.002444864196975137,-0.0014050765034086784,5.429926557168322e-05
28.882,0.0,-0.0005450040039661507,-0.000464258849724466,0.000355252616104073,0.002536472531714446,-0.001972482697080232,0.0006315825726402645
28.902,0.0,-0.0005929834812902292,-0.0004290425131674949,0.000323272261846347,0.0025222376390293846,-0.0022551306773624436,0.0006320391551350897
28.922,0.0,-0.0005929834812902292,-0.0004290425131674949,0.000323272261846347,0.0025222376390293846,-0.0022551306773624436,0.0006320391551350897
28.942,0.0,-0.0006898524343642394,-0.0004246819887795906,0.00027760279582834344,0.002200944630258251,-0.002805265205010805,0.0009052694953472024
28.962,0.0,-0.000737370350652134,-0.0004124165910219157,0.00032048714576747074,0.002457093023711188,-0.0032427486014027355,0.001056693376896701
28.982,0.0,-0.0007387584529082218,-0.00037431997047098826,0.00025722270221596055,0.002276232355909494,-0.003944381264213466,0.001188030072824032
29.002,0.0,-0.0006910924295184644,-0.000361554993628829,0.00022634489868353713,0.0021032061119152044,-0.004641076280851344,0.0010495346816395531
29.022,0.0,-0.0006910924295184644,-0.000361554993628829,0.00022634489868353713,0.0021032061119152044,-0.004641076280851344,0.0010495346816395531
29.042,0.0,-0.0006875126849800702,-0.00041234265227152916,0.00025647463078959604,0.0021032061119152044,-0.004641076280851344,0.0010495346816395531
29.062,0.0,-0.0007138005170514471,-0.00043870555601776754,0.00025520283795945253,0.0020931303916403143,-0.004640084958798563,0.0013315142260397963
29.082,0.0,-0.00072840264712043,-0.00045423049521113644,0.00031017990095089305,0.0022370365793774314,-0.004507413532996928,0.0014715859490595931
29.102,0.0,-0.0005978304592335045,-0.00042657976299763345,0.0003796342419608253,0.0026536956172457347,-0.004951773771213004,0.0010708657833920503
29.122,0.0,-0.0005978304592335045,-0.00042657976299763345,0.0003796342419608253,0.0026536956172457347,-0.004951773771213004,0.0010708657833920503
29.142,0.0,-0.0004999158507965188,-0.0004631518163561959,0.0004313655446345708,0.0028084682378070012,-0.0048201883996830345,0.0009281329611422218
29.162,0.0,-0.00042152152887241337,-0.0004749386690698095,0.0005085296656567715,0.003102868223154131,-0.004693527282183859,0.0007968302157624471
29.182,0.0,-0.0003674948072410331,-0.0004977930633592283,0.0005547209025821718,0.0032834397629558296,-0.003992667983155882,0.0006657948923301849
29.202,0.0,-0.00033510292338615675,-0.0004621498631989049,0.000660672689859796,0.003777297396184077,-0.0027458586765333145,0.0005317914733283718
29.222,0.0,-0.00033510292338615675,-0.0004621498631989049,0.000660672689859796,0.003777297396184077,-0.0027458586765333145,0.0005317914733283718
29.242,0.0,-0.0002464743380112353,-0.0004898706574047262,0.0007167530776948412,0.003986747112062544,-0.0014797315651462663,0.00040028275232433034
29.262,0.0,-0.00012526215633172183,-0.00051092491782941,0.0007163584812456129,0.0037552625560670306,-0.000760938296066997,-3.504938369579934e-05
29.282,0.0,-6.263332183913165e-05,-0.0005059032268898409,0.0006788880659632453,0.00357055226700558,0.0010897557135875833,-0.00018974006961944325
29.302,0.0,7.759645961711892e-05,-0.00044469641811054446,0.0007050840845903968,0.0039183289879363556,0.0020628735552604173,-0.0006045677401983406
29.322,0.0,7.759645961711892e-05,-0.00044469641811054446,0.0007050840845903968,0.0039183289879363556,0.0020628735552604173,-0.0006045677401983406
29.342,0.0,0.00016695990495880887,-0.0004134853947041892,0.0006981701963921173,0.003946628810684935,0.0026273984042978105,-0.0006054360111622157
29.362,0.0,0.0002367411614018555,-0.00038382837484922226,0.0007428769428871302,0.004267705843994942,0.003177742777817311,-0.0008774572475048131
29.382,0.0,0.00025798855311233475,-0.00036044522411850537,0.000724247428925116,0.0041681854625678725,0.004035045704681421,-0.0008776965515914448
29.402,0.0,0.00032671542459885737,-0.00036064112244467954,0.0006894569820581407,0.004054933472499338,0.0044621743931636225,-0.0010313531050647493
29.422,0.0,0.00032671542459885737,-0.00036064112244467954,0.0006894569820581407,0.004054933472499338,0.0044621743931636225,-0.0010313531050647493
29.442,0.0,0.00043288812210120976,-0.0004098688101687926,0.0006801969056160475,0.0038096021151964787,0.004899603174112573,-0.0014669760627554099
29.462,0.0,0.0004677396456062623,-0.00043942720224438285,0.0006301437368562012,0.0034982097597553432,0.004348120398646012,-0.001476255194645327
29.482,0.0,0.0004915009432584186,-0.00044180411990945277,0.0006110478610559003,0.0035124483916392168,0.004630860190597601,-0.0014767187773228215
29.502,0.0,0.0004365050194876501,-0.00038992059605263486,0.0006503809836244321,0.0038096021151964787,0.004899603174112573,-0.0014669760627554099
29.522,0.0,0.0004365050194876501,-0.00038992059605263486,0.0006503809836244321,0.0038096021151964787,0.004899603174112573,-0.0014669760627554099
29.542,0.0,0.00041116907844745564,-0.00033874245871393625,0.0006649134963967556,0.004052512327703577,0.004320962734030449,-0.0011723514495163604
29.562,0.0,0.00034032084224022767,-0.000409342255413773,0.0006671789103908174,0.0037602077663703116,0.004335384941339124,-0.0009008336528613701
29.582,0.0,0.000271035698046124,-0.0004499979934048315,0.000628800890894255,0.003491776169052637,0.004632278251308139,-0.0009117489415902899
29.602,0.0,0.00015137549503650873,-0.0004819237662567595,0.0006054665694833604,0.0033269718058254474,0.004502600464252681,-0.0004870498684932043
29.622,0.0,0.00015137549503650873,-0.0004819237662567595,0.0006054665694833604,0.0033269718058254474,0.004502600464252681,-0.0004870498684932043
29.642,0.0,9.813062740581594e-05,-0.0005124549821980127,0.0006433017713960799,0.0034264293430517874,0.0036444582454095383,-0.0004865177406047547
29.662,0.0,-3.059465277724181e-05,-0.0004980637934554567,0.0006375492208941205,0.0033896394348345202,0.00322197389867134,-6.218669231129681e-05
29.682,0.0,-0.00017104650431833232,-0.0004433700784205672,0.0006006654212443873,0.003367563549323678,0.0030829742068314682,0.00036137248796239195
29.702,0.0,-0.00025107680226814426,-0.00043517097527461397,0.0005575760597863906,0.0033527925411017444,0.0027993862757807837,0.00036236433218049036
29.722,0.0,-0.00025107680226814426,-0.00043517097527461397,0.0005575760597863906,0.0033527925411017444,0.0027993862757807837,0.00036236433218049036
29.742,0.0,-0.0003223621501581629,-0.00040590752890729557,0.0005389790330929662,0.003285947487663719,0.0016708674452088294,0.0006459533256242129
29.762,0.0,-0.00037945352525581294,-0.00044928632355574775,0.0005593181380602926,0.0032309100196795484,0.0006824306045770578,0.0007887301753795984
29.782,0.0,-0.0003666948520099567,-0.00044264371780008483,0.0005689526391797748,0.003466840234421674,-0.0004625070569755083,0.0005192778275587961
29.802,0.0,-0.00042640900642073617,-0.00042530097713862705,0.000560313452109409,0.003411516697222177,-0.0014505467617872494,0.0006613311906854297
29.822,0.0,-0.00042640900642073617,-0.00042530097713862705,0.000560313452109409,0.003411516697222177,-0.0014505467617872494,0.0006613311906854297
29.842,0.0,-0.00043286765603778863,-0.00037591099840431584,0.0005689391878703822,0.0036354508419087902,-0.00273560809364251,0.0005328041065657199
29.862,0.0,-0.00041959887054802964,-0.0004046690935776248,0.00047707094028250974,0.003349025167108022,-0.0030059301477076005,0.0002407885990847978
29.882,0.0,-0.00044839372974109107,-0.00041209972962637806,0.00039582154076920907,0.0029124149866179188,-0.0032688769473242976,0.00021971654767606564
29.902,0.0,-0.0005032889337708277,-0.000452994684758859,0.0003498075638724622,0.0026172345627482113,-0.0033959238464390576,0.0003505104921768417
29.922,0.0,-0.0005032889337708277,-0.000452994684758859,0.0003498075638724622,0.0026172345627482113,-0.0033959238464390576,0.0003505104921768417
29.942,0.0,-0.0004776970306202543,-0.00046120981046175855,0.0003833435627554499,0.0027028186825030507,-0.00438863901516422,0.000504796413058027
29.962,0.0,-0.00047272239254233476,-0.00046009393976412954,0.0003758381187319819,0.0026745029538937917,-0.0049532435813207775,0.0005055970185605915
29.982,0.0,-0.0005697275163066825,-0.00044593015046048867,0.0003982785093555753,0.0027941636885082327,-0.005102703088525243,0.0009286958144158121
30.002,0.0,-0.0005523999433568345,-0.0004318985471249504,0.0003417974228031614,0.002663863296754718,-0.0049526603799343915,0.0007888435976757865
30.022,0.0,-0.0005523999433568345,-0.0004318985471249504,0.0003417974228031614,0.002663863296754718,-0.0049526603799343915,0.0007888435976757865
30.042,0.0,-0.0005775145004470826,-0.0004693224672519271,0.0003596907177686276,0.002665354276181265,-0.0048110744852995066,0.0009290726178616824
30.062,0.0,-0.0005578009053763096,-0.0004658753308845252,0.00035049033475254726,0.002568383843820214,-0.003958311582642387,0.0009162992188197312
30.082,0.0,-0.0005186268252776755,-0.00045692653593033903,0.0003558582982294636,0.0027495290833420066,-0.0032573039565535365,0.0007857454327745517
30.102,0.0,-0.0005434893607605281,-0.00039054194574562656,0.000458741137163626,0.0033465203653103544,-0.002438121904570174,0.0010878033340047434
30.122,0.0,-0.0005434893607605281,-0.00039054194574562656,0.000458741137163626,0.0033465203653103544,-0.002438121904570174,0.0010878033340047434
30.142,0.0,-0.0004654863556983016,-0.0004172433891866023,0.00043599828790880313,0.0031052963734478577,-0.0017181117600236443,0.0009345124264596297
30.162,0.0,-0.00037189932082206295,-0.0003802871238913188,0.00048009073449316086,0.003440593299076556,-0.0008852618121305097,0.000660772129431429
30.182,0.0,-0.00029920893760723786,-0.0003860943141286341,0.00046634156803689546,0.003210502370697297,-2.4728755877129176e-05,0.0003672210944470897
30.202,0.0,-0.0001899173339956434,-0.0003819005222427467,0.0005324512767226749,0.0035463030477671936,0.0008071090710622586,9.32106800988684e-05
30.222,0.0,-0.0001899173339956434,-0.0003819005222427467,0.0005324512767226749,0.0035463030477671936,0.0008071090710622586,9.32106800988684e-05
30.242,0.0,-2.471804701580548e-05,-0.0004344535995611773,0.0004708970045809017,0.0030441004723900235,0.0016817492674633858,-0.0004934873666504039
30.262,0.0,2.2616019071920114e-05,-0.0004219649001953238,0.000512920993310564,0.0033696215001384057,0.002515020293141009,-0.0004846894546691149
30.282,0.0,7.983397545266187e-05,-0.0004157750496131121,0.0005003537024996285,0.0031156805650498563,0.0030939261800420857,-0.0004953951588552513
30.302,0.0,0.0001955745720172314,-0.0004240394676000982,0.00041424712601590834,0.002829794434995992,0.0028249566154683776,-0.0007887230513917502
30.322,0.0,0.0001955745720172314,-0.0004240394676000982,0.00041424712601590834,0.002829794434995992,0.0028249566154683776,-0.0007887230513917502
30.342,0.0,0.00024176879085997972,-0.00047215204941524375,0.0004489367720818749,0.002701590213838795,0.003117490919925568,-0.000788057020992117
30.362,0.0,0.00036300412033949314,-0.00048430411875602017,0.00038662632344900217,0.0022630057202555286,0.0027122742169343197,-0.0009500781744215645
30.382,0.0,0.00039392636444118725,-0.0004713243753511254,0.000451480396813324,0.0025577352815296466,0.0028388398290312956,-0.001081145510836447
30.402,0.0,0.000439319296952948,-0.00042035798204176036,0.0005237634104412473,0.0030934997854532888,0.002244568071909398,-0.0010589777948624554
30.422,0.0,0.000439319296952948,-0.00042035798204176036,0.0005237634104412473,0.0030934997854532888,0.002244568071909398,-0.0010589777948624554
30.442,0.0,0.0004279970724820305,-0.0004557252939853337,0.00047956867555865897,0.002812985943200795,0.002401146061450156,-0.0009291902618145343
30.462,0.0,0.0003691928861519544,-0.0004435964810005878,0.00045819021522691445,0.0026734569324595252,0.0025523424397577055,-0.0007864935956754963
30.482,0.0,0.0003339676869397189,-0.00044378745701388925,0.0004176521198741609,0.002549228130783314,0.0029804794101331114,-0.0006579493000394528
30.502,0.0,0.00034465518349177166,-0.00043524506989067464,0.0004289295013653746,0.002547381460729785,0.0028395873076243307,-0.0007986083693574317
30.522,0.0,0.00034465518349177166,-0.00043524506989067464,0.0004289295013653746,0.002547381460729785,0.0028395873076243307,-0.0007986083693574317
30.542,0.0,0.00033486738886098424,-0.00041942258664250044,0.0005280856933601704,0.0030830469957901737,0.002246105666200637,-0.0007772121116615622
30.562,0.0,0.0002922938495371037,-0.0004186902954144741,0.0005695580733322994,0.0033659266486112684,0.002232086280156371,-0.0007669177390590925
30.582,0.0,0.0002518152392115979,-0.0004044011866049729,0.0005487379562396837,0.0033517694815887508,0.0019496689981839874,-0.0007664814310527814
30.602,0.0,0.00017016231297618402,-0.0003987719637781487,0.0006008611443801174,0.003592722835922381,0.0012291772366616429,-0.0006132264766914128
30.622,0.0,0.00017016231297618402,-0.0003987719637781487,0.0006008611443801174,0.003592722835922381,0.0012291772366616429,-0.0006132264766914128
30.642,0.0,7.767303924565292e-05,-0.0004125860489031362,0.0005697463308012386,0.003438394360561068,0.0009516315794581183,-0.0006245264625865998
30.662,0.0,4.810719031347359e-05,-0.000509021826557098,0.0004925295775110972,0.00294550793732347,-0.0002950832633794385,-0.0004909167415861567
30.682,0.0,-1.1062008524620417e-05,-0.00047144973967957056,0.0005636000758820849,0.0033290257557478326,-0.0010252054866874431,-0.0003388793028915882
30.702,0.0,-4.093945457534298e-05,-0.00045703890251691434,0.0006058585921173828,0.0037080945654269066,-0.0018908114508853265,-0.0003152661962640446
30.722,0.0,-4.093945457534298e-05,-0.00045703890251691434,0.0006058585921173828,0.0037080945654269066,-0.0018908114508853265,-0.0003152661962640446
30.742,0.0,-0.000124321070036613,-0.0004408971660727298,0.0006587822006423439,0.003936336027394816,-0.0028933897102034053,-0.00016193977184986936
30.762,0.0,-0.00017920177034273357,-0.000490643092274176,0.0005779697186511231,0.003584408615969695,-0.004150623349989308,-2.9101995895592902e-05
30.782,0.0,-0.00023553880770870922,-0.0004887150698506112,0.0004490262110374013,0.0030073253429683364,-0.004263078240672922,9.183625291930814e-05
30.802,0.0,-0.00033489919411441534,-0.0005388873046410717,0.0004635749797043683,0.0029957728605405987,-0.004403632519852058,0.00023332698127495876
30.822,0.0,-0.00033489919411441534,-0.0005388873046410717,0.0004635749797043683,0.0029957728605405987,-0.004403632519852058,0.00023332698127495876
30.842,0.0,-0.0003301659093983639,-0.0004905180412123761,0.0004915497718532116,0.0032351062692756558,-0.005265624288229643,0.0002448153748370187
30.862,0.0,-0.00039868556299499445,-0.0004872498983454702,0.0004607882406372095,0.0030962440966845616,-0.0051185010700849215,0.00037435468964117834
30.882,0.0,-0.000419896850720412,-0.00042877357333999844,0.000500409429679709,0.00340719590926582,-0.004568043289212938,0.00038383754307368166
30.902,0.0,-0.0004575486876891863,-0.0004235059130588086,0.0004316688030057745,0.0031674759954419015,-0.003706160455525036,0.00037185026637993673
30.922,0.0,-0.0004575486876891863,-0.0004235059130588086,0.0004316688030057745,0.0031674759954419015,-0.003706160455525036,0.00037185026637993673
30.942,0.0,-0.00045581980628086043,-0.0004206415205522943,0.00045728303005799223,0.0033205216895256405,-0.0035708411424895154,0.00024179575256491712
30.962,0.0,-0.0004828034444493894,-0.00048431920651657986,0.00041276689266557076,0.0030261759078314657,-0.003697301425904942,0.00037306617054150125
30.982,0.0,-0.00041478044045694415,-0.0005253065430274591,0.0004006540771649248,0.002883876303255065,-0.0038339749011435543,0.00022073143643385894
31.002,0.0,-0.0003839358796893038,-0.0005060075910470942,0.0004441074291060923,0.0030791898398284377,-0.002850194529841254,8.978899398411957e-05
31.022,0.0,-0.0003839358796893038,-0.0005060075910470942,0.0004441074291060923,0.0030791898398284377,-0.002850194529841254,8.978899398411957e-05
31.042,0.0,-0.0003485672750886245,-0.00048361990368766026,0.0004974658281070579,0.003387789030440729,-0.0024412164774025944,-4.197225667210189e-05
31.062,0.0,-0.0002755243348646041,-0.0005008187328412535,0.0005299704311198046,0.0034135662931392414,-0.002018270629500129,-0.00018394037498694902
31.082,0.0,-0.00024120463771313438,-0.0005186551845274124,0.0005322986843811348,0.0033020643449236703,-0.0014476697694697103,-0.00019684168087751646
31.102,0.0,-6.63154278047361e-05,-0.0005536612467154953,0.0004783775015521733,0.0030282631653158875,-0.001576509276893395,-0.0006310067808556538
31.122,0.0,-6.63154278047361e-05,-0.0005536612467154953,0.0004783775015521733,0.0030282631653158875,-0.001576509276893395,-0.0006310067808556538
31.142,0.0,7.968491312316994e-05,-0.0005514393799955704,0.00044968108408244414,0.002896515125327438,-0.0015677599214748707,-0.0009119158340169172
31.162,0.0,0.00016118938271564434,-0.0005536823601081463,0.0005357222150159994,0.0032056040938605724,-0.0011580307475261315,-0.0010436809322355407
31.182,0.0,0.0002255965593880514,-0.0005618904706711854,0.00048459553688806606,0.0028381858911075523,-0.00015165669082643473,-0.0012078324694424776
31.202,0.0,0.00039872378694229553,-0.0005306852843004288,0.00047954274544626685,0.002913269378917955,0.0008357919005612441,-0.001915573785684849
31.222,0.0,0.00039872378694229553,-0.0005306852843004288,0.00047954274544626685,0.002913269378917955,0.0008357919005612441,-0.001915573785684849
31.242,0.0,0.00046131008515161095,-0.0005010857493303253,0.0004532256828105269,0.002814212758052593,0.0016925495294045428,-0.0019166230192711486
31.262,0.0,0.0005273196750810614,-0.0005250816015655865,0.00042074723239836126,0.0025583032358293236,0.0021300818817913004,-0.002068958872341573
31.282,0.0,0.0005883748335728709,-0.0005341343358020273,0.00040838672125296664,0.0024162670994821683,0.0019922358261341175,-0.0022210452353261323
31.302,0.0,0.0005969089948610538,-0.00047541969198708014,0.00039692047134968334,0.0024324260018506157,0.0024167150278926017,-0.0020802508103732248
31.322,0.0,0.0005969089948610538,-0.00047541969198708014,0.00039692047134968334,0.0024324260018506157,0.0024167150278926017,-0.0020802508103732248
31.342,0.0,0.0006158114860930916,-0.00047430452713953877,0.0003422363228986508,0.0021788096971541607,0.002995210070826114,-0.0020914511235396666
31.362,0.0,0.0005813356257712769,-0.00046512550208563,0.0003403785415358962,0.0020660475089714827,0.0037120593428965707,-0.0019505151374297114
31.382,0.0,0.0005171309195033492,-0.0004715992638166998,0.0003803497406629696,0.002352423474465611,0.003980946093832199,-0.0016576233642196568
31.402,0.0,0.0004913176960555956,-0.0004120946405076005,0.0004018097635440012,0.002634987483562239,0.003966394060846295,-0.0016477615479334926
31.422,0.0,0.0005065109530836599,-0.0004029907481798898,0.0004055869018211659,0.0026065312496891266,0.0034014151067542063,-0.00164677328395754
31.442,0.0,0.0005065109530836599,-0.0004029907481798898,0.0004055869018211659,0.0026065312496891266,0.0034014151067542063,-0.00164677328395754
31.462,0.0,0.0004412982901635081,-0.000389488248880117,0.0004556059177115138,0.002876704058818448,0.0032466701450193105,-0.0014949947166324814
31.482,0.0,0.00036273335422921786,-0.0004177176576461008,0.00043893085632738067,0.0025692899418941436,0.002979431140476988,-0.0012224605211862227
31.502,0.0,0.00021237186293950934,-0.00038674857177616804,0.00046401299241108774,0.0028560111112457824,0.0032481172361111072,-0.0009300200676422172
31.522,0.0,8.361615542105051e-05,-0.000375955219726325,0.000500631822181479,0.0031156805650498563,0.0030939261800420857,-0.0004953951588552513
31.542,0.0,8.361615542105051e-05,-0.000375955219726325,0.000500631822181479,0.0031156805650498563,0.0030939261800420857,-0.0004953951588552513
31.562,0.0,3.58754002478818e-05,-0.00039356726666100214,0.0005761799115616556,0.003343108553594637,0.0020913362849518053,-0.0003430123605350149
31.582,0.0,-1.1390632884935264e-05,-0.00040064867893267617,0.0005893648973138393,0.0035966364208256415,0.00151254424121222,-0.00033101185825532063
31.602,0.0,-4.957864276866028e-05,-0.0004266205382546201,0.0005892486970481997,0.0035685855082946624,0.0009485172976971118,-0.0003304032097974881
31.622,0.0,-9.72290673547795e-05,-0.00044810353113088834,0.0005372612442509868,0.003243665594192794,0.00011458070586357056,-0.00033976181728811967
31.642,0.0,-9.72290673547795e-05,-0.00044810353113088834,0.0005372612442509868,0.003243665594192794,0.00011458070586357056,-0.00033976181728811967
31.662,0.0,-0.0001333923626553146,-0.000439672540475976,0.0005153020577327637,0.0033430959249059946,-0.0007429960027113534,-0.0003392530235490388
31.682,0.0,-0.0002722202364480258,-0.00041133115644894676,0.0005267492563334265,0.00344632573358307,-0.0011697582996889498,9.600407930550773e-05
31.702,0.0,-0.00036063403732676947,-0.00039813049900047084,0.0005317333771531262,0.0035501885899961953,-0.0017433963807222785,0.0003792431391405792
31.722,0.0,-0.0003860551140067396,-0.0003812545016707183,0.0005489383920136781,0.003661357654244084,-0.0023133848357109505,0.00039154947506339253
31.742,0.0,-0.0003860551140067396,-0.0003812545016707183,0.0005489383920136781,0.003661357654244084,-0.0023133848357109505,0.00039154947506339253
31.762,0.0,-0.0003827011078168541,-0.0003618237764353925,0.0005298140838381465,0.003658970817051785,-0.002454572641937715,0.0002502538486229177
31.782,0.0,-0.00045758001889731136,-0.000330346028914276,0.0005309355841166629,0.003818249622786177,-0.002039339242990298,0.0003894661575221172
31.802,0.0,-0.00045630874594001,-0.0003033022038035876,0.00044669276189911595,0.003647600429342072,-0.00259471708901478,0.0003917242363031683
31.822,0.0,-0.0004315351498189628,-0.00030508938588531126,0.00044021029764195645,0.003618680679916206,-0.003160835347284643,0.00039300900275713354
31.842,0.0,-0.0004315351498189628,-0.00030508938588531126,0.00044021029764195645,0.003618680679916206,-0.003160835347284643,0.00039300900275713354
31.862,0.0,-0.00042965443728671293,-0.00029004062458450546,0.00046089230239969157,0.0037205341472893085,-0.003875532300027342,0.0005336894842241279
31.882,0.0,-0.0004714777440786215,-0.0002898415001215273,0.0005409506051317652,0.004016839399329792,-0.003607870743525008,0.0005438545295785928
31.902,0.0,-0.00047748545211833386,-0.00034305144508751023,0.0005434503612096531,0.0038766729296086577,-0.0034561065535818345,0.0006868547890134967
31.922,0.0,-0.0004555571334691822,-0.0003764470878891428,0.0005621094242471351,0.003903442803794777,-0.003032829764107054,0.0005438585349263717
31.942,0.0,-0.0004555571334691822,-0.0003764470878891428,0.0005621094242471351,0.003903442803794777,-0.003032829764107054,0.0005438585349263717
31.962,0.0,-0.00042178687482670387,-0.00043107588891548837,0.0005113983197984047,0.003509139109782107,-0.0024488409980023,0.0005208277063518045
31.982,0.0,-0.0002926887407211742,-0.0004270996565221152,0.0005733815291449434,0.00378496887981915,-0.002888086567002979,0.00010892395793946866
32.002,0.0,-0.0002124013801804626,-0.00048148875753497786,0.0006163600689334723,0.003909571883379226,-0.0033175162254390723,-2.0090735211477896e-05
32.022,0.0,-5.3161571330099436e-05,-0.0005111289339314278,0.0006295793115389257,0.0037637641405664137,-0.0037366770507735836,-0.00045490123657565616
32.042,0.0,-5.3161571330099436e-05,-0.0005111289339314278,0.0006295793115389257,0.0037637641405664137,-0.0037366770507735836,-0.00045490123657565616
32.062,0.0,-8.134080261338055e-05,-0.0005672252643543765,0.0006168280502558147,0.003566900586762158,-0.0020282509084687066,-0.0004675315336199995
32.082,0.0,-6.425115374943216e-05,-0.0005603034069615888,0.0006435035344612271,0.003610890508748314,-0.0010389453001535336,-0.0003278335652562188
32.102,0.0,-2.5445726514613516e-05,-0.0005682021671395653,0.0006262202259383509,0.003509544254579316,-0.00032360527187030765,-0.0004699052823235359
32.122,0.0,3.2192902466109803e-05,-0.000551496091839595,0.0005740057360034985,0.0032415920359451715,-2.6933731906496392e-05,-0.00048018742363418684
32.142,0.0,3.2192902466109803e-05,-0.000551496091839595,0.0005740057360034985,0.0032415920359451715,-2.6933731906496392e-05,-0.00048018742363418684
32.162,0.0,8.370447959445964e-05,-0.0005428837983928781,0.0006228765988605958,0.003398241615190451,0.00024600873389060105,-0.00048189777079017475
32.182,0.0,0.00020317516184432176,-0.0005154886175062248,0.0006278400511308117,0.0034225831190491454,0.0005270063037877529,-0.0007650245696104088
32.202,0.0,0.00023517599624480888,-0.0005188651495348268,0.0006391530892292179,0.0034370021935080813,0.0008099393620890731,-0.0007656058114023555
32.222,0.0,0.00023852333059406146,-0.0004736662957629101,0.0006184802426068488,0.0033374157482849685,0.0016670984883889182,-0.000765967377288861
32.242,0.0,0.00023852333059406146,-0.0004736662957629101,0.0006184802426068488,0.0033374157482849685,0.0016670984883889182,-0.000765967377288861
32.262,0.0,0.00015665131688246658,-0.00044688150555128545,0.0006401959258996805,0.0033837278796382425,0.0027970894021879726,-0.00048502666780880175
32.282,0.0,0.00018147134993388222,-0.000447347691285704,0.0005834215573227403,0.003157289558671025,0.0037999742160388333,-0.0006382551381742266
32.302,0.0,0.00023605923300262162,-0.00045301035695598165,0.000555630602641545,0.0031687240729988586,0.003940228363270672,-0.0007795310994041935
32.322,0.0,0.00023098365753532058,-0.00047940025272253094,0.000552960551339537,0.0028724878649542063,0.003672202316238631,-0.0007901600183043341
32.342,0.0,0.00023098365753532058,-0.00047940025272253094,0.000552960551339537,0.0028724878649542063,0.003672202316238631,-0.0007901600183043341
32.362,0.0,0.0002530937196957643,-0.0004922196150798395,0.0005533625243542675,0.0028847299606603685,0.003813213889672952,-0.0009311250586192364
32.382,0.0,0.0002466122608667834,-0.0004743633086769432,0.0005760105121900758,0.003179054409571462,0.003939572044972484,-0.0010620905983988705
32.402,0.0,0.0002580753216408373,-0.00047572735168802387,0.0005572758124687142,0.0031773837459981597,0.003798872290098118,-0.0012027700248292048
32.422,0.0,0.00022584236200481306,-0.0004624372081656047,0.0005669280723420566,0.003162816924590119,0.0035156753806399187,-0.001202109727669641
32.442,0.0,0.00022584236200481306,-0.0004624372081656047,0.0005669280723420566,0.003162816924590119,0.0035156753806399187,-0.001202109727669641
32.462,0.0,0.0001751229004708039,-0.0004596811139617542,0.0006007224282569024,0.0034045488892606177,0.00279573598841311,-0.001050393136194641
32.482,0.0,0.00016310811270127813,-0.0005342024415859702,0.0005501537507533984,0.003078194275314329,0.0018208634342814195,-0.0011998476735903027
32.502,0.0,0.0001694038492290226,-0.0005171400460910825,0.0005463461223844562,0.003331498291599749,0.0012425901335817913,-0.0011884106651359509
32.522,0.0,6.482103394449206e-05,-0.000519558649110333,0.0005047586654905535,0.0031667542346756595,0.0009648391361663231,-0.0009162534690146369
32.542,0.0,6.482103394449206e-05,-0.000519558649110333,0.0005047586654905535,0.0031667542346756595,0.0009648391361663231,-0.0009162534690146369
32.562,0.0,-9.255550880293273e-05,-0.0004779464980139123,0.0005878036636796635,0.003667713183552099,9.047824452405504e-05,-0.00032970702761814745
32.582,0.0,-0.00010821654492620353,-0.00045151584595992347,0.0005769574997738708,0.0037650273667965586,-0.0007612793188485231,-0.0003172646624533349
32.602,0.0,-0.000178949951790207,-0.0004368490697139819,0.0006299798712941411,0.0040073541066283054,-0.0014812881909296463,-0.00016428823823103365
32.622,0.0,-0.00026671767670308406,-0.00044708943694497035,0.0006269322870653867,0.00398234789245702,-0.0017624803371422896,0.00011846761084875668
32.642,0.0,-0.00026671767670308406,-0.00044708943694497035,0.0006269322870653867,0.00398234789245702,-0.0017624803371422896,0.00011846761084875668
32.662,0.0,-0.0003372939552581269,-0.0004025823444532548,0.0006468649750055957,0.004252873620896368,-0.001918080254912632,0.000270655004231872
32.682,0.0,-0.00042813431612285477,-0.000395286914643223,0.0006287918492007834,0.0040613031396739075,-0.0026176788360852007,0.0006833569841408797
32.702,0.0,-0.0004101236004409856,-0.00038326819160991677,0.0006384741614475583,0.004185860389388977,-0.003047048715396827,0.0005543381865492378
32.722,0.0,-0.0004403948519100995,-0.00036745949468762956,0.0006743284726697577,0.00432700398687893,-0.0030568386031806496,0.0005539016164505947
32.742,0.0,-0.0004403948519100995,-0.00036745949468762956,0.0006743284726697577,0.00432700398687893,-0.0030568386031806496,0.0005539016164505947
32.762,0.0,-0.00041940760837275333,-0.0003916392877324709,0.0006417600492986665,0.0041426837246832755,-0.003894479463958386,0.0005552384639671131
32.782,0.0,-0.0004018748873253905,-0.0003919593615332996,0.0007268739472945853,0.004524677857886199,-0.004765842553597534,0.0005665177405143293
32.802,0.0,-0.0003618816378355827,-0.0004092053985060088,0.0007032284931197533,0.004380345376925508,-0.0048974818118972824,0.0004264827214466728
32.822,0.0,-0.0002924705162348951,-0.0004407613169743375,0.0006908985890651303,0.004236397483275345,-0.005176100575653106,0.00013417861506805683
32.842,0.0,-0.0002924705162348951,-0.0004407613169743375,0.0006908985890651303,0.004236397483275345,-0.005176100575653106,0.00013417861506805683
32.862,0.0,-0.00026144108759760805,-0.0004231407376988174,0.0006540935293861957,0.00422187193692091,-0.0054579229320776195,0.00013398743988637967
32.882,0.0,-0.00023356585180687355,-0.0004284717867579134,0.0006296671337591575,0.004066001948897748,-0.005732364034073609,0.00013528138088694702
32.902,0.0,-0.0001883935641445514,-0.0004477601416344304,0.0006231670034612211,0.003952119359510544,-0.005304027082176765,-1.7877634618387583e-05
32.922,0.0,-0.00010840221303205135,-0.0004565218995555501,0.000653531436818915,0.004004503126715712,-0.004457241733776905,-0.0003015742106892134
32.942,0.0,-0.00010840221303205135,-0.0004565218995555501,0.000653531436818915,0.004004503126715712,-0.004457241733776905,-0.0003015742106892134
32.962,0.0,-7.289858785967608e-05,-0.00044904064697366973,0.0005969855715169753,0.003777726122396424,-0.0034548538379846065,-0.00045518390719191063
32.982,0.0,-2.582896104934661e-05,-0.00042403834818537046,0.0006174733545926696,0.003806241298063384,-0.0028900424525386973,-0.00045620728355231317
33.002,0.0,-1.7977857346161564e-06,-0.0004280071493343419,0.0005532666322041603,0.00343822634110054,-0.0017362906245707982,-0.0004672987970231406
33.022,0.0,3.58500753738317e-07,-0.0004161281650221375,0.000496245199530108,0.00320088507114723,-0.0007327881429663052,-0.0003382214741099356
33.042,0.0,3.58500753738317e-07,-0.0004161281650221375,0.000496245199530108,0.00320088507114723,-0.0007327881429663052,-0.0003382214741099356
33.062,0.0,0.00016173787044563957,-0.00040297152344004203,0.0005132576033727959,0.003235155124060608,-0.00045172989445586446,-0.0009033381065012053
33.082,0.0,9.113714184485733e-05,-0.00033986788248131983,0.000567830710992296,0.0035665435911563185,0.0008061927046055154,-0.00047191222791570644
33.102,0.0,0.000148191105598797,-0.00039040678218259646,0.0005204209654301361,0.0030428951462321517,0.0015404097231549766,-0.0006348273838273651
33.122,0.0,0.0001246918782345932,-0.0003995966474958599,0.0005259481932027629,0.0030867379710742115,0.0025290789082051015,-0.0004949422218001847
33.142,0.0,0.0001246918782345932,-0.0003995966474958599,0.0005259481932027629,0.0030867379710742115,0.0025290789082051015,-0.0004949422218001847
33.162,0.0,0.00015337560388408895,-0.00040247216802192945,0.0005476040608019823,0.0030867379710742115,0.0025290789082051015,-0.0004949422218001847
33.182,0.0,0.0001924787216649832,-0.0003898700156033483,0.0005110315591167913,0.0029716168579466324,0.0029625073917104354,-0.0006360288929277685
33.202,0.0,0.00023072099066892316,-0.00040363069915748346,0.0005232042662006844,0.0029716168579466324,0.0029625073917104354,-0.0006360288929277685
33.222,0.0,0.00025659190922111633,-0.00038259834655855144,0.000520283004527334,0.0031261395859867947,0.003093310475524362,-0.0007780719306357582
33.242,0.0,0.00025659190922111633,-0.00038259834655855144,0.000520283004527334,0.0031261395859867947,0.003093310475524362,-0.0007780719306357582
33.262,0.0,0.00028455061515180916,-0.0003749638881968166,0.0005233685874023689,0.003112061518967238,0.0028112843681645495,-0.0007777393542615833
33.282,0.0,0.00031024658156121756,-0.00036786018540832814,0.0004939360776116998,0.0031243903494157983,0.002951458810117995,-0.0009197997860600335
33.302,0.0,0.00024930560835401046,-0.0003716497055742973,0.0004898356925291788,0.0031261395859867947,0.003093310475524362,-0.0007780719306357582
33.322,0.0,0.00029469005183924537,-0.0003937006940996996,0.00042825569202404744,0.0028534107645446804,0.00310647961948348,-0.0010709363806452245
33.342,0.0,0.00029469005183924537,-0.0003937006940996996,0.00042825569202404744,0.0028534107645446804,0.00310647961948348,-0.0010709363806452245
33.362,0.0,0.00026826065168498076,-0.0003635428335281226,0.00048301593700581126,0.003110218365636151,0.0026693338372098868,-0.0009194011164084329
33.382,0.0,0.00027063458273273724,-0.0003570594212670256,0.0005157983423339037,0.003402675375515965,0.0026549070289925004,-0.0011909456934510463
33.402,0.0,0.0001657208310184916,-0.0003670449043211037,0.0005100406911848741,0.003392370059330085,0.0026556507785237145,-0.0009084721598503362
33.422,0.0,8.443305066771775e-05,-0.00036730080691263034,0.0004891067734651003,0.003338598450053407,0.0018085724837737208,-0.0006246427177361152
33.442,0.0,8.443305066771775e-05,-0.00036730080691263034,0.0004891067734651003,0.003338598450053407,0.0018085724837737208,-0.0006246427177361152
33.462,0.0,-1.714110856038251e-05,-0.00033834419129065646,0.0005113933375265319,0.00357055226700558,0.0010897557135875833,-0.00018974006961944325
33.482,0.0,-9.75402747917462e-05,-0.0003700191288653129,0.0005282858187807103,0.0035443286451535545,0.0006658305095161824,-4.738476671527862e-05
33.502,0.0,-0.00022612445815513895,-0.00035321125030300524,0.0006291180397264574,0.0040989317950553645,0.0006390450918661071,0.0002554496488451158
33.522,0.0,-0.0002459648933311846,-0.00036369001547790835,0.000694683411323716,0.0043500566643147635,-8.209290346986272e-05,0.00012591717935316792
33.542,0.0,-0.0002459648933311846,-0.00036369001547790835,0.000694683411323716,0.0043500566643147635,-8.209290346986272e-05,0.00012591717935316792
33.562,0.0,-0.0003110400159548951,-0.00035742445452430926,0.0006825332521189036,0.004324298278770549,-0.0005051502018261598,0.000267927506159601
33.582,0.0,-0.0004142236574239179,-0.00035517480538559354,0.000690106973025716,0.004272678476093818,-0.001210148683043472,0.0006925841110070313
33.602,0.0,-0.00043879826789176206,-0.0003726501012560868,0.0006903354847571995,0.004258393665530139,-0.0014926385783022916,0.0006931705393067827
33.622,0.0,-0.00041344887726127894,-0.0003849222345141277,0.0006645444368750563,0.004228535508539258,-0.0021998071207369576,0.0005528290245070176
33.642,0.0,-0.00041344887726127894,-0.0003849222345141277,0.0006645444368750563,0.004228535508539258,-0.0021998071207369576,0.0005528290245070176
33.662,0.0,-0.0004786110677186086,-0.0004044430106714852,0.0006095815884629957,0.00391871929059265,-0.002609123472428903,0.0006849507148095795
33.682,0.0,-0.00046026022499450674,-0.0004268039558831873,0.0006112746528552037,0.003918009754165842,-0.0027497728574065934,0.0005431792141274208
33.702,0.0,-0.0004590738709850313,-0.0004029377797189903,0.0006378258728072973,0.004059874305986859,-0.002759950968054586,0.0005420931300582413
33.722,0.0,-0.00044217560648451934,-0.0004182279978421866,0.0006128567987399451,0.003903442803794777,-0.003032829764107054,0.0005438585349263717
33.742,0.0,-0.00044217560648451934,-0.0004182279978421866,0.0006128567987399451,0.003903442803794777,-0.003032829764107054,0.0005438585349263717
33.762,0.0,-0.00041626018462270114,-0.00044198848356143486,0.0005330052254217436,0.0034925558183712515,-0.0028737038881877517,0.0003809359937980236
33.782,0.0,-0.00039281153679699663,-0.00043931055880608397,0.0005431791527126324,0.0036071154235352964,-0.0033012501248810174,0.0005345735286161782
33.802,0.0,-0.00034902119696858964,-0.00044763356354872035,0.000538933730874478,0.0034763836045552015,-0.0032973696777838226,0.00024074743154912112
33.822,0.0,-0.0003089680393628597,-0.0004426352484526688,0.000528022235415558,0.003517814395384908,-0.0025920278189460314,9.793435339914881e-05
33.842,0.0,-0.0003089680393628597,-0.0004426352484526688,0.000528022235415558,0.003517814395384908,-0.0025920278189460314,9.793435339914881e-05
33.862,0.0,-0.00032473953399031024,-0.00043471109244618467,0.000498439862562582,0.0033916069941562032,-0.0021578326141945044,0.0002404345938059702
33.882,0.0,-0.00028132391670414135,-0.000469841037854301,0.0004388674155310503,0.002982996033903329,-0.0018566581882545224,0.00021672424891198242
33.902,0.0,-0.00015635933828051827,-0.0004535333090874806,0.0004432036225397345,0.003032063526936725,-0.0012933755804734278,-0.00034884346082300117
33.922,0.0,-7.983805483841082e-05,-0.0004517464627744672,0.0004450001115906468,0.003058959174501249,-0.0008698774775222013,-0.000489758301452978
33.942,0.0,-7.983805483841082e-05,-0.0004517464627744672,0.0004450001115906468,0.003058959174501249,-0.0008698774775222013,-0.000489758301452978
33.962,0.0,-3.755297963116977e-06,-0.0004911877460729998,0.00038704260215647874,0.002659010541484293,-0.0005645003116004269,-0.0007827177735308228
33.982,0.0,1.5804646134523276e-05,-0.000491167643539655,0.0003600212418271771,0.002421202245163212,0.0004387124473540102,-0.0006536203247474331
34.002,0.0,0.00011375499867437873,-0.0005017360959297382,0.00038391327335655364,0.0024579199086723976,0.0008612108479953467,-0.0010775591941349953
34.022,0.0,0.00018421751555730152,-0.0004994722382702183,0.00036497210425651567,0.0024989594555397624,0.001567259743657992,-0.0012208075668408461
34.042,0.0,0.00018421751555730152,-0.0004994722382702183,0.00036497210425651567,0.0024989594555397624,0.001567259743657992,-0.0012208075668408461
34.062,0.0,0.00032712168157777186,-0.0004917382473379492,0.00033662236508813205,0.002253516557927152,0.0020034663903192185,-0.0016548857565966974
34.082,0.0,0.0002548946554501874,-0.00046691186755192513,0.0003855833028575722,0.002541996336448617,0.0024141024782839277,-0.0012216546654301923
34.102,0.0,0.0003805919450889081,-0.0004602069565944534,0.0003821036653541342,0.0025496042905719194,0.002271527618821465,-0.0016448413899704543
34.122,0.0,0.00036786129493101443,-0.00041112466724543026,0.0004456059811893262,0.0028216003613768226,0.0022585961105587517,-0.0013514398665663
34.142,0.0,0.00036786129493101443,-0.00041112466724543026,0.0004456059811893262,0.0028216003613768226,0.0022585961105587517,-0.0013514398665663
34.162,0.0,0.00039663521307357023,-0.0004234157412588674,0.00045784564133526074,0.0028197376439630883,0.0021165169069611166,-0.0014930022795938602
34.182,0.0,0.0003587573706996273,-0.0003928970573955922,0.0005075598991254555,0.0031186228756668517,0.0025276774211810157,-0.0013424195457238568
34.202,0.0,0.000379012116685849,-0.0003684192933555787,0.0005532392911833831,0.003399116823868852,0.0023711802376826887,-0.0014722236920074968
34.222,0.0,0.00035653608170465163,-0.00033869725981421165,0.0005866968943467647,0.00366890518972219,0.0022161895640375904,-0.0013202868068524045
34.242,0.0,0.00035653608170465163,-0.00033869725981421165,0.0005866968943467647,0.00366890518972219,0.0022161895640375904,-0.0013202868068524045
34.262,0.0,0.0003737587190501784,-0.0003494954259634685,0.0005787267044264612,0.0036526098076155983,0.0017915774595241953,-0.0014612628527353494
34.282,0.0,0.00021643424762051106,-0.0003743327215468782,0.0006183545108163292,0.003660176970729851,0.0023586308915636675,-0.0008979653758483914
34.302,0.0,8.950928844188444e-05,-0.0003843601342925009,0.0006681185663655729,0.003891736829403462,0.0016389548436463574,-0.00046297487207256266
34.322,0.0,0.00010319845253766547,-0.0003827335582402051,0.0006156531030258147,0.0036070107999412247,0.0015118248869272109,-0.0006137327107142069
34.342,0.0,0.00010319845253766547,-0.0003827335582402051,0.0006156531030258147,0.0036070107999412247,0.0015118248869272109,-0.0006137327107142069
34.362,0.0,8.09080085669489e-05,-0.00039174146281386446,0.0006611454957861901,0.003849166416556075,0.0007921500640514356,-0.0004615259937715703
34.382,0.0,1.3741455720818713e-05,-0.0003955712412701116,0.0006458562572343145,0.003863747582671962,0.0010742221792715834,-0.00046139867340177533
34.402,0.0,-0.00010179501356106184,-0.00035672383748811925,0.0006743576111801616,0.004122443826070572,0.0009201698425859783,-2.7019266559746003e-05
34.422,0.0,-0.00016444922125619948,-0.00037037820984678576,0.0006423495303431065,0.004108786225368164,0.0006379662600408867,-2.5996209838650504e-05
34.442,0.0,-0.00016444922125619948,-0.00037037820984678576,0.0006423495303431065,0.004108786225368164,0.0006379662600408867,-2.5996209838650504e-05
34.462,0.0,-0.00024220062020947233,-0.00038160846319096835,0.0006387528213109704,0.004084375504521372,0.0003559235525963913,0.00025618017229600066
34.482,0.0,-0.0003127251028502496,-0.0003849029309027396,0.0006348229558667068,0.004084375504521372,0.0003559235525963913,0.00025618017229600066
34.502,0.0,-0.0003992837895522545,-0.0003652797451373216,0.000661846288046784,0.004059119037389352,7.402543239236755e-05,0.0005392405317856066
34.522,0.0,-0.0003694284879573751,-0.00035058964800807493,0.0006823573534304751,0.004283353753434085,-0.0012115289616647046,0.0004102458245763388
34.542,0.0,-0.0003694284879573751,-0.00035058964800807493,0.0006823573534304751,0.004283353753434085,-0.0012115289616647046,0.0004102458245763388
34.562,0.0,-0.0004225093422287653,-0.00037276222687443466,0.0006133303835070822,0.004029207889632449,-0.000633045604807343,0.0003990274048888137
34.582,0.0,-0.0004469514284157109,-0.0003891291719103889,0.0006366791377956708,0.003974652856430034,-0.0016204455767572018,0.000541349001726721
34.602,0.0,-0.0004965261233994667,-0.0004082229448718588,0.0005974985597544618,0.0038341419445374627,-0.0016164423471883294,0.0005298480894408094
34.622,0.0,-0.00051879485409891,-0.00040923042604738423,0.0005697171045071441,0.0036799819804310225,-0.0017471010576802508,0.0006721145829998985
34.642,0.0,-0.00051879485409891,-0.00040923042604738423,0.0005697171045071441,0.0036799819804310225,-0.0017471010576802508,0.0006721145829998985
34.662,0.0,-0.0004707003771013313,-0.0004095162046926789,0.0005818011633155842,0.0038040193747110197,-0.0023220075769551872,0.00038992246808982895
34.682,0.0,-0.00046816806901407146,-0.000418873285497733,0.0005934356969732136,0.003777297396184077,-0.0027458586765333145,0.0005317914733283718
34.702,0.0,-0.000450571102239252,-0.00045858806987585094,0.0005714841792253979,0.003494760458955906,-0.0027317554027415187,0.0005213765560056669
34.722,0.0,-0.0004322580249849074,-0.0004833683708698001,0.0005549873290658816,0.0033526728074842636,-0.0027216350417676046,0.0005225348159102116
34.742,0.0,-0.0004322580249849074,-0.0004833683708698001,0.0005549873290658816,0.0033526728074842636,-0.0027216350417676046,0.0005225348159102116
34.762,0.0,-0.00045297177784303975,-0.000461498017543897,0.0005447778565955021,0.003340617585348759,-0.0028634443566529686,0.0006645269675111606
34.782,0.0,-0.0004233891467721654,-0.0004525460735933448,0.0004671963545955942,0.0031273773214141936,-0.0015775041477967043,0.000510714341581161
34.802,0.0,-0.0003421245123906064,-0.0004438704236642146,0.0005343528817737626,0.0034194752842133225,-0.001593201980644124,0.00023904058128284558
34.822,0.0,-0.000268668503123207,-0.0004620968848550785,0.0005569192648348235,0.00344632573358307,-0.0011697582996889498,9.600407930550773e-05
34.842,0.0,-0.000268668503123207,-0.0004620968848550785,0.0005569192648348235,0.00344632573358307,-0.0011697582996889498,9.600407930550773e-05
34.862,0.0,-0.00028437180081218474,-0.00044783096222505915,0.0005997569448659061,0.0036186625937050243,-0.00047307088334881306,0.00023576790375537211
34.882,0.0,-0.00019091730946275604,-0.0004708281979175486,0.0005682077767856089,0.0034872916510047458,-0.0004641739698384294,-4.534318064010944e-05
34.902,0.0,-0.00016674605771656038,-0.0005016210485864094,0.0005435418048532893,0.003233101386469487,0.00011513455740142813,-5.674795321666056e-05
34.922,0.0,-0.0001285893752892688,-0.0005060413755544393,0.0005420357827234033,0.0032760482612709087,0.0009628813007568819,-5.8511493943966264e-05
34.942,0.0,-0.0001285893752892688,-0.0005060413755544393,0.0005420357827234033,0.0032760482612709087,0.0009628813007568819,-5.8511493943966264e-05
34.962,0.0,-7.880109243979262e-05,-0.0004915297199441945,0.0005616108425746984,0.0033153678667787487,0.0015269705334483225,-0.00034174526001534835
34.982,0.0,-1.4119219145422105e-05,-0.0004818670895993986,0.0006067612223793096,0.0036240456529086015,0.001936255735663792,-0.0004734414583081219
35.002,0.0,9.289712680544898e-05,-0.0004734220244917328,0.0006221117856236262,0.0036479870123020167,0.0022183154121614332,-0.0007559485801374138
35.022,0.0,0.00018354278392859454,-0.0005023415191689769,0.0006370033529811192,0.0036585662078508258,0.0022169372540042556,-0.0010378049635132868
35.042,0.0,0.00018354278392859454,-0.0005023415191689769,0.0006370033529811192,0.0036585662078508258,0.0022169372540042556,-0.0010378049635132868
35.062,0.0,0.0001329711600944476,-0.0005245172602819985,0.0005889306332164167,0.003380010515898503,0.002514364050322641,-0.0007673843302683957
35.082,0.0,0.00021616950470980113,-0.0005599030419997855,0.0005398419955382828,0.003110218365636151,0.0026693338372098868,-0.0009194011164084329
35.102,0.0,0.0002990703557351893,-0.000566874988788937,0.0004887223779880658,0.002862670197278296,0.002964720257826899,-0.001494740938059078
35.122,0.0,0.00029191627682249855,-0.0005689657260342134,0.0005530885021675636,0.0031327592015333696,0.002809846666406559,-0.0013428219693232318
35.142,0.0,0.00029191627682249855,-0.0005689657260342134,0.0005530885021675636,0.0031327592015333696,0.002809846666406559,-0.0013428219693232318
35.162,0.0,0.0003377810451442018,-0.0005428445127284116,0.0005548807678803688,0.003144157788377739,0.002950318263878177,-0.001484075420322761
35.182,0.0,0.00035429795377301743,-0.0005442309567505385,0.0005673070935032452,0.0031301316493736533,0.0026683066039335976,-0.0014836896353931741
35.202,0.0,0.000349416910619369,-0.0005511832081354235,0.0005222810024805542,0.0028600288191495994,0.002823076996381863,-0.0016354903874963656
35.222,0.0,0.0003163280188143081,-0.0004832126857775983,0.0005795677309399217,0.003399116823868852,0.0023711802376826887,-0.0014722236920074968
35.242,0.0,0.0003163280188143081,-0.0004832126857775983,0.0005795677309399217,0.003399116823868852,0.0023711802376826887,-0.0014722236920074968
35.262,0.0,0.00023644314201887396,-0.0005045235725492062,0.0005967229350648825,0.0033738375328687203,0.002088990195222067,-0.0011896746062624208
35.282,0.0,0.00016097464083617341,-0.0004695477032881086,0.0006377612966942402,0.0036299115575543933,0.001652720836754128,-0.0010376357515608817
35.302,0.0,0.0001267829924237224,-0.0004284034973722793,0.0006711048584564462,0.0038858320804873708,0.0012144791595319663,-0.0008855419810597871
35.322,0.0,3.1513830622191065e-05,-0.00035364315624651237,0.0007157699213640741,0.0044115530965231,0.0006219373384559192,-0.000581721070234372
35.342,0.0,3.1513830622191065e-05,-0.00035364315624651237,0.0007157699213640741,0.0044115530965231,0.0006219373384559192,-0.000581721070234372
35.362,0.0,-6.099353893840177e-05,-0.00033609602263084634,0.0007871700826912325,0.004657723315082982,0.00018573156813619544,-0.00014671713237186318
35.382,0.0,-0.0001416111042087788,-0.00031748649781735734,0.0007635326114193568,0.004644419921705232,4.421903173964832e-05,-4.61583226039324e-06
35.402,0.0,-0.00021102120137084154,-0.00030225090626031614,0.0007858575382285907,0.004888785003876211,-0.000533579116454863,0.0002888346649494362
35.422,0.0,-0.0003182718203480408,-0.0002632653367981446,0.0008061249086542717,0.005132167404728801,-0.0011124101263110598,0.0005821272370033047
35.442,0.0,-0.0003182718203480408,-0.0002632653367981446,0.0008061249086542717,0.005132167404728801,-0.0011124101263110598,0.0005821272370033047
35.462,0.0,-0.0003468093312335367,-0.00025928031053221986,0.0008076091239880822,0.005091593720196941,-0.001817921787960567,0.0007242089251498407
35.482,0.0,-0.00041172528189345855,-0.0002967686067059266,0.0007187963908023887,0.004499901410872332,-0.0022127450402431473,0.0008458282349417678
35.502,0.0,-0.00037069127164151265,-0.0003303526885987763,0.0006119437578011391,0.0040613031396739075,-0.0026176788360852007,0.0006833569841408797
35.522,0.0,-0.00039412178311537137,-0.0003786411668925013,0.0005318637107006328,0.003623364757676835,-0.002877414378705052,0.0006747978187766591
35.542,0.0,-0.00039412178311537137,-0.0003786411668925013,0.0005318637107006328,0.003623364757676835,-0.002877414378705052,0.0006747978187766591
35.562,0.0,-0.00035429628171378423,-0.00039925055778348626,0.000461367575980556,0.0033244608117743097,-0.003287066236917622,0.000524202986162046
35.582,0.0,-0.0003882821154786879,-0.0004192227107080709,0.00044400178157230267,0.0031722616431454033,-0.003422645468247541,0.0006535140883232845
35.602,0.0,-0.0003724084386040728,-0.0004151574362695839,0.0003974625461411204,0.003041686977245723,-0.0032730558751535932,0.0005139127093140009
35.622,0.0,-0.00037794013622750226,-0.0004818511314107462,0.0003832349859717461,0.0027603161937262135,-0.003258558789808677,0.0005032456967490014
35.642,0.0,-0.00037794013622750226,-0.0004818511314107462,0.0003832349859717461,0.0027603161937262135,-0.003258558789808677,0.0005032456967490014
35.662,0.0,-0.00042701828484482176,-0.0004976298012028258,0.00042772812908890915,0.002790840374428307,-0.002551980736404211,0.0006428780066198115
35.682,0.0,-0.00038651374314740923,-0.0005224006671415937,0.0004389854092378901,0.0028022778084339224,-0.00241170986563098,0.0005013388944805766
35.702,0.0,-0.00034342469400503963,-0.0005371606798594177,0.0004203862361158374,0.0028146000750086633,-0.0022708440091040055,0.00036023619053372383
35.722,0.0,-0.0002932168196367377,-0.0005643680197803421,0.0003694290910631603,0.0024305912611054478,-0.001687619444044564,5.479571214476673e-05
35.742,0.0,-0.0002932168196367377,-0.0005643680197803421,0.0003694290910631603,0.0024305912611054478,-0.001687619444044564,5.479571214476673e-05
35.762,0.0,-0.0002648160450146982,-0.0005260418951922382,0.0004516966571076191,0.002855339125641104,-0.0015647583476215213,0.00021805007142561874
35.782,0.0,-0.0002083268345286189,-0.0004880452957291215,0.0004704229885848436,0.003009388445214828,-0.0014334586519682867,7.522312439993157e-05
35.802,0.0,-0.00020309220492944173,-0.0004966479240848063,0.0005044587817362465,0.0031925524400507636,-0.0005906273714605674,8.517365395155678e-05
35.822,0.0,-0.0001410812797154806,-0.00048056074936191236,0.00048109800029274283,0.002951737348995798,0.00012956780407523738,-6.744776931878155e-05
35.842,0.0,-0.0001410812797154806,-0.00048056074936191236,0.00048109800029274283,0.002951737348995798,0.00012956780407523738,-6.744776931878155e-05
35.862,0.0,-7.317546503068904e-05,-0.0004976779248725094,0.0005055220424679376,0.0029489948409425334,-1.253128264485351e-05,-0.00020840955930690356
35.882,0.0,-6.24489799462599e-05,-0.0004279901222244651,0.00047399286125441117,0.0029654995799392983,0.0004119932546261241,-6.847502109952271e-05
35.902,0.0,-4.564844325513649e-05,-0.0004368894346339956,0.0004389996009120492,0.002711579430727304,0.0009913155163310296,-7.933771116447479e-05
35.922,0.0,1.9584664135201956e-05,-0.000454045010884512,0.0004302199707290992,0.002737641737060113,0.0014140783381179434,-0.000220618039127947
35.942,0.0,1.9584664135201956e-05,-0.000454045010884512,0.0004302199707290992,0.002737641737060113,0.0014140783381179434,-0.000220618039127947
35.962,0.0,2.869388882945504e-05,-0.0004859249364519957,0.00045083641921957505,0.002750221437633541,0.0015546811016627373,-0.0003630020140640314
35.982,0.0,8.510280939035977e-05,-0.0005284302640648919,0.00045012269908016015,0.0024678282212305656,0.0015693858520559687,-0.00037288349230583034
36.002,0.0,2.254562644078772e-05,-0.0005327471579084101,0.00046532918078128225,0.0024716366437981356,0.0018525047124631944,-9.048155225483613e-05
36.022,0.0,3.747310443788053e-05,-0.0005452060800036464,0.00046476459011369754,0.002498230290821834,0.002275390530176741,-0.00023320858676137107
36.042,0.0,3.747310443788053e-05,-0.0005452060800036464,0.00046476459011369754,0.002498230290821834,0.002275390530176741,-0.00023320858676137107
36.062,0.0,5.9021847897195356e-05,-0.0005476636452208443,0.00048452761921543176,0.002513097127153669,0.0025582956421263897,-0.00023324953898078098
36.082,0.0,3.546307441795113e-05,-0.0005577579786208326,0.000527053971677567,0.0027946993608220024,0.002543929486279424,-0.00022265161815685305
36.102,0.0,5.148578949949612e-05,-0.0005969163203944051,0.00048549375346654825,0.002498230290821834,0.002275390530176741,-0.00023320858676137107
36.122,0.0,7.937927858614025e-05,-0.000619160601909104,0.0004967003041811391,0.002496375106830599,0.0021344124244675185,-0.00037394624221780116
36.142,0.0,7.937927858614025e-05,-0.000619160601909104,0.0004967003041811391,0.002496375106830599,0.0021344124244675185,-0.00037394624221780116
36.162,0.0,0.00017786901525211211,-0.0006394442755247772,0.00047560147680080053,0.0024762444379734785,0.001427470517150402,-0.0007960971138114371
36.182,0.0,0.00018114395460330608,-0.0006393883895066881,0.0004977987887501318,0.0024474932518806767,0.0008619034489592845,-0.0007949796896923655
36.202,0.0,0.00011923951582504898,-0.0006182964964664322,0.0005010356441539544,0.0025792959485226815,0.0008530478705691145,-0.0005141012653776352
36.222,0.0,3.32376468668574e-05,-0.0005396469025829336,0.0005369817105526564,0.0030035704734022034,0.0009762419813585154,-0.00035163118165115943
36.242,0.0,3.32376468668574e-05,-0.0005396469025829336,0.0005369817105526564,0.0030035704734022034,0.0009762419813585154,-0.00035163118165115943
