sensor type:,aurora
timestamp (s),arclength (m),data
-0.052,0.466,0.010125429207724353,0.030981582580530714,0.4644410064184442,0.16397359657466026,-0.09922908688807508,0.0002525301679430933
-0.032,0.466,0.010125429207724353,0.030981582580530714,0.4644410064184442,0.16397359657466026,-0.09922908688807508,0.0002525301679430933
-0.012,0.466,0.010166806051348565,0.03098283044748802,0.4644279774084789,0.16392297944833245,-0.09962607901799612,0.000700393136410869
0.008,0.466,0.010134758885377565,0.030889370196324064,0.4643874555645696,0.16375028179304746,-0.09972596972971536,0.001124031835452244
0.028,0.466,0.010151483954771525,0.03078809210980321,0.46433736131879616,0.16337601677722208,-0.09945103823662992,0.0005268207486090947
0.048,0.466,0.010099528271996608,0.030944740249153963,0.4644541685600722,0.16439299617382952,-0.09925771846593293,0.00026944540232460066
0.068,0.466,0.010099528271996608,0.030944740249153963,0.4644541685600722,0.16439299617382952,-0.09925771846593293,0.00026944540232460066
0.088,0.466,0.010058512515522946,0.03096099930600906,0.4644376613733583,0.16427823778214468,-0.09896897529929377,0.0002487742299865136
0.108,0.466,0.010582929891458598,0.031110137334726336,0.46451089209949287,0.16471093631256212,-0.10086953231271652,-4.443962114720188e-05
0.128,0.466,0.010490843174406256,0.031022479771636417,0.46443251794800466,0.16435827098685724,-0.10015476738737461,-0.0005293348132599625
0.148,0.466,0.010542090744968301,0.031158748389988264,0.4645321188767353,0.16501533750672764,-0.1006090678423311,-4.819077930115743e-05
0.168,0.466,0.010542090744968301,0.031158748389988264,0.4645321188767353,0.16501533750672764,-0.1006090678423311,-4.819077930115743e-05
0.188,0.466,0.010473923223492457,0.031090838717477358,0.4644631102702019,0.16449149502706553,-0.10015248148722734,-0.00023854969494881115
0.208,0.466,0.010775927660231204,0.031115435792715977,0.46444848196906935,0.16470980781793912,-0.1011860255544438,-0.0005925927401452765
0.228,0.466,0.010600392516414618,0.031037206619389635,0.46446561724567687,0.16449105126973584,-0.10046908703876631,-0.0007873615908916997
0.248,0.466,0.010640632005944626,0.031144181484584577,0.464484952363031,0.16445653254789847,-0.10073325638726476,-0.0004885240762873137
0.268,0.466,0.010640632005944626,0.031144181484584577,0.464484952363031,0.16445653254789847,-0.10073325638726476,-0.0004885240762873137
0.288,0.466,0.010503700232387557,0.03130220160083127,0.46456426889804353,0.16531405302794222,-0.10049897772761465,-0.0001847166943001584
0.308,0.466,0.010691885814508546,0.03127802464268286,0.4645565099323473,0.16493503075361776,-0.1014365452134206,0.00028339741924179336
0.328,0.466,0.01036686440406447,0.031210770174511623,0.46453427366601513,0.1646992024129378,-0.10053641096247792,0.0007870849147361117
0.348,0.466,0.010131640053328742,0.031092434957893277,0.4644541732767322,0.16445788734185063,-0.09978418573413737,0.0011580087889684412
0.368,0.466,0.010131640053328742,0.031092434957893277,0.4644541732767322,0.16445788734185063,-0.09978418573413737,0.0011580087889684412
0.388,0.466,0.0104337230637215,0.03129299565149935,0.4645792234000904,0.16537286983628446,-0.10085864571180288,0.0011191002660622753
0.408,0.466,0.010316049316411356,0.031259076886381174,0.46455443193305546,0.16498750271966367,-0.10040740181591432,0.0009323088070560342
0.428,0.466,0.01038598647443104,0.031215489846196705,0.46456728638481765,0.1649812771493534,-0.10055736677376355,0.0008000456420709184
0.448,0.466,0.010173840373798204,0.03135597699117585,0.4646456744675215,0.1653487170055909,-0.09960158727059744,0.0006144370753068655
0.468,0.466,0.010173840373798204,0.03135597699117585,0.4646456744675215,0.1653487170055909,-0.09960158727059744,0.0006144370753068655
0.488,0.466,0.010120198305934797,0.0313739141400162,0.464642155500796,0.16549208263100312,-0.09945913075672239,0.0007512195886254161
0.508,0.466,0.010266696094376892,0.03133480984529195,0.46464787620078285,0.1657907789793372,-0.09966408985851936,6.583503565198073e-05
0.528,0.466,0.010355010226897528,0.031248600211117434,0.46462608222507823,0.16563000306324527,-0.09993936680157564,7.741370183656278e-05
0.548,0.466,0.010492041988440549,0.031223354527149274,0.4646022083344464,0.16531960418413622,-0.10034865488153287,-5.196943953963093e-05
0.568,0.466,0.010492041988440549,0.031223354527149274,0.4646022083344464,0.16531960418413622,-0.10034865488153287,-5.196943953963093e-05
0.588,0.466,0.010561508747794383,0.0313127631368774,0.4646343057057516,0.16573309075417905,-0.10052618956173276,-0.00016808380775919132
0.608,0.466,0.010427861195291703,0.031380921740222584,0.46467575923724724,0.16606054779476218,-0.09998454688577649,-0.00018864384913468653
0.628,0.466,0.010347647335258984,0.031339826813449725,0.46468620382183146,0.16618230710424667,-0.09996575721102798,0.000385437246063938
0.648,0.466,0.010471313913036049,0.03129023529639001,0.46465845861922095,0.1661705211630083,-0.10026421689119647,0.00011877737061475269
0.668,0.466,0.010471313913036049,0.03129023529639001,0.46465845861922095,0.1661705211630083,-0.10026421689119647,0.00011877737061475269
0.688,0.466,0.010404602054380986,0.03137757804007283,0.46466414863823324,0.16644085753047666,-0.10026791214193312,0.0004140191702051728
0.708,0.466,0.01037000753028552,0.0313515971492068,0.4646430419864127,0.16614824209562867,-0.10023024123002694,0.0006840623694681065
0.728,0.466,0.010445125765217028,0.03137099508893474,0.46469084724894266,0.16614201314958693,-0.10037932987376828,0.0005510299891290485
0.748,0.466,0.010234307143391212,0.031380169574668715,0.4646714069734352,0.16591236734034057,-0.09964455643732661,0.0006393610390477037
0.768,0.466,0.010234307143391212,0.031380169574668715,0.4646714069734352,0.16591236734034057,-0.09964455643732661,0.0006393610390477037
0.788,0.466,0.010383582003765369,0.03146376191604748,0.4646525329739902,0.16591183247855057,-0.09996026166696913,9.03006126420251e-05
0.808,0.466,0.01010126452446781,0.03140592894284089,0.464673861585327,0.16598620773747916,-0.0989667329842191,0.00017476305192681266
0.828,0.466,0.010172486757672995,0.03150062894224422,0.46469943615133835,0.16627894160997442,-0.09900546942828775,-9.60597580043056e-05
0.848,0.466,0.010457040541138541,0.03146437032836636,0.4646738526149189,0.1661705211630083,-0.10026421689119647,0.00011877737061475269
0.868,0.466,0.010457040541138541,0.03146437032836636,0.4646738526149189,0.1661705211630083,-0.10026421689119647,0.00011877737061475269
0.888,0.466,0.010799541963885514,0.03134588149146231,0.464627810512196,0.16551064160638138,-0.10149723518853933,2.5618288801350667e-05
0.908,0.466,0.010603482385999044,0.03127227292930293,0.4645600135130376,0.1649638720083491,-0.10100636077509619,0.0004003887314400594
0.928,0.466,0.01079205643643357,0.03136089980200894,0.4646223102198684,0.16521068287409799,-0.10160774704659743,0.00016248408180928223
0.948,0.466,0.010868589459008189,0.031115191468394417,0.4644486819873915,0.164326409995704,-0.10195680473146182,0.00029072487001183825
0.968,0.466,0.010868589459008189,0.031115191468394417,0.4644486819873915,0.164326409995704,-0.10195680473146182,0.00029072487001183825
0.988,0.466,0.010866778489167733,0.031094489573687285,0.4644403489565271,0.164326409995704,-0.10195680473146182,0.00029072487001183825
1.008,0.466,0.010757878929079753,0.03105791930223772,0.464398884990545,0.16377437727088653,-0.1016154086653924,0.0005319453811293615
1.028,0.466,0.010570841911371528,0.03112567972639345,0.464439259515055,0.16407306592066584,-0.10118803280920907,0.0009437113665225639
1.048,0.466,0.010922990104546658,0.031276671795115986,0.46451689993222905,0.16455655755167525,-0.10237510443113775,0.0007518958260211454
1.068,0.466,0.010922990104546658,0.031276671795115986,0.46451689993222905,0.16455655755167525,-0.10237510443113775,0.0007518958260211454
1.088,0.466,0.01084577302566071,0.031243137070322547,0.4645406430620424,0.16456223246824073,-0.1022264498683267,0.0008846120707192486
1.108,0.466,0.010491455571111476,0.031207762054609456,0.46450281650449926,0.16467690836226118,-0.10081779851156762,0.0008037864091184554
1.128,0.466,0.010524403726922864,0.031193777317667697,0.4644908099665587,0.16442270125203365,-0.10068131013646679,0.0003590997241323641
1.148,0.466,0.010606389109034862,0.03132093910895483,0.46459026798678793,0.16526258729266297,-0.10089535322737408,0.0002629179300126765
1.168,0.466,0.010606389109034862,0.03132093910895483,0.46459026798678793,0.16526258729266297,-0.10089535322737408,0.0002629179300126765
1.188,0.466,0.010443121799729305,0.03138941309006529,0.46462944979202336,0.1653258478649342,-0.10019963950622827,8.10768689167972e-05
1.208,0.466,0.010171724840053492,0.03146594479473736,0.46465569304473353,0.1655198760333194,-0.09934383104835735,0.000319592722750693
1.228,0.466,0.009978725614684382,0.03144301342541402,0.464655094507312,0.16543406758808163,-0.09862498359163185,0.00041592743488145915
1.248,0.466,0.010259155060893928,0.031504014794020575,0.46471813814668683,0.1656583234416469,-0.09950832664673878,0.0001948194524621122
1.268,0.466,0.010259155060893928,0.031504014794020575,0.46471813814668683,0.1656583234416469,-0.09950832664673878,0.0001948194524621122
1.288,0.466,0.01021751372971616,0.031486935806411126,0.4647092726345775,0.1656583234416469,-0.09950832664673878,0.0001948194524621122
1.308,0.466,0.010333321515345207,0.03139644126481175,0.46467008101823604,0.16550896361805498,-0.09964316063391948,5.294527900147579e-05
1.328,0.466,0.01055028082014022,0.03142459252062433,0.46467506445618856,0.16530298020019427,-0.10048153454937958,9.739133522253005e-05
1.348,0.466,0.010597351285868712,0.0315793936337833,0.46471343292769335,0.16556186892217917,-0.10078452869428106,0.00012675163666913894
1.368,0.466,0.010597351285868712,0.0315793936337833,0.46471343292769335,0.16556186892217917,-0.10078452869428106,0.00012675163666913894
1.388,0.466,0.010413921594053974,0.03170905502883409,0.4648049855000408,0.16617608241072743,-0.10011479755483221,0.00025243914427057246
1.408,0.466,0.010093324366346784,0.03168726068417247,0.4647980363077335,0.16614112241962617,-0.09884031360295875,2.893723176635506e-05
1.428,0.466,0.010384643484307817,0.031591899022507586,0.46474121916003286,0.16589513825831798,-0.10009315769036263,0.0002396685648192542
1.448,0.466,0.0107807738774801,0.03164372544882418,0.46480823900591234,0.16642376730996375,-0.10103274205065287,-0.0005340142401811198
1.468,0.466,0.0107807738774801,0.03164372544882418,0.46480823900591234,0.16642376730996375,-0.10103274205065287,-0.0005340142401811198
1.488,0.466,0.011178587878297662,0.03166049951216344,0.46478499211942753,0.1660559647320424,-0.10230583216128658,-0.0008971287092410333
1.508,0.466,0.011041108490323142,0.03169192103679354,0.4648417282160457,0.1666313595560387,-0.10204964174688169,-0.0006059765089174194
1.528,0.466,0.011210250823948165,0.03162809166140513,0.4647645939556452,0.16644201496821245,-0.10275608878923607,-0.0007106172288151862
1.548,0.466,0.010999731621592158,0.03165439181566466,0.4647772270118944,0.16649308203355567,-0.10204282941470522,-0.000610318781244234
1.568,0.466,0.010999731621592158,0.03165439181566466,0.4647772270118944,0.16649308203355567,-0.10204282941470522,-0.000610318781244234
1.588,0.466,0.010738667888143193,0.03161179585029288,0.4647594041127658,0.16640659912762307,-0.10116522015457309,-0.0003842854811106367
1.608,0.466,0.010945348647351982,0.03154731274581087,0.4647701384977315,0.16635505985557128,-0.1018783373025777,-0.0004850687215511736
1.628,0.466,0.010627487093912901,0.031445008129591126,0.4647288245998533,0.16585469492561203,-0.10082323466753851,-0.00014415420925329448
1.648,0.466,0.010883551880380926,0.03143511404304091,0.46471287272049394,0.16578026856792333,-0.10181733810782806,-0.0002276533326224901
1.668,0.466,0.010793273169743626,0.03137232571617868,0.4647009100145991,0.16582022604080038,-0.10140365732120951,-0.0003937690500174655
1.688,0.466,0.010793273169743626,0.03137232571617868,0.4647009100145991,0.16582022604080038,-0.10140365732120951,-0.0003937690500174655
1.708,0.466,0.010844217715249571,0.0313421995229805,0.4646622254834555,0.1656139677113152,-0.10192708548804219,0.00020037446209142252
1.728,0.466,0.010843717263132104,0.03134902127707047,0.46468492761758284,0.16589634806244918,-0.10194853957934868,0.00021276510660476306
1.748,0.466,0.010860489101843058,0.03139672796529058,0.46468599873155403,0.16620640252613791,-0.1018552969198639,-0.00020724129729375308
1.768,0.466,0.010661346937177204,0.03142697081893313,0.46469408317413213,0.16597559825702365,-0.10112077954274065,-0.00011870935856813699
1.788,0.466,0.010661346937177204,0.03142697081893313,0.46469408317413213,0.16597559825702365,-0.10112077954274065,-0.00011870935856813699
1.808,0.466,0.010772131498626377,0.031519496526277634,0.464723010277365,0.16633883235567087,-0.10169438879265282,0.0002130933525491947
1.828,0.466,0.010678456236894686,0.03140902594180307,0.46466264612248037,0.16611325778484945,-0.10112640998524461,-0.00011463550636366472
1.848,0.466,0.010558772329718281,0.03138057549237753,0.46463460028109493,0.16586026902978301,-0.10067366086399022,-1.0556580605877387e-05
1.868,0.466,0.01069887614596197,0.03140685715227416,0.4646610027490357,0.16627509096455717,-0.10100968334410429,-0.0002561368497401962
1.888,0.466,0.01069887614596197,0.03140685715227416,0.4646610027490357,0.16627509096455717,-0.10100968334410429,-0.0002561368497401962
1.908,0.466,0.0109325614386023,0.031416221163677295,0.4646173267788007,0.1660618433777665,-0.10183943519692061,-0.00021557530075646777
1.928,0.466,0.01074905260533081,0.031336293648997135,0.46457810743633865,0.16551064160638138,-0.10149723518853933,2.5618288801350667e-05
1.948,0.466,0.010564011076685155,0.03144361378541059,0.4646414981329451,0.16612527909039534,-0.10082755819958981,0.0001517939471252828
1.968,0.466,0.010543861550705177,0.03137015262682861,0.46464673097850984,0.16609667975878525,-0.10094189784698412,0.0005831684778090576
1.988,0.466,0.010543861550705177,0.03137015262682861,0.46464673097850984,0.16609667975878525,-0.10094189784698412,0.0005831684778090576
2.008,0.466,0.010648034725682634,0.03135771121508388,0.4646339543068924,0.1660400566397036,-0.10148843879496912,0.0008987545743294809
2.028,0.466,0.01054948019274576,0.03131452827134216,0.4645911398564634,0.16609667975878525,-0.10094189784698412,0.0005831684778090576
2.048,0.466,0.010539241373751793,0.03130153391786365,0.4645889939001128,0.16581493950557838,-0.1009210140788991,0.0005703130709740151
2.068,0.466,0.010733458537539165,0.03133734629932565,0.46465477767746466,0.16604554805578586,-0.10165551009575863,0.000482839991104356
2.088,0.466,0.010733458537539165,0.03133734629932565,0.46465477767746466,0.16604554805578586,-0.10165551009575863,0.000482839991104356
2.108,0.466,0.010569134037345633,0.03139640234186152,0.4646476175933288,0.166389383735779,-0.10098141904325648,0.0003131293414643912
2.128,0.466,0.01074930296554194,0.031227414753317636,0.4645863828802947,0.16591884220983177,-0.10166666568225655,0.0001958891649409263
2.148,0.466,0.01061915037177358,0.031206268783496655,0.46459097683667405,0.16594713684221465,-0.10123601046396521,0.00031344136828439655
2.168,0.466,0.01047402646283398,0.03115147356274975,0.4646043931093908,0.16586593830281907,-0.10052410991187849,0.00012304346395959284
2.188,0.466,0.01047402646283398,0.03115147356274975,0.4646043931093908,0.16586593830281907,-0.10052410991187849,0.00012304346395959284
2.208,0.466,0.010616343268670076,0.03118909222808271,0.4645873808044924,0.16581987510503207,-0.10108758312812184,0.00015506391180874753
2.228,0.466,0.010597590878028536,0.031194707870222257,0.46453448092831934,0.16557284641254696,-0.10080120858152897,-0.00015610671524609858
2.248,0.466,0.010487616445832107,0.0311490143273896,0.46450371747174524,0.16502107817881875,-0.10045949731889724,8.540530000577069e-05
2.268,0.466,0.010564764370823073,0.031132920784023892,0.4644908481868347,0.16474425027240777,-0.10060561349238173,-0.0003430472967138949
2.288,0.466,0.010564764370823073,0.031132920784023892,0.4644908481868347,0.16474425027240777,-0.10060561349238173,-0.0003430472967138949
2.308,0.466,0.01058933484739265,0.031081080707126934,0.4644782407335827,0.1646008540047184,-0.10058960669512096,-0.00035169831489748006
2.328,0.466,0.010701328086339201,0.03111185243613334,0.46446974052480067,0.16471625508127521,-0.10103668298447832,-0.00045987475772191726
2.348,0.466,0.010437971796849738,0.031015594775893017,0.4644077087170003,0.16404835919549865,-0.1002481579154211,-0.00011011096468763277
2.368,0.466,0.010371990250842594,0.031215898753886324,0.46447033080684075,0.16421541202427087,-0.0999815119422355,-0.00011747774949799504
2.388,0.466,0.010371990250842594,0.031215898753886324,0.46447033080684075,0.16421541202427087,-0.0999815119422355,-0.00011747774949799504
2.408,0.466,0.010364761265522559,0.031111670195885628,0.4644014320280663,0.16365172562043542,-0.09993770880988304,-0.00014338113508334773
2.428,0.466,0.010415973773510837,0.0311150163317762,0.46440940487548626,0.16361784611419192,-0.10020299930772536,0.00015591022969033827
2.448,0.466,0.010100493112681136,0.03106556310854774,0.464412836444092,0.16351975581050202,-0.09930766820622206,0.0006627183453607625
2.468,0.466,0.01006422511236026,0.03116755495492824,0.4644517047811017,0.16407166740736168,-0.09933373336092652,0.0009715408233868391
2.488,0.466,0.01006422511236026,0.03116755495492824,0.4644517047811017,0.16407166740736168,-0.09933373336092652,0.0009715408233868391
2.508,0.466,0.009962944686454261,0.031062357542269055,0.4644026810539543,0.1636922588059796,-0.09889210823530634,0.0007892286722531057
2.528,0.466,0.01006656835362051,0.031109393222113358,0.46444165394729225,0.16418771440214294,-0.09946360152685259,0.0014118606568792964
2.548,0.466,0.009900461036632044,0.03099462241109775,0.4643660230914385,0.16363545721253017,-0.09912096703889,0.0016526114425364725
2.568,0.466,0.009781565353303389,0.030847693854420977,0.4643033722901218,0.16310018458404493,-0.09864780216200676,0.0017449690386763383
2.588,0.466,0.009781565353303389,0.030847693854420977,0.4643033722901218,0.16310018458404493,-0.09864780216200676,0.0017449690386763383
2.608,0.466,0.010002007398503494,0.030968473162337192,0.46439671347547695,0.1636126421285451,-0.09940257439626586,0.0016688780353400043
2.628,0.466,0.009940986484623517,0.030907922016580304,0.46439865674293807,0.16375629841915879,-0.09926011571392218,0.0018057559490730552
2.648,0.466,0.009702486054499177,0.03089877461310427,0.4644190579625871,0.16409542053941467,-0.09841859284542796,0.002052138989382336
2.668,0.466,0.009895397036617203,0.031023691774302736,0.4644565769927176,0.16450341172954602,-0.09890405609640308,0.0016740374436892947
2.688,0.466,0.009895397036617203,0.031023691774302736,0.4644565769927176,0.16450341172954602,-0.09890405609640308,0.0016740374436892947
2.708,0.466,0.010043263278422516,0.03106445018864684,0.4644452610874472,0.16438784806782025,-0.09909071346415235,0.0006840170692303593
2.728,0.466,0.010233142538515162,0.031009607323713474,0.46441590418698026,0.16393423435410576,-0.09964338629499392,0.0004180422009234563
2.748,0.466,0.010301894240068481,0.031089263294937875,0.4644749669359551,0.16449151807444679,-0.09983537626007692,0.0003099018438369931
2.768,0.466,0.0103565673739541,0.03111295892485987,0.46448822994061045,0.1646068008168709,-0.1001235722744241,0.0003310493565489752
2.788,0.466,0.0103565673739541,0.03111295892485987,0.46448822994061045,0.1646068008168709,-0.1001235722744241,0.0003310493565489752
2.808,0.466,0.010207921209223692,0.03111655949303359,0.4644926680825198,0.16466969165354206,-0.09942781899187392,0.00014860789219152583
2.828,0.466,0.009952623880994153,0.03125326849358991,0.4645691569591924,0.16499096943804126,-0.09871991232873266,0.0005448053323132162
2.848,0.466,0.009761184257370655,0.031232146687668726,0.46457635621368226,0.16507090231574092,-0.09789214435645965,0.00021244829110140704
2.868,0.466,0.009789763850693136,0.03133449620626781,0.4646092646902242,0.16508807412565127,-0.09775913427065619,6.354343873280898e-05
2.888,0.466,0.009789763850693136,0.03133449620626781,0.4646092646902242,0.16508807412565127,-0.09775913427065619,6.354343873280898e-05
2.908,0.466,0.009997078456562948,0.031509546984937006,0.4646545367929063,0.16531833168691176,-0.09849410766378128,-2.4163294870968546e-05
2.928,0.466,0.010169440378044702,0.03156213326887674,0.46469894203436307,0.16553779201479582,-0.09921079419947504,0.0001698951618455122
2.948,0.466,0.01023319396083769,0.031563211406479,0.46474731382892387,0.16594086089210275,-0.09952966396676122,0.00020713901648725447
2.968,0.466,0.010193933088192943,0.03163872028142407,0.464808539994348,0.1665101351402633,-0.09942390643363107,0.00036535943686875135
2.988,0.466,0.010193933088192943,0.03163872028142407,0.464808539994348,0.1665101351402633,-0.09942390643363107,0.00036535943686875135
3.008,0.466,0.009947743952337338,0.03145729646238938,0.4647182026423245,0.16573323687257174,-0.09851378158989518,0.0002788452443895275
3.028,0.466,0.009875777962162952,0.03148358460753427,0.4647088023015854,0.1657722579349857,-0.09810030825268923,0.0001137139501068561
3.048,0.466,0.010033073925616769,0.031470746461306154,0.464706330722009,0.1657269902273776,-0.09866256858935042,0.00014582881197505935
3.068,0.466,0.010497092825551222,0.03140378574106517,0.4646796679785611,0.16535420545424878,-0.10008470535322032,-0.0003508265537966707
3.088,0.466,0.010497092825551222,0.03140378574106517,0.4646796679785611,0.16535420545424878,-0.10008470535322032,-0.0003508265537966707
3.108,0.466,0.010777704396914958,0.03146252905955247,0.46470453149766916,0.16582584103649808,-0.1012540255666592,-0.0002601882989490554
3.128,0.466,0.011004662031423038,0.03137265864679141,0.4646508889342905,0.16544087613426084,-0.10234233749504511,7.457533838525804e-05
3.148,0.466,0.010778599215606317,0.03134067378751003,0.46464925404347807,0.16552670570622335,-0.10136578528255598,-0.0001231897128079556
3.168,0.466,0.010534187551591034,0.03131443752690069,0.4646237161430386,0.16531405302794222,-0.10049897772761465,-0.0001847166943001584
3.188,0.466,0.010534187551591034,0.03131443752690069,0.4646237161430386,0.16531405302794222,-0.10049897772761465,-0.0001847166943001584
3.208,0.466,0.010471692429748077,0.03132225385616935,0.4646107838792331,0.16503836262447824,-0.10032702398343889,-6.459245190814538e-05
3.228,0.466,0.010158480328186793,0.03125307364451125,0.46453225533654086,0.16425535703464655,-0.09925065199466566,0.00026507943246070596
3.248,0.466,0.01055245985798658,0.031516584484529854,0.4646661209954698,0.16529664409075476,-0.10063064570193186,-3.558970590682658e-05
3.268,0.466,0.010460586881669268,0.031583502174087376,0.4646845901012624,0.16555566922964993,-0.1006183393267576,0.000542383459622889
3.288,0.466,0.010460586881669268,0.031583502174087376,0.4646845901012624,0.16555566922964993,-0.1006183393267576,0.000542383459622889
3.308,0.466,0.010322385835635856,0.031601666677439716,0.46472913809401645,0.16586665795633115,-0.10020814365673074,0.0006720059746507072
3.328,0.466,0.010251276223669021,0.031518345203804844,0.4646675091861908,0.165463152596918,-0.0998895919037201,0.0006342399601743583
3.348,0.466,0.010177408781239098,0.03150810376616803,0.4646540808023266,0.16536597557739754,-0.0994692699825656,0.00046438505097954713
3.368,0.466,0.00977304741702531,0.0316287877552623,0.46472439013209155,0.1659159892728033,-0.09795666836323905,0.0002500581463052521
3.388,0.466,0.00977304741702531,0.0316287877552623,0.46472439013209155,0.1659159892728033,-0.09795666836323905,0.0002500581463052521
3.408,0.466,0.00987333442037552,0.031577255354594255,0.46470596035404743,0.16587646677473852,-0.09837053509545601,0.0004167672496903263
3.428,0.466,0.009674830007768372,0.03149144738624185,0.4646722205643302,0.1656119362093821,-0.09790068103538857,0.0008034786567521073
3.448,0.466,0.009540872380860875,0.03142907572844907,0.4646599640018995,0.16564079671217816,-0.09746910405081517,0.0009196656225419708
3.468,0.466,0.009624666404874619,0.03142741694178936,0.46469873151610425,0.1660435411568354,-0.0977886106669447,0.0009571585888969596
3.488,0.466,0.009624666404874619,0.03142741694178936,0.46469873151610425,0.1660435411568354,-0.0977886106669447,0.0009571585888969596
3.508,0.466,0.009330464864073343,0.03134195498148163,0.46464144805916807,0.1656920160548682,-0.09675607594803994,0.0010208264532018982
3.528,0.466,0.00958883082095418,0.03123362640757072,0.46456280336686234,0.1653695167851739,-0.0974651289576198,0.0006248309127485138
3.548,0.466,0.009632920764535573,0.031251714945040074,0.46456238900839825,0.16519799149128872,-0.09772353606105354,0.0009200703147894892
3.568,0.466,0.009762332636648129,0.03128014485209115,0.46460071588339713,0.1654514442723409,-0.09817600007522952,0.000815653739028821
3.588,0.466,0.009762332636648129,0.03128014485209115,0.46460071588339713,0.1654514442723409,-0.09817600007522952,0.000815653739028821
3.608,0.466,0.009919489830379267,0.03138579850021094,0.46463263793780885,0.16568746120829583,-0.09876106229780783,0.0008595550200654802
3.628,0.466,0.010028173009441275,0.031119646485105835,0.46450690885594714,0.16453198881073347,-0.09910593487244174,0.0006931052961992633
3.648,0.466,0.01024374899405879,0.031156356598638243,0.46449240339234243,0.16474512732654226,-0.0999723861556485,0.0007543346438796735
3.668,0.466,0.01053829087220769,0.03113690378015336,0.46450879472034384,0.1646880267844266,-0.1008343749687139,0.0005206968681035488
3.688,0.466,0.01053829087220769,0.03113690378015336,0.46450879472034384,0.1646880267844266,-0.1008343749687139,0.0005206968681035488
3.708,0.466,0.01036420415334552,0.031231312098835482,0.4645168195858598,0.16498750271966367,-0.10040740181591432,0.0009323088070560342
3.728,0.466,0.010406669601320515,0.031223488973879197,0.4645476706438966,0.16499869777897128,-0.10042471059218032,0.0006498553517280802
3.748,0.466,0.010508761767844436,0.03132753444909679,0.4646037952221944,0.16552212168034958,-0.10088230187221807,0.0008412932318598568
3.768,0.466,0.010445557568068151,0.03132704657839808,0.46460055952502216,0.16524583810262608,-0.10071100160501996,0.0009613330507639519
3.788,0.466,0.010445557568068151,0.03132704657839808,0.46460055952502216,0.16524583810262608,-0.10071100160501996,0.0009613330507639519
3.808,0.466,0.01036778609945832,0.03140575853877218,0.4646492155757356,0.16575062844133737,-0.10007729711385346,0.0002312673333736892
3.828,0.466,0.010292766215562927,0.03142729194541997,0.4646856061644651,0.1658894151597656,-0.09992643522235535,0.000655727303444787
3.848,0.466,0.010261617930773584,0.03142223006591591,0.46463978247103244,0.16618778286611163,-0.09981564280404918,0.0005183831914894388
3.868,0.466,0.010071947661862818,0.03136038719764119,0.4646557784721114,0.16635992608960834,-0.09924159666101327,0.0007730809489357406
3.888,0.466,0.010071947661862818,0.03136038719764119,0.4646557784721114,0.16635992608960834,-0.09924159666101327,0.0007730809489357406
3.908,0.466,0.009923945549907451,0.03147649943621374,0.464715975207902,0.16654977074017743,-0.0986937332252327,0.000748360141717028
3.928,0.466,0.009729015734723678,0.03142592280649851,0.46470955864241015,0.1664853991386763,-0.09785007115515393,0.00040931028258465974
3.948,0.466,0.010020202081018888,0.031329044254849156,0.46464190774813185,0.16600879054350104,-0.0986846584747305,0.00015791531978873343
3.968,0.466,0.010163000743633195,0.03134379115834689,0.4646198612074664,0.1660254557046455,-0.09886863270672573,-0.0005398850407138288
3.988,0.466,0.010163000743633195,0.03134379115834689,0.4646198612074664,0.1660254557046455,-0.09886863270672573,-0.0005398850407138288
4.008,0.466,0.009955798053634413,0.0311463881589257,0.46451183039194,0.16507062895715477,-0.09820797700843857,-0.00033578500799599336
4.028,0.466,0.009753152584382554,0.03117739179665005,0.4645734752921197,0.16572016573530912,-0.0972743300786002,-0.0005085127310051001
4.048,0.466,0.009619459475410853,0.031205338073172353,0.4645282055341169,0.16543192450149855,-0.09708584186164576,-0.00010591043200759911
4.068,0.466,0.009620857153892574,0.031098615352364797,0.4645028655177032,0.1651505408387498,-0.09706423793800517,-0.00011855298617933325
4.088,0.466,0.009620857153892574,0.031098615352364797,0.4645028655177032,0.1651505408387498,-0.09706423793800517,-0.00011855298617933325
4.108,0.466,0.00973358496851077,0.031156857237803273,0.4645465239362262,0.16513864545637325,-0.0973638194805251,-0.0003841575454929401
4.128,0.466,0.009871537364959595,0.031291255929992254,0.4645812404490152,0.16569111578566972,-0.09770498789802257,-0.0006252172688189751
4.148,0.466,0.010097783455228344,0.031188743362218333,0.4645167498130461,0.165058984592056,-0.09850767062378767,-0.0006024851270548861
4.168,0.466,0.010274156521763242,0.031245540065727582,0.46455976252175063,0.1654679123905931,-0.09899281966277358,-0.0009809056891309147
4.188,0.466,0.010274156521763242,0.031245540065727582,0.46455976252175063,0.1654679123905931,-0.09899281966277358,-0.0009809056891309147
4.208,0.466,0.010171745616636634,0.031200926601833007,0.4645572280554594,0.16531771807685688,-0.09881053227924758,-0.0005737335256167169
4.228,0.466,0.010253027729271922,0.03127559266305625,0.46459643026353525,0.16543916846490742,-0.0991070032783331,-0.000548818685860099
4.248,0.466,0.010384528067783895,0.031307022175205194,0.4646000274441481,0.16539375577603938,-0.09967091214745884,-0.0005155667058484249
4.268,0.466,0.010652685884029404,0.03144595832946995,0.4646451664043403,0.1656004951343347,-0.10068686259611563,-0.0005882605793101044
4.288,0.466,0.010652685884029404,0.03144595832946995,0.4646451664043403,0.1656004951343347,-0.10068686259611563,-0.0005882605793101044
4.308,0.466,0.011287371535236025,0.03143263838055684,0.46467950937789565,0.16601063201242203,-0.10286854138108552,-0.0008648339186475324
4.328,0.466,0.011447224775082365,0.03153990013785704,0.46478131983994814,0.16670010017503342,-0.10337607828439176,-0.0012306986249410895
4.348,0.466,0.01141718313229645,0.031327989253193446,0.4646522149024062,0.1661257261958819,-0.10331489287971972,-0.0009737072595664342
4.368,0.466,0.011282510798829604,0.03136825809514224,0.4646618195290282,0.16615448126259494,-0.10288402003521588,-0.0008559320508754614
4.388,0.466,0.011282510798829604,0.03136825809514224,0.4646618195290282,0.16615448126259494,-0.10288402003521588,-0.0008559320508754614
4.408,0.466,0.01098751581352568,0.031413781425342936,0.4647302675553336,0.16654457258436217,-0.10164704614100817,-0.0010585254867991236
4.428,0.466,0.01112400260328154,0.03143064039304045,0.46472616246529863,0.16650465897502706,-0.10206079526020671,-0.0008926327144406469
4.448,0.466,0.011089775053881985,0.03139300208302758,0.4647020026880876,0.16636018029036864,-0.10204485485382495,-0.0009010069416909814
4.468,0.466,0.010899115131758137,0.03128364201641586,0.46465053790926786,0.16609609072133372,-0.10157442689292458,-0.0005140823284953855
4.488,0.466,0.010899115131758137,0.03128364201641586,0.46465053790926786,0.16609609072133372,-0.10157442689292458,-0.0005140823284953855
4.508,0.466,0.010757028443294602,0.031243362702617326,0.46463767492756464,0.1661415958254228,-0.10101131145287703,-0.00054654897148721
4.528,0.466,0.010401471996120251,0.03116417186731915,0.46455496461591933,0.16567547493283372,-0.09969305354851202,-0.0005035040811031862
4.548,0.466,0.009983877321035452,0.031127446969046606,0.4645338707506004,0.16549664344616088,-0.09824503862885538,-0.00031487532272556025
4.568,0.466,0.009831275805838497,0.030974029859558074,0.4644413920022317,0.16450735965432214,-0.0978485459298293,0.00018788721450313495
4.588,0.466,0.009831275805838497,0.030974029859558074,0.4644413920022317,0.16450735965432214,-0.0978485459298293,0.00018788721450313495
4.608,0.466,0.009578349111693137,0.031105585419369298,0.46451911509138033,0.1648573311759353,-0.09702482961217633,0.0001516618875382799
4.628,0.466,0.009939733005022327,0.03124288100244196,0.4645772629256416,0.16532441901196393,-0.09834458939518365,0.00010812068023212017
4.648,0.466,0.009961430551996341,0.03126379757005017,0.4645867326681342,0.16557196663456716,-0.09863081796269985,0.00041988892050718257
4.668,0.466,0.009697930209590292,0.031271425277632534,0.46457209777791864,0.16545742558514606,-0.09802645197168433,0.0009480542807879077
4.688,0.466,0.009697930209590292,0.031271425277632534,0.46457209777791864,0.16545742558514606,-0.09802645197168433,0.0009480542807879077
4.708,0.466,0.009735774629050535,0.031249586862460575,0.4645942872056633,0.16545742558514606,-0.09802645197168433,0.0009480542807879077
4.728,0.466,0.009763595244189656,0.03130848720200671,0.4646426993853817,0.16573338734810458,-0.09819793392619118,0.0008276102610443492
4.748,0.466,0.009784816717194628,0.03130813480770085,0.4646599465663568,0.16589883053755083,-0.09808869285167905,0.00039990487199919456
4.768,0.466,0.009818558550337399,0.031347905257121465,0.4646670498748384,0.16632444036944002,-0.09812596027034931,0.0004210870665371527
4.788,0.466,0.009818558550337399,0.031347905257121465,0.4646670498748384,0.16632444036944002,-0.09812596027034931,0.0004210870665371527
4.808,0.466,0.009849200416959894,0.031221740397552752,0.4646031001178521,0.16559993123094077,-0.09819978796671129,0.0005368368344228813
4.828,0.466,0.009799490876864159,0.03135606171171335,0.46464596004477265,0.16589883053755083,-0.09808869285167905,0.00039990487199919456
4.848,0.466,0.009962665757241577,0.03142248919962002,0.4646812698958589,0.16615204061211258,-0.09854128412960987,0.00029567613538326605
4.868,0.466,0.009711034579806141,0.03135057894127882,0.4646393232990495,0.16592807639822596,-0.09765770577213512,0.0005166094095713356
4.888,0.466,0.009711034579806141,0.03135057894127882,0.4646393232990495,0.16592807639822596,-0.09765770577213512,0.0005166094095713356
4.908,0.466,0.00978814498270072,0.03133204781501239,0.46461565830104334,0.16563413313197978,-0.09793467994511253,0.00023809737326092786
4.928,0.466,0.009894561014027243,0.031336973047709875,0.464616560184174,0.16547382572807492,-0.09820981526634935,0.00025001467287580304
4.948,0.466,0.009668258940801436,0.03142213378788605,0.4646480798726263,0.16582446999225672,-0.09738691751747035,0.0002138854059138796
4.968,0.466,0.009402584933814826,0.03142972257822476,0.46464257805404074,0.1658814017457991,-0.09652497129909877,0.00044764082280717874
4.988,0.466,0.009402584933814826,0.03142972257822476,0.46464257805404074,0.1658814017457991,-0.09652497129909877,0.00044764082280717874
5.008,0.466,0.00957455272865239,0.03148364503602162,0.46467091511013003,0.16595633421249273,-0.09722664698188897,0.0006341364757688968
5.028,0.466,0.009655373044177436,0.03142826997617114,0.4646294490757797,0.16563503835756146,-0.09761823506798435,0.0007869057111220874
5.048,0.466,0.009405629988214637,0.03162407914987391,0.46474119248866025,0.16658242641512633,-0.09657395990715084,0.0004767267528949135
5.068,0.466,0.009400122543873127,0.03156362864558734,0.4647362086832695,0.16658242641512633,-0.09657395990715084,0.0004767267528949135
5.088,0.466,0.009400122543873127,0.03156362864558734,0.4647362086832695,0.16658242641512633,-0.09657395990715084,0.0004767267528949135
5.108,0.466,0.009318045912655106,0.031514483597551074,0.4647311384403594,0.16657703677839308,-0.09640647702454137,0.0008926209285610325
5.128,0.466,0.00929791132712116,0.031499723722372266,0.4647089520744431,0.16629540149912378,-0.09638552137885022,0.0008796579102752634
5.148,0.466,0.009206852164535647,0.031556767964129026,0.4647311705097087,0.16663379379572713,-0.09586046329707196,0.0005776787759436486
5.168,0.466,0.009132278127912523,0.03143842653461834,0.4646926547508096,0.16665654923893186,-0.09557894768315334,0.0005615283329036357
5.188,0.466,0.009132278127912523,0.03143842653461834,0.4646926547508096,0.16665654923893186,-0.09557894768315334,0.0005615283329036357
5.208,0.466,0.00954881503498074,0.03141050587760436,0.46467614294603127,0.16656553264462692,-0.09702281636675707,7.767674021035852e-05
5.228,0.466,0.009931092971489114,0.03142182086596754,0.464696421418844,0.16645144457186392,-0.0984305536920537,0.00015813921699196434
5.248,0.466,0.010136451463079657,0.031580606467169356,0.4647622637878757,0.1671074035438101,-0.09920149252212415,9.170782317793813e-05
5.268,0.466,0.010135980833580648,0.03158617638140226,0.46478506407276543,0.16738853232388567,-0.0992236529310611,0.0001039605784834846
5.288,0.466,0.010135980833580648,0.03158617638140226,0.46478506407276543,0.16738853232388567,-0.0992236529310611,0.0001039605784834846
5.308,0.466,0.010534390643919301,0.03150206033530604,0.46475060348305336,0.16702155209714403,-0.1004951084986943,-0.0002588961294398567
5.328,0.466,0.01039043703624425,0.031422377261538244,0.464686506385566,0.16676869905740765,-0.1000426987483875,-0.00015477403474647468
5.348,0.466,0.010589243098172678,0.03147087739436357,0.4647399702579928,0.16677928134888007,-0.10037593535032427,-0.0009862001867276691
5.368,0.466,0.010514597360756953,0.03146601391429741,0.46471317799259815,0.16681953401719227,-0.09996243591387939,-0.0011514160337695195
5.388,0.466,0.010514597360756953,0.03146601391429741,0.46471317799259815,0.16681953401719227,-0.09996243591387939,-0.0011514160337695195
5.408,0.466,0.01073565735484144,0.0314322153142007,0.4646870321747753,0.1664686117058922,-0.1007859753426516,-0.0011156813787783302
5.428,0.466,0.010712482036639263,0.03156196676777767,0.46477978408049,0.16672253954963748,-0.10092314512272398,-0.000670924581712537
5.448,0.466,0.010575943159598936,0.03174797857011248,0.464840567620327,0.16702155209714403,-0.1004951084986943,-0.0002588961294398567
5.468,0.466,0.010285698646609543,0.03170591568387812,0.4648283741612469,0.1668315404747748,-0.0993470915539283,-0.00033706111307344334
5.488,0.466,0.010285698646609543,0.03170591568387812,0.4648283741612469,0.1668315404747748,-0.0993470915539283,-0.00033706111307344334
5.508,0.466,0.009827888580776153,0.031537587586376876,0.4647042454239691,0.16596135152087424,-0.0977091743296971,-0.00033063093932141763
5.528,0.466,0.00997657516636688,0.03153301140861578,0.46467084789807545,0.16591577413138048,-0.09827243431040063,-0.0002982223870687556
5.548,0.466,0.010198099857952213,0.03163477588112643,0.46473729079238335,0.16627274812180573,-0.09915504252500375,-0.00022820055742797166
5.568,0.466,0.010147591092230757,0.031682220874713146,0.4647755087898287,0.16629616471216416,-0.09887299790494351,-0.00024411471600358718
5.588,0.466,0.010147591092230757,0.031682220874713146,0.4647755087898287,0.16629616471216416,-0.09887299790494351,-0.00024411471600358718
5.608,0.466,0.010305113871705233,0.03164801365027948,0.4647293130598335,0.165934562783304,-0.09967854983908718,7.41271210484479e-05
5.628,0.466,0.010415733003665554,0.031594915330979814,0.46469088671867054,0.16589513825831798,-0.10009315769036263,0.0002396685648192542
5.648,0.466,0.010346927682807254,0.031548496027531236,0.4646875397535537,0.16573938317075998,-0.10005999385006642,0.0005134925269693379
5.668,0.466,0.01087562575545201,0.03147270028367566,0.46465542109046926,0.1654700697837677,-0.10191161445250171,0.0001913045075599417
5.688,0.466,0.01087562575545201,0.03147270028367566,0.46465542109046926,0.1654700697837677,-0.10191161445250171,0.0001913045075599417
5.708,0.466,0.010934773253824595,0.03141611058429912,0.46461803948407665,0.16546485284494777,-0.10206086783756523,5.825414049989904e-05
5.728,0.466,0.01098517813292441,0.03140859288944657,0.46463496554137845,0.16559135705348932,-0.10220827558333923,0.00021642155183946763
5.748,0.466,0.011310986757502372,0.03149332467049877,0.4646997519231689,0.16610862750625302,-0.10313162909476882,-0.0002749028623638448
5.768,0.466,0.011280253627528262,0.031636746359495475,0.4647983736982281,0.16652827973044163,-0.10315849644490804,-0.00025846823737165297
5.788,0.466,0.011280253627528262,0.031636746359495475,0.4647983736982281,0.16652827973044163,-0.10315849644490804,-0.00025846823737165297
5.808,0.466,0.010806557551591356,0.03155243599622663,0.4647353512291767,0.16621732826624416,-0.10155639150279372,5.942567674492421e-05
5.828,0.466,0.011009279802192866,0.031595844740881576,0.4647895790650516,0.16661977571107348,-0.10203169963285601,-0.0003235843668289525
5.848,0.466,0.010733960760928184,0.03160368289863597,0.46478156379726954,0.16683799544443115,-0.10105282713643099,-0.00023099554739178352
5.868,0.466,0.010616027692590603,0.03163039123018818,0.46483859485614376,0.1669876060714442,-0.10075962920719923,3.941779776091344e-05
5.888,0.466,0.010616027692590603,0.03163039123018818,0.46483859485614376,0.1669876060714442,-0.10075962920719923,3.941779776091344e-05
5.908,0.466,0.010715564238115916,0.03165043178100146,0.4648552591751016,0.16740183504195771,-0.10109574190410867,-0.0002060320046149111
5.928,0.466,0.010164128626269168,0.03169804969194764,0.4648895105477895,0.1676702462331609,-0.0992452117805969,0.00011650754907068822
5.948,0.466,0.010177261485799062,0.031552240919325784,0.4647848403706259,0.16711901874816823,-0.0992193818471549,-0.00019095888169930577
5.968,0.466,0.009960633547705712,0.031518246714610745,0.46475603360233053,0.16704310717181675,-0.09835840990288353,-0.0002482374842523478
5.988,0.466,0.009960633547705712,0.031518246714610745,0.46475603360233053,0.16704310717181675,-0.09835840990288353,-0.0002482374842523478
6.008,0.466,0.009835753333802183,0.031408851725947165,0.4646891206120735,0.16647391537831688,-0.09814959186101266,0.00014222461025923235
6.028,0.466,0.009701091957394688,0.03131765002996799,0.4646330638833991,0.16638255671317875,-0.09757961750203122,0.00010592816637251138
6.048,0.466,0.00985602549625925,0.03127475216397548,0.46463308779481866,0.16633620159253243,-0.09814379538286801,0.00013822541737084084
6.068,0.466,0.009781326162520608,0.03126777230308265,0.464614342336998,0.16634236759175147,-0.0979931283907914,0.0002713838313590358
6.088,0.466,0.009781326162520608,0.03126777230308265,0.464614342336998,0.16634236759175147,-0.0979931283907914,0.0002713838313590358
6.108,0.466,0.00984061127709629,0.03126364338785243,0.46461804213127006,0.16641190074745252,-0.09852789498254698,0.0008726766042536172
6.128,0.466,0.009795246427024784,0.031305775561372304,0.46462019221981005,0.16632444036944002,-0.09812596027034931,0.0004210870665371527
6.148,0.466,0.009644604625131992,0.03128982974699437,0.46464524406751395,0.16637072673406664,-0.09756194300328959,0.00038887084652639123
6.168,0.466,0.009704631862540447,0.03124153271204065,0.46458006164654747,0.16597328834730649,-0.0974102766168923,-6.425755584245409e-05
6.188,0.466,0.009704631862540447,0.03124153271204065,0.46458006164654747,0.16597328834730649,-0.0974102766168923,-6.425755584245409e-05
6.208,0.466,0.00961646985032025,0.031330612431398515,0.4646578348793445,0.16627787992760976,-0.09715021107407454,-6.853353878626581e-05
6.228,0.466,0.009765369182515346,0.031344106264842235,0.4646773870883531,0.1665135035211589,-0.09773559769420678,-2.2712828864649922e-05
6.248,0.466,0.009875607507728036,0.031291667495370004,0.4646590778941467,0.16647391537831688,-0.09814959186101266,0.00014222461025923235
6.268,0.466,0.009907355275637877,0.031367265694051044,0.46466568041066253,0.1663479138409137,-0.09815963682129479,-0.00014446070763044527
6.288,0.466,0.009907355275637877,0.031367265694051044,0.46466568041066253,0.1663479138409137,-0.09815963682129479,-0.00014446070763044527
6.308,0.466,0.009656747763194723,0.031303952965672455,0.46462278357977865,0.16569673019816908,-0.09723964653349729,5.5886033159784285e-05
6.328,0.466,0.00979802672107596,0.03129841024536749,0.46456911366055414,0.1652321190565368,-0.09777529528055832,7.169436687441233e-05
6.348,0.466,0.00995933565325955,0.03130133347450746,0.4645591824589858,0.16507062895715477,-0.09820797700843857,-0.00033578500799599336
6.368,0.466,0.01004784664640006,0.03121023626845251,0.46451757090873197,0.16446721344897736,-0.09857873177516856,-0.0001954199600619284
6.388,0.466,0.01004784664640006,0.03121023626845251,0.46451757090873197,0.16446721344897736,-0.09857873177516856,-0.0001954199600619284
6.408,0.466,0.010117420620706643,0.031130738844470762,0.4644548446771634,0.16388120750684132,-0.09881775536362149,-0.00020350708198148002
6.428,0.466,0.010115103648984469,0.031248943038963348,0.4645436822377748,0.1644618029283989,-0.09872866928151233,-0.0003282431821426363
6.448,0.466,0.00997179507303365,0.03135291577319976,0.4645710397438637,0.16476018807902815,-0.09830177019333426,8.32996247460278e-05
6.468,0.466,0.009775759403614845,0.03142889658326696,0.46459940746754314,0.16481211502096696,-0.09758850295996843,0.00018476207910100837
6.488,0.466,0.009775759403614845,0.03142889658326696,0.46459940746754314,0.16481211502096696,-0.09758850295996843,0.00018476207910100837
6.508,0.466,0.01004220355218949,0.03155413551020089,0.4646952657382991,0.16519760408531428,-0.09835623031169265,-0.00017798845594750535
6.528,0.466,0.010009705896632144,0.031542695897113525,0.46471923590591663,0.1654795853945988,-0.09837715742264362,-0.00016505193705927467
6.548,0.466,0.010169744013302002,0.03159890110587245,0.46476451637590266,0.16613508309966685,-0.09898985882331647,-0.00010335374378178124
6.568,0.466,0.010099993940216044,0.03151356348576791,0.46473620215517497,0.16600335981473735,-0.09883463589006874,2.500585960256184e-05
6.588,0.466,0.010099993940216044,0.03151356348576791,0.46473620215517497,0.16600335981473735,-0.09883463589006874,2.500585960256184e-05
6.608,0.466,0.009835670270087554,0.03155849962893422,0.46472489150797025,0.16621475663292995,-0.09784573186500199,0.00011320296251069519
6.628,0.466,0.009685112714186836,0.03154611610450378,0.4647699073377057,0.16668641654750785,-0.09731917174398662,0.00010222282075419918
6.648,0.466,0.009810698162627621,0.03153545671272564,0.46478533883684725,0.16679573753746202,-0.09775700194648908,-1.0343362014829944e-05
6.668,0.466,0.00967738951767462,0.03144643461165577,0.46469660183134115,0.16624319078899535,-0.09741456487044241,0.00023064966375596488
6.688,0.466,0.00967738951767462,0.03144643461165577,0.46469660183134115,0.16624319078899535,-0.09741456487044241,0.00023064966375596488
6.708,0.466,0.009737281212607167,0.03138307135918136,0.464637640426329,0.16595561442293152,-0.09754274321505825,8.51694900322874e-05
6.728,0.466,0.009983306492128006,0.03137496761247685,0.46461277853155053,0.1658992577636655,-0.09840496328970065,-0.00014901377619867766
6.748,0.466,0.00966721783141796,0.031412646508821016,0.4646398745781868,0.16584085365664708,-0.09725468283265833,6.4699404745142e-05
6.768,0.466,0.00966821620209033,0.031288452954669,0.46456555620925233,0.16511648907825943,-0.09732901769265494,0.0001800123620332276
6.788,0.466,0.00966821620209033,0.031288452954669,0.46456555620925233,0.16511648907825943,-0.09732901769265494,0.0001800123620332276
6.808,0.466,0.009661951680839604,0.03132647850628893,0.4645703576970573,0.16485203922181577,-0.09717446001601733,1.8535504160294514e-05
6.828,0.466,0.00956508392822058,0.031307193275797646,0.4645575654971815,0.1647473444229159,-0.0967459540431697,-0.0001550994755801204
6.848,0.466,0.009489905057420343,0.0312733637719459,0.46453486711396347,0.16461581645492848,-0.09659032348345654,-2.618654887155964e-05
6.868,0.466,0.009739074263976797,0.031216360841730042,0.46451922415973657,0.16424801020284965,-0.09754616850369088,0.00015943551277637592
6.888,0.466,0.009739074263976797,0.031216360841730042,0.46451922415973657,0.16424801020284965,-0.09754616850369088,0.00015943551277637592
6.908,0.466,0.009618431784071815,0.03143960257219667,0.4645909194403482,0.16484095979032626,-0.0971570460045163,0.0003007747937435096
6.928,0.466,0.009649488970626292,0.03140986998181027,0.4646214574012146,0.16481792678815163,-0.09743923639312524,0.0003171983974099156
6.948,0.466,0.009696763361101675,0.03137240071921174,0.46460376531878683,0.16480088254561132,-0.09757117727424885,0.00046704596079814517
6.968,0.466,0.009956038627854063,0.031261904435427916,0.46456727607441595,0.16432408655462016,-0.0984058297965979,0.00021689144823118067
6.988,0.466,0.009956038627854063,0.031261904435427916,0.46456727607441595,0.16432408655462016,-0.0984058297965979,0.00021689144823118067
7.008,0.466,0.010039438091909976,0.03127185409231669,0.46458185812124875,0.16443895393589583,-0.09869345173545926,0.0002366264838223931
7.028,0.466,0.010130270798570132,0.03131280110604581,0.46461779761236327,0.1644446517544834,-0.09886073598875145,-0.00017847041091353594
7.048,0.466,0.010299205526136493,0.03141772228866584,0.4646537951586903,0.1650076756524238,-0.09921984097368254,-0.0007024385912719021
7.068,0.466,0.010462190567287706,0.03151158931005634,0.464723974775774,0.1656244601303365,-0.10008955275399574,-5.539902675595034e-05
7.088,0.466,0.010462190567287706,0.03151158931005634,0.464723974775774,0.1656244601303365,-0.10008955275399574,-5.539902675595034e-05
7.108,0.466,0.010641727073643482,0.03147673187147856,0.46469197169827886,0.16534231711629607,-0.10038403581841301,-0.0006164579535534576
7.128,0.466,0.01043899299207094,0.0314673713587634,0.4647043772760911,0.1651117427909741,-0.09964996084795265,-0.0005284604298495497
7.148,0.466,0.010419757978633986,0.03134924818879659,0.4646406967980795,0.16483033895979693,-0.099628474239587,-0.0005410869571011082
7.168,0.466,0.010626066872506633,0.03132055043997643,0.46462958919890773,0.16501533750672764,-0.1006090678423311,-4.819077930115743e-05
7.188,0.466,0.010626066872506633,0.03132055043997643,0.46462958919890773,0.16501533750672764,-0.1006090678423311,-4.819077930115743e-05
7.208,0.466,0.010617360956136534,0.03146207042444942,0.4646440047791877,0.16557846910177487,-0.10065276194515828,-2.347589008506639e-05
7.228,0.466,0.010507047617659497,0.03143932125079715,0.46466788883706744,0.16558983823683238,-0.10035359790450148,0.00024364225041016566
7.248,0.466,0.010524725424215193,0.03136397962895401,0.464630800064695,0.16531960418413622,-0.10034865488153287,-5.196943953963093e-05
7.268,0.466,0.010423978464241397,0.03132393610818764,0.4645948134438129,0.16531403529962233,-0.10018182788947338,0.00036394716680182104
7.288,0.466,0.010423978464241397,0.03132393610818764,0.4645948134438129,0.16531403529962233,-0.10018182788947338,0.00036394716680182104
7.308,0.466,0.010374464245605687,0.031229968132993717,0.4645259647610176,0.16473899343071835,-0.1001222425915188,0.0006220042164027074
7.328,0.466,0.00999143208765177,0.031221675180063316,0.464518676613878,0.16470940225362773,-0.09869839469745334,0.0005323074997592041
7.348,0.466,0.010051888464800592,0.03130853982950986,0.46459213087800544,0.16514674762754483,-0.098752099682337,0.0002701208130240079
7.368,0.466,0.009870984607668443,0.03131759634007548,0.4645838548183195,0.1651634927840673,-0.09830364983249566,0.0006693046962945766
7.388,0.466,0.009870984607668443,0.03131759634007548,0.4645838548183195,0.1651634927840673,-0.09830364983249566,0.0006693046962945766
7.408,0.466,0.009851227870893457,0.03133656841043848,0.4646064401359736,0.16546276602417617,-0.09819319034241737,0.0005331188672350255
7.428,0.466,0.009759146593901424,0.03126963580077884,0.4646108704161277,0.16539251528900079,-0.09750025576593434,5.955910636143876e-05
7.448,0.466,0.00991323147595116,0.03134613019700366,0.46463524827097114,0.16564598499389455,-0.09795245983410193,-4.477998311454262e-05
7.468,0.466,0.00970899417781364,0.03127687989239933,0.46459302580412387,0.16544363211125,-0.09710369448210518,-0.0003885461716545284
7.488,0.466,0.00970899417781364,0.03127687989239933,0.46459302580412387,0.16544363211125,-0.09710369448210518,-0.0003885461716545284
7.508,0.466,0.00961454511240655,0.031292001117221774,0.4646077042698715,0.16576539357218703,-0.09671087860287958,-0.0005416671573369365
7.528,0.466,0.009719220604301722,0.03144109589832483,0.4647014996761108,0.16632297925704084,-0.09690299822944005,-0.0006489846506477856
7.548,0.466,0.00975975252442145,0.03141463205078315,0.46470694141709734,0.16659921886829626,-0.09707387899341181,-0.0007706463166218814
7.568,0.466,0.010133156852595361,0.03136411064554873,0.46464235887898525,0.16609380531269374,-0.09833942678262901,-0.001137648899204808
7.588,0.466,0.010133156852595361,0.03136411064554873,0.46464235887898525,0.16609380531269374,-0.09833942678262901,-0.001137648899204808
7.608,0.466,0.009772289392935809,0.03127759114866743,0.46460429314145174,0.16570259316133698,-0.0974067209297497,-0.0003592017682288328
7.628,0.466,0.009724129601932625,0.031357722034365536,0.4646328504223743,0.16600673187864934,-0.09714624623030042,-0.00036296610878625056
7.648,0.466,0.009847524498754862,0.03140594508799078,0.46461389623725613,0.16594489757443714,-0.09784144966792045,-0.00018163054084128854
7.668,0.466,0.0097836146052308,0.03141433482762758,0.46465525594358514,0.1659674260059186,-0.09756056467315129,-0.00019756993423899365
7.688,0.466,0.0097836146052308,0.03141433482762758,0.46465525594358514,0.1659674260059186,-0.09756056467315129,-0.00019756993423899365
7.708,0.466,0.009465077784854531,0.03143234325582636,0.4646386992490884,0.16601343148110329,-0.0966798925197263,0.00031898425110076596
7.728,0.466,0.009554730484848787,0.03150228057384203,0.4646744803248118,0.16627212161019805,-0.0969839785766503,0.00034754538075591935
7.748,0.466,0.009613958913502542,0.03156344132702918,0.4647168064451195,0.16665819216859917,-0.09743363761233075,0.0005343473324701148
7.768,0.466,0.00946659555459558,0.03149409844424991,0.4646859483927889,0.16624965152569926,-0.09694931127605486,0.0009122858182959345
7.788,0.466,0.00948368399151997,0.031445335962526105,0.4646648531955387,0.16595082679501394,-0.09706015908309525,0.0010492275183738157
7.808,0.466,0.00948368399151997,0.031445335962526105,0.4646648531955387,0.16595082679501394,-0.09706015908309525,0.0010492275183738157
7.828,0.466,0.009468397321721441,0.031534073333731386,0.4647180254288872,0.16679637638193934,-0.09712459814290476,0.0010866378883435768
7.848,0.466,0.009587055580944777,0.03153711250188047,0.4647332416905368,0.16692841569671577,-0.09743842016120854,0.0008289130483850914
7.868,0.466,0.010064052036911682,0.03151623203826385,0.4647363854297886,0.1668369628909114,-0.09888126467929911,0.0003453407059151189
7.888,0.466,0.009945743420471425,0.031473750770577874,0.4647204077285696,0.166628884939314,-0.09818131337227695,-0.0001317735767673292
7.908,0.466,0.009945743420471425,0.031473750770577874,0.4647204077285696,0.166628884939314,-0.09818131337227695,-0.0001317735767673292
7.928,0.466,0.010513850460174941,0.031450046868999104,0.46464171006103994,0.16591159610494843,-0.10027665522344485,-0.0004588509110250302
7.948,0.466,0.012882817618480756,0.03094160241921509,0.464367767453233,0.1635891456389525,-0.10825407350683237,-0.0037562416767112426
7.968,0.466,0.013609375612265886,0.030619514118682686,0.4658054647224413,0.1649620473821307,-0.11087751323966254,-0.020158383135802482
7.988,0.466,0.015859954789594954,0.031439358768238425,0.46489400530524316,0.17321480199862296,-0.1209833000083186,-0.04805107981034182
8.008,0.466,0.015859954789594954,0.031439358768238425,0.46489400530524316,0.17321480199862296,-0.1209833000083186,-0.04805107981034182
8.028,0.466,0.017831914146901606,0.03049683985334764,0.46449694280566445,0.16926457638994946,-0.12083946660769873,-0.0386975561758217
8.048,0.466,0.01456860509168193,0.02963663592353866,0.4640566790895777,0.16897890527615722,-0.09959430852389509,-0.014013599162665652
8.068,0.466,0.014499597678533337,0.03000709919279999,0.4647577736165152,0.17597492385480817,-0.0866771333119152,-0.005008176317174495
8.088,0.466,0.015102055800839112,0.029688173703777007,0.4653162166629397,0.17743228021139734,-0.08155640127236369,-0.012932871340355036
8.108,0.466,0.015102055800839112,0.029688173703777007,0.4653162166629397,0.17743228021139734,-0.08155640127236369,-0.012932871340355036
8.128,0.466,0.014383685711988201,0.028123702509440286,0.46491039808670204,0.17403527424043375,-0.0707863955767427,-0.023383878826430053
8.148,0.466,0.013457602061687118,0.029846323335708677,0.46537520190306586,0.18363018963711955,-0.05943318865950156,-0.018154018324944322
8.168,0.466,0.012464316682382943,0.03049129419895692,0.4646036119260867,0.1906465074666223,-0.05020772789827112,-0.006504104473616771
8.188,0.466,0.013493910419169126,0.03106580985375412,0.4641750829483029,0.19598160390702477,-0.049225437139057866,0.003026275260991847
8.208,0.466,0.013493910419169126,0.03106580985375412,0.4641750829483029,0.19598160390702477,-0.049225437139057866,0.003026275260991847
8.228,0.466,0.014856580085777291,0.03164561663097834,0.4642988656405122,0.1914927798233354,-0.053805184352851046,0.016194213704687526
8.248,0.466,0.016437988947653977,0.03104282744422579,0.4642242410999431,0.18328484142952917,-0.05823469575489762,0.004626617457144851
8.268,0.466,0.017959355104710677,0.02970865608979391,0.4637362382335284,0.16713900558193498,-0.06324410075408494,-0.018011724083318918
8.288,0.466,0.01841228881031097,0.031061066114343845,0.46490364829094155,0.16085308311902788,-0.0635092662855144,-0.04366005714304801
8.308,0.466,0.01841228881031097,0.031061066114343845,0.46490364829094155,0.16085308311902788,-0.0635092662855144,-0.04366005714304801
8.328,0.466,0.012258013146598303,0.03055331995283232,0.46464685923057236,0.14923970348276075,-0.040643258546443344,-0.052890701085486
8.348,0.466,0.012253100466897508,0.029664121733010782,0.46434900948645935,0.13833386485560353,-0.04058330898266312,-0.03714229754372051
8.368,0.466,0.008697624900413184,0.02982804953934038,0.46397908280303873,0.13108072190265493,-0.032205920438591135,-0.0028837087447900482
8.388,0.466,0.008697624900413184,0.02982804953934038,0.46397908280303873,0.13108072190265493,-0.032205920438591135,-0.0028837087447900482
8.408,0.466,0.007115408876734563,0.02998409439882851,0.4635363015960635,0.13023320752515458,-0.03508354845775088,0.017553630263049107
8.428,0.466,0.0009336362157740007,0.03143901584542696,0.46393389984445277,0.13737424407901078,-0.02720101084024878,0.011115105563804852
8.448,0.466,-0.004056258303802697,0.03302067149814477,0.464164065460737,0.1488553360581132,-0.029520383050543282,-0.008443119272039027
8.468,0.466,-0.012213463666986623,0.034558667176350255,0.46387558011444957,0.1647824819978579,-0.02718595433597928,-0.01774385918584538
8.488,0.466,-0.018607990341664517,0.03500476929603435,0.4630610667578798,0.1688162188445494,-0.04148264529660108,-0.008478729998226926
8.508,0.466,-0.018607990341664517,0.03500476929603435,0.4630610667578798,0.1688162188445494,-0.04148264529660108,-0.008478729998226926
8.528,0.466,-0.022483473953425703,0.03478051761330098,0.4620411325673608,0.16633549979763476,-0.0734311512631343,0.0016061773676410503
8.548,0.466,-0.030703637365174716,0.03643840735835501,0.46203560620125644,0.17580735911137324,-0.09423876856987945,-0.007960280835459344
8.568,0.466,-0.036620216038652044,0.03499913780838989,0.46077154099248224,0.1695958568015179,-0.13324796635740987,-0.026274209021429826
8.588,0.466,-0.04367910284943514,0.03568831544440818,0.4607221280223638,0.16839511309112853,-0.17423158108216436,-0.046265539384642645
8.608,0.466,-0.04367910284943514,0.03568831544440818,0.4607221280223638,0.16839511309112853,-0.17423158108216436,-0.046265539384642645
8.628,0.466,-0.048516030525138795,0.03358168625424978,0.4601724720572945,0.15234828517532656,-0.23039331161865442,-0.04473291905382998
8.648,0.466,-0.05584196264162377,0.03222987286786727,0.4595291414638892,0.13812633884568842,-0.28102492837866455,-0.024239264884603963
8.668,0.466,-0.06520138344906723,0.031742526101876486,0.4580640685229299,0.133283212728178,-0.3236236795658906,-0.005962212366970352
8.688,0.466,-0.07525610315124132,0.032567006624541796,0.45681497859412123,0.13531286352413227,-0.3633394220000981,0.00046517119056661767
8.708,0.466,-0.07525610315124132,0.032567006624541796,0.45681497859412123,0.13531286352413227,-0.3633394220000981,0.00046517119056661767
8.728,0.466,-0.07908245166602125,0.031146919750211693,0.4565824081245428,0.13355493962445134,-0.42785362983518416,0.00032905047326391526
8.748,0.466,-0.08833844690310996,0.031088362261380162,0.45516047328928,0.14261235300793992,-0.467800048380327,0.002078096049953953
8.768,0.466,-0.09379367095403993,0.03033012561693426,0.45491904685507534,0.1452456989106706,-0.5155349110959726,0.014410228885116907
8.788,0.466,-0.10221595214897948,0.02953993924695346,0.45273985084885576,0.15097061263516595,-0.5459016550184509,0.028811912468388004
8.808,0.466,-0.10221595214897948,0.02953993924695346,0.45273985084885576,0.15097061263516595,-0.5459016550184509,0.028811912468388004
8.828,0.466,-0.10587512201199033,0.030672236688311434,0.4532744805037507,0.16964727481851397,-0.5912905178809491,0.03828784295834271
8.848,0.466,-0.11128955981147441,0.029036113256606506,0.4513881480474575,0.17834433122662033,-0.6196062448118915,0.04295951801715971
8.868,0.466,-0.11646164988264668,0.029743415923169286,0.4509663732683049,0.19682190220063014,-0.6410786292073317,0.045706373650578204
8.888,0.466,-0.11940462194820228,0.029605278783385723,0.4500132331614911,0.20759897653861245,-0.6662653266800341,0.05954864916467329
8.908,0.466,-0.11940462194820228,0.029605278783385723,0.4500132331614911,0.20759897653861245,-0.6662653266800341,0.05954864916467329
8.928,0.466,-0.11900859979316512,0.030217035781655438,0.4511777110099493,0.21437885463190814,-0.6939294532701911,0.06822211121168544
8.948,0.466,-0.11498664408859721,0.028892992264045545,0.452422159645756,0.21238459749587135,-0.7253133194947144,0.07202485585093064
8.968,0.466,-0.10803438749384404,0.026696879793171178,0.45479438960664337,0.21226898335684968,-0.752894989055463,0.05672595015407696
8.988,0.466,-0.10159779358413182,0.024766846602413545,0.4567647258380904,0.2108339633912037,-0.763162461445133,0.03740495962966658
9.008,0.466,-0.10159779358413182,0.024766846602413545,0.4567647258380904,0.2108339633912037,-0.763162461445133,0.03740495962966658
9.028,0.466,-0.09487454415630718,0.02336627714008046,0.4583420485098576,0.21148736743675073,-0.7571769616018038,0.02407814262408107
9.048,0.466,-0.08891393376213061,0.022204716029138812,0.4590637298258137,0.20857505510938057,-0.7242544895272403,0.012655323477943388
9.068,0.466,-0.08009342694243264,0.02052124147271067,0.4607990155790729,0.19908030071673924,-0.6809164196597006,0.005999375767508864
9.088,0.466,-0.07967124659941029,0.01930346470668507,0.4593403484690134,0.19662192562511036,-0.5822991834052643,0.0031930454929923377
9.108,0.466,-0.07967124659941029,0.01930346470668507,0.4593403484690134,0.19662192562511036,-0.5822991834052643,0.0031930454929923377
9.128,0.466,-0.07993153864092463,0.019754697616363764,0.45819139570735823,0.20373077246377855,-0.4698474468195178,0.007510866023517388
9.148,0.466,-0.08523444432923893,0.020778743009075187,0.4550917966369586,0.21832836252647406,-0.3317233208155257,0.012214581051673347
9.168,0.466,-0.09212301341995675,0.021067614116665963,0.45089248421254796,0.2288060867667369,-0.18973125781034286,0.015001102587228265
9.188,0.466,-0.10001879849230227,0.02042376189615908,0.4457152032263033,0.23206127402935262,-0.060482923905295735,0.02266431972275039
9.208,0.466,-0.10001879849230227,0.02042376189615908,0.4457152032263033,0.23206127402935262,-0.060482923905295735,0.02266431972275039
9.228,0.466,-0.10843569780930665,0.0201299515571769,0.44092819666679556,0.2361118886741409,0.0457943248955117,0.020795371575538516
9.248,0.466,-0.11593616030981646,0.018567003797954614,0.43682484550172984,0.2335369927913516,0.11241323522717034,0.0026286490923583435
9.268,0.466,-0.11841753699358297,0.015862889449384555,0.4353126337597824,0.2184439850869505,0.11566726526277099,-0.020359029248196117
9.288,0.466,-0.11448465887527685,0.013365010580024143,0.437564843118867,0.19920697183831484,0.05246369627025601,-0.03652351429811399
9.308,0.466,-0.11448465887527685,0.013365010580024143,0.437564843118867,0.19920697183831484,0.05246369627025601,-0.03652351429811399
9.328,0.466,-0.11072955591238762,0.012156832677737255,0.44128241416899355,0.1819504209487758,-0.0496280832889561,-0.03060540814904931
9.348,0.466,-0.1078010493255165,0.011485422829439004,0.44545654708859983,0.17247607952780541,-0.17886537889211,-0.014686086244162792
9.368,0.466,-0.09854647378783364,0.010592427268889893,0.45147629994968336,0.17158434954623725,-0.3496514191811529,-0.009800940877290732
9.388,0.466,-0.09021248120612152,0.010803091861735715,0.45666999477596354,0.19065504758644652,-0.5227585800920044,-0.008740685301404098
9.408,0.466,-0.09021248120612152,0.010803091861735715,0.45666999477596354,0.19065504758644652,-0.5227585800920044,-0.008740685301404098
9.428,0.466,-0.078887022732194,0.011689602222268466,0.46165397870214225,0.214627773439427,-0.7028607479647605,0.010644825796923944
9.448,0.466,-0.07031001614801874,0.012105154781699415,0.4630361499240802,0.24019099569814276,-0.8387915413809117,0.03177620012141112
9.468,0.466,-0.06332431589168783,0.013671914531820822,0.4635731627190426,0.2679438325297841,-0.9362043553296658,0.056509146520335896
9.488,0.466,-0.0584000758459623,0.014930284180401985,0.4637870703319899,0.29353763568193786,-0.9851823038569064,0.07367464087766765
9.508,0.466,-0.0584000758459623,0.014930284180401985,0.4637870703319899,0.29353763568193786,-0.9851823038569064,0.07367464087766765
9.528,0.466,-0.05635701760351779,0.01693589451684879,0.4642546565844469,0.31539010834408093,-0.9786523748215326,0.0819949238213987
9.548,0.466,-0.058477708832678235,0.018180671779795973,0.4636305400869422,0.32543077311345076,-0.9097652186605248,0.08674690991941213
9.568,0.466,-0.06681043025944987,0.019299378311990127,0.4614426461065167,0.3224199952375758,-0.7792111239354631,0.09040828393718961
9.588,0.466,-0.07544373512603644,0.020459833336806357,0.459328915158796,0.31136418046496633,-0.6197960701558283,0.08521370920767884
9.608,0.466,-0.07544373512603644,0.020459833336806357,0.459328915158796,0.31136418046496633,-0.6197960701558283,0.08521370920767884
9.628,0.466,-0.08957311731220026,0.02079990746732358,0.4541046149251593,0.2858786448775842,-0.4218925378902857,0.07577040476938893
9.648,0.466,-0.10232099401724568,0.02081387506455847,0.44809230193286176,0.25532953528463687,-0.23010735571322435,0.062232121759960755
9.668,0.466,-0.1116697244018596,0.020098328924383537,0.4419162892882503,0.2243981203207699,-0.061638501261202384,0.026686394166088513
9.688,0.466,-0.11908270354417616,0.017752169407480187,0.43510710392096585,0.18297748056355698,0.06897349652472305,-0.0140189685502445
9.708,0.466,-0.11908270354417616,0.017752169407480187,0.43510710392096585,0.18297748056355698,0.06897349652472305,-0.0140189685502445
9.728,0.466,-0.12541608383651626,0.015171678439098318,0.4295536989513713,0.14097177808565636,0.15364741749114186,-0.0439066671707845
9.748,0.466,-0.12545258708974028,0.013673381238996868,0.42770671655155407,0.10350289485037188,0.16269301274304968,-0.056147836019136886
9.768,0.466,-0.12549393722356864,0.013631823147149313,0.42852049820721316,0.08074413674829382,0.1190158790794162,-0.05031234025208814
9.788,0.466,-0.12016291680287079,0.015743362003247146,0.434445266490607,0.07936353855942627,0.01100976396368489,-0.0468434728173418
9.808,0.466,-0.12016291680287079,0.015743362003247146,0.434445266490607,0.07936353855942627,0.01100976396368489,-0.0468434728173418
9.828,0.466,-0.11248276689408665,0.01722111522630226,0.44160536010486523,0.08879264351579691,-0.14408237108179014,-0.03745999203440132
9.848,0.466,-0.09856763008943722,0.018018247336541535,0.4503159913022325,0.10580167934885641,-0.34547621458254346,-0.022075190596017567
9.868,0.466,-0.08907987661250863,0.020257127606124185,0.45656339325229406,0.14099893135711164,-0.5324726160445437,0.010159669069336298
9.888,0.466,-0.07881265475189844,0.020352614315598257,0.4602060149694115,0.1741876246929873,-0.7065635029496776,0.047559667570998956
9.908,0.466,-0.07881265475189844,0.020352614315598257,0.4602060149694115,0.1741876246929873,-0.7065635029496776,0.047559667570998956
9.928,0.466,-0.07088523998071607,0.02096337235775425,0.46255643913079014,0.21409925592982793,-0.8454598664962525,0.07819484716362156
9.948,0.466,-0.0640873125452379,0.021445894476147927,0.46371979518091483,0.2583434279574207,-0.9406721807148765,0.09483704584900968
9.968,0.466,-0.060913183695504636,0.022079921839692866,0.46414341860991387,0.2955883336927245,-0.9822932889748597,0.1127443084308922
9.988,0.466,-0.0647781707531937,0.022619245825502097,0.4628255749483291,0.31835902877528166,-0.9485177158721142,0.12223048944174518
10.008,0.466,-0.0647781707531937,0.022619245825502097,0.4628255749483291,0.31835902877528166,-0.9485177158721142,0.12223048944174518
10.028,0.466,-0.0711011337048657,0.023390358598618242,0.46119858328053787,0.3336294036822571,-0.8650295300062881,0.12962630629715108
10.048,0.466,-0.08046688860853679,0.02418975668872379,0.45888893369224953,0.33320840873068686,-0.7374230036590596,0.12900619420288262
10.068,0.466,-0.09174745082810619,0.024383056919840666,0.4550473156474201,0.3139796845866981,-0.5792178685960503,0.11873976303361225
10.088,0.466,-0.10331059512110446,0.024589417872596508,0.45002610808626003,0.2883363548817187,-0.40288003441491155,0.09271030503719083
10.108,0.466,-0.10331059512110446,0.024589417872596508,0.45002610808626003,0.2883363548817187,-0.40288003441491155,0.09271030503719083
10.128,0.466,-0.1173132932227307,0.024594653045998238,0.44284242891078623,0.2581149127900265,-0.2230472655148569,0.05719896791457943
10.148,0.466,-0.12108164985543486,0.023847900620604257,0.4388854888990994,0.21617689379040242,-0.10526529722026651,0.004856374452839883
10.168,0.466,-0.12540415357520476,0.020561039219729967,0.43335337069967855,0.1616850568465595,-0.010548490133545616,-0.044429861921021774
10.188,0.466,-0.13085294703499775,0.019504984677023655,0.4287787787833362,0.10832265957035368,0.048095350223269356,-0.05745453157117356
10.208,0.466,-0.13085294703499775,0.019504984677023655,0.4287787787833362,0.10832265957035368,0.048095350223269356,-0.05745453157117356
10.228,0.466,-0.13379913264761462,0.019904579957643224,0.42643625009376523,0.06470170058033001,0.0554509008460917,-0.041021704903852825
10.248,0.466,-0.1319180724720194,0.022840360959434067,0.42920818378566916,0.04347126735095286,0.0009582257477434589,-0.026223437357917583
10.268,0.466,-0.12718233123958972,0.024598213493297848,0.43381892820496726,0.042721356574713265,-0.10054884886202588,-0.02986270979592188
10.288,0.466,-0.11885578447291005,0.025602709248029137,0.43974352822057855,0.04934505395967046,-0.25037485176255386,-0.02805453869413361
10.308,0.466,-0.11885578447291005,0.025602709248029137,0.43974352822057855,0.04934505395967046,-0.25037485176255386,-0.02805453869413361
10.328,0.466,-0.11536105011639067,0.029673314538992458,0.44558413490353144,0.08454874673187471,-0.39064144992700317,-0.017661584470546377
10.348,0.466,-0.11100999180224899,0.032999494570878425,0.44972813627755137,0.10913919316358207,-0.5421911454936336,0.025756659074087113
10.368,0.466,-0.10837406460040236,0.03546813765303165,0.45136072152698875,0.13769938317421576,-0.6711917918791972,0.07456512173401592
10.388,0.466,-0.10606895088316147,0.03804422486801451,0.4537808395604618,0.1663104505126518,-0.7824440473322682,0.10923275459686362
10.408,0.466,-0.10606895088316147,0.03804422486801451,0.4537808395604618,0.1663104505126518,-0.7824440473322682,0.10923275459686362
10.428,0.466,-0.10375393931566135,0.03968693260756621,0.4560902001147133,0.1989050634141161,-0.8678196300622949,0.12363506879287696
10.448,0.466,-0.10507308565728704,0.03962357953203159,0.45591019501363567,0.21303496091757546,-0.9074823709136942,0.13289058902839562
10.488,0.466,-0.11244854976082976,0.03963907547393269,0.45412044870796325,0.20558291598813466,-0.8754202455612354,0.1508159265799181
10.508,0.466,-0.11244854976082976,0.03963907547393269,0.45412044870796325,0.20558291598813466,-0.8754202455612354,0.1508159265799181
10.528,0.466,-0.11788618239284376,0.038274751984477225,0.45210538834261926,0.18886533565727745,-0.8126631776414437,0.13881738488981157
10.548,0.466,-0.12356368035397035,0.03401143406734915,0.4484549537315219,0.16957936031099086,-0.7321907359778252,0.10841660615043285
10.568,0.466,-0.11330849844580314,0.027123620416199864,0.4510586640024005,0.15815703006973064,-0.7051503401441421,0.029275427005353176
10.588,0.466,-0.08995880973272002,0.02459665865811212,0.4640152934363476,0.15464573858827627,-0.7358495906733994,-0.07907218231012599
10.608,0.466,-0.08995880973272002,0.02459665865811212,0.4640152934363476,0.15464573858827627,-0.7358495906733994,-0.07907218231012599
10.628,0.466,-0.052480023213645664,0.018784298690483637,0.4672714003063506,0.15175284529882607,-0.7882816206144576,-0.12011745419392351
10.648,0.466,-0.026072494117984638,0.024763059869614766,0.4637103423844617,0.13895013556082517,-0.7681956282679336,-0.03338270641601224
10.668,0.466,-0.012111953640963052,0.029184910118835485,0.45874722514413613,0.14181908867191692,-0.6572660128104563,0.07074410874373487
10.688,0.466,-0.0021806633111579933,0.03552784600059876,0.45795666305401345,0.15856769153716424,-0.490676442062776,0.11483565574224021
10.708,0.466,-0.0021806633111579933,0.03552784600059876,0.45795666305401345,0.15856769153716424,-0.490676442062776,0.11483565574224021
10.728,0.466,-0.005713793720858917,0.03548519906534198,0.4576383216695724,0.1549544611127983,-0.23812256070276372,0.15172263215204732
10.748,0.466,-0.005879728596279344,0.033524284230629746,0.45860242885463676,0.14614458551140777,-0.002675582549810387,0.14889124012675584
10.768,0.466,-0.013440922736673836,0.030994173555787635,0.46285600544345945,0.13498563100335334,0.23727662309241307,0.037955726197156286
10.788,0.466,0.009655036307038024,0.023334215582574033,0.4625605116205335,0.08896462672986073,0.3395108819408451,-0.09642501973653189
10.808,0.466,0.009655036307038024,0.023334215582574033,0.4625605116205335,0.08896462672986073,0.3395108819408451,-0.09642501973653189
10.828,0.466,0.04147945283561732,0.02112067195303965,0.4609459030608874,0.05971703623316919,0.36500662074420875,-0.14989772525519066
10.848,0.466,0.07127671491521125,0.03193755859075433,0.46124938895557493,0.09815455970074484,0.3850959640235391,-0.184112602903792
10.868,0.466,0.09278785132049973,0.03766499385463443,0.4574874166209016,0.1448211934193769,0.42307488386499437,-0.13657155146347055
10.888,0.466,0.10600763852244968,0.03189670341668759,0.4515864399203023,0.17380886454520114,0.47758742319860686,-0.00615069754145507
10.908,0.466,0.10600763852244968,0.03189670341668759,0.4515864399203023,0.17380886454520114,0.47758742319860686,-0.00615069754145507
10.928,0.466,0.1103905524529965,0.026072945345904278,0.4479881033034701,0.18641982640365798,0.5578959791792282,0.09664369535230095
10.948,0.466,0.0949380234804331,0.026620528211910317,0.4557720866355476,0.18299879687622983,0.7176509040086253,0.09518850233230296
10.968,0.466,0.0748155813335851,0.02155105904378409,0.4603254360931133,0.11392805824657531,0.856258444951228,0.009946645810663374
10.988,0.466,0.07070295752866734,0.017985086351330982,0.4583566159688718,0.028001599381015714,0.8780064359471711,-0.13278230619700662
11.008,0.466,0.07070295752866734,0.017985086351330982,0.4583566159688718,0.028001599381015714,0.8780064359471711,-0.13278230619700662
11.028,0.466,0.07030671856021335,0.018102623716726354,0.45565233829616136,-0.022794758422771153,0.8412923408543701,-0.2575230822274969
11.048,0.466,0.06625177287250998,0.027126894038673747,0.45856329400294454,0.008991871247799219,0.7865559318767021,-0.3161612942260861
11.068,0.466,0.06256075398106864,0.0389096408966523,0.4625831893141059,0.09661284798115917,0.6958521843289982,-0.283648338067773
11.088,0.466,0.072407820128547,0.04243198293949456,0.46167959975545897,0.1696276440880884,0.5101894605700359,-0.14953996500482583
11.108,0.466,0.072407820128547,0.04243198293949456,0.46167959975545897,0.1696276440880884,0.5101894605700359,-0.14953996500482583
11.128,0.466,0.08068067838122703,0.032185772070224154,0.45637533757344606,0.17410230434660906,0.3122073554676114,0.024012299742401322
11.148,0.466,0.07391684134725156,0.02662772003663757,0.457960221555597,0.1565049317568712,0.17293782206478858,0.15553583113156974
11.168,0.466,0.05660879226225897,0.018167762462527555,0.45859946768066834,0.11213716116624503,0.08096345328332111,0.20968542786113537
11.188,0.466,0.03213366603791334,0.018156854160396942,0.4605802231665943,0.09084599497309383,0.021948810692270487,0.19088952184401126
11.208,0.466,0.03213366603791334,0.018156854160396942,0.4605802231665943,0.09084599497309383,0.021948810692270487,0.19088952184401126
11.228,0.466,-0.003912792993682686,0.02454428352355433,0.462477023481327,0.11030533338316569,0.000254426740699975,0.07509446100824776
11.248,0.466,-0.02890601671126404,0.031446199402161895,0.46159729896984464,0.166530535732785,-0.07266297127181232,-0.0761125277293397
11.268,0.466,-0.04083518360832878,0.03370027212174097,0.45954108584668446,0.20637288178688745,-0.2074387347185068,-0.1627960578903102
11.288,0.466,-0.043656907291389345,0.03511422656486885,0.45991094353753414,0.23734534754246625,-0.38610859390537305,-0.17853847385128555
11.308,0.466,-0.043656907291389345,0.03511422656486885,0.45991094353753414,0.23734534754246625,-0.38610859390537305,-0.17853847385128555
11.328,0.466,-0.038279532807298414,0.03373727818443045,0.46255102663250197,0.22932234817506372,-0.5959415525110754,-0.11265799108384858
11.348,0.466,-0.041846154548268476,0.027787040049745488,0.4616815553355716,0.1680312708353652,-0.7368459594126476,0.017959547567445458
11.368,0.466,-0.04783408248217867,0.02404756113250785,0.4630184072381496,0.08919055210997293,-0.842648780993911,0.1488239718352897
11.388,0.466,-0.05838396284175098,0.02305908552643773,0.4625685296908491,0.057127483835220864,-0.8906679584105269,0.20228515369203912
11.408,0.466,-0.05838396284175098,0.02305908552643773,0.4625685296908491,0.057127483835220864,-0.8906679584105269,0.20228515369203912
11.428,0.466,-0.0718917748741501,0.025046619990680415,0.4602388533072141,0.08140779611255806,-0.8855481860184247,0.1811915143353968
11.448,0.466,-0.0820493989309859,0.02690753270353275,0.45763689234914495,0.14669144747698976,-0.858336835465585,0.10508787382583758
11.468,0.466,-0.08522191620407883,0.03169674170525841,0.4595761382695527,0.23890747654282526,-0.8404398895858047,0.005031873940322496
11.488,0.466,-0.08700020699862557,0.03343707408696992,0.4600113982847631,0.28537406476807475,-0.7993358286583404,-0.0704513119661632
11.508,0.466,-0.08700020699862557,0.03343707408696992,0.4600113982847631,0.28537406476807475,-0.7993358286583404,-0.0704513119661632
11.528,0.466,-0.08065621680923725,0.0315927902087148,0.45938212156366537,0.26684802697350507,-0.7705120448187752,-0.06425064107431339
11.548,0.466,-0.06343502135936638,0.028655161979343435,0.46151466247796474,0.21149391694935096,-0.763544909364953,-0.004481234006733495
11.568,0.466,-0.04501706905253562,0.022798320414073706,0.4621263917052703,0.13761664745868762,-0.7348461468885478,0.08373499934964791
11.588,0.466,-0.0348450855124502,0.020872416839155337,0.4620594723314651,0.09784063149564802,-0.6391927801639187,0.15469719136856905
11.608,0.466,-0.0348450855124502,0.020872416839155337,0.4620594723314651,0.09784063149564802,-0.6391927801639187,0.15469719136856905
11.628,0.466,-0.026660636535186345,0.022619926745785893,0.4618681428404932,0.11031509960617737,-0.51128158627252,0.16968999720797892
11.648,0.466,-0.02125261519066082,0.028494037885964805,0.46228152203073286,0.15494661889183625,-0.35182198543232956,0.1175014306377656
11.668,0.466,-0.020051605721509127,0.03323934196054198,0.4623008103819679,0.19385074389679066,-0.16282330896435532,0.028837594928091626
11.688,0.466,-0.012786061709327386,0.03524185928761315,0.463290073398604,0.21053197018019112,-0.00567809836718317,-0.061540704967405525
11.708,0.466,-0.012786061709327386,0.03524185928761315,0.463290073398604,0.21053197018019112,-0.00567809836718317,-0.061540704967405525
11.728,0.466,0.008039669129204518,0.03445452588158799,0.4640212955974414,0.19132925637785983,0.08723829385471105,-0.13300731541661445
11.748,0.466,0.029465446079493616,0.03079182906058486,0.4631616040212725,0.15104436393734796,0.1652057805823411,-0.15083182684622717
11.768,0.466,0.04957751163450901,0.025980978325334015,0.46154968683478026,0.11664463281023402,0.23273261126313768,-0.1034664841875605
11.788,0.466,0.06619186623931916,0.02233357189338003,0.4588991305284442,0.10698237086327197,0.3039222322709249,-0.014840804215315816
11.808,0.466,0.06619186623931916,0.02233357189338003,0.4588991305284442,0.10698237086327197,0.3039222322709249,-0.014840804215315816
11.828,0.466,0.07731810779841522,0.02114875214718302,0.456342651498128,0.12164878610630113,0.39259821080599905,0.06924341577225743
11.848,0.466,0.08152522423083067,0.024790496689938473,0.45685619075586587,0.1501059412201773,0.4966812317067954,0.10194213208620462
11.868,0.466,0.07991102701344659,0.02991804651357458,0.458923881400565,0.16483296545218848,0.6029554217635474,0.05639882572028296
11.888,0.466,0.07777614681210065,0.032623957957472326,0.4588275511266117,0.1289194051186326,0.6771279579685671,-0.04602647040820192
11.908,0.466,0.07777614681210065,0.032623957957472326,0.4588275511266117,0.1289194051186326,0.6771279579685671,-0.04602647040820192
11.928,0.466,0.07547434762621034,0.03470234654638351,0.4599629370044636,0.07480068857438936,0.7195819196865456,-0.178689911569621
11.948,0.466,0.07490612697362671,0.031985346342980635,0.45863197957307034,0.020303565711116574,0.7174777001133391,-0.2690940878872646
11.968,0.466,0.07434959606241834,0.030007164236755302,0.45791093604399125,0.009670390931678303,0.6892203695093619,-0.26074829653003917
11.988,0.466,0.07351660763090506,0.02965039520517707,0.4581749314057563,0.04944562602727482,0.639456909618386,-0.17063429229211768
12.008,0.466,0.07351660763090506,0.02965039520517707,0.4581749314057563,0.04944562602727482,0.639456909618386,-0.17063429229211768
12.028,0.466,0.07136326084028514,0.030418205416757108,0.45872224123581684,0.10030327307708194,0.5622569572922798,-0.03892611275935718
12.048,0.466,0.06849835934321472,0.030705819609768748,0.4591410135046105,0.13076547284825368,0.45702177191080084,0.0793524926791087
12.068,0.466,0.06693880043436509,0.03035371825162697,0.45884429944225075,0.138255333002118,0.32911077398791816,0.13170414033141076
12.088,0.466,0.05777250826299956,0.029343081426750777,0.45958663250553106,0.1265032702280255,0.21858659871779862,0.11003864475339267
12.108,0.466,0.05777250826299956,0.029343081426750777,0.45958663250553106,0.1265032702280255,0.21858659871779862,0.11003864475339267
12.128,0.466,0.04362902911852647,0.03074461393765305,0.46156296464590746,0.12030902670181746,0.12209690321654887,0.03682560212933784
12.148,0.466,0.023405180928871474,0.03115461824078786,0.4631888729709517,0.12265242190144265,0.04464799905666114,-0.05327884129681166
12.168,0.466,0.00413311750800594,0.033034655405405074,0.46463142196087936,0.1445930392935136,-0.03761518595665517,-0.11814494625958283
12.188,0.466,-0.011340890550245841,0.032668296854678654,0.46436978985829575,0.1637503931544462,-0.13703233714950194,-0.12163621347480535
12.208,0.466,-0.011340890550245841,0.032668296854678654,0.46436978985829575,0.1637503931544462,-0.13703233714950194,-0.12163621347480535
12.228,0.466,-0.026383465559254592,0.033047299546592405,0.46305920339404427,0.18073801917533863,-0.24482737813383743,-0.06579356553654346
12.248,0.466,-0.035996455502519016,0.033159013697579565,0.46178793502386994,0.18111231938214367,-0.3750958357624158,0.028463262637305767
12.268,0.466,-0.03969422746537019,0.031177473404811543,0.46154442071074553,0.1624271100454076,-0.5161228711307552,0.11947779537054341
12.288,0.466,-0.043597690755860306,0.02870607416369599,0.4617578258850225,0.14536637903563565,-0.6380446813362093,0.16438488457203465
12.308,0.466,-0.043597690755860306,0.02870607416369599,0.4617578258850225,0.14536637903563565,-0.6380446813362093,0.16438488457203465
12.328,0.466,-0.05076294790054496,0.026523822091819534,0.4615081839055663,0.14705900990828932,-0.7220751702456492,0.14576110991075816
12.348,0.466,-0.05665408892009746,0.025306759034826837,0.4626315541066114,0.17326904761807685,-0.7799322664362534,0.0861388210511716
12.368,0.466,-0.0646922580618533,0.025038107505920663,0.46264289547823073,0.21427486018554226,-0.7987688354046889,0.015971671288233433
12.388,0.466,-0.07238217057746629,0.026343172429129796,0.46284577067790267,0.250328072950184,-0.793964968382733,-0.026839492229173156
12.408,0.466,-0.07238217057746629,0.026343172429129796,0.46284577067790267,0.250328072950184,-0.793964968382733,-0.026839492229173156
12.428,0.466,-0.07485298820887078,0.02677195185055477,0.46200638215634365,0.25913139757035103,-0.7770773385404118,-0.02667166093836885
12.448,0.466,-0.0716819393460699,0.026959657125662725,0.461290051598715,0.2415993305361463,-0.7602456744880465,0.02330268980382123
12.468,0.466,-0.06487092481371244,0.02595831548745925,0.460627300929985,0.21044139792166028,-0.7367725014861335,0.09077211387176208
12.488,0.466,-0.05417802055599173,0.024983159455759088,0.4614922346531322,0.18301506886731478,-0.7060219831438103,0.14215575933341962
12.508,0.466,-0.05417802055599173,0.024983159455759088,0.4614922346531322,0.18301506886731478,-0.7060219831438103,0.14215575933341962
12.528,0.466,-0.04564924823369079,0.0241006083451776,0.462062062404866,0.17317113105578968,-0.6400817806341166,0.14786782443039112
12.548,0.466,-0.03649312248239712,0.02433010169261892,0.4627332227657397,0.18450964102836384,-0.5510640014556906,0.10205196861374606
12.568,0.466,-0.02811157744145607,0.026094129681431603,0.4635638003746211,0.19882655497051802,-0.43715831675698424,0.028866878414715694
12.588,0.466,-0.01917250007998718,0.02724768837776388,0.4641234267825209,0.20347053371130905,-0.30924029320781704,-0.04100589774115598
12.608,0.466,-0.01917250007998718,0.02724768837776388,0.4641234267825209,0.20347053371130905,-0.30924029320781704,-0.04100589774115598
12.628,0.466,-0.01233685444944817,0.028930777630875953,0.46405755477279936,0.19904899976094034,-0.16971682846415123,-0.0756259466163556
12.648,0.466,-2.998025670182741e-05,0.029350133836549303,0.4635003271294065,0.18310480626333994,-0.05385204432263565,-0.06779642897077685
12.668,0.466,0.01472587090587832,0.02985722371755161,0.4631280835072555,0.1673963288632982,0.044882248079168637,-0.03037566930770793
12.688,0.466,0.029735077982675252,0.02835373150269831,0.46192961178399305,0.1489992677425072,0.13425479998279047,0.00941511019088602
12.708,0.466,0.029735077982675252,0.02835373150269831,0.46192961178399305,0.1489992677425072,0.13425479998279047,0.00941511019088602
12.728,0.466,0.046966343461584126,0.02830859380910068,0.4611983861215513,0.13932412765455812,0.20303289758477344,0.03882813792492575
12.748,0.466,0.06000890821797031,0.027807666815363827,0.4595859788307721,0.12277663894062121,0.2785210659685991,0.041797667586942
12.768,0.466,0.06798790955781316,0.029838387429845244,0.4593473535549211,0.11293955801849376,0.3681649097941515,0.013953504065130896
12.788,0.466,0.06959799942088923,0.03273856352171408,0.4599412905031291,0.10425260656763116,0.46805059653508,-0.03189818800128733
12.808,0.466,0.06959799942088923,0.03273856352171408,0.4599412905031291,0.10425260656763116,0.46805059653508,-0.03189818800128733
12.828,0.466,0.06995219516150168,0.03366885779500043,0.45931411486971313,0.08141121238961585,0.5539166895571502,-0.08331016063588748
12.848,0.466,0.07032566137262099,0.03409164661995567,0.4585097266892659,0.06176162432284761,0.6107631217806084,-0.12209120088658147
12.868,0.466,0.06738946068070821,0.03387960653024584,0.45879890476580804,0.04630193183928819,0.6535231898212296,-0.1443032894804298
12.888,0.466,0.06678863538828632,0.034781904353845004,0.4597269218097955,0.04646696242861472,0.6519986652890389,-0.13626150048850752
12.908,0.466,0.06678863538828632,0.034781904353845004,0.4597269218097955,0.04646696242861472,0.6519986652890389,-0.13626150048850752
12.928,0.466,0.0695238645142808,0.033946637605654695,0.4589816850241332,0.047904059058903214,0.6143104481420438,-0.11015760008866454
12.948,0.466,0.07087208329285064,0.03352746356123768,0.45893058708825585,0.06626599261978443,0.5479567648184275,-0.06043427129014293
12.968,0.466,0.06892316600981982,0.031494256871880975,0.4582156681408617,0.07854170778232503,0.4683896958966364,-0.007025254265371865
12.988,0.466,0.06731851656770975,0.03329242182413319,0.45872195732874843,0.09731713219031389,0.3749322862378077,0.0222273064196766
13.008,0.466,0.06731851656770975,0.03329242182413319,0.45872195732874843,0.09731713219031389,0.3749322862378077,0.0222273064196766
13.028,0.466,0.057753244641668866,0.032895755327014504,0.45966132676285204,0.10167000712554507,0.29577737528680903,0.030995533489527202
13.048,0.466,0.04479791251930629,0.03333783025565848,0.46104131312086755,0.1069822414334616,0.22201598350630486,0.010110188091742852
13.068,0.466,0.03403378330618919,0.03297837136234609,0.46210878299832014,0.11951118505832933,0.12349843420762206,-0.016262245341532297
13.088,0.466,0.017315526590570833,0.03323575977375853,0.4635828209787535,0.13145629264888284,0.04371489696477206,-0.045069845661120364
13.108,0.466,0.017315526590570833,0.03323575977375853,0.4635828209787535,0.13145629264888284,0.04371489696477206,-0.045069845661120364
13.128,0.466,0.0017752893996809216,0.032232701161325435,0.4641035584164462,0.14665766924350412,-0.049469688864392306,-0.05160259444463233
13.148,0.466,-0.007572532488933956,0.03100756836508126,0.4639631255713517,0.16194933494953387,-0.16859298801315983,-0.031798726520408056
13.168,0.466,-0.01907204374627636,0.03037663539504637,0.46331432979437864,0.1777881036222326,-0.2798781572962883,0.012307037994622107
13.188,0.466,-0.027291794827628082,0.029329108199848953,0.46281406741837844,0.1848477114721478,-0.3944742015266713,0.056886315178380414
13.208,0.466,-0.027291794827628082,0.029329108199848953,0.46281406741837844,0.1848477114721478,-0.3944742015266713,0.056886315178380414
13.228,0.466,-0.032917687575033244,0.027037778577313078,0.4625523273462413,0.18508113666075693,-0.5042231404484236,0.0885280491383828
13.248,0.466,-0.04185310622395131,0.025133707318785392,0.46200311248430387,0.18742014112759128,-0.5835543899786514,0.09661388899443067
13.268,0.466,-0.05048359756275228,0.02456160691313543,0.4623727405513218,0.20216004479945787,-0.6442993858107341,0.0820155853963984
13.288,0.466,-0.0573845554878068,0.02354434608269293,0.46247670568039184,0.2190362182203331,-0.6867332146653002,0.052116678315892326
13.308,0.466,-0.0573845554878068,0.02354434608269293,0.46247670568039184,0.2190362182203331,-0.6867332146653002,0.052116678315892326
13.328,0.466,-0.06316660125662803,0.023794962087729032,0.46278336093953276,0.23890171507131147,-0.7123398378989799,0.03256384910193631
13.348,0.466,-0.06415368581161006,0.023764099416092616,0.46292185187684204,0.2500431305802276,-0.7313734672633994,0.026123564943438933
13.368,0.466,-0.06271887128003086,0.024099204341432135,0.46289169655704177,0.24845361034958793,-0.7369994695261847,0.042143725223463144
13.388,0.466,-0.05812510429850811,0.02387421147549354,0.4626476583511735,0.23959020115376556,-0.7297567205103215,0.07053466204514672
13.408,0.466,-0.05812510429850811,0.02387421147549354,0.4626476583511735,0.23959020115376556,-0.7297567205103215,0.07053466204514672
13.428,0.466,-0.053111094310135276,0.02336240893761577,0.46212508827416393,0.22232471672720333,-0.698578185315661,0.09311534242489625
13.448,0.466,-0.04616306568438226,0.02333516607825772,0.46253116516246556,0.21256344241165936,-0.6505751118718547,0.10025899415311454
13.468,0.466,-0.040390821356236055,0.02416293154884784,0.46309705978751453,0.21017432877981826,-0.5724649038601988,0.0823709933894855
13.488,0.466,-0.03421102433189731,0.024231271552951864,0.46317470745374595,0.20549979116533038,-0.47682906952451837,0.04833841804200819
13.508,0.466,-0.03421102433189731,0.024231271552951864,0.46317470745374595,0.20549979116533038,-0.47682906952451837,0.04833841804200819
13.528,0.466,-0.027817149356317704,0.02558136659657001,0.4633942346320361,0.2039661222620576,-0.36578530857245556,0.010359153232523994
13.548,0.466,-0.02149412845328808,0.028200813566304564,0.46396323006405954,0.20074867256243092,-0.24791401792851497,-0.014266384079703005
13.568,0.466,-0.010795568759698474,0.029352458308265408,0.4641013617966273,0.18653155615904093,-0.14472047197386242,-0.021061043917036407
13.588,0.466,0.005103436397449205,0.029542183144678536,0.4635451037562196,0.16753513626544428,-0.06271181806099484,-0.013200732370904526
13.608,0.466,0.005103436397449205,0.029542183144678536,0.4635451037562196,0.16753513626544428,-0.06271181806099484,-0.013200732370904526
13.628,0.466,0.0230637330722403,0.030518927960421185,0.4628352803472741,0.15281650190998583,0.008203074488439448,0.0023464893147984206
13.648,0.466,0.035572023247922066,0.032115246635531544,0.46264333823926357,0.14099506202383139,0.09544118316195771,0.013100843985406032
13.668,0.466,0.04457902493036611,0.03235483608094206,0.46189376302048274,0.12489646973957874,0.18870868470867938,0.01732060475812091
13.688,0.466,0.05351520100918506,0.031429486132782264,0.4601062372279435,0.10219240435628592,0.27726700526401743,0.003449921674044107
13.708,0.466,0.05351520100918506,0.031429486132782264,0.4601062372279435,0.10219240435628592,0.27726700526401743,0.003449921674044107
13.728,0.466,0.058389621218312586,0.03322829433107979,0.4597910623117149,0.09063469470763942,0.36832944199244466,-0.01719633140105004
13.748,0.466,0.06099999380199865,0.0339768743474713,0.4595516229702759,0.07386004128682001,0.45298605406322134,-0.0469777475635428
13.768,0.466,0.06232189978169061,0.034386057069148296,0.4591295757113594,0.06008090591405675,0.518099739677429,-0.07575392750335268
13.788,0.466,0.0640227820868106,0.03647207733086124,0.4599151818957523,0.05266132000458479,0.5569670067580844,-0.0933743370652043
13.808,0.466,0.0640227820868106,0.03647207733086124,0.4599151818957523,0.05266132000458479,0.5569670067580844,-0.0933743370652043
13.828,0.466,0.06875528697863911,0.036970434964490276,0.4591895368564137,0.049367783212590034,0.5576006467624165,-0.09971742161020947
13.848,0.466,0.06904842325788882,0.03548137842746944,0.4589243471909774,0.04775866114788953,0.5515273488399185,-0.09396587665772721
13.868,0.466,0.07109297591601808,0.034658201396321406,0.4582395597564259,0.05289907674051314,0.5118970377419281,-0.06779064876582508
13.888,0.466,0.06834645792285565,0.035653710073250355,0.4596000365523969,0.07460955421409673,0.4652780281656279,-0.03291308414809797
13.908,0.466,0.06257020463308831,0.034385744629880415,0.45986331359010296,0.08438000791531686,0.41256801058238707,-0.006677518090379052
13.928,0.466,0.06257020463308831,0.034385744629880415,0.45986331359010296,0.08438000791531686,0.41256801058238707,-0.006677518090379052
13.948,0.466,0.056139073276874264,0.03362703442975353,0.46033748714442996,0.09496847964090051,0.34629618246848626,0.0030565280835446046
13.968,0.466,0.048468511692079615,0.032960832762791464,0.46089185519228315,0.1041627190033095,0.26943852031288873,-0.005127281386943498
13.988,0.466,0.03819605176334614,0.03396441008527931,0.4626110053199381,0.11998716593987994,0.1868276386719728,-0.01928957088885784
14.008,0.466,0.027065510531934768,0.03405037436367248,0.4640976112201539,0.13911996464605808,0.09999929295810117,-0.03651318761256429
14.028,0.466,0.027065510531934768,0.03405037436367248,0.4640976112201539,0.13911996464605808,0.09999929295810117,-0.03651318761256429
14.048,0.466,0.01588677786024709,0.03298167739161323,0.46456284740019,0.15304385880414406,0.004845041597055378,-0.0408767469844419
14.068,0.466,0.00586370478287788,0.030707739316862673,0.46419543729241775,0.16572173959014236,-0.10010101306012512,-0.02476408848162229
14.088,0.466,0.01551001363314513,0.03253509096088945,0.4665550590030624,0.19003492779584744,-0.2703543913209868,-0.008884685571328469
14.108,0.466,0.020964712788041122,0.023359767626290915,0.45506742215964674,0.1763856174235898,-0.48143362050367555,0.09037483571203805
14.128,0.466,0.020964712788041122,0.023359767626290915,0.45506742215964674,0.1763856174235898,-0.48143362050367555,0.09037483571203805
14.148,0.466,0.05384684705450138,0.022494904699757647,0.45586759901163215,0.16911900015784964,-0.6974043354642361,0.1410945158562438
14.168,0.466,0.048300802123880084,0.020781339906529927,0.4522640698672574,0.17753665272974284,-0.7424692862584986,0.2296219046902743
14.188,0.466,0.061415217920016585,0.0166523294990799,0.4501304087880155,0.14590975286526767,-0.7945151573802527,0.33503775811714576
14.208,0.466,0.04367256584154007,0.013644704573229003,0.45295304927008445,0.12153025657067638,-0.6609728132248209,0.39782483238928357
14.228,0.466,0.04367256584154007,0.013644704573229003,0.45295304927008445,0.12153025657067638,-0.6609728132248209,0.39782483238928357
14.248,0.466,0.025249526423682007,0.024721437377529826,0.4604757568173484,0.17782601796166247,-0.47995739659019054,0.3082943542302353
14.268,0.466,0.005554710341077192,0.032817609293715945,0.4641661331879772,0.21777095255712037,-0.2656384196911862,0.10889328676760514
14.288,0.466,-0.007633194845144716,0.03073158560171144,0.46598546811949304,0.20411539489906752,-0.07227220461046847,-0.07693965955700542
14.308,0.466,-0.004193049769035072,0.024555064208893668,0.46621131606268146,0.15527126092744176,0.05209537916208324,-0.20482029902230042
14.328,0.466,-0.004193049769035072,0.024555064208893668,0.46621131606268146,0.15527126092744176,0.05209537916208324,-0.20482029902230042
14.348,0.466,8.478443954020394e-06,0.021217921481882798,0.46323166725628867,0.11215487215110356,0.14660539039743398,-0.21125421074785655
14.368,0.466,0.008972686757453746,0.02653291398335097,0.4637850467431581,0.12343259286172859,0.19597091464664868,-0.14493811718550106
14.388,0.466,0.02683192422132232,0.032576445345436265,0.4636790594260328,0.14767348582298231,0.19153604286464224,-0.049735760777863784
14.408,0.466,0.05489669733868231,0.033968718667770806,0.46043828030600037,0.16290468984968925,0.13311736035404567,0.07416203841407486
14.428,0.466,0.05489669733868231,0.033968718667770806,0.46043828030600037,0.16290468984968925,0.13311736035404567,0.07416203841407486
14.448,0.466,0.07583113425993522,0.030035243915853348,0.4557862936689529,0.15395859329325887,0.09184425540421733,0.16724625003256882
14.468,0.466,0.07758838874094802,0.028640407832214318,0.4560323522579924,0.1326666078598872,0.14508418871339063,0.16824560327044386
14.488,0.466,0.06517012644685885,0.02917939261541763,0.45897844860191916,0.10640729806554178,0.2579584736617377,0.109279214171922
14.508,0.466,0.04772674778428953,0.030226174614088087,0.4618511538751938,0.0757843694551188,0.3823716900532256,0.006964750288063115
14.528,0.466,0.04772674778428953,0.030226174614088087,0.4618511538751938,0.0757843694551188,0.3823716900532256,0.006964750288063115
14.548,0.466,0.032064536111147096,0.02980775973572759,0.4618730298879017,0.04469921265501594,0.46822086261467427,-0.11454444470375902
14.568,0.466,0.02639977839995293,0.031362015081973796,0.4613217059155491,0.03181116844071649,0.4909231903151382,-0.20765173057355338
14.588,0.466,0.02537524176478295,0.0363557685416496,0.462530507410266,0.056687952539580345,0.4581109641302247,-0.2313203472489653
14.608,0.466,0.02537524176478295,0.0363557685416496,0.462530507410266,0.056687952539580345,0.4581109641302247,-0.2313203472489653
14.628,0.466,0.03733432065358049,0.04166756403554372,0.46320443735287087,0.09549316439942458,0.35020697112852606,-0.18289319164724224
14.648,0.466,0.05216764319447904,0.041005959374862774,0.4616329645256442,0.1200109197482306,0.21051430610822647,-0.0658870338216765
14.668,0.466,0.06068593457638093,0.03479270367166374,0.4597264765261972,0.11841327665559968,0.0906531927842123,0.07427160150113342
14.688,0.466,0.060925480909200934,0.026403371421806068,0.45797048594835715,0.09946056060570752,0.0031951660030428335,0.18624867516980623
14.708,0.466,0.060925480909200934,0.026403371421806068,0.45797048594835715,0.09946056060570752,0.0031951660030428335,0.18624867516980623
14.728,0.466,0.04812486535635796,0.023963578532515874,0.4593544884349272,0.09122674504275749,-0.022892411021577585,0.2209166659328056
14.748,0.466,0.024453943898406987,0.027762027551708937,0.4628468230987591,0.10551934445806266,0.0033530496170029065,0.14612323888795303
14.768,0.466,-0.0010560356738107373,0.029921245547732407,0.463431576467298,0.12645261429831842,0.023541617877527208,0.017823629324160078
14.788,0.466,-0.015513849377623243,0.030778257679314504,0.4630999542100346,0.16006154106975648,-0.009087326938591383,-0.11316462114544035
14.808,0.466,-0.02469239609045433,0.03380577197222928,0.4638734039534836,0.204060953170675,-0.07618259085908201,-0.1896804924999702
14.828,0.466,-0.02469239609045433,0.03380577197222928,0.4638734039534836,0.204060953170675,-0.07618259085908201,-0.1896804924999702
14.848,0.466,-0.020501663294662822,0.034678355803001576,0.4646316561988003,0.22961475536474854,-0.20271697600549496,-0.1910447138159791
14.868,0.466,-0.005501823650277444,0.03280486171842033,0.46595478015512165,0.22207804128721553,-0.37185930497751957,-0.09058654353440151
14.888,0.466,0.010943820448462179,0.028506716721354977,0.46122919553438907,0.19558800174843483,-0.5504790137076139,0.10665127795579186
14.908,0.466,0.033846761881308356,0.02046417975081599,0.45859681022884985,0.12568985153580853,-0.6885118351305399,0.2952772441862511
14.928,0.466,0.033846761881308356,0.02046417975081599,0.45859681022884985,0.12568985153580853,-0.6885118351305399,0.2952772441862511
14.948,0.466,0.04142190642111511,0.01428725895816338,0.45380523869156925,0.09341156049627555,-0.7423750982804758,0.3924133681140853
14.968,0.466,0.054051803618283635,0.02034446111279676,0.45309415213828175,0.10316533583490428,-0.7317402369272439,0.3391232803325494
14.988,0.466,0.04342411173496803,0.02432119176453559,0.45528402588553285,0.12398190299854454,-0.57118167276033,0.2504615037039883
15.008,0.466,0.03600968470604939,0.03037440343640958,0.4592596656619355,0.13452045742717456,-0.3844993264967138,0.15194106437972008
15.028,0.466,0.03600968470604939,0.03037440343640958,0.4592596656619355,0.13452045742717456,-0.3844993264967138,0.15194106437972008
15.048,0.466,0.012908260738472616,0.036243320402749094,0.46530809896886827,0.15652863965129388,-0.11717741503117464,0.02435580794522573
15.068,0.466,-0.0027119612750737977,0.032949948450253105,0.4640145856776544,0.12029946652029785,0.12228361067901158,-0.09921980950499183
15.088,0.466,-0.005725536847765764,0.031148931445023523,0.4619004116624215,0.08716152051298418,0.2924187121870903,-0.13727274817290738
15.108,0.466,0.012181866019704312,0.02908217008656003,0.4599041901865219,0.07785737334566628,0.33376815872287624,-0.13059388321046647
15.128,0.466,0.012181866019704312,0.02908217008656003,0.4599041901865219,0.07785737334566628,0.33376815872287624,-0.13059388321046647
15.148,0.466,0.03011416385238516,0.03676801639234688,0.4629408532135082,0.09711294098024739,0.3565111513522702,-0.12423600495802169
15.168,0.466,0.05860016332151771,0.03922387737848638,0.4611867520364588,0.11648768532317155,0.3035402606393513,-0.07696463242018423
15.188,0.466,0.08643664473466214,0.038274342506213616,0.457644601992653,0.12121098871148236,0.24607374016756095,0.003594426847557219
15.208,0.466,0.10298876494493467,0.024985382796106046,0.4481490856598718,0.09786544102156948,0.2191015826545844,0.11753098329081088
15.228,0.466,0.10298876494493467,0.024985382796106046,0.4481490856598718,0.09786544102156948,0.2191015826545844,0.11753098329081088
15.248,0.466,0.09014146396664055,0.027412195420928074,0.4547342548584294,0.10975982732014922,0.34369401290061924,0.14276428564136584
15.268,0.466,0.06862105849606114,0.02724820170476397,0.4587282195205513,0.10486312836920757,0.4833510331907907,0.10003733957941989
15.288,0.466,0.05279277551922221,0.029127161188907753,0.4604584177146336,0.09267439533147057,0.5764644078308823,0.01363172107716353
15.308,0.466,0.0386833722699181,0.027543133970613806,0.46001922187543015,0.057475591118046544,0.6157516104933664,-0.11606635097689968
15.328,0.466,0.0386833722699181,0.027543133970613806,0.46001922187543015,0.057475591118046544,0.6157516104933664,-0.11606635097689968
15.348,0.466,0.03099928436571644,0.03088110356953101,0.46196687835664096,0.04999080253490381,0.5935222318230067,-0.2662771063180615
15.368,0.466,0.035034539661878375,0.03621905746523192,0.4636970048253379,0.079519518798163,0.4943502803926842,-0.31833403332443055
15.388,0.466,0.0496490895001491,0.037415759588950805,0.46291220981576725,0.11884909201304668,0.3276625901564781,-0.2380995336593035
15.408,0.466,0.06058488812772882,0.03469080121033628,0.46150092188277964,0.15606785322312725,0.16311896478599283,-0.06803199821434626
15.428,0.466,0.06058488812772882,0.03469080121033628,0.46150092188277964,0.15606785322312725,0.16311896478599283,-0.06803199821434626
15.448,0.466,0.06093191425310376,0.028531931178300378,0.4607183460265884,0.16383483306026456,0.03672603599344996,0.123187020893069
15.468,0.466,0.05496290469774361,0.02009973318352983,0.45903599253289185,0.14611397701781148,-0.053961958797814506,0.26644267472711114
15.488,0.466,0.03335714774511439,0.019353840359065344,0.4605196095952537,0.13191507726807236,-0.07464668361835847,0.2965861644619644
15.508,0.466,-0.00039896131525317543,0.025356525181760195,0.4639865790627011,0.15562046535220098,-0.04566240533848674,0.17675241538064623
15.528,0.466,-0.00039896131525317543,0.025356525181760195,0.4639865790627011,0.15562046535220098,-0.04566240533848674,0.17675241538064623
15.548,0.466,-0.02463921704298853,0.026123500559691506,0.46294986965497487,0.1835913870674413,-0.05837099893485854,-0.012113124146197486
15.568,0.466,-0.03352336107387166,0.02638680867119548,0.46232623447264637,0.21414268323439808,-0.1404893120344375,-0.16535524764461465
15.588,0.466,-0.03209151457182334,0.027287193287931017,0.4634424362666889,0.24338023165911155,-0.27329805229579607,-0.24556900121847688
15.608,0.466,0.0007894305147409221,0.03618726474371063,0.4684741141260742,0.28581483819991094,-0.5428794861417405,-0.1684540619731695
15.628,0.466,0.0007894305147409221,0.03618726474371063,0.4684741141260742,0.28581483819991094,-0.5428794861417405,-0.1684540619731695
15.648,0.466,0.022990032563420238,0.01794477381037862,0.45781988093144893,0.16921286471320787,-0.7281604959281869,0.09182288476611632
15.668,0.466,0.03711086199492211,0.010975377449117484,0.4507320450430604,0.1502031749775148,-0.8408896812421156,0.15074894764650915
15.688,0.466,0.06432261761896281,0.027807687311999778,0.4533327658408549,0.22806567075943282,-0.9275569880706794,-0.002014135541570639
15.708,0.466,0.04940965022881088,0.0313275377238089,0.45310991342304463,0.21846940248658922,-0.7539925475036141,-0.05545859284572726
15.728,0.466,0.04940965022881088,0.0313275377238089,0.45310991342304463,0.21846940248658922,-0.7539925475036141,-0.05545859284572726
15.748,0.466,0.03419597480995749,0.022532905487778632,0.454514547137936,0.14530670275081228,-0.5297976935949167,0.060013252860554464
15.768,0.466,0.009289459900726476,0.024248718707484122,0.45774389380461455,0.14128834543158772,-0.25362656633842173,0.13404589841613035
15.788,0.466,-0.018447316970994138,0.03600636723432918,0.4612592620803286,0.16201318857085031,0.06445894372862164,0.08144901467869463
15.808,0.466,-0.030484115172420004,0.03512087860417636,0.4606823635823635,0.15829192995865032,0.2713285621122156,0.007039778650561479
15.828,0.466,-0.030484115172420004,0.03512087860417636,0.4606823635823635,0.15829192995865032,0.2713285621122156,0.007039778650561479
15.848,0.466,-0.01250889201505378,0.033407760923647514,0.4617504849662476,0.12714232172761372,0.32689505815371983,-0.10202556879514531
15.868,0.466,0.03098460910085918,0.027520615926652475,0.45977866432427245,0.08295845316749711,0.24027774271819966,-0.1472130854057429
15.888,0.466,0.05125481941496478,0.037772962684309186,0.464304550766792,0.08479563007826786,0.23186287313750567,-0.16499960354749263
15.908,0.466,0.08492454998539237,0.04025312120173229,0.458372853624418,0.09603669172204657,0.16206231946692073,-0.115918918134131
15.928,0.466,0.08492454998539237,0.04025312120173229,0.458372853624418,0.09603669172204657,0.16206231946692073,-0.115918918134131
15.948,0.466,0.1025328136852258,0.031818225472391194,0.45107705072481913,0.09523517326187818,0.16261065893534782,0.05944537406455352
15.968,0.466,0.09282613698467913,0.018442646011781617,0.4445407001840002,0.07692436185884359,0.2877617554706906,0.21071598059492552
15.988,0.466,0.06436885228068108,0.03811254802545046,0.4632017211888474,0.14757112670429887,0.5005187843384431,0.19703433385943697
16.008,0.466,0.04935108344194399,0.03331422940887535,0.4602013065491218,0.09840629560804916,0.6204481158890759,0.10681302079091387
16.028,0.466,0.04935108344194399,0.03331422940887535,0.4602013065491218,0.09840629560804916,0.6204481158890759,0.10681302079091387
16.048,0.466,0.03712910029255336,0.030680667665342966,0.4604681085799805,0.04221027236129508,0.6766903632558814,-0.04609855425115772
16.068,0.466,0.03744036220312456,0.02866362960584994,0.45972090371097474,-0.019293821945981154,0.6175672478802391,-0.26302103614195194
16.088,0.466,0.047266419114256865,0.03253757237225484,0.4613854327444191,-0.023813003370917414,0.5233268623734949,-0.3916534090736125
16.108,0.466,0.04918182088531784,0.03957615751186378,0.4629661351003689,0.04740994231055006,0.4227303404609839,-0.3142474289606342
16.128,0.466,0.04918182088531784,0.03957615751186378,0.4629661351003689,0.04740994231055006,0.4227303404609839,-0.3142474289606342
16.148,0.466,0.06703400936246177,0.04154685608304505,0.4613263407323657,0.12367361171103533,0.24542303318173764,-0.12417211781780518
16.168,0.466,0.06881146788743615,0.034925330163702015,0.4588410866136771,0.15812273917733574,0.13780761992526458,0.10842638268011143
16.188,0.466,0.06235388342807822,0.025966984676178542,0.4574807635454767,0.15053836642379748,0.05054298977278506,0.3062719213628784
16.208,0.466,0.04853551950936365,0.02035534244023608,0.45761048931774223,0.12870555372696701,-0.0021966426604908954,0.3659500847339988
16.228,0.466,0.04853551950936365,0.02035534244023608,0.45761048931774223,0.12870555372696701,-0.0021966426604908954,0.3659500847339988
16.248,0.466,0.017338841171977346,0.024680007663614542,0.46280251933583355,0.1288281364868973,0.022831595545526998,0.24189391036147506
16.268,0.466,-0.012471685297498297,0.02364319940813294,0.4635661062235021,0.14114140105773346,0.028141620798099995,0.01146430210473975
16.288,0.466,-0.016909524424166635,0.021994935080298376,0.4626852011990368,0.16867761262453076,-0.07627973561304557,-0.19798289105851377
16.308,0.466,-0.010561326087348702,0.024907862796139664,0.466675130395369,0.21224844437938245,-0.223425396379457,-0.30404368639979257
16.328,0.466,-0.010561326087348702,0.024907862796139664,0.466675130395369,0.21224844437938245,-0.223425396379457,-0.30404368639979257
16.348,0.466,0.014323167289216038,0.030135698023512365,0.4610938969576203,0.25842412494335587,-0.5085724375647458,-0.13349031320082433
16.368,0.466,0.028741530728748844,0.018375207061160668,0.45666215070709465,0.17481175616303485,-0.6544262522568941,0.1742293214374233
16.388,0.466,0.041501935084936985,0.011550193424536009,0.45150570007308466,0.12447951175024236,-0.7851138502441947,0.38487640788092004
16.408,0.466,0.058101355281468,0.01990547613646583,0.45191919464462843,0.1365190800645496,-0.8556227400517618,0.4289544258168877
16.428,0.466,0.058101355281468,0.01990547613646583,0.45191919464462843,0.1365190800645496,-0.8556227400517618,0.4289544258168877
16.448,0.466,0.05080605943083187,0.010203550466614019,0.44918762924699057,0.0776569570762184,-0.756985081750456,0.48471997725018867
16.468,0.466,0.043137992149781486,0.008989220924190595,0.45538622497913545,0.06957347742485878,-0.6055143370473968,0.43208460351624767
16.488,0.466,0.01392644206425328,0.02480999537782668,0.4623982294887844,0.14978496924104256,-0.3385994173947834,0.19590075970116622
16.508,0.466,0.019240507683410266,0.03329817580774223,0.467407680187583,0.16914721232503532,-0.14845060846097358,-0.033319063994000434
16.528,0.466,0.019240507683410266,0.03329817580774223,0.467407680187583,0.16914721232503532,-0.14845060846097358,-0.033319063994000434
16.548,0.466,-0.0032064460893504484,0.024089627061131345,0.4634555029923794,0.12141457787921829,0.10458444797475447,-0.06261234421971694
16.568,0.466,-0.010448353592589376,0.02255062962984585,0.4604979148714532,0.09944275622248794,0.30282281776716913,-0.06947246570427584
16.588,0.466,0.0035614582094134466,0.026982660532179237,0.4619274500977712,0.12756483380592948,0.3605494234322118,-0.03810864537240859
16.608,0.466,0.027834517191319477,0.03424809083287774,0.4639515313421496,0.15406826270721788,0.3567223640520981,-0.05966281367188615
16.628,0.466,0.027834517191319477,0.03424809083287774,0.4639515313421496,0.15406826270721788,0.3567223640520981,-0.05966281367188615
16.648,0.466,0.06394938161346651,0.03686050126172125,0.4611300913865702,0.16806384501036054,0.2665860086704373,-0.06775887340783193
16.668,0.466,0.08704834344339485,0.035743365320415915,0.4574014659134222,0.16111958898893994,0.23206510841836844,-0.03994378135579542
16.688,0.466,0.1048478516909006,0.026556987399520126,0.4510375391875253,0.13448308147685678,0.2103275953526676,0.034795411083116186
16.708,0.466,0.0922372708974958,0.023768361218187532,0.45419127235213325,0.12316528683501003,0.33074118413179715,0.08139025936321433
16.728,0.466,0.0922372708974958,0.023768361218187532,0.45419127235213325,0.12316528683501003,0.33074118413179715,0.08139025936321433
16.748,0.466,0.06566574583038134,0.02295998711708551,0.45902748712946423,0.11220518227971063,0.5115648373265134,0.09213832846329334
16.768,0.466,0.04291704171415946,0.025483005831228842,0.4622403429909015,0.10809930700079844,0.6409144907468679,0.03915915623070331
16.788,0.466,0.0359332423298563,0.026935482200935106,0.46076191606432443,0.08608090633185263,0.6543365461069172,-0.07303824438689757
16.808,0.466,0.031149695058823364,0.029844052930434562,0.46163498735152225,0.06288192482767377,0.6233693686479121,-0.21636506651599183
16.828,0.466,0.031149695058823364,0.029844052930434562,0.46163498735152225,0.06288192482767377,0.6233693686479121,-0.21636506651599183
16.848,0.466,0.03937747743696219,0.034881750962564226,0.4624505248827301,0.07364932022609615,0.5033737523558615,-0.30744283495362246
16.868,0.466,0.051987910578845484,0.041445897283724414,0.46363162453964657,0.12028843858447623,0.34131866176859227,-0.27376692200063685
16.888,0.466,0.06373374200112114,0.03770519346548508,0.46125973098904016,0.14278690282651624,0.17374012137629122,-0.10856397858487557
16.908,0.466,0.06783484349928116,0.028572172223310297,0.4588041801357088,0.1364894573511885,0.0380521395856095,0.1021770896762536
16.928,0.466,0.06783484349928116,0.028572172223310297,0.4588041801357088,0.1364894573511885,0.0380521395856095,0.1021770896762536
16.948,0.466,0.05684541359339928,0.02246369840422742,0.45867785975128056,0.12403541580384883,-0.026289807663710935,0.26333325448518463
16.968,0.466,0.032809314238875606,0.022328472797003864,0.4598809827523907,0.11174934082765697,-0.03197340432759871,0.317951729540374
16.988,0.466,0.002541780643962061,0.026624778165206215,0.46193151384875447,0.11790926648311083,-0.012137606179654438,0.2216642525738726
17.008,0.466,-0.026931083998410613,0.028844641281912584,0.461295109012612,0.14283261998033103,-0.015617470325419987,0.029513393024507357
17.028,0.466,-0.026931083998410613,0.028844641281912584,0.461295109012612,0.14283261998033103,-0.015617470325419987,0.029513393024507357
17.048,0.466,-0.03098429788026436,0.03002566179072294,0.461569118511583,0.17537553157479557,-0.1265757350992586,-0.15867516816214802
17.068,0.466,-0.030233673989066734,0.031923149192987,0.4633183155025101,0.21408431934665045,-0.26908190928318915,-0.25889056860327464
17.088,0.466,-0.02507291665457137,0.03327166844158298,0.4646265671372288,0.23745073919301213,-0.4294463945395545,-0.23199661014936873
17.108,0.466,-0.020481204715170793,0.02928684897916127,0.4633266078744974,0.2077131787389672,-0.5724711704788158,-0.07001783575186092
17.128,0.466,-0.020481204715170793,0.02928684897916127,0.4633266078744974,0.2077131787389672,-0.5724711704788158,-0.07001783575186092
17.148,0.466,-0.022666223919456618,0.023792853476968582,0.4622924185806631,0.13576878918527419,-0.6567456297378685,0.1279397912154818
17.168,0.466,-0.029990725311418154,0.022236418749648827,0.4627241805246867,0.08969422635077304,-0.6883295059479749,0.2615364534570847
17.188,0.466,-0.042616390040499455,0.023903594867095274,0.4623814481633313,0.08419231675231796,-0.664967832488038,0.2911571895011087
17.208,0.466,-0.05863446844992988,0.02782580623717201,0.46098345788998324,0.13275969126872547,-0.6056593271786632,0.22326242248992917
17.228,0.466,-0.05863446844992988,0.02782580623717201,0.46098345788998324,0.13275969126872547,-0.6056593271786632,0.22326242248992917
17.248,0.466,-0.06640392497697827,0.028169923727231844,0.45968418647663495,0.19600375252728394,-0.5571470381893381,0.06951203276471854
17.268,0.466,-0.06545216091036177,0.028415432868409897,0.4608858079480839,0.2500094099534638,-0.5371481049712792,-0.07871800021150581
17.288,0.466,-0.05683431020062817,0.028037002859571416,0.4629376213619086,0.26449566042281664,-0.5383643088974118,-0.15159130239749669
17.308,0.466,-0.0408996797988071,0.027900953101627598,0.4646174544477878,0.24794985790350246,-0.5594454568067808,-0.12129764295402458
17.328,0.466,-0.0408996797988071,0.027900953101627598,0.4646174544477878,0.24794985790350246,-0.5594454568067808,-0.12129764295402458
17.348,0.466,-0.024781222285180964,0.023838094892702215,0.46338817554261424,0.19080786541353764,-0.5603063523002039,-0.013410058364245232
17.368,0.466,-0.012792593308490013,0.019895388579586934,0.4622490767512012,0.1341858382813195,-0.5201983537914886,0.1289571220938942
17.388,0.466,-0.006902446531156426,0.019781224709267367,0.46197691974980243,0.11271191049289007,-0.43228291411922487,0.22883127930892438
17.408,0.466,-0.004702738827763267,0.02495640672277858,0.4628295940384311,0.13780869246189156,-0.3070660450357385,0.23099910916963595
17.428,0.466,-0.004702738827763267,0.02495640672277858,0.4628295940384311,0.13780869246189156,-0.3070660450357385,0.23099910916963595
17.448,0.466,-0.006281276925870993,0.02962387412952024,0.46317749909039446,0.16974958335062604,-0.15652088711539702,0.14992073341806098
17.468,0.466,-0.006550893080678022,0.032947987606500286,0.46390676842028045,0.19147771427944404,-0.016630286827984654,0.016629295510450417
17.488,0.466,0.0016799247536164557,0.03408008152824543,0.465164837434136,0.18734062882791402,0.07887504923844288,-0.12739378983987046
17.508,0.466,0.016532885730406812,0.035090704326069276,0.46600613718636513,0.16505850710054573,0.13165066296022498,-0.20906396062010668
17.528,0.466,0.016532885730406812,0.035090704326069276,0.46600613718636513,0.16505850710054573,0.13165066296022498,-0.20906396062010668
17.548,0.466,0.03711944244904045,0.03260516155777865,0.46449935016755456,0.13374152549612994,0.1506527397131212,-0.19559073101232882
17.568,0.466,0.05249866278574508,0.028616605612057713,0.4613704490153626,0.11216382472955091,0.18226005319583516,-0.09278257945831297
17.588,0.466,0.06337674011089274,0.024744519207297457,0.45826357779855875,0.1142817444112757,0.22855209066350574,0.04786614882863038
17.608,0.466,0.0672383483608331,0.024382156066732087,0.4572056548652385,0.1320195396588815,0.29416176999271165,0.16079272459582425
17.628,0.466,0.0672383483608331,0.024382156066732087,0.4572056548652385,0.1320195396588815,0.29416176999271165,0.16079272459582425
17.648,0.466,0.06328207308988565,0.02747099867763471,0.45892722617445963,0.14647079170251856,0.38087847567654515,0.18711619819796557
17.668,0.466,0.05969469858659943,0.031020216742215393,0.46033164702539064,0.14083838542375254,0.4472078546065881,0.1075355202765331
17.688,0.466,0.05387629879399253,0.03307745507038582,0.46211939531617646,0.10656504745563858,0.4965353324786143,-0.04975359968234987
17.708,0.466,0.05195316245214297,0.03242644387310471,0.46142249907066823,0.0585882400637184,0.4950078300091481,-0.19840197712427005
17.728,0.466,0.05195316245214297,0.03242644387310471,0.46142249907066823,0.0585882400637184,0.4950078300091481,-0.19840197712427005
17.748,0.466,0.051866056411871045,0.03289086718016071,0.46168470826134994,0.03865480107300476,0.46341591541469346,-0.2671585754396795
17.768,0.466,0.05463820264520175,0.03416250122632978,0.46168539658559055,0.059330723472116056,0.41039307646827444,-0.2333224593479689
17.788,0.466,0.0531776628523684,0.03394928926256688,0.4615321885461156,0.09603870013662884,0.3557170923053431,-0.1031115752734592
17.808,0.466,0.05154314402974228,0.032936359018646034,0.46167983383267525,0.12744184199849543,0.28093785783290925,0.06193976333534248
17.828,0.466,0.05154314402974228,0.032936359018646034,0.46167983383267525,0.12744184199849543,0.28093785783290925,0.06193976333534248
17.848,0.466,0.05163169223598382,0.029555564570379774,0.4598332821871319,0.13605709096165933,0.18594424588184658,0.18336110205134357
17.868,0.466,0.044135849606724266,0.027680565432080386,0.46013453731269877,0.12942664151428385,0.11214334086871393,0.21188424401066772
17.888,0.466,0.03064874767330272,0.028569745636331217,0.462065035776813,0.12453648008298976,0.05621494397684073,0.14087882807033733
17.908,0.466,0.01358156041549857,0.029500157863699625,0.46356199454423486,0.12972383842191137,0.008270415811441816,0.01404839788523037
17.928,0.466,0.01358156041549857,0.029500157863699625,0.46356199454423486,0.12972383842191137,0.008270415811441816,0.01404839788523037
17.948,0.466,0.0038051154968428845,0.029385873898052518,0.4638586936838141,0.14517327372574332,-0.06760446363735503,-0.1092031135945921
17.968,0.466,-0.005655446270032405,0.03127358332414384,0.4651477756733013,0.17470998082624098,-0.14388969652940573,-0.1751826736660997
17.988,0.466,-0.01612476813149581,0.032546412419523336,0.46516753692232876,0.1967979538884733,-0.22055533607775962,-0.1461299086394097
18.008,0.466,-0.023982104373434215,0.030832857965012807,0.4635665655980331,0.19565431118045373,-0.3076960658427219,-0.03570480456199037
18.028,0.466,-0.023982104373434215,0.030832857965012807,0.4635665655980331,0.19565431118045373,-0.3076960658427219,-0.03570480456199037
18.048,0.466,-0.027931694682222664,0.029507868070130196,0.4628919214109046,0.17773096924869763,-0.4026538189388018,0.10121868174351
18.068,0.466,-0.02830851343227728,0.02731657477566502,0.4632114337946196,0.1512010836901619,-0.49439602490619394,0.19860337896557356
18.088,0.466,-0.03459828582562544,0.025656558124987454,0.4628188186487522,0.1420111369956119,-0.5450498212621573,0.2212715571535606
18.108,0.466,-0.038634483251320705,0.02379973230161602,0.4624669671828838,0.1567368060514772,-0.5795187393466993,0.1594666905412044
18.128,0.466,-0.038634483251320705,0.02379973230161602,0.4624669671828838,0.1567368060514772,-0.5795187393466993,0.1594666905412044
18.148,0.466,-0.04284427176880614,0.02438971335048268,0.4632588362778996,0.19523121994199089,-0.5936910139128821,0.0554915126777416
18.168,0.466,-0.045775439798516254,0.024452952016030757,0.4639723588188419,0.23186107906399886,-0.5918430920425333,-0.04108679683549379
18.188,0.466,-0.049786926226391186,0.026372089011956742,0.4643542587113119,0.25575484108808855,-0.5681797867225482,-0.08471924936505201
18.208,0.466,-0.04944069362943806,0.026423044597187566,0.46331466962557216,0.24688065513019156,-0.5443570295724836,-0.05652461572871708
18.228,0.466,-0.04944069362943806,0.026423044597187566,0.46331466962557216,0.24688065513019156,-0.5443570295724836,-0.05652461572871708
18.248,0.466,-0.04351736014591155,0.026347717364210217,0.4630873965456472,0.21857222142351507,-0.5298996184833021,0.029776894219379898
18.268,0.466,-0.036663939375806004,0.025195234027292363,0.46273890672093043,0.18197969955601953,-0.5016102926931404,0.12346017300814104
18.288,0.466,-0.027597097549667788,0.02494969537172213,0.4631874098707877,0.16289082141956818,-0.4671615487009631,0.184163242792993
18.308,0.466,-0.02063512077169108,0.02526094958683185,0.46359095046666515,0.16343023210570945,-0.40407883650689674,0.1728721947239291
18.328,0.466,-0.02063512077169108,0.02526094958683185,0.46359095046666515,0.16343023210570945,-0.40407883650689674,0.1728721947239291
18.348,0.466,-0.015386120979497802,0.02665642619490008,0.46389929637926436,0.17638769679393276,-0.3197731835283793,0.10212794318914382
18.368,0.466,-0.010896630505197059,0.02913804997231436,0.4644269402328837,0.18889172406848154,-0.22183115866076486,0.0041378616284635135
18.388,0.466,-0.004178720949188149,0.03142057353569301,0.4651836638411205,0.19197649398920688,-0.12439945529424416,-0.08362833758760074
18.408,0.466,0.005397036097710122,0.031400348551685484,0.46481057379870216,0.17550298807403653,-0.04171152850846997,-0.1172745098668404
18.428,0.466,0.005397036097710122,0.031400348551685484,0.46481057379870216,0.17550298807403653,-0.04171152850846997,-0.1172745098668404
18.448,0.466,0.016207684617809325,0.031468294488551776,0.4640375746777327,0.1580578044570951,0.02992231110579114,-0.09330621795700104
18.468,0.466,0.024465282589617925,0.029820035058482873,0.46276324712125205,0.1385838340481958,0.10141034514345584,-0.025118930007520697
18.488,0.466,0.038145985631313106,0.03011560379017664,0.46215002396064625,0.134785067059541,0.14504574318756663,0.04614142950169795
18.508,0.466,0.045813529171767675,0.02832185759287479,0.4608146690918333,0.12107783814839503,0.204961205675226,0.08636279162301397
18.528,0.466,0.045813529171767675,0.02832185759287479,0.4608146690918333,0.12107783814839503,0.204961205675226,0.08636279162301397
18.548,0.466,0.05436650722613345,0.03002509462204447,0.4605601195704841,0.12071915618010823,0.24832649825212977,0.08702089591862977
18.568,0.466,0.05658886351978302,0.03154940786520867,0.4605616932650896,0.1111284198983346,0.30683212297930085,0.040436833574003496
18.588,0.466,0.058365911235628766,0.03370870105049942,0.4608778614663598,0.09987422673295034,0.35416398508691194,-0.03484114717500559
18.608,0.466,0.05364727604460907,0.03376962285506277,0.4609564657553492,0.07846855862426082,0.41144369109168577,-0.10741005486322677
18.628,0.466,0.05364727604460907,0.03376962285506277,0.4609564657553492,0.07846855862426082,0.41144369109168577,-0.10741005486322677
18.648,0.466,0.053537914986607746,0.0344652476916143,0.46076114345034536,0.07351790098147153,0.4263968963791472,-0.13752531448029587
18.668,0.466,0.050243899437097304,0.033858834065643856,0.460967248872713,0.07308534069377887,0.4343697044720643,-0.12844131923029034
18.688,0.466,0.05229919949262956,0.03434783846050586,0.4615326083169556,0.08695625000189193,0.40041564244967515,-0.08142570427007612
18.708,0.466,0.0537054045813078,0.03181153770729632,0.4602303306746274,0.09302221252373438,0.34360512642790086,-0.008698708346536382
18.728,0.466,0.0537054045813078,0.03181153770729632,0.4602303306746274,0.09302221252373438,0.34360512642790086,-0.008698708346536382
18.748,0.466,0.05296746323727085,0.032509264621093874,0.46138164899247647,0.11066069553061544,0.28065729243103044,0.0453153598205988
18.768,0.466,0.04874899669880457,0.03135270662025546,0.46120108993725034,0.11194677645091185,0.2195145603949571,0.06622754258989841
18.788,0.466,0.045319566091607574,0.03144209832260119,0.46152895362727636,0.12343644802817566,0.14307604935111176,0.05817217016692236
18.808,0.466,0.03477574407594822,0.03238845684033375,0.46288084006155056,0.13175876027099334,0.0910739093011435,0.018672583324912357
18.828,0.466,0.03477574407594822,0.03238845684033375,0.46288084006155056,0.13175876027099334,0.0910739093011435,0.018672583324912357
18.848,0.466,0.02137804655427353,0.03300468507425174,0.46417157842964996,0.1438025802128727,0.04268051328931363,-0.023941043471623305
18.868,0.466,0.009999615565666016,0.031785415871856904,0.4643381439855782,0.15322574636641073,-0.014857761357977292,-0.056709912008842615
18.888,0.466,1.655818612475072e-05,0.030084918752963145,0.46425532548690623,0.16436307596028862,-0.08506991887851811,-0.054847382229565
18.908,0.466,-0.008912726702364064,0.030189854959612555,0.46452789375936204,0.17829022506499567,-0.1605992201049916,-0.02368193438275803
18.928,0.466,-0.008912726702364064,0.030189854959612555,0.46452789375936204,0.17829022506499567,-0.1605992201049916,-0.02368193438275803
18.948,0.466,-0.01200627267362609,0.028757380465807402,0.4642117828316194,0.1781526310705149,-0.2582931022108779,0.026778753718299346
18.968,0.466,-0.018939696762415418,0.023875775575406478,0.4632146714366349,0.17458251307059275,-0.3435448859943464,0.05559728867246034
18.988,0.466,0.0017786566408628,0.025977382190690453,0.46520330093340806,0.19137480743371085,-0.5234639506488065,0.02552826314296347
19.008,0.466,0.007649024192790688,0.027514150561752958,0.46505747410751397,0.19809357104397798,-0.6036860736669263,0.07922300747241114
19.028,0.466,0.007649024192790688,0.027514150561752958,0.46505747410751397,0.19809357104397798,-0.6036860736669263,0.07922300747241114
19.048,0.466,-0.0016873365877240504,0.023135433516268976,0.46327958473820147,0.1658187158316716,-0.5883751833033822,0.19349281264152357
19.068,0.466,-0.009546589342568742,0.02309368808897727,0.4630770661108443,0.1750433913945897,-0.5501866746386003,0.21176780750139526
19.088,0.466,-0.018013574706538808,0.031429582700290934,0.46471058516691477,0.22861552165858245,-0.47400708380309486,0.11734988819341458
19.108,0.466,-0.025044064811143716,0.035848084960845364,0.4653969551574973,0.2561867049816361,-0.379899046455403,0.04642327370455229
19.128,0.466,-0.025044064811143716,0.035848084960845364,0.4653969551574973,0.2561867049816361,-0.379899046455403,0.04642327370455229
19.148,0.466,-0.038640230064890535,0.03451660477965152,0.46287417693959515,0.25566089012172094,-0.26436952728963153,0.06557383875113387
19.168,0.466,-0.04586197043112096,0.0337802808075011,0.46068302985975973,0.2549009008605491,-0.17943313538416467,0.08967075832023945
19.188,0.466,-0.05464557300785024,0.03420598733260459,0.4593592662534979,0.2712748289945473,-0.10887056525585397,0.07825085952430993
19.208,0.466,-0.05462133918847046,0.03537935745566224,0.46013358692122697,0.28738168452570884,-0.0949964391631054,0.03176707426698323
19.228,0.466,-0.05462133918847046,0.03537935745566224,0.46013358692122697,0.28738168452570884,-0.0949964391631054,0.03176707426698323
19.248,0.466,-0.05336883753058676,0.035257767071368,0.46058252564763164,0.2831787685021157,-0.1125051526687771,0.019286020887994595
19.268,0.466,-0.046227332613570205,0.032992717179223155,0.46118926585781356,0.2597481667909441,-0.17586973274753515,0.05159168514316979
19.288,0.466,-0.036552413224310604,0.030714148725660164,0.4626967573319238,0.2392306703357768,-0.2583781617753156,0.06350417251276455
19.308,0.466,-0.027175583681298777,0.029323008420110847,0.4643045390605089,0.22466031768784797,-0.3422725118143027,0.04371146612193433
19.328,0.466,-0.027175583681298777,0.029323008420110847,0.4643045390605089,0.22466031768784797,-0.3422725118143027,0.04371146612193433
19.348,0.466,-0.02264388680982207,0.02771248175354516,0.4646989617658385,0.20697504617134443,-0.4002158405395247,0.034982375042873604
19.368,0.466,-0.017886496290343095,0.025854438861103522,0.465065033749325,0.18593555822783164,-0.4466802580626256,0.05948194368039157
19.388,0.466,-0.019996273351122595,0.025642373848759278,0.46457659433126436,0.17984554949886075,-0.4457554869869652,0.08153017883435823
19.408,0.466,-0.021635436870207247,0.027596812895772448,0.46489975804495304,0.19106129113364242,-0.4255822985371403,0.07278024431631842
19.428,0.466,-0.021635436870207247,0.027596812895772448,0.46489975804495304,0.19106129113364242,-0.4255822985371403,0.07278024431631842
19.448,0.466,-0.026538780078509655,0.029964192206458077,0.46417657860681283,0.2073538704747257,-0.37899152934760794,0.054943825683193455
19.468,0.466,-0.032747237713660005,0.033105421958396185,0.46382805173849606,0.22908730725124635,-0.3183050824097978,0.05092674096675834
19.488,0.466,-0.03853197018476724,0.03322116031379801,0.4624404092858755,0.2395632180710279,-0.2612552726863992,0.06369862076209588
19.508,0.466,-0.044248507160037025,0.033638420901082405,0.4615111921285155,0.25227946712761223,-0.21074558484900455,0.0684361153453458
19.528,0.466,-0.044248507160037025,0.033638420901082405,0.4615111921285155,0.25227946712761223,-0.21074558484900455,0.0684361153453458
19.548,0.466,-0.0454784737867983,0.033501824061195555,0.4614035179135474,0.26044272458250983,-0.1876631319024153,0.053637494775146746
19.568,0.466,-0.04297408828465312,0.03317841706981927,0.4620826985892021,0.2631374595221213,-0.19396474706792094,0.04003947635861932
19.588,0.466,-0.0421411000594943,0.031732901481589526,0.4621308578321018,0.25689843646037774,-0.20707435188179418,0.04173823088398755
19.608,0.466,-0.04093751917658682,0.030912615718472695,0.46251459053832256,0.24650684481463098,-0.23425710831595664,0.05485828982373368
19.628,0.466,-0.04093751917658682,0.030912615718472695,0.46251459053832256,0.24650684481463098,-0.23425710831595664,0.05485828982373368
19.648,0.466,-0.03378912180898213,0.02933682147854351,0.4632733172907827,0.2317850601959289,-0.2866055368044339,0.05615049509883919
19.668,0.466,-0.030073046825981133,0.029493574476544392,0.46465485142305724,0.2279305508462854,-0.32349363607814297,0.05163982914174566
19.688,0.466,-0.025650229288298364,0.02772312737219608,0.46453580077457424,0.21248254576429915,-0.3600804344687362,0.05721911216847696
19.708,0.466,-0.02437076415213053,0.027070245301985315,0.46443012279831386,0.2038329286476431,-0.3743436569464747,0.06507818435704382
19.728,0.466,-0.02437076415213053,0.027070245301985315,0.46443012279831386,0.2038329286476431,-0.3743436569464747,0.06507818435704382
19.748,0.466,-0.02679862162942937,0.02712154868496737,0.46400884630707095,0.20541648595701165,-0.362055977605322,0.06763585858505629
19.768,0.466,-0.027100227596417947,0.028768014006517947,0.46443654364073317,0.214145946449229,-0.3484880641147194,0.06296967496922379
19.788,0.466,-0.030279859882981448,0.02933612813831228,0.4636918395505969,0.22231766312092016,-0.31734440696646843,0.06015282498720238
19.808,0.466,-0.032511616698980776,0.029873162800847366,0.46337241456059386,0.23076485549118553,-0.28643587630447426,0.05994823895792374
19.828,0.466,-0.032511616698980776,0.029873162800847366,0.46337241456059386,0.23076485549118553,-0.28643587630447426,0.05994823895792374
19.848,0.466,-0.03848880200759463,0.031300446430487135,0.4630175822441974,0.24342529513603473,-0.2444918263449099,0.0643670569963933
19.868,0.466,-0.03886651040421089,0.031693622669450916,0.4632520365425102,0.2495905209562304,-0.22648249431583356,0.059912618294401
19.888,0.466,-0.0380276443223045,0.030519692016397895,0.4627988157061894,0.24732303993082408,-0.22185748276544498,0.05481823820651383
19.908,0.466,-0.03705910647678615,0.030368722647173545,0.46316672546947285,0.24507208389147728,-0.22439579250909714,0.04989670103788797
19.928,0.466,-0.03705910647678615,0.030368722647173545,0.46316672546947285,0.24507208389147728,-0.22439579250909714,0.04989670103788797
19.948,0.466,-0.03543280309472184,0.029614173691462724,0.4633188886261923,0.24090068863079928,-0.2376137544669543,0.05283542975422264
19.968,0.466,-0.03137782815579221,0.028497730605317993,0.46379880943332874,0.23218713118676396,-0.26354610840316556,0.055693221693286575
19.988,0.466,-0.027383506349434938,0.02683876369412332,0.4638844183367656,0.2229769676549137,-0.29190422674396954,0.05855118152634052
20.008,0.466,-0.026484736574923118,0.027413095012580893,0.4645063039953673,0.2221401273128017,-0.3041818578074893,0.058730651914948875
20.028,0.466,-0.026484736574923118,0.027413095012580893,0.4645063039953673,0.2221401273128017,-0.3041818578074893,0.058730651914948875
20.048,0.466,-0.022862024034782626,0.026456436382208837,0.4646345512564194,0.21696116638486507,-0.3183817309909792,0.056712944508680994
20.068,0.466,-0.019364822057672065,0.026129480806331963,0.46484769177357765,0.21400810384707328,-0.33013952865339213,0.06363791811487564
20.088,0.466,-0.019039019537087965,0.02567644152275969,0.46462321724122974,0.2125206965499561,-0.319904010744276,0.06376741112618081
20.108,0.466,-0.020350875395477464,0.026097819910238736,0.4644560895361089,0.21416062334406213,-0.29595632305491254,0.06015822204650019
20.128,0.466,-0.021131057665029006,0.026460639926996467,0.46413773020768945,0.21616490478482148,-0.27039896632988636,0.06045898135558246
20.148,0.466,-0.021131057665029006,0.026460639926996467,0.46413773020768945,0.21616490478482148,-0.27039896632988636,0.06045898135558246
20.168,0.466,-0.022722230625564912,0.028269954817305324,0.4647023882042969,0.22465691507601548,-0.23840082427194403,0.06076878587305575
20.188,0.466,-0.01846711969728661,0.027005363371217082,0.4642528229867884,0.22049655441973617,-0.2265497846889835,0.05670847303905187
20.208,0.466,-0.01889432475249185,0.027399563122539803,0.46434884302840185,0.22081154876462808,-0.19988926844993116,0.0581725011110176
20.228,0.466,-0.017172312175124244,0.026916022009571026,0.4643318196466318,0.21325683103503912,-0.18560476491911357,0.06721382230828382
20.248,0.466,-0.017172312175124244,0.026916022009571026,0.4643318196466318,0.21325683103503912,-0.18560476491911357,0.06721382230828382
20.268,0.466,-0.013701081382746423,0.02590194136417004,0.46423485347464516,0.2055351176119577,-0.17802085268059356,0.05901226376796251
20.288,0.466,-0.01090723223238937,0.02653280963711815,0.46512528311004847,0.2069345201335515,-0.16555958863589346,0.03679671825372692
20.308,0.466,-0.009073312901682638,0.026869432145937004,0.4653831543020044,0.20426968772360907,-0.1519817443701718,0.031005795460308017
20.328,0.466,-0.007230680019061219,0.026458713407610537,0.46491422208740674,0.19568658501168623,-0.14215431276546964,0.045973584572855226
20.348,0.466,-0.007230680019061219,0.026458713407610537,0.46491422208740674,0.19568658501168623,-0.14215431276546964,0.045973584572855226
20.368,0.466,-0.006499170302446666,0.02697435762088524,0.4649706680925365,0.1951769108338712,-0.1298187846714502,0.056567689494772096
20.388,0.466,-0.0035767105982890523,0.02678967949018787,0.46480585064203633,0.19555893963665133,-0.12679746567898229,0.05013543329393616
20.408,0.466,-0.0021610491441589903,0.0277742898230974,0.46518432794820325,0.19605645090249904,-0.11980956305690457,0.038634630489384945
20.428,0.466,0.0011468345373360689,0.028727715880130605,0.46558843314227266,0.19841220186870828,-0.12210523307736701,0.03900931925800753
20.448,0.466,0.0011468345373360689,0.028727715880130605,0.46558843314227266,0.19841220186870828,-0.12210523307736701,0.03900931925800753
20.468,0.466,0.002275580950132833,0.02646650109749955,0.4643416815829782,0.18798156836719365,-0.11762276845966733,0.047976665944587375
20.488,0.466,0.005138529520503688,0.026577992136763925,0.4647619798465849,0.19097436937484544,-0.11810095410835827,0.04386447492038311
20.508,0.466,0.004797266647520925,0.027167210594381905,0.46493665005101964,0.19128699990401085,-0.10717492476927618,0.0336772609030459
20.528,0.466,0.007431371717630251,0.02844503478931719,0.4656504533254818,0.19316735914817074,-0.10298173911549222,0.02737829100868305
20.548,0.466,0.007431371717630251,0.02844503478931719,0.4656504533254818,0.19316735914817074,-0.10298173911549222,0.02737829100868305
20.568,0.466,0.007505253951236552,0.027972334578856336,0.4651441739624341,0.18791023615669003,-0.09386386569339507,0.039965627423158886
20.588,0.466,0.005605239415301706,0.028340970875186958,0.46521463530027846,0.18753410417118802,-0.07761599713954734,0.044635877660929246
20.608,0.466,0.004753961992070303,0.027045399695744706,0.464476042668303,0.18229205183039787,-0.06679103103161874,0.03750089924473596
20.628,0.466,0.006726497154310383,0.028716623435627465,0.4655067446201582,0.19278788813056394,-0.06915581321876481,0.03068298126146935
20.648,0.466,0.006726497154310383,0.028716623435627465,0.4655067446201582,0.19278788813056394,-0.06915581321876481,0.03068298126146935
20.668,0.466,0.0060486402528912775,0.02811451123938194,0.4651306949732936,0.19107239349342717,-0.06598024356679465,0.036535674218772435
20.688,0.466,0.00855326924096441,0.027885313909846696,0.46506430360174544,0.18879598144609833,-0.08003068296936247,0.043980088672451824
20.708,0.466,0.005278037962094533,0.028805492735828005,0.46554255361344343,0.19028571149374268,-0.07560639712867644,0.04377173947416508
20.728,0.466,0.005278037962094533,0.028805492735828005,0.46554255361344343,0.19028571149374268,-0.07560639712867644,0.04377173947416508
20.748,0.466,0.0061036366606139186,0.028155169652845598,0.4654582404123475,0.18752117328298235,-0.08466467354796135,0.03597112866186403
20.768,0.466,0.00982713102969609,0.027544108201578075,0.4653661749762563,0.18381074281295517,-0.10202852773196874,0.028503060291346905
20.788,0.466,0.011681008078233628,0.02677487406543681,0.46488883638218176,0.17745181189460377,-0.11444836129138727,0.03157108286060467
20.808,0.466,0.012553743912426628,0.026956293669178566,0.46496975590187284,0.17652043616017,-0.11981865741206668,0.03342553101639026
20.828,0.466,0.010211326347265987,0.028168906883420032,0.4655315871577318,0.1794804531942141,-0.11151938446156764,0.035734108761997126
20.848,0.466,0.010211326347265987,0.028168906883420032,0.4655315871577318,0.1794804531942141,-0.11151938446156764,0.035734108761997126
20.868,0.466,0.008824870580961909,0.02756658652894977,0.46505618730324877,0.17579515044195193,-0.10261467513699457,0.031907640590265164
20.888,0.466,0.005837877716594683,0.027709666340122233,0.46510932618701195,0.17768397373926587,-0.09029830963488218,0.03336148041143479
20.908,0.466,0.0043845511428619146,0.028090447938827298,0.46496415489463117,0.1757911449816374,-0.08058235000181353,0.028847235185152517
20.928,0.466,0.0057953878021684445,0.02684713945975714,0.46480794290499083,0.17430530566163566,-0.08844244993996625,0.02628733392172709
20.948,0.466,0.0057953878021684445,0.02684713945975714,0.46480794290499083,0.17430530566163566,-0.08844244993996625,0.02628733392172709
20.968,0.466,0.004973559985632499,0.02708440912194556,0.46496086438158385,0.17416530070780914,-0.08626437954581033,0.02685935910647086
20.988,0.466,0.007632385903862066,0.028622440681789714,0.46548178668732587,0.17988920875644038,-0.09434951269632412,0.027873559389208623
21.008,0.466,0.007263126303366997,0.028937056818736633,0.4654716610635586,0.18016846043941195,-0.09251680078795978,0.027911499467400194
21.028,0.466,0.006534388848460635,0.029475197877466157,0.46559295882149093,0.1811987191010614,-0.0886383096272997,0.027429302290129895
21.048,0.466,0.006534388848460635,0.029475197877466157,0.46559295882149093,0.1811987191010614,-0.0886383096272997,0.027429302290129895
21.068,0.466,0.0063509068548073325,0.0299368038794559,0.46567621615546706,0.18139280854439646,-0.08640139362043314,0.027017307764100103
21.088,0.466,0.009299814905627514,0.029886814129760922,0.4643833774203841,0.16868678328366982,-0.09346198351171535,0.03517915132005208
21.108,0.466,0.009508351280355414,0.030453110851839948,0.4649278222803341,0.1683115236344611,-0.09074323255547502,0.032438938917292715
21.128,0.466,0.009791416746086159,0.030758114497420327,0.4649193819451156,0.1633947260825679,-0.09023055761842881,0.032065909217168155
21.148,0.466,0.009791416746086159,0.030758114497420327,0.4649193819451156,0.1633947260825679,-0.09023055761842881,0.032065909217168155
21.168,0.466,0.007639636908543516,0.030476111624154752,0.4645597093288228,0.1583829807415257,-0.08056085268305718,0.027430920952597956
21.188,0.466,0.006413622988393674,0.03124696732125242,0.4647674262017986,0.1599311279651211,-0.07399503958970581,0.019986329403506958
21.208,0.466,0.005983712918454655,0.03149648724597762,0.4646106640931629,0.1601073626443227,-0.07283983215223487,0.0180768630167728
21.228,0.466,0.0073392382347128565,0.03251975347714778,0.46502972557845385,0.16283841993029247,-0.07757283481275387,0.018764127196819892
21.248,0.466,0.0073392382347128565,0.03251975347714778,0.46502972557845385,0.16283841993029247,-0.07757283481275387,0.018764127196819892
21.268,0.466,0.008990169208919173,0.03244695372952948,0.4647653830250528,0.15884163248794153,-0.08561587419886074,0.024352634644584915
21.288,0.466,0.008813485204255433,0.031629730127662,0.46425316704293534,0.15258653979115203,-0.08575799833466612,0.030499637231653304
21.308,0.466,0.011976471590738377,0.031049442872482933,0.4643866503441457,0.15132976026869213,-0.09686166562982355,0.0361032361852869
21.328,0.466,0.012605486586333722,0.031184422358187348,0.46567052727968977,0.15389273082899968,-0.09470125471014978,0.030251234456326912
21.348,0.466,0.012605486586333722,0.031184422358187348,0.46567052727968977,0.15389273082899968,-0.09470125471014978,0.030251234456326912
21.368,0.466,0.009528669321050908,0.03212915822858582,0.46547377170641235,0.15798201134051254,-0.0827300729692499,0.026269318611214
21.388,0.466,0.009114188174037887,0.03232699456785009,0.46532237015604844,0.158846125578054,-0.08058831211184679,0.02020829375444046
21.408,0.466,0.009115306552368188,0.03207682683523222,0.46519021394475446,0.15882819209028556,-0.0810806662013522,0.016542974552435048
21.428,0.466,0.0079885898163793,0.03197796036293676,0.46512827706471294,0.159815220135079,-0.07835638692474592,0.018262164845366743
21.448,0.466,0.0079885898163793,0.03197796036293676,0.46512827706471294,0.159815220135079,-0.07835638692474592,0.018262164845366743
21.468,0.466,0.00856969981702823,0.03131924120062973,0.46509770988786125,0.15818142189445433,-0.08165463781740266,0.02053004907185728
21.488,0.466,0.008433604275126181,0.030701375061917523,0.4649864102731463,0.15722834042490824,-0.08217199580290228,0.02506948779724838
21.508,0.466,0.010421340399251475,0.030006484917679287,0.4643248791530404,0.16152476389998857,-0.09712826287691492,0.033265682583028595
21.528,0.466,0.00850124091360693,0.029581711463983012,0.4643425189347909,0.16441742604383633,-0.09043201018963218,0.03737535019285979
21.548,0.466,0.00850124091360693,0.029581711463983012,0.4643425189347909,0.16441742604383633,-0.09043201018963218,0.03737535019285979
21.568,0.466,0.007994031790000652,0.029995898280053838,0.4647421677677615,0.16922360593263952,-0.08928455928872368,0.03679232782713442
21.588,0.466,0.008303997740837588,0.02973921052202206,0.464603326615358,0.17220192014957303,-0.08920014364059145,0.027527102538180054
21.608,0.466,0.0061942035885798365,0.030186957536072617,0.46486968774217147,0.17617811271926137,-0.08302020567828897,0.01921014275371136
21.628,0.466,0.00646795120568767,0.029664065992762882,0.46468499012375536,0.17579792727375326,-0.0855859219961332,0.01366805225482375
21.648,0.466,0.00646795120568767,0.029664065992762882,0.46468499012375536,0.17579792727375326,-0.0855859219961332,0.01366805225482375
21.668,0.466,0.008761948315051343,0.029600757751847992,0.4647897491874096,0.17699209801798868,-0.09487515510137073,0.012300520634751476
21.688,0.466,0.007260361272795417,0.029264843028461145,0.46465991372211835,0.1760495722440127,-0.09165667822439293,0.01987846923707373
21.708,0.466,0.007894426817694467,0.029005296968966976,0.4647541211217095,0.17807848533218218,-0.09482991934213011,0.029393276893331155
21.728,0.466,0.008450531574977431,0.029379766681470538,0.4647607411063151,0.17573710226111036,-0.09538818797589242,0.036148770277238236
21.748,0.466,0.008450531574977431,0.029379766681470538,0.4647607411063151,0.17573710226111036,-0.09538818797589242,0.036148770277238236
21.768,0.466,0.008753599825146525,0.028780207559241974,0.46506567157105005,0.17227469604550313,-0.09245093826468695,0.032989147457403695
21.788,0.466,0.008857983804747897,0.028874119587853506,0.4642982342247131,0.17308662268774985,-0.0950408646610318,0.02621692202051425
21.808,0.466,0.008629381571133772,0.029190354787756504,0.4645207967847072,0.17452210308631194,-0.09412770584474126,0.024227591479896553
21.828,0.466,0.00805139892398336,0.029633779905871578,0.46478375218945356,0.17614775334770533,-0.09234945369272435,0.02276478864122917
21.848,0.466,0.00805139892398336,0.029633779905871578,0.46478375218945356,0.17614775334770533,-0.09234945369272435,0.02276478864122917
21.868,0.466,0.006296257449901609,0.029955529258456987,0.46471426366911245,0.1759570897498205,-0.08853703299655799,0.014566496156349182
21.888,0.466,0.004420518911934301,0.030104981474045618,0.4650441325345813,0.1755435420707163,-0.0822848061650255,0.018711344835463772
21.908,0.466,0.00808108622529924,0.029955084158401854,0.46449353537244326,0.16627148652688953,-0.09274876447601049,0.026938921052844594
21.928,0.466,0.008657789104541862,0.02982477338271287,0.46433642776525574,0.16229242938510105,-0.09305317742994575,0.03588915283928343
21.948,0.466,0.008657789104541862,0.02982477338271287,0.46433642776525574,0.16229242938510105,-0.09305317742994575,0.03588915283928343
21.968,0.466,0.00853368993909867,0.03126474955537644,0.46490624749908516,0.1659294216388163,-0.09060561717246769,0.04143040822310422
21.988,0.466,0.007882623532926058,0.03131984633758861,0.4645432738225104,0.16142943044062963,-0.08688668274382481,0.04044792068178611
22.008,0.466,0.008118623837479171,0.03091634730484087,0.464440274254153,0.1595267773212668,-0.08602491690078062,0.030512524175998305
22.028,0.466,0.01055012695814407,0.03072621364551382,0.4641637538180735,0.15576778870831073,-0.09154158820900539,0.01606915028068291
22.048,0.466,0.01055012695814407,0.03072621364551382,0.4641637538180735,0.15576778870831073,-0.09154158820900539,0.01606915028068291
22.068,0.466,0.008324250531342876,0.03154135233399995,0.46450094870779485,0.15656569370226842,-0.08209519564694094,0.00813322317337479
22.088,0.466,0.006763040082948693,0.031302958988262325,0.4644251419586699,0.15472397715601285,-0.07787364434436173,0.012204234583527119
22.108,0.466,0.003444113953611772,0.03155991419974508,0.4652946993596014,0.16056940231607153,-0.07060762888472896,0.017960366865622905
22.128,0.466,0.0038055801315333144,0.03162796747264292,0.4650647627635409,0.16006761886259988,-0.07158230461689191,0.027517152886443696
22.148,0.466,0.0038055801315333144,0.03162796747264292,0.4650647627635409,0.16006761886259988,-0.07158230461689191,0.027517152886443696
22.168,0.466,0.005293656941557364,0.03171053447811318,0.46466511446814435,0.1603204785706263,-0.0756466095073743,0.03388412778047886
22.188,0.466,0.008140323239879552,0.03167585640365114,0.4647361716273389,0.15944238585584963,-0.08244084749350887,0.025883671433724064
22.208,0.466,0.008938617023719484,0.031198321308672148,0.4644288088567033,0.15682169233909551,-0.08417365170762703,0.024323393291911334
22.228,0.466,0.009340023253156473,0.030902816675748065,0.46426702681819987,0.1557116690480529,-0.08490523708737518,0.022478084371714
22.248,0.466,0.009340023253156473,0.030902816675748065,0.46426702681819987,0.1557116690480529,-0.08490523708737518,0.022478084371714
22.268,0.466,0.009442444306692749,0.030820569211998498,0.46419852249650617,0.15561988279576883,-0.08481097223223155,0.02147165853743502
22.288,0.466,0.00847291914586392,0.030569137201134394,0.46471867664170247,0.15811973437753643,-0.0793258483878491,0.01640789157703009
22.308,0.466,0.00792917986234914,0.0304743840215156,0.4646602505918655,0.16010750206651078,-0.07744674430124186,0.01963828935404251
22.328,0.466,0.007324034215265238,0.030582056201529827,0.464767000098276,0.16303257337321478,-0.07509157220195155,0.025008931099939975
22.348,0.466,0.007324034215265238,0.030582056201529827,0.464767000098276,0.16303257337321478,-0.07509157220195155,0.025008931099939975
22.368,0.466,0.009059969474717117,0.03156703879518236,0.4653186316970961,0.17185264379718862,-0.08473877454571115,0.03036606886211239
22.388,0.466,0.010309388576750953,0.030621972000652798,0.4649031520292522,0.1717326124284455,-0.0908591039015005,0.035141783319169284
22.408,0.466,0.008411435441814854,0.03034328823093284,0.4648366886465509,0.17220950694229095,-0.08541917859744114,0.03382886973373653
22.428,0.466,0.009749720581115865,0.029126907527390885,0.4644617948126365,0.1696850155999946,-0.09120469665702552,0.026267818475649445
22.448,0.466,0.009749720581115865,0.029126907527390885,0.4644617948126365,0.1696850155999946,-0.09120469665702552,0.026267818475649445
22.468,0.466,0.006117975061398676,0.029854708643558187,0.46482507988898814,0.17340273448302537,-0.08007125183002037,0.019627373432686866
22.488,0.466,0.009767110604337988,0.030004676533787418,0.4652075029682561,0.1770985923074069,-0.09345849640234925,0.012213337910721142
22.508,0.466,0.008524146125448058,0.030623765975023837,0.46523793898357113,0.17806060016168193,-0.08904479906909578,0.011130456945103956
22.528,0.466,0.008854063409510912,0.030193205579850245,0.46501603518187185,0.17823787563176424,-0.09225202366919588,0.017442594944113834
22.548,0.466,0.008854063409510912,0.030193205579850245,0.46501603518187185,0.17823787563176424,-0.09225202366919588,0.017442594944113834
22.568,0.466,0.008732231715388547,0.029735990612413273,0.4653359616246746,0.1735434552490486,-0.0864951983416293,0.024431049963640893
22.588,0.466,0.009395471285146388,0.029683250969545757,0.4646402848267823,0.172410749399303,-0.09179933510454251,0.0247116397888441
22.608,0.466,0.009702472650288077,0.02960141943028795,0.4646452434254974,0.17252167308656352,-0.09409137344005536,0.024572006342710815
22.628,0.466,0.009888935072965496,0.029685664835608836,0.464715960908576,0.17287401416764486,-0.0957559601986768,0.023412092691004787
22.648,0.466,0.009888935072965496,0.029685664835608836,0.464715960908576,0.17287401416764486,-0.0957559601986768,0.023412092691004787
22.668,0.466,0.009672964660755533,0.029968419490063413,0.46488959665401003,0.17390186391866033,-0.0958967176641588,0.022322180769394528
22.688,0.466,0.009143079320470161,0.030365479643545693,0.46507350254177116,0.17467888895007905,-0.0951093130978128,0.022309213203288155
22.708,0.466,0.008515542808037261,0.030755061912647735,0.4652563356207077,0.17536742045151385,-0.09344521838863437,0.022519228802804866
22.728,0.466,0.005035199481918939,0.03070179509319055,0.46488548720813566,0.17197187650494797,-0.0848519742438445,0.02114185155150929
22.748,0.466,0.005035199481918939,0.03070179509319055,0.46488548720813566,0.17197187650494797,-0.0848519742438445,0.02114185155150929
22.768,0.466,0.005231803314441515,0.031046897618603936,0.46503230277780044,0.17179470677399383,-0.08569122335610031,0.023599599390558747
22.788,0.466,0.005535940237429549,0.031304078041809145,0.46498092895802284,0.17076807004536537,-0.08688655352432031,0.028603846896909296
22.808,0.466,0.009229982107945695,0.031080482079166426,0.4648548589347088,0.1640078233273189,-0.0951164862200161,0.03210754494948335
22.828,0.466,0.008834781000185326,0.030601096876452055,0.4643821029815687,0.15909001141005538,-0.09306558757788114,0.031210511161070004
22.848,0.466,0.008834781000185326,0.030601096876452055,0.4643821029815687,0.15909001141005538,-0.09306558757788114,0.031210511161070004
22.868,0.466,0.00796040009032213,0.031558800084885305,0.46484809949109285,0.1616281136058301,-0.08928634071680155,0.02866602462051845
22.888,0.466,0.008317813925694171,0.032380960964874944,0.46536648268578723,0.16462343937022972,-0.08961258499029923,0.02468741488401177
22.908,0.466,0.010283472564699239,0.032087034293533045,0.4659531281124488,0.16595469061175194,-0.09461899583966699,0.021215322323989535
22.928,0.466,0.007853012929214531,0.032325597700706296,0.4654506072902345,0.16699751568456084,-0.0888601043313802,0.023743180835347398
22.948,0.466,0.007853012929214531,0.032325597700706296,0.4654506072902345,0.16699751568456084,-0.0888601043313802,0.023743180835347398
22.968,0.466,0.008057215792247262,0.03242693823001317,0.4654207316640339,0.16645078823527665,-0.08836845101740531,0.024116875827471223
22.988,0.466,0.008316918414525745,0.03235255841213515,0.4653539132572951,0.16542690099534874,-0.08823747647841791,0.024916276096416112
23.008,0.466,0.00864158373721873,0.03210536605160641,0.4651952005017704,0.16411700054320114,-0.0883906678927963,0.025444692704214487
23.028,0.466,0.009130925995866053,0.03176304849590344,0.46497147376644343,0.1627772192702992,-0.08913461320172424,0.025433387445560635
23.048,0.466,0.009130925995866053,0.03176304849590344,0.46497147376644343,0.1627772192702992,-0.08913461320172424,0.025433387445560635
23.068,0.466,0.009587205340141928,0.031527723232669634,0.46483930774106713,0.16212829500720288,-0.09006987665462078,0.02560660641354612
23.088,0.466,0.009557291548316162,0.031280831093287886,0.4647115768404682,0.16167898933194608,-0.0889341203588008,0.024951569647477065
23.108,0.466,0.009659329753595342,0.031029579575408993,0.4646165918355408,0.16171882997093381,-0.08852013717101322,0.02478608075188182
23.128,0.466,0.00976872774842178,0.030798417853836964,0.4645155136933116,0.16204646568060185,-0.08797884377545348,0.024766424653902778
23.148,0.466,0.00976872774842178,0.030798417853836964,0.4645155136933116,0.16204646568060185,-0.08797884377545348,0.024766424653902778
23.168,0.466,0.008583907256463113,0.03085719152928182,0.4651165118454241,0.16614192262132094,-0.07956401084117436,0.02086528563722533
23.188,0.466,0.009571153906170816,0.030038533633328205,0.46497338693096457,0.1649379361336852,-0.08290904922048897,0.022866530359632056
23.208,0.466,0.008834240900115975,0.030267456471089468,0.46509796661810565,0.1674428584347677,-0.08025329585820733,0.025506076629225466
23.228,0.466,0.008471172443075856,0.030298646052631814,0.46520794764764706,0.16902923744272927,-0.07916154473908922,0.026926043379911425
23.248,0.466,0.008471172443075856,0.030298646052631814,0.46520794764764706,0.16902923744272927,-0.07916154473908922,0.026926043379911425
23.268,0.466,0.010538795420469513,0.02955797934285135,0.4642176434562272,0.1651470078670296,-0.08943660857061417,0.025975333433071623
23.288,0.466,0.010299414810348805,0.02947905519256297,0.46426708194311117,0.16622733743281762,-0.08870527754185673,0.025409599698764246
23.308,0.466,0.010292627727903332,0.029467792408497114,0.4642998458803614,0.16735429022272774,-0.0891079359326758,0.02491183874197822
23.328,0.466,0.010116080770339743,0.02957426671236835,0.4644314641414716,0.16880856196704874,-0.08896919985513155,0.02439282892336419
23.348,0.466,0.010116080770339743,0.02957426671236835,0.4644314641414716,0.16880856196704874,-0.08896919985513155,0.02439282892336419
