sensor type:,aurora
timestamp (s),arclength (m),data
-0.077,0.0,0.00031073029034642193,-0.0005641406803705544,0.0008423826213865454,0.0051750834173532115,0.0012493220057357246,-0.0016648435157966223
-0.057,0.0,0.00032286557712155934,-0.0005760384414143927,0.0008421675884471086,0.005187090164027731,0.0013900171360813382,-0.0018057474488890183
-0.037,0.0,0.0003637262637378615,-0.0005564995041249464,0.0008815165818167565,0.00532651035811255,0.0012388811324790495,-0.0019485288474749346
-0.017,0.0,0.0004020585512170329,-0.0005553520825825759,0.0008454159510134397,0.005209392667148714,0.0015303676194018427,-0.002229795006095282
0.003,0.0,0.00046402107798475587,-0.0005446669710300237,0.0009024689338345814,0.005501292667294068,0.0015158086860256248,-0.002502008655455349
0.023,0.0,0.00046402107798475587,-0.0005446669710300237,0.0009024689338345814,0.005501292667294068,0.0015158086860256248,-0.002502008655455349
0.043,0.0,0.0005385102374538921,-0.0005696939759852824,0.0008523128333563497,0.005229090200934097,0.0015290720190015128,-0.002794085439110689
0.063,0.0,0.0005400288110938164,-0.0005662781553139479,0.0008874432109452567,0.005386013500491501,0.0018023400693291762,-0.00279592229505735
0.083,0.0,0.0005246536529584282,-0.0005489666779207523,0.0009392612471925598,0.005694570946532551,0.0022111702260488872,-0.0029274872776785974
0.103,0.0,0.0005752194266386078,-0.0005303540218506746,0.0009690903858534273,0.0058335007079688556,0.0020654074268866745,-0.0030575966287604253
0.123,0.0,0.0005752194266386078,-0.0005303540218506746,0.0009690903858534273,0.0058335007079688556,0.0020654074268866745,-0.0030575966287604253
0.143,0.0,0.0005368021802885366,-0.0005608741006468843,0.0009390650808528825,0.005707344630077044,0.002351362678658812,-0.0030689669174814743
0.163,0.0,0.0005424933065001241,-0.000571282235829786,0.0009508302073785216,0.0056929843946214136,0.0020694699306400724,-0.003068801737722767
0.183,0.0,0.0005170037207169563,-0.0005370064909320613,0.0009416252720907339,0.0056541156999921835,0.0015057411968710565,-0.002785703842458549
0.203,0.0,0.000478722612077272,-0.0005978719291206886,0.0008405555729028371,0.005105814241338732,0.0019581698874072827,-0.0026652935872613585
0.223,0.0,0.000478722612077272,-0.0005978719291206886,0.0008405555729028371,0.005105814241338732,0.0019581698874072827,-0.0026652935872613585
0.243,0.0,0.0004916441618881487,-0.0006087180396318035,0.0008531741200425101,0.005077226448126919,0.0013931577831929852,-0.0026641235444749257
0.263,0.0,0.0004284310687073156,-0.0005875878006259162,0.000867434911373633,0.005206879119395916,0.0013887936672628718,-0.002370374025793877
0.283,0.0,0.0003967325280775949,-0.0005648400812393639,0.000876631839901487,0.005194943791636311,0.0012481638541390388,-0.002229516517402939
0.303,0.0,0.0004223035497664859,-0.000613916836954714,0.0008244622102626765,0.00489774766372538,0.0009801002707306749,-0.0022391816658265816
0.323,0.0,0.0004223035497664859,-0.000613916836954714,0.0008244622102626765,0.00489774766372538,0.0009801002707306749,-0.0022391816658265816
0.343,0.0,0.0004640556684209725,-0.0006235408240062526,0.0008281599933794335,0.004993929895516937,-1.8498291065295036e-05,-0.002380272995001804
0.363,0.0,0.00038053982515193663,-0.0006447623438494964,0.0007628862109629064,0.004562150203458148,0.0001480619223612902,-0.0019660075746624384
0.383,0.0,0.00039368489578297156,-0.000598920419550945,0.0007865531564398433,0.004844133015240088,0.00013394678474939784,-0.0019553582616094727
0.403,0.0,0.00037276749449058436,-0.0005672042379608414,0.0007735183702305304,0.004872890383983715,0.0006978976283465806,-0.001955676237236644
0.423,0.0,0.00037276749449058436,-0.0005672042379608414,0.0007735183702305304,0.004872890383983715,0.0006978976283465806,-0.001955676237236644
0.443,0.0,0.0003444484689247022,-0.0005718260725685618,0.0007879928854068617,0.0050301503641304235,0.0009716744226851754,-0.0019578748299233853
0.463,0.0,0.00029957485023196344,-0.000552675698694433,0.0008322788923066807,0.005160513061821499,0.0009668479482882783,-0.0016644661315992424
0.483,0.0,0.000304593025041646,-0.0005740540564084781,0.0008111485712811534,0.005187090164027731,0.0013900171360813382,-0.0018057474488890183
0.503,0.0,0.0003087612207756202,-0.000599392982024254,0.0007420834802207925,0.004636825944850924,0.0017017665289338266,-0.0018255135782191075
0.523,0.0,0.0003087612207756202,-0.000599392982024254,0.0007420834802207925,0.004636825944850924,0.0017017665289338266,-0.0018255135782191075
0.543,0.0,0.00029005287384492877,-0.0005786451515861016,0.000728305690710998,0.004678907886144367,0.002407468509976335,-0.001967922996656747
0.563,0.0,0.00035237464772385645,-0.0005470698526048381,0.0007562285748543919,0.0049585524751847585,0.002251035202222688,-0.0020990578967959657
0.583,0.0,0.00041322573991353054,-0.0005438023272295663,0.0007708104585627489,0.004953608803392468,0.001968932820944718,-0.0023811872051249716
0.603,0.0,0.00040473985326629203,-0.0004961511840871806,0.0008005461470000242,0.005277508572753798,0.0026604150716875714,-0.0025127184708433224
0.623,0.0,0.00040473985326629203,-0.0004961511840871806,0.0008005461470000242,0.005277508572753798,0.0026604150716875714,-0.0025127184708433224
0.643,0.0,0.00037002342135092554,-0.0005300906632811612,0.0007655663337946378,0.004983082334516522,0.002533524588450075,-0.0023811866420914204
0.663,0.0,0.0003968228989951419,-0.0005633396990131069,0.0007775810451624868,0.004980682255270721,0.0023911651612410463,-0.002522815055938354
0.683,0.0,0.0004327392786103812,-0.0005666982951229562,0.0008010208821875277,0.004966340459817661,0.0021092826361023206,-0.0025226659801097923
0.703,0.0,0.00045711867721031285,-0.0005556425784508281,0.0008079600188919302,0.005120213699064811,0.0022401369860456273,-0.002665515313845435
0.723,0.0,0.00045711867721031285,-0.0005556425784508281,0.0008079600188919302,0.005120213699064811,0.0022401369860456273,-0.002665515313845435
0.743,0.0,0.00045088076714885255,-0.0005313319924491085,0.0008236241942643734,0.005275110611699935,0.0025179881862403375,-0.002654401295713344
0.763,0.0,0.0004323746511730517,-0.000509524595672864,0.0008326775824200599,0.005275110611699935,0.0025179881862403375,-0.002654401295713344
0.783,0.0,0.0005025786661308441,-0.0005663426056090124,0.0008289175044324932,0.005244066602909909,0.0018127502541083423,-0.002794677788186827
0.803,0.0,0.0005110185578939107,-0.0005608253592809779,0.0008006433970982707,0.005129446091584472,0.002239936771018181,-0.002947467735844745
0.823,0.0,0.0005110185578939107,-0.0005608253592809779,0.0008006433970982707,0.005129446091584472,0.002239936771018181,-0.002947467735844745
0.843,0.0,0.0004769184060250814,-0.0005516290955573575,0.0007898334144890971,0.005019257847831315,0.002956116193835762,-0.002805634804892701
0.863,0.0,0.0005270547714670264,-0.0005672683093350391,0.0007827682089379287,0.005015264958684257,0.0026731401277197086,-0.003087510322375841
0.883,0.0,0.0004962920967907019,-0.0005639764441975315,0.0007904903863609844,0.0050175297028443155,0.0028144399686362304,-0.002946894970454942
0.903,0.0,0.0004759646418839722,-0.0005242213936393555,0.0008041509958513264,0.00528761306911072,0.0026599248782349033,-0.0027955403481884724
0.923,0.0,0.0004759646418839722,-0.0005242213936393555,0.0008041509958513264,0.00528761306911072,0.0026599248782349033,-0.0027955403481884724
0.943,0.0,0.0003821076041855729,-0.0005431517123502962,0.0007815010309100117,0.005052733611662528,0.003803830220083376,-0.00252374027021988
0.963,0.0,0.0004202282596056119,-0.000556842266460957,0.0007546045743440803,0.005036313125098511,0.00338028444908665,-0.0026654761381491726
0.983,0.0,0.0003969519077733102,-0.0005743887772903313,0.0007727144928742961,0.005038693242927214,0.0035225027561088095,-0.002523865225799616
1.003,0.0,0.0004143539948633825,-0.0006066518551606661,0.000774213329476084,0.005036313125098511,0.00338028444908665,-0.0026654761381491726
1.023,0.0,0.0004143539948633825,-0.0006066518551606661,0.000774213329476084,0.005036313125098511,0.00338028444908665,-0.0026654761381491726
1.043,0.0,0.00031970427451887093,-0.0005862319565130763,0.0008087378629475855,0.005029255334498122,0.0035225607130322887,-0.0022415912822062348
1.063,0.0,0.0003480065052765657,-0.0005727258685872811,0.000874856889028947,0.0053088011844425855,0.0033662902863974575,-0.0023725638692649654
1.083,0.0,0.00035601997601205347,-0.0005453041941625608,0.0009096860421097383,0.005576651196028329,0.003068883510868011,-0.002362170403539902
1.103,0.0,0.00043101768455229285,-0.0005627849621580445,0.0008969010968192719,0.005543467938626288,0.002221823069709981,-0.002644381816401556
1.123,0.0,0.00043101768455229285,-0.0005627849621580445,0.0008969010968192719,0.005543467938626288,0.002221823069709981,-0.002644381816401556
1.143,0.0,0.00046806708525693293,-0.0005790345359608561,0.0008839150072389079,0.005388444456322694,0.001943773298356437,-0.0026553418863745023
1.163,0.0,0.0005301830719154519,-0.0006229797891745967,0.0008430762742102255,0.005115352090361851,0.001957291502481606,-0.0029465878319718877
1.183,0.0,0.0005647410409511624,-0.0006088479103036739,0.0008707498317472025,0.005369009815841378,0.0013785194299665384,-0.00293605517262665
1.203,0.0,0.0005013777286348351,-0.0005818376913484178,0.0009571176204646288,0.005794082165374955,0.0015001884453567337,-0.002774023420730866
1.223,0.0,0.0005013777286348351,-0.0005818376913484178,0.0009571176204646288,0.005794082165374955,0.0015001884453567337,-0.002774023420730866
1.243,0.0,0.0005577179887684525,-0.0005640993175380999,0.0008868618389857791,0.005508853721228425,0.0013737908182570966,-0.0029252765661220764
1.263,0.0,0.0005368427039063077,-0.0005617655478815399,0.0008961322621864436,0.005511566710210558,0.001514579935453642,-0.002784053590699415
1.283,0.0,0.0006137665481724595,-0.0005772124224083758,0.0008267204975658444,0.005236393217591518,0.0013877173514943544,-0.0032179472678441107
1.303,0.0,0.0005199730963982798,-0.0005846306897979246,0.0007973984923787472,0.004947154085209232,0.0015441620807420296,-0.002803676153479285
1.323,0.0,0.0005199730963982798,-0.0005846306897979246,0.0007973984923787472,0.004947154085209232,0.0015441620807420296,-0.002803676153479285
1.343,0.0,0.0005063516670212487,-0.0006432745602168005,0.000706999779614829,0.0045116673703518104,0.00142190307454377,-0.002683927846644277
1.363,0.0,0.0004192329427848366,-0.0006487719521512521,0.0007116954751095576,0.0044038303150362125,0.0022801199613658838,-0.0024015281880629897
1.383,0.0,0.00043114116600396016,-0.0006242592704857131,0.0006536151126230076,0.004289832169653369,0.00270777002764061,-0.0025540167167184473
1.403,0.0,0.00039073915389057555,-0.0006002156320577776,0.0007413754166003312,0.0047279232796705,0.0029712841898167108,-0.002533126880873682
1.423,0.0,0.00039073915389057555,-0.0006002156320577776,0.0007413754166003312,0.0047279232796705,0.0029712841898167108,-0.002533126880873682
1.443,0.0,0.0004298117275035236,-0.0006382255160794724,0.0006470633530116921,0.0041483732879373965,0.0027179010319435563,-0.0025535201485194278
1.463,0.0,0.00044817072908181045,-0.0006207431869121534,0.0006357963929314565,0.004175140477231645,0.00314145228133817,-0.0026947580162674685
1.483,0.0,0.00039542204121556355,-0.000625526979130688,0.0006633219413538684,0.004177388533002692,0.0032826291155698133,-0.0025540901665656846
1.503,0.0,0.0004368598526535807,-0.0006403133731203259,0.0006747183429184542,0.004188993488778438,0.003423691733141589,-0.002695500543297067
1.523,0.0,0.0004368598526535807,-0.0006403133731203259,0.0006747183429184542,0.004188993488778438,0.003423691733141589,-0.002695500543297067
1.543,0.0,0.0004726167445925441,-0.0006258152372901962,0.0007310740626330049,0.00445736068394808,0.0031263797206603607,-0.0026852348696532794
1.563,0.0,0.0005738051182321321,-0.0006122933499017717,0.0007263397588534321,0.004578226949049547,0.002409380905472879,-0.0031091951470385336
1.583,0.0,0.0005545241593064974,-0.0005860404618997385,0.0007411530598047351,0.004720579256623892,0.002547136857614909,-0.002956811448469898
1.603,0.0,0.0005811134247317153,-0.0005689404460956377,0.0007117575707963873,0.00473238220272231,0.0026874882751582825,-0.0030973617149089526
1.623,0.0,0.0005811134247317153,-0.0005689404460956377,0.0007117575707963873,0.00473238220272231,0.0026874882751582825,-0.0030973617149089526
1.643,0.0,0.000598393517832876,-0.0005912773234028542,0.0007333002179339813,0.0047304559598260396,0.00254652586038209,-0.0032393574737362737
1.663,0.0,0.0006419472009087044,-0.000602393537435118,0.0006623138191745815,0.0044459380764432545,0.0024191467762003133,-0.0033904221348631134
1.683,0.0,0.0005669641389238991,-0.000632270473686398,0.0007330440572613808,0.004606543560702331,0.0029745458500626426,-0.0031090446158310325
1.703,0.0,0.0006070890617667639,-0.0006667148829030716,0.0006267824791808658,0.004166087123623625,0.002575582623316491,-0.0032594867270082433
1.723,0.0,0.0006070890617667639,-0.0006667148829030716,0.0006267824791808658,0.004166087123623625,0.002575582623316491,-0.0032594867270082433
1.743,0.0,0.000617713484212683,-0.0006849884241480179,0.0005940355898655574,0.0038811525589039393,0.002448135834481158,-0.003410558525402164
1.763,0.0,0.000605037857837895,-0.0006486861131130613,0.0006021773949967985,0.003996828452874817,0.0020149238835817673,-0.0032694925892894117
1.783,0.0,0.0004918333359656437,-0.0006338944801007827,0.0006416849317703253,0.004143536690627201,0.0024351754887751496,-0.0028347281822781118
1.803,0.0,0.00044652231939732974,-0.0006611074110428985,0.0006451506445672919,0.004188993488778438,0.003423691733141589,-0.002695500543297067
1.823,0.0,0.00044652231939732974,-0.0006611074110428985,0.0006451506445672919,0.004188993488778438,0.003423691733141589,-0.002695500543297067
1.843,0.0,0.0004576838098408603,-0.000672037182037775,0.0006649427123214389,0.004201575967339435,0.0035645792293045246,-0.0028358162808614284
1.863,0.0,0.0004153827614352637,-0.0006787541900187634,0.0006820096092140145,0.004203973831011175,0.003705849860118662,-0.0026952270782405045
1.883,0.0,0.0003796391024297333,-0.0006779371779573585,0.0007247932000258212,0.004473681626338842,0.003550862165123977,-0.0025443451256146354
1.903,0.0,0.0003380968240908071,-0.0006567788324020431,0.0007758606405555561,0.0047581801300561255,0.0036780018999934567,-0.0023929325386380347
1.923,0.0,0.0003380968240908071,-0.0006567788324020431,0.0007758606405555561,0.0047581801300561255,0.0036780018999934567,-0.0023929325386380347
1.943,0.0,0.00032635217363581153,-0.000634958572837549,0.0007861261518502084,0.004746522132904839,0.0035369874006646934,-0.002251586237977755
1.963,0.0,0.0003167926100221362,-0.0006271020709640402,0.000848708084752271,0.005040995913073725,0.0036636355745319087,-0.0023831008763743095
1.983,0.0,0.0003331383037865567,-0.0005748495012184133,0.0009579996430170714,0.0055914436515247384,0.0033518857635606663,-0.002362647346320903
2.003,0.0,0.0003687249509002516,-0.0006004657100933795,0.0009053475358585969,0.005421798205144392,0.0027912352041410586,-0.002373332637239535
2.023,0.0,0.0003687249509002516,-0.0006004657100933795,0.0009053475358585969,0.005421798205144392,0.0027912352041410586,-0.002373332637239535
2.043,0.0,0.0003992711293598339,-0.0006067728011368142,0.0008901731273788285,0.005277508572753798,0.0026604150716875714,-0.0025127184708433224
2.063,0.0,0.0003680612158496516,-0.0005760221520862455,0.0009032149335611641,0.005547640375987,0.00250406054112732,-0.0023615866945456906
2.083,0.0,0.0003752948562776811,-0.0005764578330151039,0.0009040847934493479,0.0055332709028701925,0.0022221928050014956,-0.002361432636292743
2.103,0.0,0.0003644517335858033,-0.0005913228696100638,0.0009237094047319484,0.005633049565933556,0.001505796811882257,-0.0022203213802952128
2.123,0.0,0.0003644517335858033,-0.0005913228696100638,0.0009237094047319484,0.005633049565933556,0.001505796811882257,-0.0022203213802952128
2.143,0.0,0.0003979777447649703,-0.0005777327224167154,0.0008886878922701355,0.005489477958375426,0.0013743519499488455,-0.002360330566128627
2.163,0.0,0.00039233637779045015,-0.0005731985080693557,0.0008971466355605017,0.005603980707483351,0.0009411569722459737,-0.0022196829612519523
2.183,0.0,0.00042611376980518454,-0.0005800548218252854,0.0008716364308328258,0.005475012354890492,0.0010920943901563363,-0.002360099115917786
2.203,0.0,0.00038565645705614056,-0.0005962306860430942,0.0008883568594420026,0.005491924853040848,0.0015159392157723254,-0.0022198109313487178
2.223,0.0,0.00038565645705614056,-0.0005962306860430942,0.0008883568594420026,0.005491924853040848,0.0015159392157723254,-0.0022198109313487178
2.243,0.0,0.00033729875237407703,-0.000620378770773125,0.0008269038610942407,0.005268203833483095,0.002660540432147931,-0.0022305695783221896
2.263,0.0,0.00026122170775907586,-0.000613301481039403,0.0008502224024016218,0.00529878729787031,0.0033667688298301165,-0.0020896995682832104
2.283,0.0,0.0003005693342627622,-0.0006344733207127424,0.000779868988456061,0.005002568211738419,0.003099284769638379,-0.002100267617049106
2.303,0.0,0.0002913335207178648,-0.0006404612286381767,0.000755476048392386,0.0047198768334808785,0.003113719759973623,-0.0021102129958323595
2.323,0.0,0.0002913335207178648,-0.0006404612286381767,0.000755476048392386,0.0047198768334808785,0.003113719759973623,-0.0021102129958323595
2.343,0.0,0.00026452926793433656,-0.0006072367272040318,0.0007434290171538569,0.004722181172852822,0.0032549488550833216,-0.0019694873119045623
2.363,0.0,0.0003019230224467969,-0.0006176206930213427,0.0008430617496374437,0.005297083469832956,0.0032251865124116124,-0.0022310660017314803
2.383,0.0,0.0003065990348685531,-0.0005982360673326233,0.0008418638922464007,0.005311198093559473,0.003507496531407427,-0.0022319874189934102
2.403,0.0,0.0003011608252656913,-0.0006047231645998361,0.0007971826885840571,0.005043132312510862,0.003804603948991962,-0.0022422648573724893
2.423,0.0,0.0003011608252656913,-0.0006047231645998361,0.0007971826885840571,0.005043132312510862,0.003804603948991962,-0.0022422648573724893
2.443,0.0,0.00028312020349119464,-0.0005734637015196495,0.0008056520157204663,0.005045494050283385,0.003946753223390553,-0.002100574947328918
2.463,0.0,0.0003447524269161093,-0.0005278296525192282,0.000771628673734888,0.005014491183520758,0.00323963448288688,-0.0022410232218115994
2.483,0.0,0.00038871818932414645,-0.0005380013332384214,0.0007840159169779558,0.005124950758028383,0.0025239194002737958,-0.0023832096473880527
2.503,0.0,0.0004136631558951915,-0.000574166417799152,0.000759281335993518,0.004967997186446308,0.002250990509911093,-0.0023813766241347323
2.523,0.0,0.0004136631558951915,-0.000574166417799152,0.000759281335993518,0.004967997186446308,0.002250990509911093,-0.0023813766241347323
2.543,0.0,0.0003561713501828039,-0.0005522064499830888,0.0008365881658913681,0.00528216108266989,0.00294297598890947,-0.0022313485800315117
2.563,0.0,0.00036813067504459844,-0.0005541795045907361,0.0008574210449429567,0.005294102730791809,0.0030833794121476197,-0.002372121766567983
2.583,0.0,0.0003856780677498741,-0.000585943336899865,0.000848302219421263,0.005294102730791809,0.0030833794121476197,-0.002372121766567983
2.603,0.0,0.0003535084352160157,-0.0006178603379733271,0.0007467430292610034,0.0047581801300561255,0.0036780018999934567,-0.0023929325386380347
2.623,0.0,0.0003535084352160157,-0.0006178603379733271,0.0007467430292610034,0.0047581801300561255,0.0036780018999934567,-0.0023929325386380347
2.643,0.0,0.00035355759868531595,-0.0006552481223327189,0.000731335139332114,0.004490817979510978,0.003973949297367597,-0.0024032410868407915
2.663,0.0,0.0003296772434965335,-0.0006721770041687615,0.0007108056697544339,0.004478109080691007,0.0038340026589093567,-0.002261679425222625
2.683,0.0,0.000344724997226783,-0.0006939925533049522,0.0007236962539190463,0.004462061995791083,0.0034098836311546466,-0.0024028798782622885
2.703,0.0,0.00033805406090284154,-0.0007129946225553268,0.0007531814062866031,0.004450315793261414,0.0032686629695160693,-0.0022612581644787157
2.723,0.0,0.00033805406090284154,-0.0007129946225553268,0.0007531814062866031,0.004450315793261414,0.0032686629695160693,-0.0022612581644787157
2.743,0.0,0.0003322128660258952,-0.0007065903438461244,0.0007954615828273564,0.0047581801300561255,0.0036780018999934567,-0.0023929325386380347
2.763,0.0,0.0003704381938632765,-0.000672136959014932,0.0008419982867579403,0.005026198298479604,0.003380705582492892,-0.002382593275013509
2.783,0.0,0.0004274781597971528,-0.0006677875459365471,0.0008282819020113605,0.004993129367162085,0.0025330508834587088,-0.002664004733910508
2.803,0.0,0.0004147761258324953,-0.000682279188176865,0.000783855843423178,0.004701082338336561,0.0025477281494641914,-0.0023918396661464295
2.823,0.0,0.0004147761258324953,-0.000682279188176865,0.000783855843423178,0.004701082338336561,0.0025477281494641914,-0.0023918396661464295
2.843,0.0,0.00043904485586950047,-0.0006636674617366437,0.0008391237891785691,0.00509329941649408,0.001817146236605704,-0.002522993018271775
2.863,0.0,0.00045751917867527866,-0.0006341732640170134,0.0008114361786719268,0.005066896627023102,0.0013943982499507526,-0.0023819909275055377
2.883,0.0,0.00038700094986647527,-0.0006270201598108576,0.0008170447938045678,0.005069521087494787,0.001535132258680079,-0.0022406660213581875
2.903,0.0,0.0003918946882112329,-0.0006205499728730689,0.0008726933219170267,0.005337022913542882,0.001237828320391348,-0.0022308463442079936
2.923,0.0,0.0003918946882112329,-0.0006205499728730689,0.0008726933219170267,0.005337022913542882,0.001237828320391348,-0.0022308463442079936
2.943,0.0,0.0003929749632776077,-0.0006409308385436843,0.0008016969052529371,0.004914661405507543,0.0014040479552694877,-0.0020988558900795797
2.963,0.0,0.00041333267544674387,-0.0006392619282172995,0.0007503661044661807,0.004618108751568225,0.0011368466579626273,-0.0021081110630862044
2.983,0.0,0.0004727013611765263,-0.000658282235701404,0.0007087600416173662,0.004458470177061784,0.0005754692062921128,-0.0024016825109877227
3.003,0.0,0.0004103627768783286,-0.0006218541793642445,0.0007845864328447467,0.004885590064849285,0.0008392452353707732,-0.002098233937090144
3.023,0.0,0.0004103627768783286,-0.0006218541793642445,0.0007845864328447467,0.004885590064849285,0.0008392452353707732,-0.002098233937090144
3.043,0.0,0.00037238021406676546,-0.0006180661859372022,0.0007914644193387549,0.004902039420039048,0.001262854851634714,-0.001956376097103414
3.063,0.0,0.0004201961287105974,-0.0006073631073366527,0.0007463966617328209,0.004772355102321975,0.0012672746580565213,-0.002250347602373166
3.083,0.0,0.0003655316163053128,-0.0006494013086361777,0.0006458986374781939,0.004099319388141134,0.002153880484130826,-0.0019882707700482616
3.103,0.0,0.00035330332798149154,-0.0006152129826073991,0.0007537774769388896,0.004661509199035971,0.001983464870039997,-0.002108934414292197
3.123,0.0,0.00035330332798149154,-0.0006152129826073991,0.0007537774769388896,0.004661509199035971,0.001983464870039997,-0.002108934414292197
3.143,0.0,0.00035436483711822855,-0.0005754216681652503,0.0007209336818611622,0.004690736609337855,0.0025487858264278004,-0.0021095571684702284
3.163,0.0,0.00035892053559475825,-0.000558406245040649,0.0006747501842625993,0.0045501119486032506,0.0025527497361684712,-0.0021207818833211753
3.183,0.0,0.00032121230448480534,-0.0005505921523969197,0.0007008319541542942,0.004665472353035545,0.002266565166199823,-0.0018266924212360525
3.203,0.0,0.00028918501211413155,-0.0005367666693153335,0.00069997693020131,0.004653719750254857,0.002125330213459132,-0.0016851471534207838
3.223,0.0,0.00028918501211413155,-0.0005367666693153335,0.00069997693020131,0.004653719750254857,0.002125330213459132,-0.0016851471534207838
3.243,0.0,0.0002430630716277709,-0.000552908487744326,0.0006954807558785712,0.004682755651511086,0.002690430926698597,-0.0016857138390725204
3.263,0.0,0.00017524980634228923,-0.0005815394926739175,0.0006322244611123028,0.004137825930057988,0.003284985553236441,-0.001424774069330948
3.283,0.0,0.0001798273004467104,-0.0005809241858827967,0.0006238002407538081,0.004110260667092965,0.002861792799040708,-0.0012824271611001866
3.303,0.0,0.00014451471502293365,-0.0006040088404306742,0.0006692975133267956,0.004251153248519777,0.0028571006469049333,-0.0012704624606386398
3.323,0.0,0.00014451471502293365,-0.0006040088404306742,0.0006692975133267956,0.004251153248519777,0.0028571006469049333,-0.0012704624606386398
3.343,0.0,0.00012450157092588467,-0.0005614131696950004,0.0007486747249814612,0.004675470119490195,0.002832429362904089,-0.0012630560244160363
3.363,0.0,0.0001349827888238839,-0.0005623579824598227,0.0007392274162648871,0.004675470119490195,0.002832429362904089,-0.0012630560244160363
3.383,0.0,0.00020327805329985893,-0.0006167499224565694,0.0007002083993867373,0.00438794120426733,0.0025642084354929305,-0.0015546806002183185
3.403,0.0,0.00019268044496358852,-0.0006461934891916652,0.000708100395701431,0.0044029757245727065,0.002846704331134972,-0.0015544473409710108
3.423,0.0,0.00019268044496358852,-0.0006461934891916652,0.000708100395701431,0.0044029757245727065,0.002846704331134972,-0.0015544473409710108
3.443,0.0,0.00027215990271670077,-0.0006350940407230471,0.0007399583033065142,0.004439944127720906,0.0032698393735737293,-0.001979004258254014
3.463,0.0,0.00029060777741704146,-0.0006385614449509071,0.000748800184730438,0.004478109080691007,0.0038340026589093567,-0.002261679425222625
3.483,0.0,0.0002874530742213791,-0.0006002310838325188,0.0007638954945932969,0.004734762516650523,0.003395852527084765,-0.0021099094880469866
3.503,0.0,0.00034427125481729004,-0.0006123183007465603,0.0007166390514626202,0.0044212869732256875,0.0027040359902178795,-0.0022607168483403544
3.523,0.0,0.00034427125481729004,-0.0006123183007465603,0.0007166390514626202,0.0044212869732256875,0.0027040359902178795,-0.0022607168483403544
3.543,0.0,0.00038148986672598254,-0.0006121300741728919,0.0007372118918049226,0.004546117090280322,0.002269782258985108,-0.002402918650837701
3.563,0.0,0.00039647333367796985,-0.000644913794260205,0.0006846619570604192,0.00414993634120166,0.0028594793000726545,-0.0024120508412014286
3.583,0.0,0.00046039518995990734,-0.0006908563354564276,0.0006897312568718105,0.004130869707847379,0.002293982739639135,-0.0026943605592939044
3.603,0.0,0.000439106281049774,-0.0007123460812435891,0.0006714835160753536,0.0039933327383132045,0.0024400096733435345,-0.0025644955564939377
3.623,0.0,0.000439106281049774,-0.0007123460812435891,0.0006714835160753536,0.0039933327383132045,0.0024400096733435345,-0.0025644955564939377
3.643,0.0,0.00039904050150796756,-0.0006971737121387848,0.0007620398766540511,0.004389465407638375,0.001998130397389017,-0.0024013845081671593
3.663,0.0,0.0003970902651002614,-0.0006693095405520569,0.000786700998530334,0.004659091198400583,0.0018419707958344405,-0.0022495383046832323
3.683,0.0,0.00038197651873032987,-0.0006846989955909648,0.0007432569710173776,0.004349773746553497,0.001433512557604906,-0.0021183833951459222
3.703,0.0,0.00037762548697558895,-0.0006348740530062371,0.0007497824858647345,0.0045915468658830096,0.0007126186509432932,-0.001966021852919396
3.723,0.0,0.00037762548697558895,-0.0006348740530062371,0.0007497824858647345,0.0045915468658830096,0.0007126186509432932,-0.001966021852919396
3.743,0.0,0.00035292683778734757,-0.0006509284256010538,0.000722590366016155,0.004337792910031982,0.00129195002948756,-0.001976553119704487
3.763,0.0,0.00031954685534976067,-0.0006318480503469866,0.0007813217553754827,0.00466382253304061,0.002124875846787205,-0.0019681299580949613
3.783,0.0,0.000315626945847506,-0.0006319139959965407,0.0007691469273281213,0.004693145670320518,0.002690140988957082,-0.0019688882231114558
3.803,0.0,0.0002887475997715457,-0.0005911270484799301,0.0008044670184878333,0.004934087626465067,0.0019694355346303685,-0.0018158664267849368
3.823,0.0,0.0002887475997715457,-0.0005911270484799301,0.0008044670184878333,0.004934087626465067,0.0019694355346303685,-0.0018158664267849368
3.843,0.0,0.000288469249648911,-0.0005822403684431884,0.0008006629176088103,0.004975194466253215,0.0026760943727034137,-0.001958272594389472
3.863,0.0,0.00029553029747217895,-0.0005727655653757348,0.0008225636093791992,0.004960355645425931,0.002392856584677833,-0.001957739512989105
3.883,0.0,0.0002937916807274255,-0.0005698508404516104,0.0007766412706652283,0.004708112279865925,0.002972477967856069,-0.0019686735037442098
3.903,0.0,0.00034333737132946504,-0.0005855203455034704,0.0007805580502832916,0.004702648719590999,0.0026892865667869467,-0.0022503900237134692
3.923,0.0,0.00034333737132946504,-0.0005855203455034704,0.0007805580502832916,0.004702648719590999,0.0026892865667869467,-0.0022503900237134692
3.943,0.0,0.00032597747632264406,-0.0006045946775001747,0.0007966531997302056,0.004731795590965903,0.0032540133644488917,-0.0022510179985740153
3.963,0.0,0.0003459710261799331,-0.0006538200989963592,0.000763278752361835,0.004464281019819189,0.003551021341107377,-0.0022621001604217934
3.983,0.0,0.0004725990314012656,-0.0006696047265833371,0.0007959912084167174,0.004723020395165413,0.0026884560211579865,-0.0028162420704498626
4.003,0.0,0.0005604525090053808,-0.0006636901067023813,0.0008299520525189604,0.004845892048730104,0.00211338301889424,-0.0030983664722215192
4.023,0.0,0.0005604525090053808,-0.0006636901067023813,0.0008299520525189604,0.004845892048730104,0.00211338301889424,-0.0030983664722215192
4.043,0.0,0.000559267800490565,-0.0006398138745158426,0.0008271512683944262,0.004974064211697545,0.001967362877568079,-0.0029461283664959114
4.063,0.0,0.0005824404731816466,-0.0006636282915105092,0.0008477238629875243,0.004998458145181426,0.0022489051538663466,-0.003228920893209277
4.083,0.0,0.0005531682370782095,-0.0006503304707195053,0.0008455419687361615,0.005000119674921666,0.002390597589823361,-0.0030876400679116962
4.103,0.0,0.0006183354421148399,-0.0006498857654804829,0.0007828322092723834,0.004855923225358443,0.0021127987259043717,-0.0033808710466747723
4.123,0.0,0.0006183354421148399,-0.0006498857654804829,0.0007828322092723834,0.004855923225358443,0.0021127987259043717,-0.0033808710466747723
4.143,0.0,0.00062754201482816,-0.0006403261298914716,0.0007647464237313349,0.004840756501204101,0.0018301609778068454,-0.003381083617001707
4.163,0.0,0.0005489377540217988,-0.0006438616143192333,0.0008074252376499587,0.004874285913743292,0.002677849867074967,-0.003099404681137787
4.183,0.0,0.0005823176062162238,-0.0006182496594142013,0.0008264927240489102,0.0051134800416395175,0.0018162214028005464,-0.003088526015903826
4.203,0.0,0.0005247711651581746,-0.0006563260009873676,0.0008267203005277113,0.004959621247909978,0.0016852808321107802,-0.002945889464500717
4.223,0.0,0.0005247711651581746,-0.0006563260009873676,0.0008267203005277113,0.004959621247909978,0.0016852808321107802,-0.002945889464500717
4.243,0.0,0.0004765789857442859,-0.0006311487317161352,0.0008235477494639573,0.004961371596384934,0.0018271270294248423,-0.0028046458783029136
4.263,0.0,0.00045641307604957036,-0.0006387011908810438,0.0008017833296000172,0.004963996230324538,0.001967812994084648,-0.002663376455652164
4.283,0.0,0.0005044274327456936,-0.0006782633374263805,0.0007991344571218377,0.004818954293078072,0.0016892567182103231,-0.00295692397354122
4.303,0.0,0.0005091753464797539,-0.0007110651118538755,0.0007726723271360116,0.004665119346845386,0.0015582241071009264,-0.0028142840129571174
4.323,0.0,0.0005091753464797539,-0.0007110651118538755,0.0007726723271360116,0.004665119346845386,0.0015582241071009264,-0.0028142840129571174
4.343,0.0,0.0005408509055035784,-0.0007183164268186308,0.000748536405159461,0.00452173093506938,0.0014214025082928215,-0.0029666803081363487
4.363,0.0,0.00045836523695416296,-0.0007331500096421834,0.0007257085281099385,0.004386291189063619,0.0018559263276112761,-0.0025423033011741296
4.383,0.0,0.0004401753997501257,-0.0007317983024154675,0.0007433130095086516,0.0044014132649187335,0.0021386450923048536,-0.0025421087119906496
4.403,0.0,0.0004275111915490805,-0.0007292061000282491,0.0006848380789335664,0.004374532693551799,0.001714568559392208,-0.002400803854398907
4.423,0.0,0.0004275111915490805,-0.0007292061000282491,0.0006848380789335664,0.004374532693551799,0.001714568559392208,-0.002400803854398907
4.443,0.0,0.0003583882576015075,-0.0007106602663961164,0.0006532314504187648,0.004138203019938718,0.0027182670023753446,-0.0022705217195058275
4.463,0.0,0.00033335462402698916,-0.000687919010021103,0.0006408118836514076,0.004155318860174221,0.0031426429983236488,-0.002130327284966747
4.483,0.0,0.000316450155079626,-0.0006994413611487128,0.0006942585866911693,0.004422919366132419,0.0028455769150708987,-0.002119308251897968
4.503,0.0,0.0002714552537740778,-0.0007095387087997948,0.0006228905102759203,0.003875222174482807,0.0032988110083129454,-0.0019990814753263787
4.523,0.0,0.0002714552537740778,-0.0007095387087997948,0.0006228905102759203,0.003875222174482807,0.0032988110083129454,-0.0019990814753263787
4.543,0.0,0.00020955711667193982,-0.0007236846550257789,0.0006081699475479,0.0038790365846501644,0.003581374673925411,-0.0017167576298291593
4.563,0.0,0.00016452348847134467,-0.0006890960161293974,0.000614679592732025,0.003896027395127913,0.004005217002257567,-0.0015762950845656808
4.583,0.0,0.00018688603688589276,-0.0007049517459541569,0.0005985594453942855,0.0037669372422209084,0.004156306876826968,-0.001716162762076028
4.603,0.0,0.00022818121801825323,-0.0006724976061531174,0.0006444500655118829,0.004046393033969455,0.00400066864131341,-0.0018468372194952588
4.623,0.0,0.00022818121801825323,-0.0006724976061531174,0.0006444500655118829,0.004046393033969455,0.00400066864131341,-0.0018468372194952588
4.643,0.0,0.0002508916716247459,-0.0006902686755874983,0.0006550569662137169,0.0041591560337349955,0.003425281453295095,-0.0018479635021493512
4.663,0.0,0.00024661396728185603,-0.000623274879935696,0.0007174455701467367,0.004457101260648904,0.003693065858053705,-0.0018378289491849309
4.683,0.0,0.00031602887255000956,-0.0006776100898694352,0.0006584347057050596,0.004169584375396136,0.003424187825463329,-0.0021303864423459187
4.703,0.0,0.000358932525951479,-0.0006788626550205147,0.000617516575405278,0.0038856195887002226,0.003297772886665288,-0.0022813484745797434
4.723,0.0,0.000358932525951479,-0.0006788626550205147,0.000617516575405278,0.0038856195887002226,0.003297772886665288,-0.0022813484745797434
4.743,0.0,0.0003984122286722312,-0.0006806004968533409,0.0005640705277647096,0.0036272264348421253,0.0035944860972126815,-0.0025745303821049373
4.763,0.0,0.0004440665993018931,-0.0006530039797739863,0.0006105232632135146,0.004020084521973622,0.0028636707818189785,-0.0027058025936511202
4.783,0.0,0.0005180189661317236,-0.0006437233999923519,0.0006378424474334397,0.004310059039448028,0.002706899609116324,-0.0031194553899480414
4.803,0.0,0.0005375705813987088,-0.0006251865501652253,0.0006303940395459671,0.004296002821035526,0.0024243510293915312,-0.0031186715054172215
4.823,0.0,0.0005375705813987088,-0.0006251865501652253,0.0006303940395459671,0.004296002821035526,0.0024243510293915312,-0.0031186715054172215
4.843,0.0,0.00046011379928998734,-0.000603217385985304,0.0006637341988988396,0.004414046790417731,0.002279703105112549,-0.0026844894053620837
4.863,0.0,0.0005164118132793554,-0.0006188442636971417,0.0006688137544388217,0.004396466190493429,0.001855535435242506,-0.002825144552804807
4.883,0.0,0.0005142090672043911,-0.0006248884713234061,0.000705186619528802,0.0045392589875535875,0.0018458177930806567,-0.0028260579755593923
4.903,0.0,0.0005544437371865059,-0.0006634996690367503,0.0006899761195580509,0.004409103468757161,0.001996799804359684,-0.0029655009617667143
4.923,0.0,0.0005544437371865059,-0.0006634996690367503,0.0006899761195580509,0.004409103468757161,0.001996799804359684,-0.0029655009617667143
4.943,0.0,0.0005421818235857637,-0.0006447675667257243,0.0007632868275005983,0.004691229355576493,0.0019816643072326414,-0.0029560140916178386
4.963,0.0,0.0006349428457412453,-0.0006800614279849193,0.0007677830113476155,0.0048000150340727086,0.001124208075707998,-0.0032390567395618893
4.983,0.0,0.0006152677185950774,-0.0006886855973396548,0.0007953032027641636,0.004814624612199434,0.0014066141802434333,-0.0032394524134068685
5.003,0.0,0.0006120285292757891,-0.0006917079487810857,0.0008490491786256305,0.005096449065113958,0.001392452684968403,-0.0032286505532681826
5.023,0.0,0.0006120285292757891,-0.0006917079487810857,0.0008490491786256305,0.005096449065113958,0.001392452684968403,-0.0032286505532681826
5.043,0.0,0.0006176056600529124,-0.0006922051166524948,0.0008808399063899845,0.0050819807653225135,0.0011101073664318264,-0.0032284859709887613
5.063,0.0,0.0005790471066884458,-0.0006934240675614964,0.0009068559375946185,0.005198068121428582,0.0008230805066187073,-0.002935454039660266
5.083,0.0,0.0006251953247161394,-0.0006941867490101054,0.0009478981723011549,0.005323499947450516,0.00038988737924072986,-0.0030771304427676584
5.103,0.0,0.0005939375180448561,-0.0007048123257918698,0.000998671691420083,0.0056199439029585106,0.0006565846976369517,-0.0030670434588801402
5.123,0.0,0.0005939375180448561,-0.0007048123257918698,0.000998671691420083,0.0056199439029585106,0.0006565846976369517,-0.0030670434588801402
5.143,0.0,0.0006157293521813701,-0.0006971896546645438,0.00099045758537176,0.005617196634410293,0.0005155801749892813,-0.0032081955195285483
5.163,0.0,0.0005643943743782171,-0.0007193642619421761,0.0009525293198649757,0.0053391816844072645,0.0008130055788714732,-0.002935824420119848
5.183,0.0,0.000621592781127267,-0.0007379798926483196,0.0009301385589229486,0.005180866173968524,0.00039868730675288725,-0.0030754362008258247
5.203,0.0,0.0005675894317896592,-0.0007438117133292691,0.000953936777918311,0.005224604638771067,0.0012462765617991035,-0.003076521215158489
5.223,0.0,0.0005675894317896592,-0.0007438117133292691,0.000953936777918311,0.005224604638771067,0.0012462765617991035,-0.003076521215158489
5.243,0.0,0.0005677655905546151,-0.0007372711973232222,0.0009189689986774075,0.005070283435965018,0.0009687093747148593,-0.0030870450753031713
5.263,0.0,0.0004888380412093048,-0.0007431614742689727,0.0009055588686904282,0.004947154085209232,0.0015441620807420296,-0.002803676153479285
5.283,0.0,0.0004662455478891353,-0.0007005067262456059,0.0008823030307823334,0.004963996230324538,0.001967812994084648,-0.002663376455652164
5.303,0.0,0.0004591597260140811,-0.0006975354782570845,0.0008985546807302689,0.005117781648330613,0.0020987249425882468,-0.0028060087772152436
5.323,0.0,0.00042903289090563484,-0.0006871856042620078,0.0008406328382616914,0.004966340459817661,0.0021092826361023206,-0.0025226659801097923
5.343,0.0,0.00042903289090563484,-0.0006871856042620078,0.0008406328382616914,0.004966340459817661,0.0021092826361023206,-0.0025226659801097923
5.363,0.0,0.0004401565179774189,-0.000665705556140292,0.0007850630893159412,0.004710438281673672,0.002547520267333173,-0.002673944602859814
5.383,0.0,0.0004106612229463997,-0.0006484637690097534,0.0008003289074957565,0.00485494370670159,0.002678378498148281,-0.0025346039838246384
5.403,0.0,0.00039939695303394153,-0.0006166889005731703,0.0008701317499745468,0.005277508572753798,0.0026604150716875714,-0.0025127184708433224
5.423,0.0,0.00035589023780896564,-0.0006308088684413298,0.0008218938416523754,0.005023880942675387,0.003239527467777403,-0.0025232429174279264
5.443,0.0,0.00035589023780896564,-0.0006308088684413298,0.0008218938416523754,0.005023880942675387,0.003239527467777403,-0.0025232429174279264
5.463,0.0,0.0002919832214311295,-0.0005659314027968167,0.0008734903766082457,0.005283710830222501,0.003084459286565015,-0.002089941978211429
5.483,0.0,0.00024742103465045823,-0.0005323241976512408,0.0008690067563640514,0.005301009566362773,0.003507828551563223,-0.0019489186503012061
5.503,0.0,0.000262081583678916,-0.0005053573367710666,0.0009157143205959261,0.005554588925868688,0.0029289124244370273,-0.0019383813657132657
5.523,0.0,0.00023838577777725658,-0.0005402247558856735,0.0008613086843595927,0.0052600508069490445,0.0028028983929245725,-0.0018074663959095187
5.543,0.0,0.00023838577777725658,-0.0005402247558856735,0.0008613086843595927,0.0052600508069490445,0.0028028983929245725,-0.0018074663959095187
5.563,0.0,0.0003188117262300545,-0.0005478425336994707,0.0008669221430199195,0.005254665588539292,0.00251960411087654,-0.0020893047352672643
5.583,0.0,0.00040169755593210104,-0.0005494723587153029,0.0008957049671176177,0.005545144908582184,0.0023626468424116955,-0.0025021278873388598
5.603,0.0,0.00043695983920365384,-0.0005423098587330541,0.0008995480737212047,0.0055156808306708474,0.0017979797033790747,-0.002502172837991959
5.623,0.0,0.0003958391047608987,-0.0005479762806309561,0.000896686951933262,0.005518110033450866,0.0019395080245683974,-0.0023615681659855964
5.643,0.0,0.0003958391047608987,-0.0005479762806309561,0.000896686951933262,0.005518110033450866,0.0019395080245683974,-0.0023615681659855964
5.663,0.0,0.0004358346880215686,-0.0005452783924937588,0.0008628839606846289,0.005363943833323547,0.0016621934829260817,-0.0023723303456666717
5.683,0.0,0.00045174325733747165,-0.0005222537205224154,0.000873109852329179,0.005475012354890492,0.0010920943901563363,-0.002360099115917786
5.703,0.0,0.0005055859621792502,-0.0005414145382335452,0.0008493173929064851,0.005344529923445478,0.0010956953181868543,-0.0026541963943608657
5.723,0.0,0.0005096509950547276,-0.0005408471296309396,0.0008508272478716098,0.0053171519536537966,0.0006727483905584607,-0.0025123409694857305
5.743,0.0,0.0005096509950547276,-0.0005408471296309396,0.0008508272478716098,0.0053171519536537966,0.0006727483905584607,-0.0025123409694857305
5.763,0.0,0.0005845586829893432,-0.0005529164568134098,0.0008081049943963772,0.005185553888662627,0.000681880982896844,-0.0027931815896127922
5.783,0.0,0.0005615771507687538,-0.0005003849892139335,0.0008754151144937006,0.005638754167020424,0.0012226971175928196,-0.002785640785299105
5.803,0.0,0.0005489991029792242,-0.0004800592682804329,0.0008825230943018482,0.005665991532470008,0.0016463140928008957,-0.002926353910011448
5.823,0.0,0.0004852600108573359,-0.00045895337569586554,0.0009067493574542997,0.005795758770085461,0.0016420328292209108,-0.002632757085434692
5.843,0.0,0.0004852600108573359,-0.00045895337569586554,0.0009067493574542997,0.005795758770085461,0.0016420328292209108,-0.002632757085434692
5.863,0.0,0.00043002874813025734,-0.0005110256669923689,0.0008885800073788185,0.005518110033450866,0.0019395080245683974,-0.0023615681659855964
5.883,0.0,0.0005342482515057757,-0.0005010299992703782,0.0008660577667532923,0.005511566710210558,0.001514579935453642,-0.002784053590699415
5.903,0.0,0.0005561803495839666,-0.0004804948603152634,0.0008843459312878845,0.005650916783798053,0.0013634582727578323,-0.0029265535451793888
5.923,0.0,0.0005748485756381009,-0.00047494158339349247,0.0009288638667675936,0.00593135564129407,0.0012069256568113512,-0.00305760958947609
5.943,0.0,0.0005748485756381009,-0.00047494158339349247,0.0009288638667675936,0.00593135564129407,0.0012069256568113512,-0.00305760958947609
5.963,0.0,0.0005331004443108886,-0.00046766422559603416,0.000953446670098805,0.006073686487927869,0.001344848613100958,-0.002905275059564499
5.983,0.0,0.0005798964781986421,-0.0005018090972751507,0.0009665457061599414,0.006071911960152584,0.0012029070616314098,-0.003046389241515979
6.003,0.0,0.000506837226734311,-0.0005155636892581825,0.0009820104909367459,0.006073686487927869,0.001344848613100958,-0.002905275059564499
6.023,0.0,0.0004926343563324399,-0.0005400816058455711,0.0009475348162479037,0.005781958562342472,0.0013594756275165597,-0.0026332255143391714
6.043,0.0,0.0004926343563324399,-0.0005400816058455711,0.0009475348162479037,0.005781958562342472,0.0013594756275165597,-0.0026332255143391714
6.063,0.0,0.0004141640155219912,-0.000584182245193245,0.0008818393993666288,0.005375919153287075,0.001802717034064567,-0.0025131136985461332
6.083,0.0,0.0004388474769516141,-0.0005591600303576656,0.0008356964856270113,0.005233278151879048,0.0018124812987489664,-0.0025122350641088287
6.103,0.0,0.0004509037638070303,-0.000567046299441933,0.0008757525295440957,0.005346209000217901,0.0012376312085378037,-0.0025128814655831196
6.123,0.0,0.00042083039705265255,-0.0005970845576498403,0.0008555208454839352,0.005221363664661809,0.0016709935255833004,-0.0023705846001622843
6.143,0.0,0.00042083039705265255,-0.0005970845576498403,0.0008555208454839352,0.005221363664661809,0.0016709935255833004,-0.0023705846001622843
6.163,0.0,0.0004193353665385005,-0.0006070573956792006,0.0008654358738841745,0.005221363664661809,0.0016709935255833004,-0.0023705846001622843
6.183,0.0,0.0003784216101712262,-0.0005938646115269785,0.0008926664734640722,0.0052238771948458,0.0018126255960865406,-0.00223000708343304
6.203,0.0,0.0003703531522067175,-0.0006097423476354674,0.0008282916747965217,0.004941873601610864,0.0018276405411446284,-0.0022395998443471093
6.223,0.0,0.0003121076306762485,-0.0006144850372045167,0.0008133612361632956,0.004960355645425931,0.002392856584677833,-0.001957739512989105
6.243,0.0,0.0003121076306762485,-0.0006144850372045167,0.0008133612361632956,0.004960355645425931,0.002392856584677833,-0.001957739512989105
6.263,0.0,0.00033493448663346687,-0.0006472503186128011,0.000773398161364164,0.0045501119486032506,0.0025527497361684712,-0.0021207818833211753
6.283,0.0,0.00042217695808002674,-0.0006622437132521547,0.0007671982452854153,0.004671644728280391,0.001983157551978395,-0.0023918406094716326
6.303,0.0,0.0005112830306943068,-0.0006423822082726696,0.0008204047515065013,0.004893178564068837,0.0006971520880283331,-0.0025216689648667953
6.323,0.0,0.000570456874071728,-0.0006818242042709513,0.0007973071808684168,0.004748173396671704,0.00041917883101434564,-0.002814438680910984
6.343,0.0,0.000570456874071728,-0.0006818242042709513,0.0007973071808684168,0.004748173396671704,0.00041917883101434564,-0.002814438680910984
6.363,0.0,0.0005328389071531387,-0.0006496896877178309,0.0007719704329976518,0.0047917216910752,0.0012665891428468767,-0.0028152352287430897
6.383,0.0,0.0004385079791588053,-0.0006462455168527642,0.0008231414206709451,0.004937597327501809,0.0015451492168697858,-0.0025223317165369353
6.403,0.0,0.0003928488729894363,-0.0006553151308500451,0.0007949016797651437,0.004772355102321975,0.0012672746580565213,-0.002250347602373166
6.423,0.0,0.00040188951376644914,-0.000672564281722448,0.000732885884781698,0.004474961966501622,0.0009992573501686418,-0.0022599140330908834
6.443,0.0,0.00040188951376644914,-0.000672564281722448,0.000732885884781698,0.004474961966501622,0.0009992573501686418,-0.0022599140330908834
6.463,0.0,0.0004607408354486093,-0.0006673210351238495,0.0007281313169634854,0.004458470177061784,0.0005754692062921128,-0.0024016825109877227
6.483,0.0,0.00048147102235400675,-0.0006830808881721856,0.0006816908597457134,0.0043163047512634785,0.0005848692486777636,-0.002399570925228166
6.503,0.0,0.0005233638675803039,-0.0006599686636140047,0.0007091216976438592,0.004594053283442785,0.0002877333139710695,-0.0026715075904613613
6.523,0.0,0.00043072082963179143,-0.0006007259392473073,0.0006919347784855453,0.004615606157445284,0.0009951246235619191,-0.0022487039620345045
6.543,0.0,0.00043072082963179143,-0.0006007259392473073,0.0006919347784855453,0.004615606157445284,0.0009951246235619191,-0.0022487039620345045
6.563,0.0,0.0004023453917726171,-0.0005954439973638164,0.0007254374591511039,0.004772355102321975,0.0012672746580565213,-0.002250347602373166
6.583,0.0,0.0003284319714362386,-0.00059077478294961,0.000714602793005305,0.004622391617373319,0.001419481304974753,-0.0018252996872252785
6.603,0.0,0.0003537902495755616,-0.00064033300891221,0.0006740721832375964,0.004323399777422935,0.0010096060004144462,-0.0019763386853342353
6.623,0.0,0.0003811378383576655,-0.0005923738551312549,0.0006255744117239136,0.004323399777422935,0.0010096060004144462,-0.0019763386853342353
6.643,0.0,0.0003811378383576655,-0.0005923738551312549,0.0006255744117239136,0.004323399777422935,0.0010096060004144462,-0.0019763386853342353
6.663,0.0,0.00040975575866940587,-0.0005590972136841677,0.0006979673526426167,0.0046446307240578764,0.00155986286308908,-0.002249251755811097
6.683,0.0,0.000363936381710393,-0.0005728940714983215,0.0007495675381400717,0.00483057997283569,0.0023970859400924624,-0.002251639944570336
6.703,0.0,0.0003410100860091214,-0.0005706480452975425,0.0008472284673858578,0.005268203833483095,0.002660540432147931,-0.0022305695783221896
6.723,0.0,0.0003628909582608759,-0.0005476141435846468,0.0009381866704216398,0.0058032200211990195,0.002066760716288392,-0.002209167801037115
6.743,0.0,0.0003628909582608759,-0.0005476141435846468,0.0009381866704216398,0.0058032200211990195,0.002066760716288392,-0.002209167801037115
6.763,0.0,0.0003776608521249238,-0.000578868552838011,0.0008799249680416133,0.0053537614461135205,0.0016624980939954493,-0.0020893147952764494
6.783,0.0,0.0003947242211859358,-0.0005807557086151686,0.0009424197135584978,0.005771895806303554,0.0013599148179717368,-0.002350401093653385
6.803,0.0,0.00036787961428578917,-0.000609245863812813,0.0008891570645926869,0.005363943833323547,0.0016621934829260817,-0.0023723303456666717
6.823,0.0,0.00042170442257046756,-0.0006080676186781454,0.0009442915114322716,0.0056701845668636975,0.0019296330192165615,-0.002644618979882524
6.843,0.0,0.00042170442257046756,-0.0006080676186781454,0.0009442915114322716,0.0056701845668636975,0.0019296330192165615,-0.002644618979882524
6.863,0.0,0.00036348017626573834,-0.0005621417699900744,0.001009811254008624,0.006112307532430162,0.0024751166842878966,-0.0023414597427523247
6.883,0.0,0.00037230804235155056,-0.0006109182234580715,0.0010065322271481758,0.0058417056629405315,0.0026308007076598053,-0.0024930641515823683
6.903,0.0,0.00038534909631206087,-0.0006580793008552294,0.000944543080073012,0.0055332709028701925,0.0022221928050014956,-0.002361432636292743
6.923,0.0,0.0004392271652396616,-0.0007040370765395413,0.0008996102794413995,0.00507882349703944,0.0015349920627617214,-0.0025228092396547626
6.943,0.0,0.0004392271652396616,-0.0007040370765395413,0.0008996102794413995,0.00507882349703944,0.0015349920627617214,-0.0025228092396547626
6.963,0.0,0.0003576006194178488,-0.0006680080159822457,0.0008498163923803503,0.004914661405507543,0.0014040479552694877,-0.0020988558900795797
6.983,0.0,0.0003875846582037228,-0.000675371045153482,0.000831840930704136,0.004813001197368404,0.0019730034998474218,-0.002392372821962158
7.003,0.0,0.00028020422809149365,-0.0006620337241489114,0.0008703087469993084,0.0049878146630424084,0.0028162358510883567,-0.002099808571389739
7.023,0.0,0.00028150340919512077,-0.0007068546660106971,0.0008104077994064409,0.004439944127720906,0.0032698393735737293,-0.001979004258254014
7.043,0.0,0.00028150340919512077,-0.0007068546660106971,0.0008104077994064409,0.004439944127720906,0.0032698393735737293,-0.001979004258254014
7.063,0.0,0.00031193428932882044,-0.0007012816055974886,0.0007999018377151961,0.004478109080691007,0.0038340026589093567,-0.002261679425222625
7.083,0.0,0.00032275845569010585,-0.0007111111808788856,0.0007932366782633258,0.004436901752635391,0.0031279907805055384,-0.002120083752527587
7.103,0.0,0.00036539310867120776,-0.0006955161477183721,0.0007862166400905402,0.004435357312782898,0.0029864470586970786,-0.0022615544233265472
7.123,0.0,0.00039800054287266243,-0.0006903727791936259,0.0008338439702547365,0.004688411663647669,0.0024074988803225133,-0.002250404326730704
7.143,0.0,0.00039800054287266243,-0.0006903727791936259,0.0008338439702547365,0.004688411663647669,0.0024074988803225133,-0.002250404326730704
7.163,0.0,0.00036068721145949954,-0.000684080970927362,0.0008478242656860588,0.004844675126581965,0.0026795952920865332,-0.0022524550881219373
7.183,0.0,0.0003619221426333169,-0.0006397318777529431,0.0008458445683576817,0.004970406849243321,0.002392384393617171,-0.0022406855461716293
7.203,0.0,0.00041504028864456526,-0.0006419834041571267,0.0008649891445203449,0.005122616794115635,0.002382616290833726,-0.002523826902718297
7.223,0.0,0.0003673918927338992,-0.0006332418146394873,0.0008905383075252351,0.005238897296942417,0.002095227575784845,-0.0022298015044133063
7.243,0.0,0.0003673918927338992,-0.0006332418146394873,0.0008905383075252351,0.005238897296942417,0.002095227575784845,-0.0022298015044133063
7.263,0.0,0.0004883521565212759,-0.0006485136527104672,0.000842903937692156,0.005077226448126919,0.0013931577831929852,-0.0026641235444749257
7.283,0.0,0.0004347292751675523,-0.0006388973082864578,0.0008962458383003771,0.005221363664661809,0.0016709935255833004,-0.0023705846001622843
7.303,0.0,0.0004108804559296045,-0.0006330423411022615,0.000922305017607364,0.005352022329266181,0.0015206706184373114,-0.0022306441266300523
7.323,0.0,0.000392380093729008,-0.0005972982968041601,0.000948802402124375,0.005491924853040848,0.0015159392157723254,-0.0022198109313487178
7.343,0.0,0.000392380093729008,-0.0005972982968041601,0.000948802402124375,0.005491924853040848,0.0015159392157723254,-0.0022198109313487178
7.363,0.0,0.000415325855985011,-0.000632957256236659,0.0009254696684820657,0.005322316674387497,0.0009553247678004966,-0.002230415654371506
7.383,0.0,0.00040868262652957795,-0.0006150291144753907,0.0008876626650112291,0.005180368520951417,0.0009656744480199789,-0.0022292263303241525
7.403,0.0,0.00046129262267649595,-0.0006241928856493755,0.0008446378138887062,0.005037799036467493,0.0008295651581279332,-0.0023813978172074275
7.423,0.0,0.00044667819621954934,-0.0006372225044290184,0.0008143985131152241,0.004924226315952488,0.0014031706504302648,-0.002380342341307247
7.443,0.0,0.00044667819621954934,-0.0006372225044290184,0.0008143985131152241,0.004924226315952488,0.0014031706504302648,-0.002380342341307247
7.463,0.0,0.0004459780681618451,-0.0006640986613444968,0.0007804314009567044,0.0046428858581004755,0.0014179770410405696,-0.0023906242003381875
7.483,0.0,0.00048294645750188083,-0.0006698610946251073,0.0006884585200898351,0.004273959798672319,0.0022843772172112193,-0.002695342988135099
7.503,0.0,0.00045349170933991584,-0.0006551503467761512,0.0007588873678380414,0.004671644728280391,0.001983157551978395,-0.0023918406094716326
7.523,0.0,0.0004997705240477947,-0.0006369008830692345,0.00069875010138027,0.004384631096310229,0.0017141307045518805,-0.002683731133991998
7.543,0.0,0.0004997705240477947,-0.0006369008830692345,0.00069875010138027,0.004384631096310229,0.0017141307045518805,-0.002683731133991998
7.563,0.0,0.0005026400774945602,-0.0006423324808635961,0.0007176481579583085,0.004499691235120046,0.001281211664909719,-0.002543260333638412
7.583,0.0,0.0005119171805275033,-0.0006750994451684174,0.0006439465199481242,0.00411675803087149,0.0020113107077091275,-0.002693389579878055
7.603,0.0,0.000516022933606469,-0.0006517939042644746,0.0007424938806603215,0.004666701745451546,0.0017001167467860599,-0.002673003995260352
7.623,0.0,0.0004741073005675456,-0.0006918768168836047,0.0007516838659674028,0.0045436987775925395,0.002128317301576356,-0.002543488075403062
7.643,0.0,0.0004741073005675456,-0.0006918768168836047,0.0007516838659674028,0.0045436987775925395,0.002128317301576356,-0.002543488075403062
7.663,0.0,0.00047922963125466303,-0.0006884013491423502,0.0007908773589227281,0.00466914068552214,0.0018416062040174654,-0.0025324444168822037
7.683,0.0,0.0004951583211507571,-0.0006719543515336986,0.0008461588914417284,0.004937597327501809,0.0015451492168697858,-0.0025223317165369353
7.703,0.0,0.0005260834778524593,-0.0006623444347048511,0.0008649280580384046,0.005077226448126919,0.0013931577831929852,-0.0026641235444749257
7.723,0.0,0.0004962085270527459,-0.000653966518622008,0.0008828795204793449,0.005177843660573206,0.0008240155823395703,-0.002369796907597339
7.743,0.0,0.0004962085270527459,-0.000653966518622008,0.0008828795204793449,0.005177843660573206,0.0008240155823395703,-0.002369796907597339
7.763,0.0,0.0004891437901671377,-0.0006231445837886856,0.0008825623839956536,0.005177843660573206,0.0008240155823395703,-0.002369796907597339
7.783,0.0,0.00046986564246984303,-0.0006346649227957857,0.0008444392547941494,0.005040434727807569,0.0009703838347811352,-0.0022400810307400872
7.803,0.0,0.0004781933930303534,-0.0006126632981454127,0.0007901807829047046,0.004769718391377306,0.0011265098800148474,-0.0023917196129119964
7.823,0.0,0.0004698253921530218,-0.0005798187841468344,0.0008338425873187343,0.0051511605973039035,0.00040052586024314244,-0.0022285088136087456
7.843,0.0,0.0004698253921530218,-0.0005798187841468344,0.0008338425873187343,0.0051511605973039035,0.00040052586024314244,-0.0022285088136087456
7.863,0.0,0.0004685259042128509,-0.0006256164903914528,0.000753151903211243,0.004628468256304337,0.001135617165852209,-0.0023903071360107417
7.883,0.0,0.00042936217739118754,-0.0005814963838060622,0.0007185292389522457,0.004659091198400583,0.0018419707958344405,-0.0022495383046832323
7.903,0.0,0.00040101836139785587,-0.0005965982859408,0.0007010211134040568,0.004393728560950612,0.002280541373557082,-0.0021185886955688263
7.923,0.0,0.00046499135760490033,-0.0005863751731923864,0.0007287805760928841,0.004683605400370564,0.0021236059482077096,-0.002532597686087815
7.943,0.0,0.00046499135760490033,-0.0005863751731923864,0.0007287805760928841,0.004683605400370564,0.0021236059482077096,-0.002532597686087815
7.963,0.0,0.00044205335691275486,-0.0005933972553046532,0.0007083331016340205,0.004671644728280391,0.001983157551978395,-0.0023918406094716326
7.983,0.0,0.00043794042309289036,-0.0005840172010520253,0.00072587177719461,0.004698682429505646,0.0024063028885260027,-0.0025324991091755294
8.003,0.0,0.00042247169693816327,-0.0005831880802155462,0.0007431386683492955,0.0047279232796705,0.0029712841898167108,-0.002533126880873682
8.023,0.0,0.00038583216493324655,-0.0005929256114186139,0.0008344621472974027,0.0050121834192479765,0.0030984400468941848,-0.0023818054936651854
8.043,0.0,0.00038583216493324655,-0.0005929256114186139,0.0008344621472974027,0.0050121834192479765,0.0030984400468941848,-0.0023818054936651854
8.063,0.0,0.00038475284846027315,-0.0006068948116237267,0.0008874488895514855,0.005306491070417546,0.0032251347881552817,-0.0025133032739904863
8.083,0.0,0.0003473377201555333,-0.000603127782872437,0.0008833151690875932,0.005323620200357672,0.0036492362136939242,-0.0023731305211210866
8.103,0.0,0.00041090927996003236,-0.0006192040643139935,0.0008893055335189546,0.005291782892351889,0.002942073386552878,-0.0025128426071565286
8.123,0.0,0.0004781292013088605,-0.0005805759564558397,0.0009825355705513944,0.00583770970204055,0.002347761195446545,-0.002774999231411409
8.143,0.0,0.0004781292013088605,-0.0005805759564558397,0.0009825355705513944,0.00583770970204055,0.002347761195446545,-0.002774999231411409
8.163,0.0,0.0004359150567301842,-0.0005458723993064096,0.0009619557904864001,0.005813308323073703,0.0020663282415395792,-0.002492050227847738
8.183,0.0,0.0003517558241839548,-0.0005367637086404132,0.0009776617496441717,0.0058032200211990195,0.002066760716288392,-0.002209167801037115
8.203,0.0,0.0003645543082608173,-0.0005481707037783136,0.0009568239402231521,0.005817293859669224,0.002349352653108549,-0.002210027415344546
8.223,0.0,0.00036558668141125814,-0.0005779620223873128,0.0009697861410048734,0.005787991042389024,0.001783885971162564,-0.002209201223838817
8.243,0.0,0.00036558668141125814,-0.0005779620223873128,0.0009697861410048734,0.005787991042389024,0.001783885971162564,-0.002209201223838817
8.263,0.0,0.0004371114170914178,-0.0005855842989549272,0.0009538627122722584,0.005783710764966574,0.001501399313611061,-0.0024918965129170734
8.283,0.0,0.00048224714121980245,-0.0005968240238633252,0.0009131683863330122,0.005511566710210558,0.001514579935453642,-0.002784053590699415
8.303,0.0,0.0005181225333048609,-0.0006031120188003706,0.0008799159181783063,0.005344529923445478,0.0010956953181868543,-0.0026541963943608657
8.323,0.0,0.0005592846045263499,-0.0006078050958992129,0.0008723514251682644,0.0053391816844072645,0.0008130055788714732,-0.002935824420119848
8.343,0.0,0.0005592846045263499,-0.0006078050958992129,0.0008723514251682644,0.0053391816844072645,0.0008130055788714732,-0.002935824420119848
8.363,0.0,0.0005389963405878518,-0.0005915226753568487,0.000888098015255973,0.0054826354079109555,0.0009499774652223841,-0.002783488253049695
8.383,0.0,0.0005185293425652161,-0.0006035528995840719,0.0008805688321408804,0.005341803150051028,0.0009547417429915014,-0.0027954467275667556
8.403,0.0,0.0005488105275522234,-0.0005929379851858179,0.0008992646713901313,0.005479828820871821,0.0008089335916672439,-0.002924728169285786
8.423,0.0,0.0005639266432867429,-0.0006361975221144277,0.0008474094783034662,0.005084628845972015,0.001250993976185671,-0.0030872066043853893
8.443,0.0,0.0005639266432867429,-0.0006361975221144277,0.0008474094783034662,0.005084628845972015,0.001250993976185671,-0.0030872066043853893
8.463,0.0,0.0005479978612584926,-0.0006502187009586128,0.000863768411265236,0.005212582651797002,0.0011055525673519678,-0.0029356877678011124
8.483,0.0,0.0004474900481185408,-0.0006571593401406193,0.0008236011954476254,0.004937597327501809,0.0015451492168697858,-0.0025223317165369353
8.503,0.0,0.00037837468323113026,-0.0006306111053032024,0.0008286807238394842,0.004941873601610864,0.0018276405411446284,-0.0022395998443471093
8.523,0.0,0.0003105180240061557,-0.0006432783490222286,0.0008160336426143009,0.004919593259169516,0.0016873029912855264,-0.001815583043865399
8.543,0.0,0.0003105180240061557,-0.0006432783490222286,0.0008160336426143009,0.004919593259169516,0.0016873029912855264,-0.001815583043865399
8.563,0.0,0.0002540270486696259,-0.0006177003206259858,0.0008319394672517715,0.004936496170458546,0.0021109653707269225,-0.0016750896107856049
8.583,0.0,0.00022768379293624093,-0.0006258545544177427,0.0008475568117083983,0.004965654182876431,0.0026760591378722533,-0.0016758405084181431
8.603,0.0,0.0001341461499523204,-0.0006022936193073369,0.0008594952417813178,0.0050975451831731956,0.002812935160402656,-0.001240665169704099
8.623,0.0,0.00013901732318752754,-0.0005794079565342612,0.00087642436582028,0.005252094367152382,0.0029443766732505827,-0.0013834157577136492
8.643,0.0,0.00013901732318752754,-0.0005794079565342612,0.00087642436582028,0.005252094367152382,0.0029443766732505827,-0.0013834157577136492
8.663,0.0,0.0001066261013300539,-0.0005919020538258327,0.0009032916340715355,0.005353845546890673,0.002376214442550729,-0.0010895143931471452
8.683,0.0,0.0001121531301548113,-0.000598333047158528,0.0009315597326890045,0.0054815237718935485,0.0020838854739080354,-0.0010907877658813607
8.703,0.0,0.0001896327305532599,-0.0005891535935299112,0.001020991104965213,0.005758437373945388,0.0017858633418478358,-0.0013627275254835365
8.723,0.0,0.0002953628957877375,-0.0005628774121724392,0.0010500302764324394,0.006048900235437551,0.0016288552865700826,-0.001775958127442933
8.743,0.0,0.0002953628957877375,-0.0005628774121724392,0.0010500302764324394,0.006048900235437551,0.0016288552865700826,-0.001775958127442933
8.763,0.0,0.00035470297559377014,-0.0005689876188405347,0.0010259273017930793,0.006029408219859497,0.0010643204453934336,-0.0020578186971161095
8.783,0.0,0.00035648814855404956,-0.0005794666607327484,0.0010245266005285071,0.006043950299890996,0.0013466394453060943,-0.0020582005541911106
8.803,0.0,0.00033089610070584656,-0.000567136100755717,0.001011674946092728,0.006058276565421409,0.0016287986795962453,-0.0020582819852172692
8.823,0.0,0.0003499634166006703,-0.0005486288501168856,0.0010142085984406835,0.006043950299890996,0.0013466394453060943,-0.0020582005541911106
8.843,0.0,0.0003499634166006703,-0.0005486288501168856,0.0010142085984406835,0.006043950299890996,0.0013466394453060943,-0.0020582005541911106
8.863,0.0,0.0005056612430980554,-0.00057776774670518,0.0009767329217632097,0.005906681727491857,0.0009258655801549132,-0.0027754289965023315
8.883,0.0,0.0005506557303007376,-0.0006093377312550678,0.0009180930815014722,0.00559589156577838,0.000375903496589617,-0.0027844687100987034
8.903,0.0,0.0005707331316886437,-0.0006167283817392246,0.0008062986600998268,0.005098988506183135,0.001534057854126117,-0.003088324967379045
8.923,0.0,0.0006229851351457487,-0.0005846209619397432,0.0008442999788291228,0.005377381935852085,0.0012361137801032752,-0.003359915486879388
8.943,0.0,0.0006229851351457487,-0.0005846209619397432,0.0008442999788291228,0.005377381935852085,0.0012361137801032752,-0.003359915486879388
8.963,0.0,0.000484849103508354,-0.0005643490500831828,0.0007879090330486811,0.005244066602909909,0.0018127502541083423,-0.002794677788186827
8.983,0.0,0.0004244965833741796,-0.0005745897360470942,0.0008428281916750244,0.0053614976882556216,0.0015206175059154252,-0.002512836313324766
9.003,0.0,0.0003992600458777009,-0.0005946019201927743,0.0008358143735008,0.005206879119395916,0.0013887936672628718,-0.002370374025793877
9.023,0.0,0.0004236752098534902,-0.0005467855639578722,0.0009067353747935847,0.005643229309869145,0.0015054324228421575,-0.0025031797596638985
9.043,0.0,0.0004236752098534902,-0.0005467855639578722,0.0009067353747935847,0.005643229309869145,0.0015054324228421575,-0.0025031797596638985
9.063,0.0,0.00047847420887700245,-0.0006091917502984656,0.0008577562351927823,0.005344529923445478,0.0010956953181868543,-0.0026541963943608657
9.083,0.0,0.0004262007497783204,-0.0006090142357059847,0.0008541320843983036,0.005246608539822178,0.001953344302551486,-0.0026533516992717316
9.103,0.0,0.00031711455526847255,-0.0006249844617512327,0.0008123002579853061,0.0049878146630424084,0.0028162358510883567,-0.002099808571389739
9.123,0.0,0.000268460434383288,-0.0006620534304440646,0.000816629993788473,0.005016801454024043,0.0033808074707673626,-0.0021003265609995454
9.143,0.0,0.000268460434383288,-0.0006620534304440646,0.000816629993788473,0.005016801454024043,0.0033808074707673626,-0.0021003265609995454
9.163,0.0,0.0003216494873073958,-0.0007244756400599801,0.0007976445449352721,0.004717486980088886,0.0029724140322915896,-0.0022509606892701702
9.183,0.0,0.0003526457694788954,-0.0007367043747877562,0.000769875607937593,0.004714414760249352,0.0028304681812993597,-0.0023919903694699174
9.203,0.0,0.0003622279140123582,-0.0007555966122075068,0.0007464826733784321,0.004433033066884749,0.0028451818408214624,-0.0024022787946553163
9.223,0.0,0.00040748775820032804,-0.0007673090203230501,0.0006941554463836836,0.004163500158747705,0.0030003009393914392,-0.0025532975416752766
9.243,0.0,0.00040748775820032804,-0.0007673090203230501,0.0006941554463836836,0.004163500158747705,0.0030003009393914392,-0.0025532975416752766
9.263,0.0,0.00039478406179114676,-0.0007773819506847642,0.0007006716349014805,0.004203973831011175,0.003705849860118662,-0.0026952270782405045
9.283,0.0,0.00041787089685978553,-0.0008169915629614327,0.0006370536451222313,0.003933967648746404,0.0038614196993666046,-0.002846872224073262
9.303,0.0,0.00044735643766840764,-0.0008024871068285152,0.0006832479788478302,0.004214131511374007,0.003705432888573093,-0.0029780520613068963
9.323,0.0,0.00045246741806717557,-0.0008129276809464758,0.0007049827787484534,0.004199280605606649,0.0034224848098522694,-0.002977541907410241
9.343,0.0,0.00045246741806717557,-0.0008129276809464758,0.0007049827787484534,0.004199280605606649,0.0034224848098522694,-0.002977541907410241
9.363,0.0,0.0004725749887103068,-0.0007745791866408879,0.0007872333979592234,0.004621276842868948,0.0032575794699885607,-0.0031094837325331913
9.383,0.0,0.00044473521764016634,-0.0007280015259057989,0.0008009937205934658,0.004766126281523347,0.00353555313355183,-0.0028157281762106728
9.403,0.0,0.0004396103221594524,-0.0006833007106340004,0.0009307578237039677,0.005313618056431057,0.003082841284448742,-0.002937099913649765
9.423,0.0,0.0003192689339783184,-0.0006918562121426194,0.0009308385093467747,0.005335529649654979,0.0037895044950395688,-0.002513848445019145
9.443,0.0,0.0003192689339783184,-0.0006918562121426194,0.0009308385093467747,0.005335529649654979,0.0037895044950395688,-0.002513848445019145
9.463,0.0,0.0004123736700094084,-0.0006600369963915441,0.0009086757958695368,0.005316611713789936,0.0032246554375949866,-0.0027961410796980067
9.483,0.0,0.00043129615455190324,-0.0006719080519775774,0.0009096853798375954,0.005316611713789936,0.0032246554375949866,-0.0027961410796980067
9.503,0.0,0.00044872045900054206,-0.0006528340921167148,0.0008925623814473967,0.00528761306911072,0.0026599248782349033,-0.0027955403481884724
9.523,0.0,0.0004215222890326373,-0.0006405635817868933,0.0009096639455644512,0.005301858050478762,0.002941662406094486,-0.0027956467761966926
9.543,0.0,0.0004215222890326373,-0.0006405635817868933,0.0009096639455644512,0.005301858050478762,0.002941662406094486,-0.0027956467761966926
9.563,0.0,0.0003669084230172787,-0.000614430433235128,0.0009077953536360843,0.0052799234122642355,0.002801729054434113,-0.002372177845469194
9.583,0.0,0.00038686841012343723,-0.0005919071927847117,0.0009068256168660532,0.0054076807526014185,0.002509567208663254,-0.0023733269068956634
9.603,0.0,0.00039841632375951124,-0.0006057029843678062,0.0008736910758508028,0.0052238771948458,0.0018126255960865406,-0.00223000708343304
9.623,0.0,0.0004403996118534708,-0.0005785564286898705,0.0008480651201173519,0.005206879119395916,0.0013887936672628718,-0.002370374025793877
9.643,0.0,0.0004403996118534708,-0.0005785564286898705,0.0008480651201173519,0.005206879119395916,0.0013887936672628718,-0.002370374025793877
9.663,0.0,0.000367755309834239,-0.0005789158986429359,0.0007870388090027758,0.0049585524751847585,0.002251035202222688,-0.0020990578967959657
9.683,0.0,0.00041416679959494515,-0.00050857032871673,0.0008900426236666546,0.005491924853040848,0.0015159392157723254,-0.0022198109313487178
9.703,0.0,0.00031364005882018745,-0.0005194755932190821,0.0009019030592730072,0.0055111596567037685,0.002082047400811298,-0.0019375966511997764
9.723,0.0,0.0002638060473771592,-0.0004833082911167551,0.0008894656792165264,0.005500912207179432,0.0020823791931161785,-0.00165439122833158
9.743,0.0,0.0002638060473771592,-0.0004833082911167551,0.0008894656792165264,0.005500912207179432,0.0020823791931161785,-0.00165439122833158
9.763,0.0,0.00024105448098595084,-0.000508214643074167,0.0008351404476154464,0.0052063639234320586,0.0019561791465110556,-0.0015234516640205194
9.783,0.0,0.0002602023293922103,-0.0004996246287375562,0.0008176315057176884,0.005191074884170713,0.0016733101401642232,-0.0015235241306561314
9.803,0.0,0.0002301926106418713,-0.0005351684331032177,0.0007777731495873519,0.004965654182876431,0.0026760591378722533,-0.0016758405084181431
9.823,0.0,0.00021554576281795405,-0.0005909448077580384,0.0007640084470929727,0.004682755651511086,0.002690430926698597,-0.0016857138390725204
9.843,0.0,0.00021554576281795405,-0.0005909448077580384,0.0007640084470929727,0.004682755651511086,0.002690430926698597,-0.0016857138390725204
9.863,0.0,0.00020136852565285046,-0.0005940300854352583,0.0007437937796687074,0.0045696196728584266,0.0032655072450688085,-0.0016849176989573468
9.883,0.0,0.0002132356135820605,-0.0006403594919157696,0.0007456236202356275,0.004457101260648904,0.003693065858053705,-0.0018378289491849309
9.903,0.0,0.00028236759232086207,-0.0006638268817259109,0.0006875242413045214,0.0041569286389838075,0.003284169118490616,-0.001988896519655445
9.923,0.0,0.00031462579997046754,-0.0006498557390996174,0.0007323798496962005,0.004451850534429754,0.0034101797974207346,-0.002119798526908586
9.943,0.0,0.00031462579997046754,-0.0006498557390996174,0.0007323798496962005,0.004451850534429754,0.0034101797974207346,-0.002119798526908586
9.963,0.0,0.00042412821626078696,-0.0006985925757155719,0.0006952291727897917,0.004163500158747705,0.0030003009393914392,-0.0025532975416752766
9.983,0.0,0.0004120445298766328,-0.00070127542981865,0.0007770626878335695,0.004459748320621776,0.003268666266140775,-0.002543571030943487
10.003,0.0,0.00038328654235860344,-0.0006542398372845916,0.0008819715359049639,0.005038693242927214,0.0035225027561088095,-0.002523865225799616
10.023,0.0,0.0003586063751922014,-0.0006653315999161778,0.0009445204571090162,0.005320560511456329,0.0035074187119509396,-0.0025140909709480725
10.043,0.0,0.0003586063751922014,-0.0006653315999161778,0.0009445204571090162,0.005320560511456329,0.0035074187119509396,-0.0025140909709480725
10.063,0.0,0.0004248965587764365,-0.0006336276830146987,0.0009846518757201006,0.005572003807144145,0.0027864037715251235,-0.002643566259544653
10.083,0.0,0.0004596505239050821,-0.0006444542554920267,0.0009417748284843259,0.005301858050478762,0.002941662406094486,-0.0027956467761966926
10.103,0.0,0.0004301981440031812,-0.0006351706496375151,0.0009936605898156843,0.0055992706945962286,0.0032103258833976844,-0.0027862223638511763
10.123,0.0,0.0003817193568214934,-0.0006298417869920073,0.000960346630570707,0.005600744298608916,0.0033517826924258404,-0.0026447457417817215
10.143,0.0,0.0003817193568214934,-0.0006298417869920073,0.000960346630570707,0.005600744298608916,0.0033517826924258404,-0.0026447457417817215
10.163,0.0,0.0003410043277876613,-0.000625573040592126,0.0009675085438378669,0.005603138347937936,0.0034929776612841602,-0.0025041353894369785
10.183,0.0,0.00031963521530033336,-0.0007082972422760868,0.0008872948974257213,0.005055691771011999,0.003945549775604481,-0.0023825659216822987
10.203,0.0,0.0003569470019514266,-0.0006911439894863656,0.0008712681019725293,0.005026198298479604,0.003380705582492892,-0.002382593275013509
10.223,0.0,0.0004212056210516949,-0.0007086725231661384,0.000795645257935135,0.0045995995284118995,0.0031170291498306543,-0.002685399039402129
10.243,0.0,0.0004212056210516949,-0.0007086725231661384,0.000795645257935135,0.0045995995284118995,0.0031170291498306543,-0.002685399039402129
10.263,0.0,0.00046002068674842294,-0.000715388607495602,0.0007623295101822478,0.004440861530445349,0.002703484441963552,-0.0028258042801178624
10.283,0.0,0.0005031801978763149,-0.0006997092761899359,0.000745283770118688,0.004437597818566648,0.0025614735010335856,-0.002966649589583879
10.303,0.0,0.00047787258007234054,-0.0006734891781385367,0.000758989233916016,0.004594687058793717,0.002834217122595413,-0.0029683776258035283
10.323,0.0,0.00043334036190599367,-0.0006553380887163248,0.00079425808268053,0.004724765132858885,0.0028292811510634533,-0.0026741563234498255
10.343,0.0,0.00043334036190599367,-0.0006553380887163248,0.00079425808268053,0.004724765132858885,0.0028292811510634533,-0.0026741563234498255
10.363,0.0,0.0003838760530347111,-0.0006794404107871595,0.000802216883764062,0.004701082338336561,0.0025477281494641914,-0.0023918396661464295
10.383,0.0,0.0004484725950357642,-0.0006667300701091478,0.000815555646614725,0.004710438281673672,0.002547520267333173,-0.002673944602859814
10.403,0.0,0.00042500010525642606,-0.0006737753981428101,0.0008050932178462825,0.004698682429505646,0.0024063028885260027,-0.0025324991091755294
10.423,0.0,0.00042891976076455583,-0.000628951151256029,0.0008951158186888422,0.005233278151879048,0.0018124812987489664,-0.0025122350641088287
10.443,0.0,0.00042891976076455583,-0.000628951151256029,0.0008951158186888422,0.005233278151879048,0.0018124812987489664,-0.0025122350641088287
10.463,0.0,0.00038032900958562087,-0.0006252612430031625,0.0009114413249597631,0.005250772415385661,0.002236622558894837,-0.0023714391573146365
10.483,0.0,0.00033371183749136797,-0.0006065622399115976,0.0009243100889332232,0.00540923903676275,0.002651212846460326,-0.00223186435147363
10.503,0.0,0.00031267619713949425,-0.0006181153634844123,0.0009050494449177419,0.005269680664540331,0.002802105388877017,-0.00208910251067213
10.523,0.0,0.00028963042727974954,-0.0006152128457289551,0.0009046516968052868,0.005257742639213824,0.0026616654995911372,-0.0019482942676503517
10.543,0.0,0.00028963042727974954,-0.0006152128457289551,0.0009046516968052868,0.005257742639213824,0.0026616654995911372,-0.0019482942676503517
10.563,0.0,0.00024955924307656327,-0.0006989376073733784,0.0008792838739486979,0.004963339191905955,0.0025347841495791776,-0.0018166006126145772
10.583,0.0,0.00024767177224085626,-0.0006487141009521297,0.0008687752424786201,0.004977509929566622,0.0028173499753324734,-0.0018175345997949975
10.603,0.0,0.0002570682254387366,-0.0006496977775355641,0.0008792985307669612,0.004977509929566622,0.0028173499753324734,-0.0018175345997949975
10.623,0.0,0.0002449545959052908,-0.0006004220825257826,0.000893921173566764,0.005233176278044618,0.0023791489102974925,-0.001665962550087043
10.643,0.0,0.0002449545959052908,-0.0006004220825257826,0.000893921173566764,0.005233176278044618,0.0023791489102974925,-0.001665962550087043
10.663,0.0,0.00024195048686832015,-0.0006203665912762622,0.0009137502813736756,0.005233176278044618,0.0023791489102974925,-0.001665962550087043
10.683,0.0,0.00028106695810936676,-0.000628071161464679,0.0007971685289013436,0.004680442509998129,0.002549136306738199,-0.0018264947156026556
10.703,0.0,0.00023389226613346705,-0.0006705607185896903,0.0007818612712674826,0.00438794120426733,0.0025642084354929305,-0.0015546806002183185
10.723,0.0,0.0002969653614376451,-0.0006703261637735412,0.0008085978989821408,0.004678907886144367,0.002407468509976335,-0.001967922996656747
10.743,0.0,0.0002969653614376451,-0.0006703261637735412,0.0008085978989821408,0.004678907886144367,0.002407468509976335,-0.001967922996656747
10.763,0.0,0.00023897917503421475,-0.0006582488533910074,0.000876823756988815,0.004992493673214263,0.003099742447906266,-0.0018172560191744833
10.783,0.0,0.00029727139059171093,-0.0006570240644374658,0.0009341837603543895,0.005269680664540331,0.002802105388877017,-0.00208910251067213
10.803,0.0,0.00031155223407942386,-0.00060714726461218,0.0008858266822910537,0.005257742639213824,0.0026616654995911372,-0.0019482942676503517
10.823,0.0,0.0003959609090791911,-0.0006256293791327288,0.0008835354037953176,0.0052238771948458,0.0018126255960865406,-0.00223000708343304
10.843,0.0,0.0003959609090791911,-0.0006256293791327288,0.0008835354037953176,0.0052238771948458,0.0018126255960865406,-0.00223000708343304
10.863,0.0,0.0003928503057896939,-0.000564907845329315,0.0008634548155469806,0.0052238771948458,0.0018126255960865406,-0.00223000708343304
10.883,0.0,0.00042329698768396915,-0.0006423814571632022,0.0008468585733928311,0.005107739189601488,0.0020991879953590935,-0.002523248429907781
10.903,0.0,0.00041978960416553016,-0.0006006622450852483,0.0009179137108375995,0.005518110033450866,0.0019395080245683974,-0.0023615681659855964
10.923,0.0,0.0003872871614182042,-0.0006013891389028015,0.0010086778058399368,0.0058155648740326575,0.002207651312317563,-0.0023513046979487377
10.943,0.0,0.0003872871614182042,-0.0006013891389028015,0.0010086778058399368,0.0058155648740326575,0.002207651312317563,-0.0023513046979487377
10.963,0.0,0.00038798552817402213,-0.0005744973582858203,0.0010426417386186504,0.006098067317116876,0.0021932638279296185,-0.0023414470321369892
10.983,0.0,0.0004129121611921312,-0.0005763177152100949,0.0010358962072099043,0.006068635177391544,0.0016276123480804061,-0.0023405249989130223
11.003,0.0,0.00048528455507441915,-0.0005659836457603172,0.0009844098133464515,0.005911092730810053,0.001208684236101519,-0.002492954636206661
11.023,0.0,0.0004411837336117305,-0.0006403692522578937,0.000884289031685906,0.005248271024588986,0.002095154588381064,-0.002512004427940421
11.043,0.0,0.0004411837336117305,-0.0006403692522578937,0.000884289031685906,0.005248271024588986,0.002095154588381064,-0.002512004427940421
11.063,0.0,0.00049634722334309,-0.0006302404442990563,0.0009305229402471758,0.005555301346084544,0.002362242871138907,-0.0027849979886073336
11.083,0.0,0.0004846422570814841,-0.0006432807084808431,0.000919719851697401,0.005456217680897012,0.003072974827078867,-0.0029379245000179166
11.103,0.0,0.0004954220701851032,-0.0006775725805497831,0.0009150785383621264,0.00528761306911072,0.0026599248782349033,-0.0027955403481884724
11.123,0.0,0.0004740453814289472,-0.0006856282791054188,0.0009239183873293675,0.00528761306911072,0.0026599248782349033,-0.0027955403481884724
11.143,0.0,0.0004740453814289472,-0.0006856282791054188,0.0009239183873293675,0.00528761306911072,0.0026599248782349033,-0.0027955403481884724
11.163,0.0,0.0005652679761298272,-0.0006736836923929918,0.0009005292927153484,0.005268403884492065,0.0020942243668227467,-0.0030774994897438458
11.183,0.0,0.0006088041062944715,-0.0006619890889632644,0.0008770773422693645,0.005125418288380528,0.0019567571132821982,-0.00322924416933735
11.203,0.0,0.0005785695497368226,-0.000658684639443352,0.0008748284867360193,0.0051278612138286285,0.002098296253567814,-0.0030887189189570965
11.223,0.0,0.0005269849311572667,-0.0006603823250973448,0.0008788320525538242,0.005270430032732473,0.0022353823070012987,-0.0029356126754973466
11.243,0.0,0.0005269849311572667,-0.0006603823250973448,0.0008788320525538242,0.005270430032732473,0.0022353823070012987,-0.0029356126754973466
11.263,0.0,0.0005208520251211813,-0.0006703084894740928,0.0007971281244463378,0.004848333523484905,0.0022548042649915938,-0.00295788408734058
11.283,0.0,0.0004842055938575965,-0.0005615493930500907,0.000853306320272763,0.005402856239520754,0.002225753465318059,-0.0026555122199748214
11.303,0.0,0.0004615957012341444,-0.000582554566086242,0.0008556217467185262,0.005260787557773713,0.0022361641798830756,-0.0026542266076177573
11.323,0.0,0.0004692792400322328,-0.0005765934159517015,0.0009089586468002567,0.005543467938626288,0.002221823069709981,-0.002644381816401556
11.343,0.0,0.0004692792400322328,-0.0005765934159517015,0.0009089586468002567,0.005543467938626288,0.002221823069709981,-0.002644381816401556
11.363,0.0,0.0005099821174584253,-0.0005808522107177057,0.0009017655058257315,0.0055409603389113835,0.0020803634285932087,-0.002784870481256275
11.383,0.0,0.0005110031255126638,-0.000529528629715227,0.0008641281451562448,0.005514095248700274,0.0016562189150996468,-0.0026435725155909856
11.403,0.0,0.00044405307928705823,-0.0005397571534977143,0.0008245478873724759,0.005248271024588986,0.002095154588381064,-0.002512004427940421
11.423,0.0,0.00046105197129781174,-0.0005118232498054844,0.0008056537252249411,0.005260787557773713,0.0022361641798830756,-0.0026542266076177573
11.443,0.0,0.00046105197129781174,-0.0005118232498054844,0.0008056537252249411,0.005260787557773713,0.0022361641798830756,-0.0026542266076177573
11.463,0.0,0.00046281624274218254,-0.0005362190581880741,0.0007878286780962757,0.005135312886898021,0.002522790907661508,-0.0026652644907297217
11.483,0.0,0.0004910463710623589,-0.0005161255509598629,0.0007346576355049054,0.0048642156778180975,0.0026782919334269865,-0.0028166646405750804
11.503,0.0,0.00044851792608938465,-0.0005293968252241756,0.0007877222238350291,0.005022334407100591,0.003098041872121361,-0.002664711624636644
11.523,0.0,0.00043720900294392297,-0.000548325119972324,0.0007770531385659726,0.005022334407100591,0.003098041872121361,-0.002664711624636644
11.543,0.0,0.00043720900294392297,-0.000548325119972324,0.0007770531385659726,0.005022334407100591,0.003098041872121361,-0.002664711624636644
11.563,0.0,0.00044157417984789696,-0.0005452129257685937,0.0007033577063976798,0.004739435012362587,0.0031123639700877865,-0.0026745079136021232
11.583,0.0,0.0004408601549092145,-0.0005610190322894298,0.0006301876834128667,0.00444493929080377,0.0029855822779242965,-0.0025430063527178692
11.603,0.0,0.0004299913785543261,-0.0005228971159842794,0.0007029863638729909,0.0047294805492566145,0.00311279628074126,-0.00239171045899383
11.623,0.0,0.0004331980943237361,-0.0005532396192711446,0.0007245760678867144,0.004714414760249352,0.0028304681812993597,-0.0023919903694699174
11.643,0.0,0.0004331980943237361,-0.0005532396192711446,0.0007245760678867144,0.004714414760249352,0.0028304681812993597,-0.0023919903694699174
11.663,0.0,0.0004189086981288957,-0.0005707324732339068,0.00069761801726213,0.004459748320621776,0.003268666266140775,-0.002543571030943487
11.683,0.0,0.00034422274592785446,-0.0005615089854785132,0.0006645567627615547,0.004436901752635391,0.0031279907805055384,-0.002120083752527587
11.703,0.0,0.0003723445417093779,-0.0005375016332092769,0.0007021182789949018,0.004702648719590999,0.0026892865667869467,-0.0022503900237134692
11.723,0.0,0.00032328574701245144,-0.0005264911849342727,0.0007898515274848095,0.005016801454024043,0.0033808074707673626,-0.0021003265609995454
11.743,0.0,0.0003413572640688462,-0.0005179364867976665,0.0007923404364346245,0.005002568211738419,0.003099284769638379,-0.002100267617049106
11.763,0.0,0.0003413572640688462,-0.0005179364867976665,0.0007923404364346245,0.005002568211738419,0.003099284769638379,-0.002100267617049106
11.783,0.0,0.0004192853423054212,-0.000548365635742073,0.0007511410854422362,0.004844675126581965,0.0026795952920865332,-0.0022524550881219373
11.803,0.0,0.0004882802939958753,-0.0005753640977182586,0.0007557140050213835,0.004838180864783364,0.002255212502741326,-0.002675065537096773
11.823,0.0,0.0004549613642169423,-0.0005790738635985904,0.0007907097396049336,0.004980682255270721,0.0023911651612410463,-0.002522815055938354
11.843,0.0,0.0003866372259417032,-0.000569393765200256,0.0007528983983447163,0.004702648719590999,0.0026892865667869467,-0.0022503900237134692
11.863,0.0,0.0003866372259417032,-0.000569393765200256,0.0007528983983447163,0.004702648719590999,0.0026892865667869467,-0.0022503900237134692
11.883,0.0,0.0003616303932361855,-0.0005570351071222643,0.0007300779884074776,0.004717486980088886,0.0029724140322915896,-0.0022509606892701702
11.903,0.0,0.0004025967055415673,-0.0005439147482579495,0.0007564465902941059,0.004995708168297133,0.0026745490398559584,-0.002523514006649119
11.923,0.0,0.0004904859372205135,-0.0005723691161978639,0.0007724116646847887,0.004990041313151391,0.002391040332991048,-0.002804919497341124
11.943,0.0,0.0004619532536009739,-0.0005769496914789042,0.0007263492547419258,0.004710438281673672,0.002547520267333173,-0.002673944602859814
11.963,0.0,0.0004619532536009739,-0.0005769496914789042,0.0007263492547419258,0.004710438281673672,0.002547520267333173,-0.002673944602859814
11.983,0.0,0.00048216740644515605,-0.0005713494108769684,0.0007419196120472225,0.004990041313151391,0.002391040332991048,-0.002804919497341124
12.003,0.0,0.000529216855018495,-0.0005556430094600353,0.000737036363767776,0.004959621247909978,0.0016852808321107802,-0.002945889464500717
12.023,0.0,0.0005046523726109912,-0.0005288880895550923,0.0007538866744937054,0.005077226448126919,0.0013931577831929852,-0.0026641235444749257
12.043,0.0,0.00047920160547220905,-0.000509150784003109,0.0008273030581293353,0.005346209000217901,0.0012376312085378037,-0.0025128814655831196
12.063,0.0,0.00047920160547220905,-0.000509150784003109,0.0008273030581293353,0.005346209000217901,0.0012376312085378037,-0.0025128814655831196
12.083,0.0,0.00043065198612855847,-0.00048001008902296875,0.0008305268418343059,0.005489477958375426,0.0013743519499488455,-0.002360330566128627
12.103,0.0,0.0005088344671515802,-0.0005492720485238002,0.0007755631068181906,0.005062615147747529,0.0011107730108342673,-0.00266381908483065
12.123,0.0,0.0005414985195798769,-0.0005620507464966155,0.0007664411096190555,0.005074430978185567,0.001252247475240833,-0.002805320568939111
12.143,0.0,0.00055335027478771,-0.0005764923016709272,0.000842421370568045,0.005341803150051028,0.0009547417429915014,-0.0027954467275667556
12.163,0.0,0.00055335027478771,-0.0005764923016709272,0.000842421370568045,0.005341803150051028,0.0009547417429915014,-0.0027954467275667556
12.183,0.0,0.0004980236449578073,-0.0005141132709037525,0.0009013991456206273,0.005640791342979772,0.0013639570872448288,-0.00264375727001751
12.203,0.0,0.00048467790003913337,-0.0005430327792456324,0.0009106487533704731,0.005640791342979772,0.0013639570872448288,-0.00264375727001751
12.223,0.0,0.00047414398546407173,-0.000575833740146467,0.0008030631401880049,0.00506445646030262,0.0012527634030684751,-0.0025226251770910685
12.243,0.0,0.00048424100080070537,-0.0006101881715455465,0.0007856132973517731,0.004937597327501809,0.0015451492168697858,-0.0025223317165369353
12.263,0.0,0.00048424100080070537,-0.0006101881715455465,0.0007856132973517731,0.004937597327501809,0.0015451492168697858,-0.0025223317165369353
12.283,0.0,0.00046822025348961454,-0.0006336696358173537,0.0007859991241975749,0.004823057444894066,0.0019725503111533245,-0.0026752239595999564
12.303,0.0,0.00044755553068003294,-0.0006456693090672377,0.0007684022710915124,0.004681260759268872,0.001982215739200099,-0.0026732238227353527
12.323,0.0,0.0004932093483704751,-0.0006827433640461224,0.0007448178593542754,0.004526869500013936,0.0017047837874379914,-0.002683898973524226
12.343,0.0,0.0004588757997999209,-0.0006620628725644823,0.0007977576841739795,0.004796959891258282,0.001549048939340059,-0.0025334818838360306
12.363,0.0,0.0004588757997999209,-0.0006620628725644823,0.0007977576841739795,0.004796959891258282,0.001549048939340059,-0.0025334818838360306
12.383,0.0,0.0004819624399492748,-0.00064799632109189,0.000761535822557457,0.004654720007619894,0.0015593800577124886,-0.0025321376848476537
12.403,0.0,0.00043592150614914167,-0.0006601015564601483,0.0007040273798162456,0.004389465407638375,0.001998130397389017,-0.0024013845081671593
12.423,0.0,0.00045210751974298946,-0.000719205130211258,0.0006815088099917957,0.004104766159049229,0.0018706605129618504,-0.0025525739888438174
12.443,0.0,0.00044050028701716045,-0.0006814761844677897,0.0006919007749418841,0.004415799947080305,0.002420595547874194,-0.0025423489545324273
12.463,0.0,0.00044050028701716045,-0.0006814761844677897,0.0006919007749418841,0.004415799947080305,0.002420595547874194,-0.0025423489545324273
12.483,0.0,0.00047479716600565107,-0.0006505941444840267,0.0008127644291454207,0.004963996230324538,0.001967812994084648,-0.002663376455652164
12.503,0.0,0.0003845246700177383,-0.0006151937918018733,0.0008515994354509609,0.005250772415385661,0.002236622558894837,-0.0023714391573146365
12.523,0.0,0.00039525089776330525,-0.000602225924741619,0.0008686586287314858,0.005392721025562932,0.0022261904782937166,-0.00237272465837863
12.543,0.0,0.00041313473417091846,-0.0005404609817867803,0.0008863248749379581,0.005545144908582184,0.0023626468424116955,-0.0025021278873388598
12.563,0.0,0.00041313473417091846,-0.0005404609817867803,0.0008863248749379581,0.005545144908582184,0.0023626468424116955,-0.0025021278873388598
12.583,0.0,0.0003586937166104585,-0.0005272376713766894,0.0009164820456562314,0.005817293859669224,0.002349352653108549,-0.002210027415344546
12.603,0.0,0.0003593567387562005,-0.0005451697249335549,0.0008735973544163333,0.005535690480057519,0.0023636479742115057,-0.002220789860979044
12.623,0.0,0.0003001421564568564,-0.000531003688748485,0.0009343886831555638,0.005795910075735931,0.002208953809572817,-0.001786811687369233
12.643,0.0,0.0003596193823329247,-0.0005137858252044445,0.000874147327405895,0.005521547684585074,0.002080899148802212,-0.0022199051602251082
12.663,0.0,0.0003596193823329247,-0.0005137858252044445,0.000874147327405895,0.005521547684585074,0.002080899148802212,-0.0022199051602251082
12.683,0.0,0.0003028576336871841,-0.0005383848378379344,0.0008812588743096875,0.0055111596567037685,0.002082047400811298,-0.0019375966511997764
12.703,0.0,0.0003428222122733129,-0.000566006032362083,0.0007976987626459159,0.004929921977839526,0.001687070080090317,-0.0020988266314285924
12.723,0.0,0.0003374787979968824,-0.0006127486639042329,0.0007542550938424294,0.004635186839458911,0.0015599486337524594,-0.0019670081559800844
12.743,0.0,0.0003673217167646856,-0.0006389346612176384,0.000729997339785367,0.004491896244005613,0.0014231093771583704,-0.002119572643721827
12.763,0.0,0.0003673217167646856,-0.0006389346612176384,0.000729997339785367,0.004491896244005613,0.0014231093771583704,-0.002119572643721827
12.783,0.0,0.00034222197148835176,-0.000603278159814538,0.0007340191733795738,0.004649391522167771,0.0018428248884309478,-0.0019679332996224335
12.803,0.0,0.00038627016387620685,-0.000633839857982704,0.0006943732823788528,0.004337792910031982,0.00129195002948756,-0.001976553119704487
12.823,0.0,0.00040638055390109754,-0.0006183485064756862,0.0007300117750201642,0.004618108751568225,0.0011368466579626273,-0.0021081110630862044
12.843,0.0,0.0004048998506658317,-0.0005975075662075989,0.0008003479146221497,0.005042188586710509,0.001112426371546063,-0.0020987534043647813
12.863,0.0,0.0004048998506658317,-0.0005975075662075989,0.0008003479146221497,0.005042188586710509,0.001112426371546063,-0.0020987534043647813
12.883,0.0,0.00033186758677480194,-0.0006152978787505331,0.0007764961012087874,0.004944299692264939,0.001969091591984496,-0.002098993941415357
12.903,0.0,0.0003175775425537326,-0.0006576617096876152,0.0007776135455554043,0.004806052511795794,0.0021155958743696284,-0.001968462634040997
12.923,0.0,0.0003021685209677874,-0.0006135222204954343,0.0008128253341691779,0.004960355645425931,0.002392856584677833,-0.001957739512989105
12.943,0.0,0.00033263137777324184,-0.0005890368252382685,0.0008590633179380386,0.005240630859360093,0.0022370821005155924,-0.0020884582924282275
12.963,0.0,0.00033263137777324184,-0.0005890368252382685,0.0008590633179380386,0.005240630859360093,0.0022370821005155924,-0.0020884582924282275
12.983,0.0,0.0002516964260936439,-0.0005516128560172748,0.0008314720899949323,0.005274384874455246,0.0030845832862725414,-0.0018076541821635216
13.003,0.0,0.0002194213135360263,-0.0005950008001273588,0.0007851068523770689,0.004994627938043969,0.0032407880007143805,-0.001676331405301243
13.023,0.0,0.00014492978360137839,-0.0006177087916676594,0.0008103936862862092,0.004996925128914755,0.003381953794605787,-0.0015355379921731564
13.043,0.0,6.880465122267308e-05,-0.0006270136841874242,0.0008724188296568445,0.005141161974317784,0.0036603943281873588,-0.001241579747932207
13.063,0.0,6.880465122267308e-05,-0.0006270136841874242,0.0008724188296568445,0.005141161974317784,0.0036603943281873588,-0.001241579747932207
13.083,0.0,2.8129950893636822e-05,-0.000623204198082119,0.0008689107364949927,0.005146190159762902,0.003943947118347095,-0.0009601804045805506
13.103,0.0,1.1360837872189717e-05,-0.0006118665341748306,0.0008775253837255011,0.005160620023205083,0.004226514490096196,-0.0009603685993139231
13.123,0.0,0.00010312233718229334,-0.000624943970826345,0.0008670430718210625,0.005013003932542943,0.0038060779354632183,-0.0013942627168943894
13.143,0.0,-2.781445745261812e-06,-0.0005725515034836165,0.0009120814572492762,0.005416967051625491,0.003788433250704467,-0.0008083371082345006
13.163,0.0,-2.781445745261812e-06,-0.0005725515034836165,0.0009120814572492762,0.005416967051625491,0.003788433250704467,-0.0008083371082345006
13.183,0.0,0.00011756387986198865,-0.0006008692830023169,0.000847092497034848,0.005112291366830351,0.003096077206377919,-0.0012411365283562779
13.203,0.0,7.612443667586016e-05,-0.0005902060975721719,0.0009276723120505296,0.005411759781335493,0.0035056563152578487,-0.0010906097743830904
13.223,0.0,0.0002491469608941204,-0.0006127726331335302,0.0009285058962458318,0.005500912207179432,0.0020823791931161785,-0.00165439122833158
13.243,0.0,0.0003035077365437511,-0.0005787240866567312,0.000932762879356716,0.005496009263521247,0.0017993310085624116,-0.0019377442781337937
13.263,0.0,0.0003035077365437511,-0.0005787240866567312,0.000932762879356716,0.005496009263521247,0.0017993310085624116,-0.0019377442781337937
13.283,0.0,0.0003673241189625027,-0.0006042679153098484,0.0009080648101741087,0.0054671616776898226,0.0012339998174927807,-0.0019364148691528714
13.303,0.0,0.0003745016989918747,-0.000581715133708448,0.0008251745302567798,0.005182038362390464,0.0011076361633577377,-0.002087828397669482
13.323,0.0,0.00042960118810041393,-0.0005461607311679629,0.0008087983485183261,0.005180368520951417,0.0009656744480199789,-0.0022292263303241525
13.343,0.0,0.0004534102890278462,-0.0005384425769422211,0.0007112028169015989,0.0047431985237236145,0.0007023690049653253,-0.0022497390160814814
13.363,0.0,0.0004534102890278462,-0.0005384425769422211,0.0007112028169015989,0.0047431985237236145,0.0007023690049653253,-0.0022497390160814814
13.383,0.0,0.000483674916278689,-0.0005417682002303546,0.0007124426076148407,0.0047404778161413376,0.0005614001041824815,-0.002390978590412998
13.403,0.0,0.0005328075390781838,-0.0005430940932117798,0.0007331121598679515,0.004879320945520813,0.0004151554947362074,-0.002521040736982298
13.423,0.0,0.0004572005919605896,-0.0005692911155879904,0.0007121724952100885,0.004731066558322812,0.0005614485227577117,-0.0021087706431304216
13.443,0.0,0.0003895103253857333,-0.0005689743909980521,0.0006540211300253584,0.004450734840802481,0.0007175673079819199,-0.001978043096064618
13.463,0.0,0.0003895103253857333,-0.0005689743909980521,0.0006540211300253584,0.004450734840802481,0.0007175673079819199,-0.001978043096064618
13.483,0.0,0.00029751491036506043,-0.0005832561654305009,0.0006313390082035364,0.004313583062464893,0.0010103730366540266,-0.001694629588476651
13.503,0.0,0.0002803070215329023,-0.0005719486468336782,0.0006489850560488055,0.004328175322220119,0.0012927405558125023,-0.0016948669752057807
13.523,0.0,0.00028739405054783686,-0.0005366722108885436,0.0006909995861735663,0.004636825944850924,0.0017017665289338266,-0.0018255135782191075
13.543,0.0,0.00037026339534442106,-0.000575705823199861,0.0007053456102819019,0.004659091198400583,0.0018419707958344405,-0.0022495383046832323
13.563,0.0,0.00037026339534442106,-0.000575705823199861,0.0007053456102819019,0.004659091198400583,0.0018419707958344405,-0.0022495383046832323
13.583,0.0,0.00037424203055663903,-0.0006239254894532628,0.0006820581631133604,0.004362428662411173,0.00157382311223348,-0.0022598799487944157
13.603,0.0,0.0003840277587287539,-0.0006552730145915956,0.0006820336750208708,0.004377112144474257,0.0018561292269769878,-0.002260229277378837
13.623,0.0,0.0003728608650059257,-0.0006811472951593952,0.00065751028709892,0.004094667954091575,0.001871063588898431,-0.002269625290213123
13.643,0.0,0.0003998096348223009,-0.0006804733567105977,0.0005845502496832179,0.0038273708556261147,0.002167747220859593,-0.0022801240760924628
13.663,0.0,0.0003998096348223009,-0.0006804733567105977,0.0005845502496832179,0.0038273708556261147,0.002167747220859593,-0.0022801240760924628
13.683,0.0,0.00043232838623295686,-0.0006580455456752901,0.0006490760199256417,0.004119261152444041,0.0021527828749522263,-0.0025528714823731167
13.703,0.0,0.00046038202540713756,-0.0006290461536690979,0.0007031166513379507,0.004526869500013936,0.0017047837874379914,-0.002683898973524226
13.723,0.0,0.0004602122252383254,-0.0006062223930644589,0.0007395932900838357,0.004666701745451546,0.0017001167467860599,-0.002673003995260352
13.743,0.0,0.000418358339858689,-0.0005975357013528492,0.000773577288772029,0.004813001197368404,0.0019730034998474218,-0.002392372821962158
13.763,0.0,0.000418358339858689,-0.0005975357013528492,0.000773577288772029,0.004813001197368404,0.0019730034998474218,-0.002392372821962158
13.783,0.0,0.000432953663680085,-0.0005725727542134956,0.0007279172254542227,0.004671644728280391,0.001983157551978395,-0.0023918406094716326
13.803,0.0,0.00046108452956610414,-0.0005918441187675698,0.0007464824317768838,0.00481133887366397,0.001831243245977564,-0.0025336666170690044
13.823,0.0,0.0004261007129950716,-0.0005662400489117884,0.0007891741314734046,0.004980682255270721,0.0023911651612410463,-0.002522815055938354
13.843,0.0,0.00039396684129732986,-0.0005490518587667473,0.0009038236562260232,0.005559287313423207,0.002645221142378161,-0.0025030145246651785
13.863,0.0,0.00039396684129732986,-0.0005490518587667473,0.0009038236562260232,0.005559287313423207,0.002645221142378161,-0.0025030145246651785
13.883,0.0,0.0003585725071852598,-0.0005173161439698782,0.0009365207683336289,0.005817293859669224,0.002349352653108549,-0.002210027415344546
13.903,0.0,0.0003807516109415565,-0.0005331547052941401,0.0010137261853212405,0.006082863716027269,0.0019105484449445749,-0.0023414617950202536
13.923,0.0,0.00038661132968360016,-0.0005575285327187087,0.0009147440875019315,0.0055332709028701925,0.0022221928050014956,-0.002361432636292743
13.943,0.0,0.0004403759076768197,-0.0005776933023207243,0.0008909670900922851,0.005402856239520754,0.002225753465318059,-0.0026555122199748214
13.963,0.0,0.0004403759076768197,-0.0005776933023207243,0.0008909670900922851,0.005402856239520754,0.002225753465318059,-0.0026555122199748214
13.983,0.0,0.00047684398561106863,-0.000572997358906376,0.0009172784345696107,0.0056701845668636975,0.0019296330192165615,-0.002644618979882524
14.003,0.0,0.0005190363458786256,-0.0005673227060536103,0.000900162573136712,0.005668437873242912,0.0017878528873536649,-0.0027858271134684398
14.023,0.0,0.0005483859974248839,-0.0006099641246807773,0.000924592818275429,0.005638754167020424,0.0012226971175928196,-0.002785640785299105
14.043,0.0,0.0004621073540856749,-0.0005386325300569133,0.0009718965766172008,0.006025200949261803,0.0007806119558429698,-0.0023397516730942905
14.063,0.0,0.0004621073540856749,-0.0005386325300569133,0.0009718965766172008,0.006025200949261803,0.0007806119558429698,-0.0023397516730942905
14.083,0.0,0.0004875425528468594,-0.0005355365382794235,0.0009459865996803344,0.005896633195151668,0.0009263888153766476,-0.0024926613753755676
14.103,0.0,0.000548895884969238,-0.000520736512798427,0.0009209606819240079,0.005877526658167216,0.00036075453527628637,-0.0027747432027111457
14.123,0.0,0.0005838619271677131,-0.0005350411744425394,0.0008519912393892194,0.005468060206509397,0.000667417544060528,-0.0027831589710698387
14.143,0.0,0.0006490862244294214,-0.0005461474329493683,0.0008178153745078636,0.005338229554758305,0.0006717104494114186,-0.0030767409256073617
14.163,0.0,0.0006490862244294214,-0.0005461474329493683,0.0008178153745078636,0.005338229554758305,0.0006717104494114186,-0.0030767409256073617
14.183,0.0,0.000668987216403257,-0.000551059623571331,0.0008719296136050357,0.005631788446910209,0.0007980930942664746,-0.003208558735222822
14.203,0.0,0.0005853121452660421,-0.0005664349123272222,0.0008797762549112178,0.005494363615254448,0.0010914199999470604,-0.002925021321945094
14.223,0.0,0.000595236098140702,-0.0005778024244366076,0.0008708996583144623,0.005492584612854851,0.000949402707197678,-0.0030661818872689097
14.243,0.0,0.0006119417880233335,-0.0006030565457629936,0.0008457734205837538,0.005338229554758305,0.0006717104494114186,-0.0030767409256073617
14.263,0.0,0.0006119417880233335,-0.0006030565457629936,0.0008457734205837538,0.005338229554758305,0.0006717104494114186,-0.0030767409256073617
14.283,0.0,0.0005747427091927812,-0.000616207436647152,0.0008087985808328758,0.005072830254685866,0.0011103687098410343,-0.0029466941932612812
14.303,0.0,0.0005802773215364516,-0.0006583996049005527,0.000736347970265337,0.004674277428358494,0.0015579865748276112,-0.003096217918104191
14.323,0.0,0.0005833891251126568,-0.0006857375665799355,0.0006820739709631903,0.0044065996004613766,0.0018542610186870327,-0.003107121735331073
14.343,0.0,0.000553871358552309,-0.0007106223554638822,0.0006265183629851591,0.004124346300890752,0.0018692429914296048,-0.0031165874618187383
14.363,0.0,0.000553871358552309,-0.0007106223554638822,0.0006265183629851591,0.004124346300890752,0.0018692429914296048,-0.0031165874618187383
14.383,0.0,0.0005360707227488243,-0.0007177244025636692,0.0006372176751015353,0.004100652519529847,0.0015873056032374695,-0.0028345008901981424
14.403,0.0,0.0004097421212333311,-0.0007148542238111546,0.0006594130778458316,0.004094667954091575,0.001871063588898431,-0.002269625290213123
14.423,0.0,0.00038999805077500954,-0.0006837327111343742,0.0006750427134213626,0.004138203019938718,0.0027182670023753446,-0.0022705217195058275
14.443,0.0,0.00041360498582751514,-0.0006866012905849542,0.0006654612959297113,0.00414993634120166,0.0028594793000726545,-0.0024120508412014286
14.463,0.0,0.00041360498582751514,-0.0006866012905849542,0.0006654612959297113,0.00414993634120166,0.0028594793000726545,-0.0024120508412014286
14.483,0.0,0.00042695347931600295,-0.0006950465533602431,0.0006418275720899018,0.003882563131888132,0.0031557946606322936,-0.00242243065413498
14.503,0.0,0.0003946316013335375,-0.0007010702077767672,0.0006108523526818841,0.0038707175365102547,0.003015407598194111,-0.002281683301231628
14.523,0.0,0.0003871532897808094,-0.0006801756076257247,0.000600484530956764,0.0038707175365102547,0.003015407598194111,-0.002281683301231628
14.543,0.0,0.0004053062021635374,-0.0007198384848753537,0.0005674872523576655,0.0035882832210753566,0.0030304061944934407,-0.00229118366697549
14.563,0.0,0.0004053062021635374,-0.0007198384848753537,0.0005674872523576655,0.0035882832210753566,0.0030304061944934407,-0.00229118366697549
14.583,0.0,0.000399674027193116,-0.0007016100058072802,0.0006516591972774644,0.0038565967658358217,0.00273295324248577,-0.0022807758471530197
14.603,0.0,0.0003705799120734932,-0.0007097397537117008,0.0006589589141076886,0.003872174073299516,0.0031569197896288473,-0.0021400918741127845
14.623,0.0,0.0003222808956608239,-0.0006886472764815203,0.0007088241798857282,0.004169584375396136,0.003424187825463329,-0.0021303864423459187
14.643,0.0,0.00038935546212069975,-0.0006878189800796804,0.0007380984891117537,0.004433033066884749,0.0028451818408214624,-0.0024022787946553163
14.663,0.0,0.00038935546212069975,-0.0006878189800796804,0.0007380984891117537,0.004433033066884749,0.0028451818408214624,-0.0024022787946553163
14.683,0.0,0.00034474847587192723,-0.0006720133868221065,0.0007273663606044033,0.0044077946148102735,0.0025630843049216315,-0.002119436909320707
14.703,0.0,0.00026932735861660915,-0.0006569246846251135,0.0007764403108529608,0.004680442509998129,0.002549136306738199,-0.0018264947156026556
14.723,0.0,0.00026943042459492213,-0.0006639341901237299,0.0007635657099918005,0.004398523863684949,0.0025633127408232533,-0.0018372453729242403
14.743,0.0,0.0003122377551882022,-0.0006245400341239791,0.000852581156574714,0.004973565233165697,0.0025344586642077225,-0.002099751518219118
14.763,0.0,0.0003122377551882022,-0.0006245400341239791,0.000852581156574714,0.004973565233165697,0.0025344586642077225,-0.002099751518219118
14.783,0.0,0.00027969139356681937,-0.0006142500616237008,0.0009041143147797414,0.005257742639213824,0.0026616654995911372,-0.0019482942676503517
14.803,0.0,0.0003019401951292124,-0.0005634742378292227,0.0010123922313044738,0.005834670100082657,0.0027732292518940225,-0.0020691149556601356
14.823,0.0,0.00031770572517450806,-0.0005887996904925292,0.0009149078159685101,0.005283710830222501,0.003084459286565015,-0.002089941978211429
14.843,0.0,0.0003886510439484385,-0.0005481520789402777,0.0009444378358922598,0.005547640375987,0.00250406054112732,-0.0023615866945456906
14.863,0.0,0.0003886510439484385,-0.0005481520789402777,0.0009444378358922598,0.005547640375987,0.00250406054112732,-0.0023615866945456906
14.883,0.0,0.0004839603274010596,-0.0005342951938345588,0.0009558753072698085,0.0056996742496189245,0.00249423966840613,-0.0026446413181172982
14.903,0.0,0.00040147577346020635,-0.0005227740486833082,0.000987611946822262,0.0058448598598502075,0.00277278301755894,-0.0023521333804669446
14.923,0.0,0.0004178110859801396,-0.0005550349662468053,0.0010090898230798403,0.0058417056629405315,0.0026308007076598053,-0.0024930641515823683
14.943,0.0,0.000528488088034135,-0.0005549683664383898,0.000976746919824187,0.005823509084944478,0.002065908041747287,-0.0027749618874925277
14.963,0.0,0.000528488088034135,-0.0005549683664383898,0.000976746919824187,0.005823509084944478,0.002065908041747287,-0.0027749618874925277
14.983,0.0,0.0004766433586436802,-0.0005875592407164917,0.000939381072961253,0.005543467938626288,0.002221823069709981,-0.002644381816401556
15.003,0.0,0.0004300257640970556,-0.0006300646673810122,0.0009141176484583021,0.005250772415385661,0.002236622558894837,-0.0023714391573146365
15.023,0.0,0.0004192490297622077,-0.0006489735660443399,0.0008934701739016657,0.005250772415385661,0.002236622558894837,-0.0023714391573146365
15.043,0.0,0.0003125126701854651,-0.0006454777334274884,0.0008514281384071354,0.004989277994206895,0.002957687410466383,-0.001958280071066754
15.063,0.0,0.0003125126701854651,-0.0006454777334274884,0.0008514281384071354,0.004989277994206895,0.002957687410466383,-0.001958280071066754
15.083,0.0,0.0003058513225321833,-0.0006748521237196332,0.0008715216519336402,0.004975194466253215,0.0026760943727034137,-0.001958272594389472
15.103,0.0,0.00023613873691844667,-0.0007328542256536609,0.0007986903435346345,0.004427533631922469,0.003128120501089825,-0.0018377822646975705
15.123,0.0,0.00017098960416899738,-0.0007389447229870248,0.0007503273963870181,0.00426143419591536,0.0028568253509260533,-0.001553738311312781
15.143,0.0,0.00020362340206297135,-0.0007143379345365501,0.0007061780043883811,0.004106343877597295,0.0025789282681262476,-0.0015648895358439908
15.163,0.0,0.00020362340206297135,-0.0007143379345365501,0.0007061780043883811,0.004106343877597295,0.0025789282681262476,-0.0015648895358439908
15.183,0.0,0.00024124016983341219,-0.0006578966595571703,0.0006789565922492476,0.004104194304895647,0.002437715123628722,-0.0017057799812222924
15.203,0.0,0.00011597331675860232,-0.0006579567702510975,0.000734156890371617,0.00439330026056508,0.0028474780898812835,-0.0012725959886435362
15.223,0.0,0.00012703006215908222,-0.0006221632177721861,0.000778725468458692,0.004675470119490195,0.002832429362904089,-0.0012630560244160363
15.243,0.0,0.00013021147140427602,-0.0006127594000800455,0.0007874445611650038,0.004690414305343806,0.003114712996209374,-0.0012628196748792789
15.263,0.0,0.00013021147140427602,-0.0006127594000800455,0.0007874445611650038,0.004690414305343806,0.003114712996209374,-0.0012628196748792789
15.283,0.0,0.0001718761901180671,-0.0006071095664035594,0.0007803579187434992,0.004688196177843953,0.002973590911759926,-0.0014037884999869687
15.303,0.0,0.00021879059490263766,-0.0006218020901915701,0.0007749869703440632,0.004670854579581911,0.0025499013258477587,-0.0015447712437934107
15.323,0.0,0.00022267524276906037,-0.0005850363705038483,0.000827338127729095,0.004965654182876431,0.0026760591378722533,-0.0016758405084181431
15.343,0.0,0.00021356523391297122,-0.0005567057780995325,0.0008501213886963669,0.005249874805206194,0.0028032397317149862,-0.0015242863506473876
15.363,0.0,0.00021356523391297122,-0.0005567057780995325,0.0008501213886963669,0.005249874805206194,0.0028032397317149862,-0.0015242863506473876
15.383,0.0,0.000195855593400217,-0.000555325308805056,0.0008586767322428453,0.005263970335388648,0.0030856628839069132,-0.0015251939060508767
15.403,0.0,0.00015422958711675197,-0.0006092561976094988,0.0008303209764644324,0.004999109915008876,0.003524014949643551,-0.0013935753646619885
15.423,0.0,7.870429247038691e-05,-0.0006315060577009919,0.0008659040416456561,0.005003232158951713,0.0038067961706740555,-0.001112388338151306
15.443,0.0,0.00015219635431687977,-0.0006372184288245917,0.0007944330140274247,0.004758104207632741,0.0042444443401552035,-0.001546613957706715
15.463,0.0,0.00015219635431687977,-0.0006372184288245917,0.0007944330140274247,0.004758104207632741,0.0042444443401552035,-0.001546613957706715
15.483,0.0,0.00014795936828665893,-0.0006327456370183028,0.0008221206668708263,0.004883598379867017,0.003956571400935092,-0.0015345904423735403
15.503,0.0,0.00016176899398334443,-0.0006078150376848334,0.0008055203953005297,0.0047435549259617045,0.003961904583866825,-0.0015462996187734382
15.523,0.0,0.00015263966419177982,-0.0006133662716479528,0.0008209313083151246,0.004898187717696319,0.004239168410853878,-0.001534878798683524
15.543,0.0,0.00012006479370235814,-0.000599549272238891,0.0008300446131712949,0.004886181654177969,0.004098905531406405,-0.0013939547214716795
15.563,0.0,0.00012006479370235814,-0.000599549272238891,0.0008300446131712949,0.004886181654177969,0.004098905531406405,-0.0013939547214716795
15.583,0.0,0.00011643002828768767,-0.0005930601227803477,0.0007818926915744651,0.00476019950592285,0.0043853679818746496,-0.0014056338411454197
15.603,0.0,0.00013095867029014023,-0.0006044750126172248,0.0008636616905970794,0.005180177553625411,0.0042251078749440145,-0.0015242324278442875
15.623,0.0,0.00018487646521580476,-0.0005758877396932617,0.0008637529970438808,0.005319992689872246,0.0040735981386854124,-0.0016664611093264276
15.643,0.0,0.00021673593079532086,-0.0004941581638532585,0.0009345020135756385,0.0058681971073486225,0.0036200066059705487,-0.0017880578847693138
15.663,0.0,0.00021673593079532086,-0.0004941581638532585,0.0009345020135756385,0.0058681971073486225,0.0036200066059705487,-0.0017880578847693138
15.683,0.0,0.000267201725722038,-0.0004969112995671826,0.0008616410510748546,0.005609945428499593,0.00391721559616281,-0.0020808738724487244
15.703,0.0,0.00027583213514573716,-0.0004694290494949005,0.0009103342901027551,0.0058369824861053445,0.0029144035687479843,-0.0019283507526851836
15.723,0.0,0.0003200125296909523,-0.00046178116337406685,0.000836659622410199,0.00559291083015663,0.003493325190438045,-0.0022212153355459833
15.743,0.0,0.0003677974069692412,-0.0004883711752025009,0.0008771368766192783,0.005830039570246206,0.0024896059570695683,-0.0023515966632606613
15.763,0.0,0.0003677974069692412,-0.0004883711752025009,0.0008771368766192783,0.005830039570246206,0.0024896059570695683,-0.0023515966632606613
15.783,0.0,0.0003058867577195521,-0.0004886200785970368,0.0008294604920860306,0.005539574736626238,0.0026465427656170042,-0.001938645855889912
15.803,0.0,0.00034654464178324906,-0.0004893493466799881,0.0007798871832340286,0.005240630859360093,0.0022370821005155924,-0.0020884582924282275
15.823,0.0,0.0003798571135345924,-0.0005020981423964226,0.000783599798520842,0.005211053482684205,0.0016722364162695658,-0.002088381247130646
15.843,0.0,0.00040013031383666,-0.0005045076019523023,0.0007853232301739332,0.005209392667148714,0.0015303676194018427,-0.002229795006095282
15.863,0.0,0.00040013031383666,-0.0005045076019523023,0.0007853232301739332,0.005209392667148714,0.0015303676194018427,-0.002229795006095282
15.883,0.0,0.0004191496290938294,-0.0005293071028117964,0.0007688925175064939,0.005069521087494787,0.001535132258680079,-0.0022406660213581875
15.903,0.0,0.0004142510798042286,-0.0005999391392482798,0.0007281622939320425,0.0046446307240578764,0.00155986286308908,-0.002249251755811097
15.923,0.0,0.0004621048829197665,-0.0006046820940481668,0.0007228117568324802,0.004628468256304337,0.001135617165852209,-0.0023903071360107417
15.943,0.0,0.0004632328970928178,-0.0006419801378889346,0.0006874284733487693,0.004359992385277924,0.001432275033853453,-0.0024005044106149413
15.963,0.0,0.0004632328970928178,-0.0006419801378889346,0.0006874284733487693,0.004359992385277924,0.001432275033853453,-0.0024005044106149413
15.983,0.0,0.000423424931166063,-0.0006520412063407544,0.0006688616890317482,0.004219771481324142,0.0014377007838085026,-0.002412043063232863
16.003,0.0,0.000371068372145533,-0.0006777541621510257,0.0006942766546576872,0.004238597127356882,0.002002483085154102,-0.0021295820990163577
16.023,0.0,0.00040133472468212235,-0.0006672194563690161,0.0007129812867090969,0.004377112144474257,0.0018561292269769878,-0.002260229277378837
16.043,0.0,0.00042721900537422646,-0.0007169729512386944,0.0007699649528092793,0.004531821184388595,0.001987847343611662,-0.0024028280400132046
16.063,0.0,0.00042721900537422646,-0.0007169729512386944,0.0007699649528092793,0.004531821184388595,0.001987847343611662,-0.0024028280400132046
16.083,0.0,0.0004263242665319301,-0.000686660973686208,0.0008409597850905253,0.004952031024897385,0.0018272548307387265,-0.00252254995992775
16.103,0.0,0.0003725208986832333,-0.0007122801862422271,0.0007750814390247185,0.004560217120201489,0.0025524077956979663,-0.002403780911933901
16.123,0.0,0.0003747331609731154,-0.0007062414853793223,0.0007387191460737727,0.0044182072011476935,0.002562043566955333,-0.0024017793942979217
16.143,0.0,0.0003975979370113529,-0.0006912617584652688,0.0007730504207112994,0.004712847784699661,0.0026889291975352625,-0.002533417812298514
16.163,0.0,0.0003975979370113529,-0.0006912617584652688,0.0007730504207112994,0.004712847784699661,0.0026889291975352625,-0.002533417812298514
16.183,0.0,0.00030840642566883726,-0.0007126269870707796,0.0008178061470003201,0.004705135816684124,0.0028305924970073383,-0.002109815164266816
16.203,0.0,0.0003519899901829817,-0.0006900803869703469,0.0008639294708278548,0.004997106765160058,0.0028160570173433133,-0.002381988351911373
16.223,0.0,0.0004114606688805333,-0.0006654899433454093,0.0009382288057921754,0.005419544681409024,0.0026499737105051277,-0.0025140126764244064
16.243,0.0,0.00046680035128003513,-0.0006442754897080241,0.0008950075645214207,0.0052727792719466865,0.002376694413070136,-0.002795072158122442
16.263,0.0,0.00046680035128003513,-0.0006442754897080241,0.0008950075645214207,0.0052727792719466865,0.002376694413070136,-0.002795072158122442
16.283,0.0,0.00047740450115575916,-0.0006551311469427883,0.0008655167280052029,0.0052727792719466865,0.002376694413070136,-0.002795072158122442
16.303,0.0,0.00043121722255026523,-0.0006235008020510403,0.0008353849332079989,0.005136881543933378,0.0026643546175335506,-0.0025239268427824342
16.323,0.0,0.00037881548110826104,-0.0006788817909781366,0.0007614080574279298,0.004714414760249352,0.0028304681812993597,-0.0023919903694699174
16.343,0.0,0.00043029510793776666,-0.0006269228838615785,0.0007892774594661974,0.004980682255270721,0.0023911651612410463,-0.002522815055938354
16.363,0.0,0.00043029510793776666,-0.0006269228838615785,0.0007892774594661974,0.004980682255270721,0.0023911651612410463,-0.002522815055938354
16.383,0.0,0.00032200500687561487,-0.0006558881426074072,0.0008525625511570562,0.0049878146630424084,0.0028162358510883567,-0.002099808571389739
16.403,0.0,0.0003072432358353975,-0.0005872361095303149,0.0008747681022377148,0.005269680664540331,0.002802105388877017,-0.00208910251067213
16.423,0.0,0.00037367361729311434,-0.0006248032503236721,0.0008995876823072588,0.005265052556819217,0.0025185085622199733,-0.00237157133088742
16.443,0.0,0.0003859108867819319,-0.0005849219301108332,0.0008711237264784814,0.005253113377115538,0.0023780374846910876,-0.0022308150335373163
16.463,0.0,0.0003859108867819319,-0.0005849219301108332,0.0008711237264784814,0.005253113377115538,0.0023780374846910876,-0.0022308150335373163
16.483,0.0,0.00033987144038808255,-0.0005970478586438921,0.0008135930947789341,0.0049878146630424084,0.0028162358510883567,-0.002099808571389739
16.503,0.0,0.00030873447879358303,-0.0005295013911163655,0.0008896321086148543,0.005539574736626238,0.0026465427656170042,-0.001938645855889912
16.523,0.0,0.00029560055695891587,-0.000509206429961796,0.0009066669000542571,0.005566321600030703,0.003070087002264937,-0.0020799530069150977
16.543,0.0,0.000312406505370365,-0.0004857096341296378,0.0009063746943350717,0.005682272306775042,0.0026367556239530066,-0.0019396020076448317
16.563,0.0,0.000312406505370365,-0.0004857096341296378,0.0009063746943350717,0.005682272306775042,0.0026367556239530066,-0.0019396020076448317
16.583,0.0,0.00035463053723194636,-0.0004770833253904073,0.000945905614053459,0.0058316004765032944,0.0026312222267461205,-0.0022101647938048636
16.603,0.0,0.00031424886795316566,-0.00046385824957321294,0.0009631460891503375,0.005834670100082657,0.0027732292518940225,-0.0020691149556601356
16.623,0.0,0.00035659143693512633,-0.000409394306852383,0.0009698082518775278,0.006102041640522421,0.0024763005088559256,-0.0020593095644018547
16.643,0.0,0.00042419089478850134,-0.00045331870725629197,0.0009122178373758249,0.00580062894395659,0.0019250653093506307,-0.0023516078722994266
16.663,0.0,0.00042419089478850134,-0.00045331870725629197,0.0009122178373758249,0.00580062894395659,0.0019250653093506307,-0.0023516078722994266
16.683,0.0,0.00042510365531426767,-0.00043233989373331664,0.0008730804647117677,0.005787991042389024,0.001783885971162564,-0.002209201223838817
16.703,0.0,0.00040796976542213333,-0.00046076099076853574,0.0009026300221009944,0.005773639238252359,0.0015018427427653872,-0.002209031199184981
16.723,0.0,0.00043669093718973337,-0.0004740973698807931,0.0009148004518458129,0.005771895806303554,0.0013599148179717368,-0.002350401093653385
16.743,0.0,0.00047108869922086143,-0.0005241929211433359,0.00088415496013988,0.005475012354890492,0.0010920943901563363,-0.002360099115917786
16.763,0.0,0.00047108869922086143,-0.0005241929211433359,0.00088415496013988,0.005475012354890492,0.0010920943901563363,-0.002360099115917786
16.783,0.0,0.00044975684156045353,-0.0005272416758953817,0.0009332720275049802,0.005575658904787375,0.0003758145549472218,-0.0022197831965408764
16.803,0.0,0.000423674133832271,-0.000597585325060434,0.0008780113853600119,0.005194943791636311,0.0012481638541390388,-0.002229516517402939
16.823,0.0,0.0004352481513642856,-0.0005979569658594928,0.0008582366247456358,0.005192418929489175,0.001106446814417536,-0.002370085572858666
16.843,0.0,0.00045166546922155914,-0.0006436845327945306,0.0008526302146305408,0.0050523293373497076,0.0011119544938764387,-0.0023817264540575574
16.863,0.0,0.00045166546922155914,-0.0006436845327945306,0.0008526302146305408,0.0050523293373497076,0.0011119544938764387,-0.0023817264540575574
16.883,0.0,0.0004390878098717495,-0.0006417343990936346,0.0008427815299931529,0.005040434727807569,0.0009703838347811352,-0.0022400810307400872
16.903,0.0,0.00043136881822956424,-0.000641315096249309,0.0008509131132273598,0.005055041800727731,0.00125290101011263,-0.0022403805264951597
16.923,0.0,0.00041202241584901696,-0.0006040615740479621,0.0008211685428917554,0.004939452720200936,0.0016861619000838215,-0.00238028254889067
16.943,0.0,0.00041322823848344493,-0.0006145618169958939,0.0008307530344197635,0.004953608803392468,0.001968932820944718,-0.0023811872051249716
16.963,0.0,0.00041322823848344493,-0.0006145618169958939,0.0008307530344197635,0.004953608803392468,0.001968932820944718,-0.0023811872051249716
16.983,0.0,0.000405795028202436,-0.0005966950587803151,0.0008724478102862815,0.005248271024588986,0.002095154588381064,-0.002512004427940421
17.003,0.0,0.0003774908657767799,-0.0006217377488244673,0.0008358875913653457,0.004983082334516522,0.002533524588450075,-0.0023811866420914204
17.023,0.0,0.00042246175488208035,-0.0006165929743556779,0.000817465277887493,0.004995708168297133,0.0026745490398559584,-0.002523514006649119
17.043,0.0,0.0004774201587713629,-0.0005989213900984376,0.0008377330738962676,0.0051469387329666485,0.002663910230562383,-0.0028067118453743477
17.063,0.0,0.0004774201587713629,-0.0005989213900984376,0.0008377330738962676,0.0051469387329666485,0.002663910230562383,-0.0028067118453743477
17.083,0.0,0.00048781284355732676,-0.0005760215561731657,0.0008647841674756233,0.00528761306911072,0.0026599248782349033,-0.0027955403481884724
17.103,0.0,0.00045532737390914556,-0.0005860864915593245,0.0008373984795113612,0.005135312886898021,0.002522790907661508,-0.0026652644907297217
17.123,0.0,0.0005222101923991207,-0.0006365054912256479,0.0008246996411667345,0.00498830206338663,0.0022492791522620483,-0.00294617135404224
17.143,0.0,0.00047901508571387703,-0.000666061036320976,0.0008252895945874721,0.00485026054447455,0.002395795603160061,-0.0028158560909658085
17.163,0.0,0.00047901508571387703,-0.000666061036320976,0.0008252895945874721,0.00485026054447455,0.002395795603160061,-0.0028158560909658085
17.183,0.0,0.0004936864941105084,-0.0007471475541681427,0.0008572330959417374,0.004823057444894066,0.0019725503111533245,-0.0026752239595999564
17.203,0.0,0.00045273277105779895,-0.0007194229100848432,0.0008523286760834458,0.004952031024897385,0.0018272548307387265,-0.00252254995992775
17.223,0.0,0.000425474184038911,-0.0007335116388207566,0.0008158429960634891,0.00468677135951535,0.0022657632370519784,-0.002391710585972275
17.243,0.0,0.0004316063195934568,-0.0006965888836584605,0.0008520747456355635,0.004939452720200936,0.0016861619000838215,-0.00238028254889067
17.263,0.0,0.0004316063195934568,-0.0006965888836584605,0.0008520747456355635,0.004939452720200936,0.0016861619000838215,-0.00238028254889067
17.283,0.0,0.00038885987493886086,-0.0007341762840970093,0.000805961905075485,0.004560217120201489,0.0025524077956979663,-0.002403780911933901
17.303,0.0,0.0003585226562452817,-0.0007178888820181994,0.0008211538815764737,0.004702648719590999,0.0026892865667869467,-0.0022503900237134692
17.323,0.0,0.00038805152695736044,-0.0006998292898720909,0.000823908357164617,0.00468677135951535,0.0022657632370519784,-0.002391710585972275
17.343,0.0,0.00046079109304975074,-0.0006696244187759666,0.0008520286760189135,0.004963996230324538,0.001967812994084648,-0.002663376455652164
17.363,0.0,0.00036187065312075494,-0.0006566814353603837,0.0008824754710045997,0.005124950758028383,0.0025239194002737958,-0.0023832096473880527
17.383,0.0,0.00036187065312075494,-0.0006566814353603837,0.0008824754710045997,0.005124950758028383,0.0025239194002737958,-0.0023832096473880527
17.403,0.0,0.00038568941940276906,-0.0006635630877764717,0.0008554337667039152,0.004995708168297133,0.0026745490398559584,-0.002523514006649119
17.423,0.0,0.00030484252958245346,-0.0006684101138427829,0.000833702677798647,0.004861955075807503,0.003103215582093087,-0.0021115096356473994
17.443,0.0,0.0003262728377265765,-0.0006537811106120634,0.0007788451383505552,0.004705135816684124,0.0028305924970073383,-0.002109815164266816
17.463,0.0,0.0003548815030246723,-0.0006461673574998625,0.0007708815987750097,0.004690736609337855,0.0025487858264278004,-0.0021095571684702284
17.483,0.0,0.0003548815030246723,-0.0006461673574998625,0.0007708815987750097,0.004690736609337855,0.0025487858264278004,-0.0021095571684702284
17.503,0.0,0.00035980827750756633,-0.0006576195042406325,0.0007698206741140773,0.004717486980088886,0.0029724140322915896,-0.0022509606892701702
17.523,0.0,0.0003361994646215199,-0.0006064759901131022,0.0008138574060489797,0.004973565233165697,0.0025344586642077225,-0.002099751518219118
17.543,0.0,0.0003538579684641908,-0.0006078552603853285,0.0008062580359382961,0.0049585524751847585,0.002251035202222688,-0.0020990578967959657
17.563,0.0,0.0003538579684641908,-0.0006078552603853285,0.0008062580359382961,0.0049585524751847585,0.002251035202222688,-0.0020990578967959657
17.583,0.0,0.0003230375021994859,-0.0006288405928745094,0.0007881383472517851,0.004818566991835128,0.0022566228051915617,-0.0021107822901041125
17.603,0.0,0.00026986849486860116,-0.0006569030301283886,0.0007664549750548518,0.004680442509998129,0.002549136306738199,-0.0018264947156026556
17.623,0.0,0.0003214662310263171,-0.0006522362941328997,0.0007598899190722106,0.004678907886144367,0.002407468509976335,-0.001967922996656747
17.643,0.0,0.00029842519973720145,-0.0006492935538980315,0.0007594732348288334,0.004665472353035545,0.002266565166199823,-0.0018266924212360525
17.663,0.0,0.00029842519973720145,-0.0006492935538980315,0.0007594732348288334,0.004665472353035545,0.002266565166199823,-0.0018266924212360525
17.683,0.0,0.0004013116370210446,-0.0006305239720245664,0.0007531945595352476,0.004701082338336561,0.0025477281494641914,-0.0023918396661464295
17.703,0.0,0.0004686509360177351,-0.0006287435469511575,0.0007558068412538274,0.004723020395165413,0.0026884560211579865,-0.0028162420704498626
17.723,0.0,0.00047192639609208736,-0.000610322464034383,0.0008022105541787678,0.004978078390230914,0.0022505475351231293,-0.0026642253566036486
17.743,0.0,0.0004674815043704751,-0.000623150744766428,0.0007674222750457119,0.0048089762659188715,0.0016897338798121313,-0.0026742870914047666
17.763,0.0,0.0005030887272353654,-0.0006288650523533616,0.0007347644470844303,0.004637888581006127,0.0011355690942410808,-0.002672562957633345
17.783,0.0,0.0005030887272353654,-0.0006288650523533616,0.0007347644470844303,0.004637888581006127,0.0011355690942410808,-0.002672562957633345
17.803,0.0,0.0005183294201077449,-0.0006501664141392681,0.000735993639124071,0.004623214338468112,0.0008530451303912943,-0.002672150121161374
17.823,0.0,0.0005609174169852383,-0.0006515020781606123,0.0007655422229107542,0.004775500755689432,0.0008422384593619793,-0.0029561613983214797
17.843,0.0,0.0005559415393932148,-0.0006450311778451855,0.0007273446955572346,0.00464781285564908,0.0011350047888161036,-0.0029552331525273855
17.863,0.0,0.0005559415393932148,-0.0006450311778451855,0.0007273446955572346,0.00464781285564908,0.0011350047888161036,-0.0029552331525273855
17.883,0.0,0.0005872853122130667,-0.0006482950787305309,0.0007086119966043337,0.004645346646692952,0.0009932859441010564,-0.003095687804023766
17.903,0.0,0.0005785904727495324,-0.0006101164268268301,0.000741467245013802,0.004930006490840582,0.0011200079787267415,-0.002945764611121517
17.923,0.0,0.0005727756543221808,-0.0005951956287963736,0.0007806034244772906,0.0050437674950524185,0.0005454221855995525,-0.002946034393830461
17.943,0.0,0.0005108838132651793,-0.0006382505970994098,0.0007989107497359794,0.005018712289076115,0.0002638574516809004,-0.0026635938314372052
17.963,0.0,0.0005108838132651793,-0.0006382505970994098,0.0007989107497359794,0.005018712289076115,0.0002638574516809004,-0.0026635938314372052
17.983,0.0,0.00045977490359315845,-0.000667401870943178,0.0007975807437689994,0.004893178564068837,0.0006971520880283331,-0.0025216689648667953
18.003,0.0,0.00041079665222267187,-0.0006428099861713131,0.0008642876535293635,0.005334146619945492,0.0010968588082833708,-0.0023720218571710375
18.023,0.0,0.0004156438934358634,-0.0006304114171133864,0.0008997199818533149,0.005501292667294068,0.0015158086860256248,-0.002502008655455349
18.043,0.0,0.0003907931515712067,-0.0006255809114973738,0.000852394686874802,0.005236377785224813,0.0019546634867845525,-0.002371314101630379
18.063,0.0,0.0003907931515712067,-0.0006255809114973738,0.000852394686874802,0.005236377785224813,0.0019546634867845525,-0.002371314101630379
18.083,0.0,0.0003527392775287739,-0.0006550084783166528,0.0007528188924942078,0.0046734188935577785,0.002123989689472701,-0.002249602018762314
18.103,0.0,0.0003606126876684273,-0.0006425242806316269,0.0007712098882574234,0.004801302241522375,0.001831692874695581,-0.002250870155499042
18.123,0.0,0.0003382814656833003,-0.0006501445478749803,0.0007893825805897559,0.004803664812530428,0.0019731290077408706,-0.0021101295437437437
18.143,0.0,0.00035124140285782443,-0.0006649839411416405,0.0007627308460878445,0.0046734188935577785,0.002123989689472701,-0.002249602018762314
18.163,0.0,0.00035124140285782443,-0.0006649839411416405,0.0007627308460878445,0.0046734188935577785,0.002123989689472701,-0.002249602018762314
18.183,0.0,0.00030499597657529477,-0.0006577789181872528,0.0007346398156677658,0.004410948937158144,0.002705161309854253,-0.0019784196886634743
18.203,0.0,0.00026899333002214994,-0.0006480781172373577,0.0007736293239552309,0.004722181172852822,0.0032549488550833216,-0.0019694873119045623
18.223,0.0,0.0003018568006173848,-0.000642034085865878,0.0007946371498184536,0.004734762516650523,0.003395852527084765,-0.0021099094880469866
18.243,0.0,0.00034075321939499025,-0.0006725865329475916,0.0007248397585644419,0.004435357312782898,0.0029864470586970786,-0.0022615544233265472
18.263,0.0,0.00036994955973781426,-0.0006778549969197438,0.0006904333556251265,0.004280627337024888,0.0027078997275089218,-0.0022719368835834187
18.283,0.0,0.00036994955973781426,-0.0006778549969197438,0.0006904333556251265,0.004280627337024888,0.0027078997275089218,-0.0022719368835834187
18.303,0.0,0.0003619966047938812,-0.000665006250817209,0.0007266496398109833,0.004433033066884749,0.0028451818408214624,-0.0024022787946553163
18.323,0.0,0.0003405856676545295,-0.0006252916847601843,0.0007602929577370816,0.004702648719590999,0.0026892865667869467,-0.0022503900237134692
18.343,0.0,0.0003678650959390852,-0.0006078280474181467,0.0007695225781469207,0.0047294805492566145,0.00311279628074126,-0.00239171045899383
18.363,0.0,0.0003741721878013695,-0.0005987962138549387,0.0007289787831069792,0.004741929662257127,0.003253712206489906,-0.002534005957846503
18.383,0.0,0.0003741721878013695,-0.0005987962138549387,0.0007289787831069792,0.004741929662257127,0.003253712206489906,-0.002534005957846503
18.403,0.0,0.0004168367678870993,-0.0006264353898633254,0.0007267824809588724,0.004572864493175466,0.002693476437125866,-0.0025442043679364816
18.423,0.0,0.0004369008152174124,-0.0006377203812881035,0.0007412573083120525,0.004529393065646721,0.001846355539507888,-0.0025434084089337905
18.443,0.0,0.0005113165711175578,-0.0006144575275705015,0.0007265266760605957,0.004524254107809572,0.0015630669620246484,-0.0028262878379150345
18.463,0.0,0.00044121497102052527,-0.0006176112760142522,0.0006319363783982973,0.004092222397917969,0.0017296005809598843,-0.002410335429547707
18.483,0.0,0.00044121497102052527,-0.0006176112760142522,0.0006319363783982973,0.004092222397917969,0.0017296005809598843,-0.002410335429547707
18.503,0.0,0.0003917494147765599,-0.0006160516942867037,0.0007203004065674903,0.0044038303150362125,0.0022801199613658838,-0.0024015281880629897
18.523,0.0,0.00032939991093606743,-0.0006029216437754024,0.0007702334600393958,0.004688411663647669,0.0024074988803225133,-0.002250404326730704
18.543,0.0,0.0003093141168876614,-0.0006030528628393835,0.0008347501939370934,0.004945777193460916,0.002110769540687379,-0.0019573725395177623
18.563,0.0,0.0003006857996833977,-0.0006206019322228463,0.0008289366791223168,0.004678907886144367,0.002407468509976335,-0.001967922996656747
18.583,0.0,0.0003006857996833977,-0.0006206019322228463,0.0008289366791223168,0.004678907886144367,0.002407468509976335,-0.001967922996656747
18.603,0.0,0.00026208286438012663,-0.0006356407975403853,0.0008385028307344856,0.004653719750254857,0.002125330213459132,-0.0016851471534207838
18.623,0.0,0.00020675561354885463,-0.0006019630375778583,0.0008711803497934299,0.004911608522273832,0.001829893025209811,-0.0013924191917428002
18.643,0.0,0.00016027166385651004,-0.0005882399739206238,0.0008665500495751064,0.004928282231102977,0.0022533027769630508,-0.0012517543705387916
18.663,0.0,0.00015651419402480226,-0.0005579212016570105,0.0008549096648417726,0.004943333740091638,0.0025358149522513775,-0.0012515294346899047
18.683,0.0,0.00015651419402480226,-0.0005579212016570105,0.0008549096648417726,0.004943333740091638,0.0025358149522513775,-0.0012515294346899047
18.703,0.0,0.00010339402627546846,-0.0005586473011885411,0.0008888133041841005,0.005085452085856432,0.0026723736357256683,-0.0010995981338046317
18.723,0.0,0.00015989820766106738,-0.0005469737237170963,0.0009475935783492995,0.005348400078019501,0.0020927609528516304,-0.0013715975439296487
18.743,0.0,0.00022819069644953855,-0.000519262140203034,0.0009513897205199725,0.0054592079214961335,0.001376664899606714,-0.0015132944462652514
18.763,0.0,0.00028839826321522293,-0.0005234935829635754,0.0008896471778599977,0.005199141997690563,0.001530731117010223,-0.0019466732015220852
18.783,0.0,0.00028839826321522293,-0.0005234935829635754,0.0008896471778599977,0.005199141997690563,0.001530731117010223,-0.0019466732015220852
18.803,0.0,0.0002653083806522137,-0.0005095717207616323,0.0008500695778602904,0.0051750834173532115,0.0012493220057357246,-0.0016648435157966223
18.823,0.0,0.0003732250246936497,-0.0005339662127138845,0.0008407965689063612,0.0050137871528368955,0.0005470761882639773,-0.002098826045539486
18.843,0.0,0.0003908061886173516,-0.0004920619289733053,0.000828337610521388,0.005165826787953878,0.0006832469952799159,-0.0022288772688824903
18.863,0.0,0.00046096658303504114,-0.0005340720306502068,0.0008344218726137429,0.005035346311103847,0.0006878436820001524,-0.0025220238007952196
18.883,0.0,0.00046096658303504114,-0.0005340720306502068,0.0008344218726137429,0.005035346311103847,0.0006878436820001524,-0.0025220238007952196
18.903,0.0,0.00046291818451405257,-0.0005066374185430335,0.0007895603173867677,0.004879320945520813,0.0004151554947362074,-0.002521040736982298
18.923,0.0,0.0004867643621919821,-0.000532317681149668,0.0007662902086358682,0.0047099294483458915,-0.00014489394551072172,-0.0025318469947148347
18.943,0.0,0.00044242593256018113,-0.0005235294362560375,0.0007912097755874736,0.00483697452695398,-0.00029127207981212173,-0.0023785102624575088
18.963,0.0,0.00039520935902753946,-0.0005058939951471759,0.0008140990339603578,0.00499648682551745,0.00012340205624316903,-0.002239823172074628
18.983,0.0,0.00039520935902753946,-0.0005058939951471759,0.0008140990339603578,0.00499648682551745,0.00012340205624316903,-0.002239823172074628
19.003,0.0,0.0003693774500607671,-0.000507459288318259,0.0007747673532186049,0.004869239197908989,0.00041563592792141313,-0.002238201677397227
19.023,0.0,0.00038710575761212934,-0.0005217550150376911,0.0007497223150251582,0.0047136934190032944,0.0001377028206970862,-0.002249666952943074
19.043,0.0,0.0004612799614532813,-0.000512405560332428,0.0007074576975074798,0.004567175127481125,-0.0001361080001489841,-0.0025301185545685005
19.063,0.0,0.000332204439134454,-0.00048321017836003586,0.0007521508983641705,0.004870958610048866,0.0005566414207474594,-0.002097787163734261
19.083,0.0,0.000332204439134454,-0.00048321017836003586,0.0007521508983641705,0.004870958610048866,0.0005566414207474594,-0.002097787163734261
19.103,0.0,0.0003350880405214181,-0.0005184511301286129,0.000803055820776872,0.004957404331470857,-0.00044063039339582976,-0.0019563037641441897
19.123,0.0,0.00030030773848820595,-0.0004987078625897369,0.0007726424079823591,0.004832064258956511,-6.965262622618096e-06,-0.0018143359198541803
19.143,0.0,0.000334480430433202,-0.0004752317033748191,0.0008081737858811104,0.005125062351196922,-2.2585720410252616e-05,-0.0020867195289882828
19.163,0.0,0.00024159729373241553,-0.00048416048547418686,0.0007855848321513143,0.004889880820695935,0.0011220387351403975,-0.0018153839225190653
19.183,0.0,0.00024159729373241553,-0.00048416048547418686,0.0007855848321513143,0.004889880820695935,0.0011220387351403975,-0.0018153839225190653
19.203,0.0,0.0003032424755479026,-0.0004604580756083729,0.0007706859511551453,0.004870958610048866,0.0005566414207474594,-0.002097787163734261
19.223,0.0,0.0002598634847886946,-0.00046249570534385813,0.0007061754425938143,0.004564868472495812,0.00028909894973570176,-0.0018246902454940928
19.243,0.0,0.00024978885603941457,-0.0004779374842818367,0.000671085469887499,0.004284504454485268,0.00044522015527054514,-0.0016939591305972148
19.263,0.0,0.00023226275804337377,-0.00048351733455434255,0.0006658358116908613,0.004016826676364258,0.0007428978127507285,-0.0017039063325914293
19.283,0.0,0.00023226275804337377,-0.00048351733455434255,0.0006658358116908613,0.004016826676364258,0.0007428978127507285,-0.0017039063325914293
19.303,0.0,0.00015284117406781674,-0.00046591229151464155,0.0006603346969530166,0.004021879188120131,0.0010254444192367466,-0.0014217250639093101
19.323,0.0,0.00012503035414240124,-0.0004390062130944368,0.0006058810879025392,0.00372653711579648,0.000898719192511783,-0.0012902656827316378
19.343,0.0,0.00012623411995453407,-0.0004170734041855885,0.0005400948637669434,0.0034738998889408627,0.001478280263574703,-0.0013011151126318104
19.363,0.0,0.00011183185696232985,-0.00036723945499583083,0.0005461316706837857,0.0037144332130850666,0.0007579512225468909,-0.0011492804192039126
19.383,0.0,0.00011183185696232985,-0.00036723945499583083,0.0005461316706837857,0.0037144332130850666,0.0007579512225468909,-0.0011492804192039126
19.403,0.0,0.00010310812632866311,-0.0003731867070749379,0.0005118172312741081,0.003432715533899729,0.0007725769600329175,-0.001159488917567181
19.423,0.0,0.00017544737004756045,-0.000322627267832992,0.0005314328826260328,0.0036946854239502964,0.00019245942562886282,-0.001431109130416632
19.443,0.0,0.00010777390474408603,-0.00030242518054519895,0.0004930898731234696,0.0034197601127101316,0.0006319114705700413,-0.0010175791930406783
19.463,0.0,0.00014507533621517144,-0.0003142240716395759,0.0004604949127916509,0.00316143776822312,0.0009275577256022765,-0.0013102776618661735
19.483,0.0,0.00014507533621517144,-0.0003142240716395759,0.0004604949127916509,0.00316143776822312,0.0009275577256022765,-0.0013102776618661735
19.503,0.0,0.00018305815080190232,-0.00027046257102294926,0.0005377038559883892,0.0034275157387239404,0.0004899318257173946,-0.0014416994545393856
19.523,0.0,0.0001084480620105912,-0.00026907312793202185,0.0004909593015942209,0.003123151050074718,0.0003637124622667456,-0.001027240019517796
19.543,0.0,0.00010363304102499647,-0.00024123569762923042,0.0005266515533437985,0.00337693085031346,-0.00021543238504373997,-0.0010173856987742813
19.563,0.0,0.00013606043827835135,-0.0002311316013597825,0.000504572720380699,0.0030935608066816242,-0.0002012467141665469,-0.001027177597343793
19.583,0.0,0.00013606043827835135,-0.0002311316013597825,0.000504572720380699,0.0030935608066816242,-0.0002012467141665469,-0.001027177597343793
19.603,0.0,0.00013501863494656648,-0.00018973132699460742,0.00048699317513581554,0.00306732266774492,-0.0006247231216534367,-0.000885123603986444
19.623,0.0,0.00011147639745451677,-0.00016542000810772635,0.0004604984673869937,0.0027992478213222285,-0.0003277439719744395,-0.0008960656107908005
19.643,0.0,0.0001019760120292411,-0.0001545292071984519,0.0004700448397901071,0.0027992478213222285,-0.0003277439719744395,-0.0008960656107908005
19.663,0.0,3.062917482504833e-05,-0.0001360693256081051,0.0003871150083065669,0.0023524782349663674,-0.0004444612930821258,-0.0004803072306737159
19.683,0.0,3.062917482504833e-05,-0.0001360693256081051,0.0003871150083065669,0.0023524782349663674,-0.0004444612930821258,-0.0004803072306737159
19.703,0.0,1.5997568557971607e-05,-0.0001115550018153432,0.0003219170889633927,0.0020725816939608567,-0.000288147509593882,-0.0003494035311157232
19.723,0.0,8.983334083642588e-06,-7.655396854074789e-05,0.0002697051332932586,0.0017777937428107044,-0.0004148987938508559,-0.00021805902093365644
19.743,0.0,-4.0948899450527827e-05,-9.522725135661547e-05,0.00017025552948928747,0.001201642126260776,-0.0005260762964599976,-9.785876943885564e-05
19.763,0.0,-1.3187194919281075e-05,-8.498284878454083e-05,0.00010706297728547673,0.0009313030905828915,-0.0003712852289935572,-0.0002483352677898524
19.783,0.0,-1.3187194919281075e-05,-8.498284878454083e-05,0.00010706297728547673,0.0009313030905828915,-0.0003712852289935572,-0.0002483352677898524
19.803,0.0,1.4823295952216164e-05,-8.533052392263788e-05,7.335844831305803e-05,0.0006753955780672191,6.726646273131834e-05,-0.0004001345678051337
19.823,0.0,-4.7600975317178174e-05,-2.4860192052800796e-05,0.0001084882137703736,0.0007933416148939614,-0.00022478668074008581,-0.00011821195144260824
19.843,0.0,-0.00019350988510111083,-1.9849282917080086e-05,0.00012966885869151345,0.0007889448548773182,5.8967640996890644e-05,0.00044552797727399267
19.863,0.0,-0.00020033735635069207,-4.599530775463398e-05,9.785804415861537e-05,0.0004793404441560759,-0.0003494731614026186,0.0005772603961429266
19.883,0.0,-0.00020033735635069207,-4.599530775463398e-05,9.785804415861537e-05,0.0004793404441560759,-0.0003494731614026186,0.0005772603961429266
19.903,0.0,-0.00016070245552064993,-1.2348027014638474e-05,6.643235362630988e-05,0.0003051029139654555,-0.0010467773023641435,0.0004379568560231851
19.923,0.0,-0.00013855448719360687,5.11441580188839e-06,6.837020841183343e-05,0.00030343543559726785,-0.001188087331346005,0.0002972538850100269
19.943,0.0,-0.00016241860609463604,-8.779401314315746e-06,5.419623772983028e-05,9.138410476715092e-06,-0.0013141470486441283,0.00042798251820268176
19.963,0.0,-0.0002143576243346257,1.6944580796908118e-05,7.249306459607061e-05,-3.379864357785892e-06,-0.0014556489211772477,0.0005696464237394131
19.983,0.0,-0.0002143576243346257,1.6944580796908118e-05,7.249306459607061e-05,-3.379864357785892e-06,-0.0014556489211772477,0.0005696464237394131
20.003,0.0,-0.00016974405660067176,0.00010066929366664374,-8.533286221793646e-06,-0.0001873026348422229,-0.002297805310142902,0.0005595211557433679
20.023,0.0,-0.0002144195913416439,0.0001656760563051016,-1.2501367390787479e-06,-0.00018477904877539438,-0.002156586501738999,0.0006994432912368618
20.043,0.0,-0.0003233830893563964,0.0002045077832419071,-4.368311413428724e-05,-0.00033508262523560916,-0.0020053151321777246,0.0011253478028542016
20.063,0.0,-0.0002695231149164771,0.00019794821730131313,-9.959259139708315e-05,-0.0007619770707607068,-0.0022688384985673406,0.0008216450890108548
20.083,0.0,-0.0002695231149164771,0.00019794821730131313,-9.959259139708315e-05,-0.0007619770707607068,-0.0022688384985673406,0.0008216450890108548
20.103,0.0,-0.00015347783445435808,0.00019121577553263174,-0.00021307459831340945,-0.00129230324804807,-0.001958064521955148,0.00023647723637827526
20.123,0.0,-0.00014017160416256885,0.00022999824832473228,-0.00020217211280883,-0.00129230324804807,-0.001958064521955148,0.00023647723637827526
20.143,0.0,-0.00017991478754162242,0.00025300285417132254,-0.0002563903416070598,-0.001688049461941176,-0.0013689376955130905,0.00022737343097360748
20.163,0.0,-0.00019012640725619574,0.000309294381127596,-0.000257794314630459,-0.0015719602016220368,-0.0018013561533143975,0.0003672750078321696
20.183,0.0,-0.00019012640725619574,0.000309294381127596,-0.000257794314630459,-0.0015719602016220368,-0.0018013561533143975,0.0003672750078321696
20.203,0.0,-0.0001867922000640635,0.000388270158367322,-0.00024966556864029164,-0.00154562277065079,-0.001379064358747613,0.00022588143674577942
20.223,0.0,-0.0001967758479572983,0.0004456199166264839,-0.00028787610036718164,-0.0016737401740049944,-0.0010868668494754374,0.00022716206755633476
20.243,0.0,-0.00021706530243698914,0.00044408856689899805,-0.00028592346415207023,-0.0018111720836248631,-0.0009406089317274209,0.00035672604644503025
20.263,0.0,-0.00022319575346159504,0.0004632315103890562,-0.0003094965531035928,-0.001994219958399348,-0.0016363569929399348,0.0004995377803494325
20.283,0.0,-0.00022319575346159504,0.0004632315103890562,-0.0003094965531035928,-0.001994219958399348,-0.0016363569929399348,0.0004995377803494325
20.303,0.0,-0.00013647432347019842,0.0004886857002678777,-0.0003441230063642664,-0.002322367307674528,-0.0026108724306719857,0.00034982128415708116
20.323,0.0,-0.00016028277836695851,0.000523813728667812,-0.0003988646494639648,-0.00260498868178513,-0.0025964638873748032,0.00033983285910347747
20.343,0.0,-0.000211080765489728,0.0005877971392115914,-0.0004458170916509722,-0.0027812356851950404,-0.0030142018922691073,0.0007513974350761765
20.363,0.0,-0.0002307504049967423,0.0006206513710600809,-0.0005142339847200578,-0.0032331622321561332,-0.0034136150009147696,0.0008842650864879877
20.383,0.0,-0.0002307504049967423,0.0006206513710600809,-0.0005142339847200578,-0.0032331622321561332,-0.0034136150009147696,0.0008842650864879877
20.403,0.0,-0.00027137906108366626,0.0006528519805653968,-0.0005616756210263205,-0.0033976511771769895,-0.0036904620225398197,0.0011557924160768966
20.423,0.0,-0.00030491187397655535,0.0006557460688136585,-0.0006350274213615161,-0.003807941034102659,-0.003384235472324323,0.001147100294820603
20.443,0.0,-0.0003354108290879944,0.0006424943917350156,-0.0006368993115452452,-0.004129146401173499,-0.003934010527892829,0.0014206555661628415
20.463,0.0,-0.00034337077298688816,0.0006678129023077099,-0.0006899190337802557,-0.004423199224510479,-0.004060016462207185,0.001552057383735473
20.483,0.0,-0.00034337077298688816,0.0006678129023077099,-0.0006899190337802557,-0.004423199224510479,-0.004060016462207185,0.001552057383735473
20.503,0.0,-0.00038131263951524455,0.0007215332569247421,-0.0007147481187996214,-0.004394052037797467,-0.0034952069033391043,0.0015514393093086613
20.523,0.0,-0.00037583683059300263,0.0007277932783733679,-0.0008114663553700817,-0.004956443141547427,-0.003324407629997778,0.0016720559981059794
20.543,0.0,-0.0004253874076707763,0.0007195628458366425,-0.0009004870309985198,-0.005533389760810546,-0.0034370592623589363,0.0017925462222856178
20.563,0.0,-0.00038670673683473424,0.0006959558187414426,-0.0009771053717381843,-0.005972775383742568,-0.00369544629474232,0.001784532577483875
20.583,0.0,-0.00038670673683473424,0.0006959558187414426,-0.0009771053717381843,-0.005972775383742568,-0.00369544629474232,0.001784532577483875
20.603,0.0,-0.00033853137698115066,0.0006717219256206873,-0.0010233944469191143,-0.006411637146548075,-0.004099868307144229,0.00162291216252537
20.623,0.0,-0.00035214735173727784,0.000711881631571489,-0.0010153899433628382,-0.006397344497205548,-0.0038172056230167863,0.001621831229941636
20.643,0.0,-0.00037325386089031025,0.0007446005626378488,-0.000995296058225448,-0.006409795602363843,-0.003957987576604589,0.0017636520823453385
20.663,0.0,-0.00039555104262678796,0.0007702876519836156,-0.00104048699796349,-0.006676716531286223,-0.003661399821082497,0.0017531404520782963
20.683,0.0,-0.00039555104262678796,0.0007702876519836156,-0.00104048699796349,-0.006676716531286223,-0.003661399821082497,0.0017531404520782963
20.703,0.0,-0.00044354715861576253,0.0007991589149009857,-0.00109619723676259,-0.006969462311469822,-0.003646474679515052,0.002025194169382279
20.723,0.0,-0.0004501656688342797,0.0007998512097582758,-0.0011665352790145554,-0.007394852675874777,-0.003622718291789139,0.0020176306810632517
20.743,0.0,-0.00044263260591907434,0.0007867463671751097,-0.0011918927110454991,-0.0075484556584552815,-0.0039000799959379145,0.002006052446341587
20.763,0.0,-0.0004717244333960658,0.0007630062483751756,-0.001185344265739961,-0.007855845747104002,-0.004166964024108817,0.0022784063474085136
20.783,0.0,-0.0004717244333960658,0.0007630062483751756,-0.001185344265739961,-0.007855845747104002,-0.004166964024108817,0.0022784063474085136
20.803,0.0,-0.00041906454339716843,0.0007858614370581072,-0.0011951692678648575,-0.007818702619511413,-0.003744267623742847,0.0018547561033764176
20.823,0.0,-0.0004315711609820553,0.0008300492432367554,-0.001151390023403003,-0.007649631610680911,-0.003184422559811242,0.0018651809197136114
20.843,0.0,-0.0005151597413306566,0.00087812905684505,-0.0011473654220800044,-0.007631244372038472,-0.0026191208583709073,0.002147456056445129
20.863,0.0,-0.0005756231285322188,0.0008674110279317148,-0.0011746158594977821,-0.007908278392947554,-0.002321080065125167,0.002418985193163921
20.883,0.0,-0.0005756231285322188,0.0008674110279317148,-0.0011746158594977821,-0.007908278392947554,-0.002321080065125167,0.002418985193163921
20.903,0.0,-0.000610493415412073,0.0008860545277933832,-0.0012513766143553294,-0.008185884255930023,-0.002023655918010384,0.002692022207530195
20.923,0.0,-0.0005723668251896797,0.0009059325211885914,-0.0012788264650829496,-0.008499220128114117,-0.002715109792965128,0.0025408734038606345
20.943,0.0,-0.0004966415201067561,0.0009213505024231845,-0.0012786457887711121,-0.008346694759493373,-0.00272597430309612,0.0022571577917317297
20.963,0.0,-0.00045706799033894835,0.0009434009275145436,-0.0012814187754101823,-0.008506955572825584,-0.0031402341773820817,0.0021171410037816537
20.983,0.0,-0.00045706799033894835,0.0009434009275145436,-0.0012814187754101823,-0.008506955572825584,-0.0031402341773820817,0.0021171410037816537
21.003,0.0,-0.00046592182593223043,0.0009685151484396254,-0.001255012232619635,-0.008361639359547242,-0.0030080505513811976,0.0022567880640823493
21.023,0.0,-0.0004544430782276045,0.001026532239812755,-0.0012464326590505663,-0.008334528561212792,-0.002585484315263252,0.002115391670468401
21.043,0.0,-0.0004895211860404311,0.0010601252018743077,-0.0012292586994760656,-0.0083172760322188,-0.0021605644908386733,0.0022563030645657354
21.063,0.0,-0.0005455603478946617,0.001093273834709143,-0.0012465215674761635,-0.00849760195409775,-0.0025736620005137258,0.002681944288828636
21.083,0.0,-0.0005455603478946617,0.001093273834709143,-0.0012465215674761635,-0.00849760195409775,-0.0025736620005137258,0.002681944288828636
21.103,0.0,-0.0006004519247013752,0.001089320583056281,-0.0013022835984978277,-0.008899876942378752,-0.0019888856240634018,0.0029417050464916167
21.123,0.0,-0.0005270330209277622,0.001155447950919232,-0.0012885999040507024,-0.008779846868520107,-0.0025590445779200333,0.002671878341606905
21.143,0.0,-0.0005256294723953346,0.0011850366777861857,-0.0012582263809422258,-0.008779846868520107,-0.0025590445779200333,0.002671878341606905
21.163,0.0,-0.0005081535158826421,0.0011924703457219577,-0.0012688023669039864,-0.008752873125974909,-0.0021367407327697522,0.0025305651189478887
21.183,0.0,-0.0005081535158826421,0.0011924703457219577,-0.0012688023669039864,-0.008752873125974909,-0.0021367407327697522,0.0025305651189478887
21.203,0.0,-0.00046538085257682944,0.0011579785678789184,-0.0013775549582752099,-0.009599548040127494,-0.0020926780676950407,0.002500746233007373
21.223,0.0,-0.00041638339710251156,0.0011827911285842174,-0.0013755705307135768,-0.009575429092907282,-0.0018101259445750305,0.0022175827713739275
21.243,0.0,-0.0003876825713391371,0.0012292165531640063,-0.0013952886834708424,-0.009560876401214762,-0.0015276486448898249,0.0022172215253933713
21.263,0.0,-0.00035581630617162284,0.0012540821322306974,-0.0014290406386810225,-0.009714882749110183,-0.0018057582599752832,0.0022059131678496833
21.283,0.0,-0.00035581630617162284,0.0012540821322306974,-0.0014290406386810225,-0.009714882749110183,-0.0018057582599752832,0.0022059131678496833
21.303,0.0,-0.00028502204468578037,0.001337080236684027,-0.001463226164741659,-0.009719041544250084,-0.0020893483337748784,0.0019234954883284071
21.323,0.0,-0.0001935756526567893,0.0013677350905365539,-0.0014892895992666857,-0.00969676379800854,-0.0019482073212781855,0.0014996933644823378
21.343,0.0,-6.404502973258197e-05,0.0014357285592230297,-0.0014480163215467013,-0.009311847830889505,-0.0029574800561973,0.001098788660613677
21.363,0.0,-2.0202207974303775e-05,0.001411029303191762,-0.0014972540417121606,-0.009718505921443204,-0.002655168809799229,0.0010772017061436573
21.383,0.0,-2.0202207974303775e-05,0.001411029303191762,-0.0014972540417121606,-0.009718505921443204,-0.002655168809799229,0.0010772017061436573
21.403,0.0,0.00014536819992263958,0.0014552692387996065,-0.001545077856762869,-0.009742783342681374,-0.0035039838841298978,0.0005137149006185842
21.423,0.0,0.00016925149193151116,0.0014926425115290628,-0.0015428298023191876,-0.009745844430332107,-0.00364587396362561,0.00037220409369029153
21.443,0.0,0.00013046928475524459,0.0015544162977676923,-0.0015205865157625112,-0.009472915248856443,-0.003659599981545059,0.0006647592349200988
21.463,0.0,6.971598739263568e-05,0.0015876543552977946,-0.0015204872402253737,-0.009625492227089864,-0.003649595556305761,0.0009487091456943699
21.483,0.0,6.971598739263568e-05,0.0015876543552977946,-0.0015204872402253737,-0.009625492227089864,-0.003649595556305761,0.0009487091456943699
21.503,0.0,8.54574721955013e-05,0.001622919573897194,-0.0015555750677305716,-0.009765010178420942,-0.003645173685140999,0.0009371810436991665
21.523,0.0,0.0001146739764518778,0.0016394140101666501,-0.0015038608841415634,-0.009765010178420942,-0.003645173685140999,0.0009371810436991665
21.543,0.0,3.512213019959866e-05,0.0016237818743361028,-0.0015073085854910712,-0.009888774416835139,-0.0030696708924897284,0.0012197876566379959
21.563,0.0,-8.44116594686965e-06,0.0016644193661582095,-0.0014975614510963826,-0.010010789078983295,-0.00264077540624827,0.001349743060309609
21.583,0.0,-8.44116594686965e-06,0.0016644193661582095,-0.0014975614510963826,-0.010010789078983295,-0.00264077540624827,0.001349743060309609
21.603,0.0,-8.267333564486515e-05,0.0016849746582978237,-0.0015266364991664203,-0.010273776521019871,-0.002061063297096734,0.0016215601546431784
21.623,0.0,-0.00010966580879121918,0.0017176095467259745,-0.0016096878632583863,-0.010670435867545703,-0.001472142889201074,0.001612095602194815
21.643,0.0,-0.0002200844278675145,0.0017210718596730801,-0.001634014846351883,-0.010904088860830387,-0.0003263826802606772,0.001882955712642178
21.663,0.0,-0.0002374992052203688,0.0017616076068839481,-0.0017294145275602193,-0.01149018992272983,-0.00043812790872934325,0.0022867840686163483
21.683,0.0,-0.0002374992052203688,0.0017616076068839481,-0.0017294145275602193,-0.01149018992272983,-0.00043812790872934325,0.0022867840686163483
21.703,0.0,-0.00025140082048721716,0.0017417094278052196,-0.0017725608426845357,-0.011888985737761761,9.122573882361352e-06,0.002137049350784562
21.723,0.0,-0.00021008126538192876,0.0017777610082318884,-0.0017787361464026011,-0.011906501817725372,-0.00041419278280395314,0.0019964194842769
21.743,0.0,-0.0002639842856387151,0.0018209461467769623,-0.0018187244414464051,-0.012040912018299477,-0.00012687666405895252,0.002267214226992183
21.763,0.0,-0.00028970839924047565,0.0018514930094281948,-0.0019054870703848117,-0.012615483324875816,-9.732398484445343e-05,0.002529282298353904
21.783,0.0,-0.00028970839924047565,0.0018514930094281948,-0.0019054870703848117,-0.012615483324875816,-9.732398484445343e-05,0.002529282298353904
21.803,0.0,-0.0002220219773642461,0.001840410493624697,-0.001999121031307937,-0.013169453887154646,-6.878779273942439e-05,0.0022267503035425067
21.823,0.0,-0.0002347050709607598,0.0018429390931411981,-0.0020670554473139697,-0.0136221068482202,-0.0004684737618265381,0.0023595823899527223
21.843,0.0,-0.00022007892169666063,0.001865504148905422,-0.0021094626232886753,-0.013904302170916556,-0.0004534707676508634,0.0023499982474000274
21.863,0.0,-0.0001813827436396992,0.0018912321621535823,-0.0020858247543882754,-0.01392112024893946,-0.0008774586752615596,0.002208652269487352
21.883,0.0,-0.0001813827436396992,0.0018912321621535823,-0.0020858247543882754,-0.01392112024893946,-0.0008774586752615596,0.002208652269487352
21.903,0.0,-0.00012706071047192532,0.0018826986846815286,-0.0021101002686829146,-0.014047878257338196,-0.0007310226631949201,0.0020555508814458162
21.923,0.0,-8.410457028033246e-05,0.001856597218030799,-0.0020898714680334268,-0.01402383509323933,-0.0004497624191161684,0.0017733332213452576
21.943,0.0,-7.274391611635888e-05,0.0019025337254846865,-0.002094131436762497,-0.01417933220027812,-0.0005810288302326872,0.0019169144926303458
21.963,0.0,-6.564527409575716e-05,0.0018683507608298698,-0.0021724634690285724,-0.014717506315307953,-0.00012863300016272973,0.001754645164052752
21.983,0.0,-6.564527409575716e-05,0.0018683507608298698,-0.0021724634690285724,-0.014717506315307953,-0.00012863300016272973,0.001754645164052752
22.003,0.0,1.6326459252971372e-05,0.0018697238398289729,-0.002259460864625616,-0.015113629498812176,0.00017281437399621852,0.0014503708354864735
22.023,0.0,1.2225095228405235e-05,0.0018526739192255863,-0.002284722342072395,-0.015368943044221175,0.0006104957404904115,0.0012981165971388197
22.043,0.0,5.754723149060362e-05,0.0018850868344468276,-0.0022464011243284714,-0.015116135394978998,3.0952382230897606e-05,0.0013090925872142913
22.063,0.0,0.000105531566057998,0.0018701633326147018,-0.0023054903870747333,-0.015517948987355715,0.0003376524943559369,0.001017865437296427
22.083,0.0,0.000105531566057998,0.0018701633326147018,-0.0023054903870747333,-0.015517948987355715,0.0003376524943559369,0.001017865437296427
22.103,0.0,0.00023604764979304242,0.0019001655541312768,-0.0022883839157508993,-0.015395438815143296,-0.0003793609955139062,0.0005931310775819616
22.123,0.0,0.00034036141320110714,0.001882219631329174,-0.002326054333889596,-0.015670943236397474,-0.000506968140437271,0.00015972261336722564
22.143,0.0,0.00035985469443274763,0.0019621907309577643,-0.0023411851163797886,-0.01571245895010593,-0.0012129545755022837,0.0003019486820458786
22.163,0.0,0.0003428919840416281,0.0019940033570406903,-0.002341680968110597,-0.01571245895010593,-0.0012129545755022837,0.0003019486820458786
22.183,0.0,0.0003428919840416281,0.0019940033570406903,-0.002341680968110597,-0.01571245895010593,-0.0012129545755022837,0.0003019486820458786
22.203,0.0,0.00044666967316388804,0.002040563994627565,-0.002311975305316901,-0.015434819718188992,-0.0015102505255168842,2.95108444487503e-05
22.223,0.0,0.0005018612239965932,0.0020860951530112417,-0.002317880222219384,-0.01543671132286064,-0.0016519361270286971,-0.00011103990749301558
22.243,0.0,0.0005168633691063249,0.0020609442839486843,-0.0022504664423519875,-0.015198880161175717,-0.0025138498652391914,-0.00010052725948743834
22.263,0.0,0.0005089218987893463,0.0020586199885050246,-0.002369759410351965,-0.01573368704612178,-0.0019199758873224434,-0.00012082275752248264
22.283,0.0,0.0005089218987893463,0.0020586199885050246,-0.002369759410351965,-0.01573368704612178,-0.0019199758873224434,-0.00012082275752248264
22.303,0.0,0.0004775174975092574,0.0020871397250075974,-0.0024127484818121077,-0.016040847447466335,-0.0021869407589284883,0.00015147248993853277
22.323,0.0,0.00042033500537526814,0.00209181725176677,-0.002407834934089185,-0.01602410559442152,-0.001763435508605189,0.00029259286650458824
22.343,0.0,0.0003436704061389689,0.002060737283195272,-0.002411695466840935,-0.016030737859340196,-0.0016211239690915153,0.0007158779247047812
22.363,0.0,0.0002253410789717597,0.0020660105758878423,-0.002453900779889326,-0.016303672567151564,-0.0010407167311569992,0.0012700438618129947
22.383,0.0,0.0002253410789717597,0.0020660105758878423,-0.002453900779889326,-0.016303672567151564,-0.0010407167311569992,0.0012700438618129947
22.403,0.0,0.0001256672164294174,0.002042062158881376,-0.002466923452551396,-0.01643042580236296,-0.0006072625846412637,0.0014116533017472601
22.423,0.0,0.00015304522514094995,0.0020696562967339022,-0.002414937230904294,-0.016019405876879816,-0.0009136948364350737,0.001420910198062319
22.443,0.0,6.024969442618138e-05,0.0020114591572218147,-0.002425796348593355,-0.016281873349433387,-0.0003336774442637382,0.0016926658193948082
22.463,0.0,4.4673462291927074e-05,0.002016738678489193,-0.002378513699292659,-0.01615547247148623,-0.00047948646157064016,0.0018463841619981202
22.483,0.0,4.4673462291927074e-05,0.002016738678489193,-0.002378513699292659,-0.01615547247148623,-0.00047948646157064016,0.0018463841619981202
22.503,0.0,2.3059714178584815e-05,0.0020173499853306893,-0.002363607154315102,-0.01611414364750432,0.00022583956337256486,0.0017040288272963345
22.523,0.0,3.563258017471542e-05,0.00209385305654878,-0.0021839787231972096,-0.015052940667823348,-0.0009608884577466581,0.0020275166903891274
22.543,0.0,-6.04171054708974e-08,0.002031081334769571,-0.0021471799180186324,-0.015135791094502199,3.203554577127172e-05,0.001874149342717897
22.563,0.0,6.565507799590473e-05,0.0020756671898340294,-0.0021625205314481106,-0.015138209274774786,-0.00010978804724157239,0.0017328481077470723
22.583,0.0,6.565507799590473e-05,0.0020756671898340294,-0.0021625205314481106,-0.015138209274774786,-0.00010978804724157239,0.0017328481077470723
22.603,0.0,8.336515279192372e-05,0.002073046980546147,-0.002193382020373953,-0.015113629498812176,0.00017281437399621852,0.0014503708354864735
22.623,0.0,0.00010935378707649806,0.002110195531163182,-0.002110478459747448,-0.014707068934584362,-0.0001296267633257343,0.0014719961873491869
22.643,0.0,0.0001642970838997696,0.0020802201484091108,-0.002125095277144421,-0.014824048913050059,1.60684183857841e-05,0.0010360408984864658
22.663,0.0,0.00020020265411521373,0.0020530134485150994,-0.0021715520372600334,-0.014943383964311698,0.00030738366102708837,0.0007558055350474537
22.683,0.0,0.00020020265411521373,0.0020530134485150994,-0.0021715520372600334,-0.014943383964311698,0.00030738366102708837,0.0007558055350474537
22.703,0.0,0.0001909368334304121,0.0020671553424207643,-0.0021562848861266808,-0.014797827873764493,0.0004387646798002142,0.0008955679121411569
22.723,0.0,0.00019930955568425542,0.0020523337502442868,-0.0020934353899369025,-0.014503308800763922,0.0005655745178084244,0.0007638768053494188
22.743,0.0,0.00016633093513651622,0.002069369619273283,-0.0020786730082614376,-0.014374001683076693,0.0005613362943955051,0.001057981343492877
22.763,0.0,0.0001598870229630216,0.0020128472503388025,-0.0021345021884114426,-0.014629090225813508,0.0009988133898649572,0.000905898608154339
22.783,0.0,0.0001598870229630216,0.0020128472503388025,-0.0021345021884114426,-0.014629090225813508,0.0009988133898649572,0.000905898608154339
22.803,0.0,0.00019846358501277148,0.002018235446022144,-0.002164139394992077,-0.014605220437177366,0.0012815215984602493,0.0006232740249941679
22.823,0.0,0.00023323577800794863,0.002027087885328683,-0.002044627603827249,-0.014042303528550104,0.0011111832686074774,0.0005018903025114462
22.843,0.0,0.00024044804868527056,0.002022494387136726,-0.002000883272105954,-0.013760790884022767,0.0010963387176513642,0.0005121803863757406
22.863,0.0,0.00028457858135224473,0.0019100533102105956,-0.0020960144167238223,-0.01442484994847625,0.0016937390336888094,0.0001976944587644765
22.883,0.0,0.00028457858135224473,0.0019100533102105956,-0.0020960144167238223,-0.01442484994847625,0.0016937390336888094,0.0001976944587644765
22.903,0.0,0.00027414306878765376,0.001965934226229843,-0.0020482739594238834,-0.013873163183230043,0.0015248721923716469,0.0003592388910445024
22.923,0.0,0.0002743449747775078,0.0019144227416976764,-0.002031187967063068,-0.013846057854453843,0.0019476354859746762,0.00021804480990690015
22.943,0.0,0.0002973155204714673,0.0019114733344685825,-0.0020308364075503037,-0.013833734581094518,0.002088609025287878,7.650746185672344e-05
22.963,0.0,0.00029147871428177903,0.0018550576042134182,-0.0020966265522186505,-0.014088592365842317,0.002526608366794012,-7.552401953037633e-05
22.983,0.0,0.00029147871428177903,0.0018550576042134182,-0.0020966265522186505,-0.014088592365842317,0.002526608366794012,-7.552401953037633e-05
23.003,0.0,0.0002910547717533285,0.00183806219235832,-0.0021209026331709536,-0.014368932103884785,0.0026826490619657538,5.6350431209539715e-05
23.023,0.0,0.0003072897911355594,0.0018047097641224938,-0.002122633307337634,-0.014330281653837785,0.0032471768733580678,-0.0002275103367045989
23.043,0.0,0.00030399793951833316,0.001803992752514511,-0.002105037955243549,-0.014103118912477057,0.0022442770774808627,-7.518200249007161e-05
23.063,0.0,0.0002746111750898586,0.0017494823223274008,-0.002162233118728416,-0.014371165096844789,0.002541435265831589,-8.493295733500555e-05
23.083,0.0,0.0002746111750898586,0.0017494823223274008,-0.002162233118728416,-0.014371165096844789,0.002541435265831589,-8.493295733500555e-05
23.103,0.0,0.0002736415925138388,0.0017395307751447383,-0.002162401589996741,-0.014371165096844789,0.002541435265831589,-8.493295733500555e-05
23.123,0.0,0.00023193156459687788,0.0017598971748712968,-0.002101606352384421,-0.014086356741213939,0.002667802241111161,6.573680381011134e-05
23.143,0.0,0.0002755654989799112,0.0017426098733514112,-0.002063833417363478,-0.013821470380027684,0.0022295891366276516,-6.50343084290793e-05
23.163,0.0,0.00028987121246934917,0.0017423063661492642,-0.002071713115363836,-0.013848214192596206,0.0018062795342408656,7.676367989576332e-05
23.183,0.0,0.00028987121246934917,0.0017423063661492642,-0.002071713115363836,-0.013848214192596206,0.0018062795342408656,7.676367989576332e-05
23.203,0.0,0.0002579490574563164,0.0016991083976325208,-0.002117376918996363,-0.014129916076612577,0.0018208402277061215,6.660212901500243e-05
23.223,0.0,0.0002601608654395323,0.001735515723876374,-0.0020934200737973306,-0.013848214192596206,0.0018062795342408656,7.676367989576332e-05
23.243,0.0,0.00029690558616161185,0.0017186414352754478,-0.002057518894534394,-0.013567500754231385,0.0016504720774913949,-5.449972359751852e-05
23.263,0.0,0.00032309190229340445,0.0017258667674272677,-0.002025480650252615,-0.01358238571183373,0.0013676957846309795,-5.405808852075755e-05
23.283,0.0,0.00032309190229340445,0.0017258667674272677,-0.002025480650252615,-0.01358238571183373,0.0013676957846309795,-5.405808852075755e-05
23.303,0.0,0.00028947217007799426,0.001718973942336389,-0.0020494136537717845,-0.013552934511226068,0.0019329923831461994,-5.484980043002207e-05
23.323,0.0,0.0003060369724335228,0.001720310408733857,-0.002030716101288303,-0.013424941192213649,0.0016406574084548568,-5.6593117697446636e-05
23.343,0.0,0.0002867352896795004,0.0017153689871058553,-0.002006146574581484,-0.013271604292146319,0.0019181800438202402,-4.4529861273952866e-05
23.363,0.0,0.0002545274075196769,0.0017249717046707662,-0.0019549466704682863,-0.012986474941968211,0.002045245343670513,0.00010670305653783892
23.383,0.0,0.0002545274075196769,0.0017249717046707662,-0.0019549466704682863,-0.012986474941968211,0.002045245343670513,0.00010670305653783892
23.403,0.0,0.00022420745640909986,0.001718527580964818,-0.0019673297788985323,-0.012984159746401281,0.0021866568443108026,0.00024786125968737294
23.423,0.0,0.00020452451672111114,0.0016824516559940928,-0.001983739806950326,-0.013252325376380438,0.00248332727827591,0.0002376096093693613
23.443,0.0,0.00022504445872363453,0.0016666665668938019,-0.001959555134253832,-0.012959626841326864,0.002468465156766287,-3.515438023823568e-05
23.463,0.0,0.0002238738868068121,0.00160982456426336,-0.001984196873581972,-0.013227239569336907,0.0027657089711518746,-4.5012243809981856e-05
23.483,0.0,0.0002238738868068121,0.00160982456426336,-0.001984196873581972,-0.013227239569336907,0.0027657089711518746,-4.5012243809981856e-05
23.503,0.0,0.00018793485381885124,0.001582904644992853,-0.0019856033209974828,-0.013240229098788116,0.00262412379701817,9.617842097157234e-05
23.523,0.0,0.00015073223897648714,0.0015840865748471553,-0.0019857072118648965,-0.012943032383859137,0.002892810618374575,0.00010501201683851533
23.543,0.0,0.00017684973914941632,0.001576897262643612,-0.0019211801644986152,-0.01266310978827069,0.0027366823847375845,-2.478953249376233e-05
23.563,0.0,0.0001573714737380308,0.0015587263109521192,-0.0019136056417922889,-0.01264600935873113,0.0031602914065360244,0.00011489322343932924
23.583,0.0,0.0001573714737380308,0.0015587263109521192,-0.0019136056417922889,-0.01264600935873113,0.0031602914065360244,0.00011489322343932924
23.603,0.0,0.00014269139937562255,0.0015176062256306879,-0.001888474161589667,-0.012405170865619262,0.0024402508212674236,0.00026637225376485393
23.623,0.0,0.00019905593815076645,0.0014885588200796475,-0.0018619401917581658,-0.012127970789187112,0.0021425785547193824,-4.531439499423272e-06
23.643,0.0,0.0001696727459601589,0.0014806924782530583,-0.0018350879664425816,-0.012113384089797593,0.002424856573399995,-4.806099730356742e-06
23.663,0.0,0.00019450981914561697,0.0014884067541491477,-0.0017723206554334757,-0.011701907770066737,0.0021186379721576747,3.0807687646166184e-06
23.683,0.0,0.00019450981914561697,0.0014884067541491477,-0.0017723206554334757,-0.011701907770066737,0.0021186379721576747,3.0807687646166184e-06
23.703,0.0,0.00022726520401212773,0.0014856471674237464,-0.0016987058638228806,-0.011298266764810824,0.0016750384075598264,-0.00011506948532415367
23.723,0.0,0.0002620048932600063,0.001465663981261501,-0.0016785590295028201,-0.01117171234099504,0.0012414895664506892,-0.0002582806016132934
23.743,0.0,0.0003516636427610166,0.0014936142971385031,-0.0016575380585060254,-0.010911160769332956,0.0005197119512021644,-0.0006703781206297876
23.763,0.0,0.0003449972565370041,0.0014394004153228475,-0.0015763630028800407,-0.01061448687828841,0.0007879844777051447,-0.0006606003981866227
23.783,0.0,0.0003449972565370041,0.0014394004153228475,-0.0015763630028800407,-0.01061448687828841,0.0007879844777051447,-0.0006606003981866227
23.803,0.0,0.000339800889967713,0.001415845778137302,-0.0015233226590401028,-0.010331435530738372,0.0007736650799567103,-0.0006506601822059838
23.823,0.0,0.00034973979491121097,0.0014148724680203054,-0.0015228022394876645,-0.010331435530738372,0.0007736650799567103,-0.0006506601822059838
23.843,0.0,0.0003823106306801075,0.00144494135366196,-0.0014556171471172355,-0.009754741205674235,0.0008857573250594905,-0.0007719878884384567
23.863,0.0,0.0002921344165064731,0.001444747556148297,-0.001470758458732362,-0.009749731540853205,0.0011691866044718534,-0.0004900699749859599
23.883,0.0,0.0003294278581561158,0.001414703018809478,-0.001521433388430921,-0.010049788277607417,0.0007590085877965825,-0.0006404983073250283
23.903,0.0,0.0003294278581561158,0.001414703018809478,-0.001521433388430921,-0.010049788277607417,0.0007590085877965825,-0.0006404983073250283
23.923,0.0,0.0003200625431890215,0.0013853750559644907,-0.001532731493221491,-0.010035177241435838,0.0010418372503887142,-0.000640874726872017
23.943,0.0,0.0003740619523248172,0.001358635354571291,-0.001531792257533672,-0.010010731400697736,0.0013238754093089534,-0.0009235258403138996
23.963,0.0,0.0003031822692210821,0.0013690922763893104,-0.0015196118397457568,-0.00986674491398554,0.001601585857128616,-0.0006298128485326663
23.983,0.0,0.00026734227772048073,0.0013294656345028265,-0.0015382487813580103,-0.010018057563269345,0.0014661102346788183,-0.000500306823408382
24.003,0.0,0.00026734227772048073,0.0013294656345028265,-0.0015382487813580103,-0.010018057563269345,0.0014661102346788183,-0.000500306823408382
24.023,0.0,0.0002851695745631995,0.0013362018826324133,-0.0016016042706873091,-0.010190107497588545,0.0009106272537682279,-0.0004987180665576409
24.043,0.0,0.0003656224608410057,0.0013257855921320104,-0.001661868680534914,-0.010348910303769642,0.0003497021712063542,-0.0007919856677906609
24.063,0.0,0.00038794326458190225,0.0012932516810539247,-0.0016294363946558275,-0.010362848235557194,6.74381761892821e-05,-0.0007911683094334069
24.083,0.0,0.0003949513204780174,0.0012186746959351941,-0.001706871768235931,-0.010927889239696996,9.621937804792995e-05,-0.0008112100686558154
24.103,0.0,0.0003949513204780174,0.0012186746959351941,-0.001706871768235931,-0.010927889239696996,9.621937804792995e-05,-0.0008112100686558154
24.123,0.0,0.0003607726770948848,0.0012254352585084843,-0.0016215158826827132,-0.010362848235557194,6.74381761892821e-05,-0.0007911683094334069
24.143,0.0,0.00034249681762119993,0.001213653386860373,-0.0015491716693686035,-0.010093697621429538,-8.860918920255476e-05,-0.0006395387339341562
24.163,0.0,0.0003506043218971784,0.001222267432170841,-0.0015700321862560421,-0.010066532033637363,0.00033576078775741805,-0.0007814140420626293
24.183,0.0,0.0003107140530022689,0.0012266174296036115,-0.0015727674350514635,-0.010063952988930083,0.00047673823099277085,-0.0006397114308001465
24.203,0.0,0.0003107140530022689,0.0012266174296036115,-0.0015727674350514635,-0.010063952988930083,0.00047673823099277085,-0.0006397114308001465
24.223,0.0,0.00031316064623484064,0.0011960339528823282,-0.0015413774592591115,-0.010078926622282963,0.00019449261640336904,-0.0006399577965134934
24.243,0.0,0.00029013805650875173,0.0011639641220974964,-0.001490850142719985,-0.009781676574233096,0.00046174466564238983,-0.0006301972514251388
24.263,0.0,0.00031164255861713903,0.001150982761128746,-0.0014806623480071051,-0.009769376165741124,0.0006029890752371422,-0.0007715686762361824
24.283,0.0,0.00023666095756679832,0.001148946071330225,-0.0014162030650108285,-0.009343596979439745,0.000867640562991379,-0.00046796593029768024
24.303,0.0,0.00023666095756679832,0.001148946071330225,-0.0014162030650108285,-0.009343596979439745,0.000867640562991379,-0.00046796593029768024
24.323,0.0,0.00020770316562767921,0.0011780594758374766,-0.0014557675436866653,-0.009453786389534112,0.0014370192483722998,-0.0004801182794196059
24.343,0.0,0.0001647073470253356,0.0012051831479008128,-0.0013613450278196295,-0.008886131786910103,0.001549825861956236,-0.00031907101539747223
24.363,0.0,0.00030814209378401584,0.001225230009450036,-0.0014145894307378939,-0.009190674061144747,0.0008567286600423742,-0.0007517098995548402
24.383,0.0,0.00029926855651956534,0.001226383769743582,-0.0014350816718988898,-0.009190674061144747,0.0008567286600423742,-0.0007517098995548402
24.403,0.0,0.00029926855651956534,0.001226383769743582,-0.0014350816718988898,-0.009190674061144747,0.0008567286600423742,-0.0007517098995548402
24.423,0.0,0.0002668674028219191,0.0011911354537009206,-0.0014449108319183708,-0.009229393463299752,0.0002929101601416486,-0.0004689522843339511
24.443,0.0,0.0002786355346889304,0.0011868485389376802,-0.0014087588442465325,-0.008976699836129943,-0.0002870379212961049,-0.00045865462907221166
24.463,0.0,0.00027097213601651735,0.0012082684032417436,-0.0014186452966561498,-0.008974107771828822,-0.00014597579766553251,-0.0003168760262339749
24.483,0.0,0.0002430924942188642,0.0012610411944918968,-0.0014427202279002225,-0.008944996023142722,0.0004187443124025079,-0.00031738067145484656
24.503,0.0,0.0002430924942188642,0.0012610411944918968,-0.0014427202279002225,-0.008944996023142722,0.0004187443124025079,-0.00031738067145484656
24.523,0.0,0.0002356557494840462,0.0012516121840374249,-0.0014537263540624885,-0.00893022114489523,0.0007016288334566312,-0.0003179072524885401
24.543,0.0,0.0002955722909606719,0.0012747894122432722,-0.0014720596740473513,-0.008905589569037448,0.0009839466240736021,-0.0006008483286537798
24.563,0.0,0.0002489401783056752,0.0012254559609914317,-0.0013699767022692698,-0.0086501579858425,0.0005455371460491149,-0.0004489104529708147
24.583,0.0,0.0002964502211827391,0.0012105152460456842,-0.0014190096599427026,-0.008623264174114697,0.0009694493994651763,-0.0005907461515752708
24.603,0.0,0.0002964502211827391,0.0012105152460456842,-0.0014190096599427026,-0.008623264174114697,0.0009694493994651763,-0.0005907461515752708
24.623,0.0,0.00022328280483660407,0.0011672382303855834,-0.001395448304806008,-0.008606813282616928,0.0013930771116402569,-0.00045047416337379574
24.643,0.0,0.00023318462344012341,0.0011626945879840737,-0.0013422297897266362,-0.008312266673125537,0.0015196144823538366,-0.0005817734464246737
24.663,0.0,0.00014239343147834827,0.0011770090432507649,-0.0012662046380919423,-0.008010830302564309,0.002070383680531532,-0.00028983872331080475
24.683,0.0,9.541693200129036e-05,0.0011456407701707623,-0.0013337882635923286,-0.008275526727475021,0.0025091952517916393,-0.00015876441663805903
24.703,0.0,9.541693200129036e-05,0.0011456407701707623,-0.0013337882635923286,-0.008275526727475021,0.0025091952517916393,-0.00015876441663805903
24.723,0.0,0.00013781812655864827,0.0011546479933540817,-0.0012230486681013835,-0.007727911881296999,0.002056539902062982,-0.0002794510189115951
24.743,0.0,0.00019468888093582945,0.0011581897802673835,-0.0011970812631043534,-0.007747058713684253,0.0014913328451802831,-0.0005613112729026568
24.763,0.0,0.00014939116391524197,0.0011431022897094862,-0.001189766279336127,-0.0077594430959401816,0.0013502682993188162,-0.0004199513136672343
24.783,0.0,0.0001267525770852714,0.0011197265404092845,-0.0012439257103768104,-0.00805458365694022,0.001223055418826453,-0.0002889041315388774
24.803,0.0,0.0001267525770852714,0.0011197265404092845,-0.0012439257103768104,-0.00805458365694022,0.001223055418826453,-0.0002889041315388774
24.823,0.0,7.255647393041188e-05,0.0011485827853988976,-0.0013098530036670742,-0.008334383359571946,0.001379172801800565,-0.00015796504311300398
24.843,0.0,2.654679406689724e-05,0.001109981278646166,-0.0013391314095708342,-0.008489610169645266,0.0012485037551462773,-1.5053667482630264e-05
24.863,0.0,-9.358028561392616e-06,0.001127607201755384,-0.001312793035990707,-0.00837049027839598,0.000956578036605247,0.00026687289396865017
24.883,0.0,-5.145942330748985e-06,0.001090568493275977,-0.001324883552914886,-0.008667543174412323,0.0006882736329952124,0.00025724794442908436
24.903,0.0,-5.145942330748985e-06,0.001090568493275977,-0.001324883552914886,-0.008667543174412323,0.0006882736329952124,0.00025724794442908436
24.923,0.0,-1.956873880800582e-05,0.0011256925197476798,-0.0013196928868675292,-0.008514230045565474,0.0009662792344196805,0.0002680543390171833
24.943,0.0,2.037078011585829e-05,0.0011685534128774273,-0.0012223639900828262,-0.007810956579492273,0.0006442660899068538,4.909774317627124e-06
24.963,0.0,-0.00010212402473704595,0.0011343371829608104,-0.001264781212498276,-0.008085944452827003,0.0010837123995261627,0.0004181004681688908
24.983,0.0,-0.00018741010910510673,0.001128450990812063,-0.0011961420692750977,-0.007798418321659574,0.0013519737764405167,0.0007099417749048558
25.003,0.0,-0.00018741010910510673,0.001128450990812063,-0.0011961420692750977,-0.007798418321659574,0.0013519737764405167,0.0007099417749048558
25.023,0.0,-0.00021485216940692322,0.0011238966621519206,-0.0011535302914606124,-0.007630760360192675,0.0019119366718438943,0.0007206414195227294
25.043,0.0,-0.00020570276402098953,0.0010732609208086205,-0.0011513194531529792,-0.007659882278643916,0.0013470656935448343,0.0007212446065749639
25.063,0.0,-0.00018057241411235264,0.0010504725524894515,-0.0011489138121144416,-0.007676797003532343,0.0009229046097565031,0.0005803471203677451
25.083,0.0,-0.00022733273021681216,0.00110864732750545,-0.001065692655056624,-0.007092442812301207,0.0014596758618530827,0.0008825464904280918
25.103,0.0,-0.00022733273021681216,0.00110864732750545,-0.001065692655056624,-0.007092442812301207,0.0014596758618530827,0.0008825464904280918
25.123,0.0,-0.0001799233361401627,0.001067687919789562,-0.001135858511205459,-0.007391889391467826,0.0010505242926286866,0.0007321419722761534
25.143,0.0,-0.00020913027502345746,0.001073580605253616,-0.0010815508041057548,-0.007234639621018783,0.0013227250389095048,0.000730239531855307
25.163,0.0,-0.00010918211617284558,0.0010051499983321818,-0.0011723921653188142,-0.007705832906160911,0.00035852513592988334,0.0005808866855881668
25.183,0.0,-0.0001906576056973017,0.0009158510011421275,-0.0012628266713659352,-0.008389919694466074,0.000957954143303846,0.0008310669710739855
25.203,0.0,-0.0001906576056973017,0.0009158510011421275,-0.0012628266713659352,-0.008389919694466074,0.000957954143303846,0.0008310669710739855
25.223,0.0,-0.00012646049017879938,0.0009262109230847195,-0.001233942164504989,-0.00813963081158208,0.0002359571978769474,0.0007007996551894851
25.243,0.0,-6.740370088955887e-05,0.0008361334982685653,-0.0013079844507733114,-0.008694846286966245,0.00026483569160146674,0.0003985254323789021
25.263,0.0,-4.062665778107307e-05,0.0008148663966420064,-0.0014053515949954444,-0.00914636039488489,-0.00013372118455216587,0.0005310502680702863
25.283,0.0,-7.84886462067534e-05,0.0008312026772780517,-0.0013620578361128834,-0.008986648511824081,0.00027943980295747236,0.0006707560448562426
25.303,0.0,-7.84886462067534e-05,0.0008312026772780517,-0.0013620578361128834,-0.008986648511824081,0.00027943980295747236,0.0006707560448562426
25.323,0.0,-9.537992605415055e-05,0.0008463341376744268,-0.0013471233105054488,-0.00883233421774976,0.0005583824872794768,0.0006816224933456973
25.343,0.0,-4.21923367613464e-05,0.0007911151799102297,-0.0014118849625751905,-0.009285888619500679,-0.00012956094375604244,0.0005196277914564236
25.363,0.0,-5.959010455412753e-05,0.0007970925355264329,-0.001325638480667345,-0.008733341627075104,-0.0002999467348299136,0.0006813283699879546
25.383,0.0,-2.4492286547472137e-05,0.0008125921775915358,-0.001323840148455356,-0.008724128063421011,-0.00030001208255631096,0.00039926236804361067
25.403,0.0,-2.4492286547472137e-05,0.0008125921775915358,-0.001323840148455356,-0.008724128063421011,-0.00030001208255631096,0.00039926236804361067
25.423,0.0,-1.701916652088589e-05,0.0007880449406883713,-0.0012608765289382551,-0.008429359415483612,-0.00017308850329931613,0.000267598971917125
25.443,0.0,2.7546012242250013e-05,0.0008548044701234313,-0.0012044454107176768,-0.008050450047865018,-0.0010401733204845524,0.0002901447739915292
25.463,0.0,0.00011364412485037426,0.0008426220212714808,-0.0012558568502662236,-0.008183327947735464,-0.001177403309744687,-0.0001450575337708867
25.483,0.0,9.308109482510262e-05,0.0008655696246935367,-0.001265872309688073,-0.008195022111789699,-0.0013182832065110842,-3.065513083849989e-06
25.503,0.0,9.308109482510262e-05,0.0008655696246935367,-0.001265872309688073,-0.008195022111789699,-0.0013182832065110842,-3.065513083849989e-06
25.523,0.0,9.684193418387609e-05,0.0008678139980558223,-0.0011386893437501876,-0.0076323199029133815,-0.0014883951903680234,-0.00012486450833690705
25.543,0.0,0.00014194309535328335,0.0008725885050393169,-0.0011565076272295385,-0.007623127891964106,-0.0014886376240484135,-0.0004067233649206714
25.563,0.0,0.00013224187183694285,0.000827408093246034,-0.0011101230058969366,-0.007492398350070771,-0.0016390601708538833,-0.0002669345741878482
25.583,0.0,0.0001443715682726774,0.0008291753863931673,-0.0010930953638909034,-0.007340448875281699,-0.0015035210658604539,-0.00039723340125410577
25.603,0.0,0.0001443715682726774,0.0008291753863931673,-0.0010930953638909034,-0.007340448875281699,-0.0015035210658604539,-0.00039723340125410577
25.623,0.0,0.00017974685157495784,0.0007977706568618069,-0.0011268324699185873,-0.007598814039384846,-0.001207027133307291,-0.000689262782720604
25.643,0.0,0.00019133147690310838,0.0007872592658268354,-0.0011763836596099008,-0.007598814039384846,-0.001207027133307291,-0.000689262782720604
25.663,0.0,0.0001403235595804687,0.0008183022186187621,-0.0011165100416731567,-0.007311483040470515,-0.0009392033286350162,-0.0003977849177366653
25.683,0.0,0.0001541454555056589,0.0008232409211273048,-0.0010634903703946174,-0.007002401177353302,-0.0005298175495747571,-0.0005287821229902285
25.703,0.0,0.0001541454555056589,0.0008232409211273048,-0.0010634903703946174,-0.007002401177353302,-0.0005298175495747571,-0.0005287821229902285
25.723,0.0,8.931922391751061e-05,0.0008082295615393862,-0.0010305971021193556,-0.006958968622205825,0.00031761700260714987,-0.0005304136531897625
25.743,0.0,7.83150509673119e-05,0.0008060497599643527,-0.001018603648190623,-0.006676630075120801,0.00030361871111934187,-0.0005198674596791759
25.763,0.0,3.918107244493912e-05,0.0008301616678464505,-0.001000152209258388,-0.006674867269628436,0.0004437842466266592,-0.0003782662272587791
25.783,0.0,2.8983655601705053e-06,0.0008605143112180231,-0.000970442339852752,-0.006374619815700377,0.0008541180622715195,-0.00022792924126096426
25.803,0.0,2.8983655601705053e-06,0.0008605143112180231,-0.000970442339852752,-0.006374619815700377,0.0008541180622715195,-0.00022792924126096426
25.823,0.0,7.546877800192947e-05,0.0008629343066941754,-0.0009962582770984484,-0.006379473204377996,0.0005707043629740877,-0.0005098783627973697
25.843,0.0,0.00012206817817644145,0.0008492484122593688,-0.0010017029038002757,-0.006396940488044431,0.0001466685442166247,-0.0006510941605687133
25.863,0.0,7.687268025934395e-05,0.0008827623343053026,-0.0009860171785750767,-0.006379473204377996,0.0005707043629740877,-0.0005098783627973697
25.883,0.0,6.291528062291469e-06,0.0009031234723844125,-0.0009042707126327014,-0.005795795295715011,0.001107768412679189,-0.00020811433592828955
25.903,0.0,6.291528062291469e-06,0.0009031234723844125,-0.0009042707126327014,-0.005795795295715011,0.001107768412679189,-0.00020811433592828955
25.923,0.0,-3.654965695554616e-05,0.0008777436235119281,-0.0009668730549902094,-0.006233824609781575,0.0009908190237084263,-7.56262739515995e-05
25.943,0.0,-7.226841442096753e-05,0.0008876480473610935,-0.0009761707564229584,-0.006355988781311671,0.0014192139475248298,5.359856578852685e-05
25.963,0.0,-2.2703826599233945e-05,0.0008930113931520792,-0.0010022979850148842,-0.0063729976633208315,0.0009949783881607237,-8.718483560560249e-05
25.983,0.0,3.4265783833871214e-05,0.0008882115229957488,-0.0009970644349542009,-0.006389418163614497,0.0005712997202564467,-0.00022742535492340012
26.003,0.0,3.4265783833871214e-05,0.0008882115229957488,-0.0009970644349542009,-0.006389418163614497,0.0005712997202564467,-0.00022742535492340012
26.023,0.0,3.64740220850282e-05,0.0008414968279146562,-0.001049534577980691,-0.006698119369537967,0.00016259224347082573,-9.650301455709898e-05
26.043,0.0,2.145704656721847e-05,0.000820098448452196,-0.0009968657563179841,-0.006416603236441551,0.00014793712806556648,-8.627755478518139e-05
26.063,0.0,1.879509917261616e-05,0.0008054193475456996,-0.0009142848288913464,-0.0061213272690095084,0.00027488414179394907,-0.00021792260393636831
26.083,0.0,-8.678259402663362e-05,0.0008589081894922023,-0.0008156887734514432,-0.0055238519693074405,0.0010930878845073298,8.422936141259996e-05
26.103,0.0,-8.678259402663362e-05,0.0008589081894922023,-0.0008156887734514432,-0.0055238519693074405,0.0010930878845073298,8.422936141259996e-05
26.123,0.0,-7.253932632768577e-05,0.000820850943335861,-0.0008282326350059395,-0.005820479349143044,0.0008255404851028939,7.491329161607927e-05
26.143,0.0,-3.4340172880446246e-05,0.0008073419692582744,-0.0008641302574953709,-0.005837565891153569,0.00040185136248129736,-6.657754332484338e-05
26.163,0.0,4.727516392356288e-05,0.0008017246975068807,-0.0008236354316122896,-0.005684090538015849,0.00039123796929679106,-0.0003507371537447534
26.183,0.0,3.1134168822756695e-05,0.0007772757090263243,-0.0008168852454148175,-0.005559894593081193,0.00010382727196021031,-0.000338586721668342
26.203,0.0,3.1134168822756695e-05,0.0007772757090263243,-0.0008168852454148175,-0.005559894593081193,0.00010382727196021031,-0.000338586721668342
26.223,0.0,-4.44698824954854e-05,0.0007548328455372774,-0.0007713369030244643,-0.005555044606153497,0.000387389176101112,-5.655680347729648e-05
26.243,0.0,-0.00010012781912627381,0.0007490753092872639,-0.0007671225111835029,-0.0055238519693074405,0.0010930878845073298,8.422936141259996e-05
26.263,0.0,-8.624347447207924e-05,0.0007442536551530225,-0.0007352025619395777,-0.005214463877267343,0.0015022478515398121,-4.756510211312212e-05
26.283,0.0,9.548030590871452e-06,0.0007280312292505766,-0.0007703898069381346,-0.005530296110286549,0.0006688230545999691,-0.0003386312656488205
26.303,0.0,9.548030590871452e-06,0.0007280312292505766,-0.0007703898069381346,-0.005530296110286549,0.0006688230545999691,-0.0003386312656488205
26.323,0.0,-1.01735209810386e-05,0.0007677184048982747,-0.000766698209552233,-0.005260009256704995,0.00051330616240775,-0.00018724726548944757
26.343,0.0,2.6146554481812295e-05,0.0007485757146710655,-0.0008365045590173981,-0.005571603729514825,-3.673412854072569e-05,-0.00019674824226541162
26.363,0.0,5.488221645244734e-05,0.0007905254029836828,-0.0008352747431079546,-0.00545887030740085,-0.0006113650502329656,-0.0001980133837159335
26.383,0.0,0.00010799062883201271,0.0007709676936465732,-0.0008595007559687583,-0.005593527699847296,-0.0007434296332086218,-0.0006202170764656073
26.403,0.0,0.00010799062883201271,0.0007709676936465732,-0.0008595007559687583,-0.005593527699847296,-0.0007434296332086218,-0.0006202170764656073
26.423,0.0,2.406623963305847e-05,0.0007300514384393794,-0.0008616037190036269,-0.005630186670585389,-0.0011663850555851676,-0.00019609420493549778
26.443,0.0,2.325119564174896e-05,0.0006990371052760748,-0.0008427056099451831,-0.0056175526182777455,-0.0010255836774763626,-0.0003368801996672167
26.463,0.0,3.906881517752177e-05,0.0007150843945184547,-0.0007875606010683198,-0.005350211372391652,-0.0013227989537419708,-0.0003270225605765621
26.483,0.0,1.1568704464717826e-05,0.0006948034076643653,-0.0007929774864282085,-0.005517187755361466,-0.0017411546789822892,-0.00019682684000695068
26.503,0.0,1.1568704464717826e-05,0.0006948034076643653,-0.0007929774864282085,-0.005517187755361466,-0.0017411546789822892,-0.00019682684000695068
26.523,0.0,7.302587552935495e-05,0.0007034077209950576,-0.0007797939702141759,-0.005420476807363334,-0.0025929288667812032,-0.0001845048522261542
26.543,0.0,5.162162350858281e-05,0.0007041748649547461,-0.0007738592824465427,-0.005379319579239376,-0.0018875807839125202,-0.0003264041035481537
26.563,0.0,5.18433470201314e-05,0.0007306739663764431,-0.0007300111459404079,-0.005096835417069388,-0.0019019746769540877,-0.000316489677866269
26.583,0.0,6.421004817274568e-05,0.0007256696443761077,-0.0006681311553352408,-0.00478727926246398,-0.0014933164734902858,-0.00044743570225314424
26.603,0.0,6.421004817274568e-05,0.0007256696443761077,-0.0006681311553352408,-0.00478727926246398,-0.0014933164734902858,-0.00044743570225314424
26.623,0.0,3.566422850746647e-05,0.0006836981349162397,-0.0006592505436443882,-0.004898275816887296,-0.0009234854285366603,-0.0004596104719484273
26.643,0.0,-3.040220468936979e-05,0.000666577587429967,-0.0005898114418062583,-0.004613549631032584,-0.000796054528325199,-0.00030868078022908266
26.663,0.0,1.690177259513394e-05,0.0007153150022598117,-0.0005806208422086592,-0.004462084569614605,-0.0006608769378509224,-0.0004387131398738283
26.683,0.0,5.968744386774489e-05,0.0007476466285982181,-0.0005648577263363293,-0.004181993900378443,-0.0008158967406010197,-0.0005699244008944409
26.703,0.0,5.968744386774489e-05,0.0007476466285982181,-0.0005648577263363293,-0.004181993900378443,-0.0008158967406010197,-0.0005699244008944409
26.723,0.0,2.3624089489164637e-05,0.0007245904171760268,-0.0006311398010544797,-0.004449716913935161,-0.0005195086211577033,-0.0005801854495316774
26.743,0.0,4.581706583745352e-05,0.0007784514856963114,-0.0005067901342164465,-0.0037302776855236974,-0.00041747660114971937,-0.0007028301551174161
26.763,0.0,-1.7656186748185226e-05,0.0007603125771137829,-0.0005209286974211122,-0.003827063543088283,0.0005812382979619468,-0.0005605965090119643
26.783,0.0,-3.0429665684469553e-05,0.0007628359648658337,-0.0004385778807354821,-0.003443534737746911,-0.0001483830966896869,-0.0004108790214107874
26.803,0.0,-3.0429665684469553e-05,0.0007628359648658337,-0.0004385778807354821,-0.003443534737746911,-0.0001483830966896869,-0.0004108790214107874
26.823,0.0,-5.16237679857749e-05,0.0007189135125292404,-0.0005043306011098713,-0.003722709699777782,7.332982072336785e-06,-0.0002792832790633255
26.843,0.0,-5.327004160134623e-05,0.0006730689532414047,-0.0004622986935999535,-0.0036535014211609364,-0.00126775989202805,-0.00012584278777030716
26.863,0.0,2.035545285450442e-05,0.0006559910087421344,-0.0004887823835761587,-0.0036436260748436487,-0.0012682524563096902,-0.0004082787124172031
26.883,0.0,0.00010215232692904236,0.0006848447841186532,-0.0004493163216802521,-0.0033665398654926597,-0.0015657899803033773,-0.0006801485940803638
26.903,0.0,0.00010215232692904236,0.0006848447841186532,-0.0004493163216802521,-0.0033665398654926597,-0.0015657899803033773,-0.0006801485940803638
26.923,0.0,6.058894299667265e-05,0.0006350113237084579,-0.0004602990423508916,-0.003489721224276278,-0.0011374099248638858,-0.0005508668079282948
26.943,0.0,3.1642704198892584e-05,0.0006273200251984819,-0.00044336846144414757,-0.0034746542067228465,-0.0008547574327711731,-0.0005506023104326998
26.963,0.0,9.107772743098055e-05,0.0006111239143359967,-0.0004496927730401289,-0.0034770037575722183,-0.0009966383720688308,-0.0006915817636037307
26.983,0.0,0.00010013047674568346,0.0005903717024781238,-0.00046937511155153994,-0.0034770037575722183,-0.0009966383720688308,-0.0006915817636037307
27.003,0.0,0.00010013047674568346,0.0005903717024781238,-0.00046937511155153994,-0.0034770037575722183,-0.0009966383720688308,-0.0006915817636037307
27.023,0.0,6.516817628191098e-05,0.0005842149069839885,-0.00045036135348570976,-0.003489721224276278,-0.0011374099248638858,-0.0005508668079282948
27.043,0.0,1.0008188645460462e-05,0.0005358347356164178,-0.0004605896928730186,-0.003629144977920882,-0.000986297532383449,-0.0004083986723949395
27.063,0.0,2.896930186162285e-06,0.0005224871731051542,-0.0004788913644172242,-0.003754477940778696,-0.0006987009509785949,-0.0004204350312713003
27.083,0.0,-4.5155959647477766e-05,0.0005433930497430249,-0.0005230423235434143,-0.003851664390827063,0.0002998313297730739,-0.00027863753095266983
27.103,0.0,-4.5155959647477766e-05,0.0005433930497430249,-0.0005230423235434143,-0.003851664390827063,0.0002998313297730739,-0.00027863753095266983
27.123,0.0,-2.7279296831952156e-05,0.0005347325545908884,-0.0004840616236271231,-0.0037110523910790835,0.00014784100773269972,-0.0004210655009681593
27.143,0.0,-0.00018122892703862552,0.0005296730756779367,-0.0005471808239087407,-0.00409784030332725,0.0013031797191753799,0.0001341958187154054
27.163,0.0,-9.263737975984816e-05,0.0005304801410712536,-0.0005505248020344784,-0.004116386802650529,0.000738111845970743,-0.00014739004137719487
27.183,0.0,-0.00010791548714522513,0.0005252503958128827,-0.0005956222561169727,-0.004384532682460877,0.0010345896094029457,-0.00015817740780803662
27.203,0.0,-0.00010791548714522513,0.0005252503958128827,-0.0005956222561169727,-0.004384532682460877,0.0010345896094029457,-0.00015817740780803662
27.223,0.0,-0.0001552034111304584,0.000546735183707745,-0.000566581083571596,-0.0040854576231221405,0.0014442044752099364,-7.310998512175989e-06
27.243,0.0,-0.00015202511634800257,0.0005098923033568745,-0.0006179188427870069,-0.004394415090426999,0.0010352325129248084,0.0001242364874963676
27.263,0.0,-0.000120312787917534,0.0005096695285105467,-0.0006392008881031919,-0.004679019935381033,0.0009081313329469366,-2.6803412636851457e-05
27.283,0.0,-9.65617621787993e-05,0.000497949507644057,-0.000668928773501833,-0.004666632089563555,0.0010491966153475538,-0.0001683728046278726
27.303,0.0,-9.65617621787993e-05,0.000497949507644057,-0.000668928773501833,-0.004666632089563555,0.0010491966153475538,-0.0001683728046278726
27.323,0.0,-0.00010518159244525317,0.0005325382584992296,-0.0005603215405208189,-0.0041286684131640276,0.0005970352745371179,-5.962788313129623e-06
27.343,0.0,-9.815210430438837e-05,0.0005287074085691865,-0.0005055987637988024,-0.0038491757626487135,0.00044067153198735896,-0.0001367690036644485
27.363,0.0,-0.0001529819537067298,0.0005279321616922046,-0.0004819277715313259,-0.0037161912009825025,0.00043184617727511315,0.00014345941531217313
27.383,0.0,-4.0774910811016384e-05,0.0005136271715633316,-0.00043823996994996766,-0.0034700514988920263,-0.0005721804044243359,-0.000268522905659845
27.403,0.0,-4.0774910811016384e-05,0.0005136271715633316,-0.00043823996994996766,-0.0034700514988920263,-0.0005721804044243359,-0.000268522905659845
27.423,0.0,-0.00010476865007729496,0.0005110218593175969,-0.0004414360927363177,-0.003479993874271422,-0.0005716634348141658,1.4018501969350697e-05
27.443,0.0,-4.546403273823988e-05,0.0005124534205106229,-0.00039196488826179606,-0.003241388720526095,-0.001434069178389353,2.444074069500013e-05
27.463,0.0,-1.599074558611509e-05,0.0004731767375722181,-0.0003705618275135618,-0.0031328060760568246,-0.0021450657588483585,-0.00010444924833905872
27.483,0.0,-4.161353744951887e-05,0.00046008631624035905,-0.00034469265749831796,-0.0030026969669556276,-0.0022950879828346504,3.593689923845272e-05
27.503,0.0,-4.161353744951887e-05,0.00046008631624035905,-0.00034469265749831796,-0.0030026969669556276,-0.0022950879828346504,3.593689923845272e-05
27.523,0.0,-8.513357175073401e-05,0.00044736451084987337,-0.0003204003117519241,-0.002860736541045464,-0.0021577983682025534,0.0001878766888821558
27.543,0.0,-8.7102633768183e-05,0.00047553737752632785,-0.00028609969840746077,-0.0025932255533439785,-0.0024553996941400528,0.0001977769737674111
27.563,0.0,-8.375731367506729e-05,0.00047505232675187215,-0.000296506545657309,-0.0025786058139351414,-0.002172840361287499,0.00019750895270446986
27.583,0.0,-8.74895459804232e-05,0.0005044125053574152,-0.00030811057310312486,-0.002564021289357992,-0.0018903941390980424,0.0001971672896247147
27.603,0.0,-8.74895459804232e-05,0.0005044125053574152,-0.00030811057310312486,-0.002564021289357992,-0.0018903941390980424,0.0001971672896247147
27.623,0.0,-7.725897713481237e-05,0.00047692093512585764,-0.0003614369793779029,-0.002846088051796646,-0.0018752950054957455,0.00018751618146801616
27.643,0.0,-0.0001897437894964406,0.0005079024469667446,-0.00037134745398106255,-0.002809584033019109,-0.0008867018822128214,0.000609910033465376
27.663,0.0,-0.00019169459471790726,0.00051441073517856,-0.0003901514581484248,-0.002922101374097642,-0.0004584821243908889,0.00045697516979760353
27.683,0.0,-0.00028351995915788255,0.0005102643969043594,-0.00039276929560163443,-0.0030608732818912998,-0.00016539293592470337,0.0007404807440637704
27.703,0.0,-0.00028351995915788255,0.0005102643969043594,-0.00039276929560163443,-0.0030608732818912998,-0.00016539293592470337,0.0007404807440637704
27.723,0.0,-0.00031823536132255477,0.0005232713317191861,-0.00042585768384762796,-0.003044299623155714,0.0002578748483716045,0.000881532485217123
27.743,0.0,-0.00030059815479949805,0.0005508931875699352,-0.00039647901928373903,-0.003019475358721016,0.0005403125100513979,0.00059830546980629
27.763,0.0,-0.0002942445662191952,0.0005434286544590914,-0.00038822867781318894,-0.0028907600210816755,0.00024780895755061396,0.0005975812779662507
27.783,0.0,-0.00030960647899708573,0.0005206019665819545,-0.00041874472648460075,-0.0030049306401123657,0.0008230617126697746,0.0005979696872453825
27.803,0.0,-0.00030960647899708573,0.0005206019665819545,-0.00041874472648460075,-0.0030049306401123657,0.0008230617126697746,0.0005979696872453825
27.823,0.0,-0.00036164626532716397,0.0005159153114851893,-0.0004012123933560977,-0.003002658310371142,0.0009645299614285229,0.0007391563651982137
27.843,0.0,-0.0003800257527833651,0.0004985148728498379,-0.00039080961034576643,-0.0030295833094673564,0.0005406953058721631,0.000881098997415904
27.863,0.0,-0.00039624189685087235,0.0005275861797880911,-0.0003363109739376184,-0.002774040198596228,0.00010306842085919306,0.0010323832786428115
27.883,0.0,-0.00033620191990179244,0.0005235513709615913,-0.0003571321684148971,-0.0028340216054413246,-0.0011681344938902997,0.000892879745520091
27.903,0.0,-0.00033620191990179244,0.0005235513709615913,-0.0003571321684148971,-0.0028340216054413246,-0.0011681344938902997,0.000892879745520091
27.923,0.0,-0.0003411235566942311,0.0005411035333403664,-0.000292677727087772,-0.0025638376852199995,-0.0013233368920027872,0.0010438282592626067
27.943,0.0,-0.00033463378482529067,0.0004943601464102772,-0.0003657586323753336,-0.0028610279608025403,-0.0015919021551810506,0.0010350012326048044
27.963,0.0,-0.00030697729534433845,0.0005251006330967658,-0.00025601065324101676,-0.002298866077300632,-0.0017616837198003994,0.0009136590471758494
27.983,0.0,-0.00031420580577600865,0.00048122745258667835,-0.0003346235698333049,-0.002849211661611163,-0.0014510670572544751,0.0008929208052548282
28.003,0.0,-0.00031420580577600865,0.00048122745258667835,-0.0003346235698333049,-0.002849211661611163,-0.0014510670572544751,0.0008929208052548282
28.023,0.0,-0.00035279354460896,0.0005054938696804835,-0.00032718292719185576,-0.0028467311755714635,-0.0013089837553785907,0.0010338890703417527
28.043,0.0,-0.0003882094016358047,0.0004895154781867383,-0.00031822958902994955,-0.00285928034780493,-0.001450586081348473,0.0011757394164756015
28.063,0.0,-0.0003399289744275012,0.0005053291755365733,-0.0003527609675106157,-0.002890047809019133,-0.0021566461337620105,0.0010355013920272647
28.083,0.0,-0.0003547300214594677,0.000503528027664935,-0.00046167490092178647,-0.0034528123609660595,-0.0019861197143168485,0.0011560983214739156
28.103,0.0,-0.0003547300214594677,0.000503528027664935,-0.00046167490092178647,-0.0034528123609660595,-0.0019861197143168485,0.0011560983214739156
28.123,0.0,-0.0003325425111234459,0.0005155275345581146,-0.0005325753317008085,-0.003749147589103655,-0.0022539692182858206,0.0011462909122350784
28.143,0.0,-0.00039654822254491466,0.0005139740438175179,-0.0005524745626524424,-0.003999980509432604,-0.001533084218352279,0.001276221389994709
28.163,0.0,-0.00039968427895606943,0.00048796295170565237,-0.0005948861142687028,-0.004296401901463911,-0.00180074497754934,0.0012663399101430933
28.183,0.0,-0.00040765026860952917,0.0005520704076049829,-0.0005175379611168812,-0.003732674399301753,-0.0018299878032254336,0.001286684197005244
28.203,0.0,-0.00040765026860952917,0.0005520704076049829,-0.0005175379611168812,-0.003732674399301753,-0.0018299878032254336,0.001286684197005244
28.223,0.0,-0.0004789633897961346,0.0004842368110424714,-0.0006237541099892152,-0.00447650314506074,-0.002214194156266805,0.0016920010619172938
28.243,0.0,-0.0005136328509454767,0.0005114673961543294,-0.0005964435009754904,-0.0043600765271329155,-0.0026472405837578545,0.001832254739458635
28.263,0.0,-0.0005371144027422086,0.0005046112755854982,-0.0006068219981370148,-0.0043730458894157085,-0.002788507327268558,0.001973715236131779
28.283,0.0,-0.0005455216953954687,0.0005460070610581362,-0.0006153541815868127,-0.004386987076957152,-0.003070592893037709,0.0019743983849372974
28.303,0.0,-0.0005455216953954687,0.0005460070610581362,-0.0006153541815868127,-0.004386987076957152,-0.003070592893037709,0.0019743983849372974
28.323,0.0,-0.0005899572590792733,0.0005106010389120787,-0.0006085974463803755,-0.004385252720814291,-0.0029289032272939884,0.0021153458986625426
28.343,0.0,-0.0006587805062711907,0.0005279386722127433,-0.0006127653092217014,-0.0043827298958087,-0.0027876911410768656,0.002255530943448425
28.363,0.0,-0.0007628190778877792,0.0005045046779048314,-0.0006168406909501651,-0.004517631473371221,-0.002353250373058587,0.0026805485136124196
28.383,0.0,-0.0008028570682621107,0.0004864216794609251,-0.0006328385668197841,-0.004696402961208538,-0.0029130691311667,0.002952291080908542
28.403,0.0,-0.0008028570682621107,0.0004864216794609251,-0.0006328385668197841,-0.004696402961208538,-0.0029130691311667,0.002952291080908542
28.423,0.0,-0.0008253053403683383,0.00042826325168881136,-0.0007044869963895516,-0.005121888159672901,-0.00288865241724038,0.00294396640380193
28.443,0.0,-0.0008481587153486281,0.00040838010986914586,-0.0008113928244946364,-0.005711306974259717,-0.003141999061226386,0.0032067742299961032
28.463,0.0,-0.0008382514180362007,0.00047098785233126315,-0.0008139929078943631,-0.005556240253911084,-0.0030109093973210224,0.003063626994788762
28.483,0.0,-0.0008243711229399378,0.0005416838647928058,-0.0008712714608598263,-0.005582721281870559,-0.003434105045515148,0.0032045349040027583
28.503,0.0,-0.0008243711229399378,0.0005416838647928058,-0.0008712714608598263,-0.005582721281870559,-0.003434105045515148,0.0032045349040027583
28.523,0.0,-0.0008034253535689588,0.0005570194314480203,-0.0009150887542756446,-0.005742101593555516,-0.003848320864033289,0.003066154191164136
28.543,0.0,-0.0008231258994560401,0.0005988224020108268,-0.0009048518117886479,-0.005754677359838953,-0.00398839996412817,0.003207498909834541
28.563,0.0,-0.0008896001049195357,0.0006572913862180978,-0.0009376854475781617,-0.005763829319054372,-0.003988169819315341,0.003489248301879178
28.583,0.0,-0.0008623369654907661,0.0006891836857218663,-0.0009263570966722861,-0.00565041647966825,-0.004563027562722592,0.0034887810201534447
28.603,0.0,-0.0008623369654907661,0.0006891836857218663,-0.0009263570966722861,-0.00565041647966825,-0.004563027562722592,0.0034887810201534447
28.623,0.0,-0.0008820085523909038,0.0007177306807194188,-0.0009428362184059689,-0.005807453345978759,-0.004835619618702167,0.0034900930727793556
28.643,0.0,-0.0008494898798270889,0.0007116711881453909,-0.0009868038517520145,-0.0059506346123136,-0.004972981694086836,0.0033383287556970655
28.663,0.0,-0.0008754625468648322,0.0007937786173936363,-0.00096044048894375,-0.005718962886423664,-0.005692250374916127,0.0037719599095917054
28.683,0.0,-0.0009333037596726194,0.000842749670294146,-0.0009274697344644911,-0.005577334334546471,-0.005556010527918239,0.003925201608888612
28.703,0.0,-0.0009333037596726194,0.000842749670294146,-0.0009274697344644911,-0.005577334334546471,-0.005556010527918239,0.003925201608888612
28.723,0.0,-0.0010030657160614695,0.0008732770093088051,-0.0008848893110975904,-0.005429527699653097,-0.005282087996384979,0.004204859829752095
28.743,0.0,-0.0010298630753093686,0.0008458318957616524,-0.0008646984983145024,-0.005444097214479575,-0.005564597602450886,0.0042052371694030356
28.763,0.0,-0.001003669284138911,0.0008609997659116584,-0.0008772426212951807,-0.005616011936770482,-0.006120287555684836,0.004207195086342545
28.783,0.0,-0.0009992004467887143,0.0008441531417786504,-0.0009191310413035684,-0.0059252278980700766,-0.006528436486780709,0.0043395449203300915
28.803,0.0,-0.0009992004467887143,0.0008441531417786504,-0.0009191310413035684,-0.0059252278980700766,-0.006528436486780709,0.0043395449203300915
28.823,0.0,-0.0009731489517359672,0.0008357445998799247,-0.000968136389586914,-0.006235916710276244,-0.007079708738893875,0.004330151884910305
28.843,0.0,-0.00108403584355204,0.0008207912752548266,-0.001008709796981332,-0.006512046964832077,-0.006640551533566007,0.004742698421462235
28.863,0.0,-0.0010255047262905847,0.00085650473178158,-0.0009602122404836689,-0.0063469070480055775,-0.006509320945369359,0.004317492131599207
28.883,0.0,-0.0010418800415332866,0.0008815527943912258,-0.0009352762832191022,-0.006192243294191953,-0.006232292998137513,0.004329146458774584
28.903,0.0,-0.0010418800415332866,0.0008815527943912258,-0.0009352762832191022,-0.006192243294191953,-0.006232292998137513,0.004329146458774584
28.923,0.0,-0.0010772187978405569,0.0008960938608731708,-0.0009252741813322937,-0.0062199819443554,-0.006655078206497822,0.004470403469361291
28.943,0.0,-0.0011333020758311203,0.0008895000886909825,-0.0009424673941882218,-0.006383248666647163,-0.006931345057195068,0.004741396903689736
28.963,0.0,-0.0011350903126759336,0.0008863739470207686,-0.0009782506108496878,-0.006541068885363745,-0.007205290980202129,0.004743372196585303
28.983,0.0,-0.001163952243860552,0.0008657208092147368,-0.0010468375389113078,-0.007103285463255191,-0.007034650394024225,0.004865136082341803
29.003,0.0,-0.001163952243860552,0.0008657208092147368,-0.0010468375389113078,-0.007103285463255191,-0.007034650394024225,0.004865136082341803
29.023,0.0,-0.0012171435636562898,0.000845353045876355,-0.0010923232779413738,-0.007397852162060854,-0.007161789610161929,0.004995677604850934
29.043,0.0,-0.0012646523249244131,0.0008492981909586018,-0.0010871520768559702,-0.007380963082606939,-0.006737133617448761,0.005137142220119218
29.063,0.0,-0.0013035070349798528,0.0008393499797802767,-0.001088033292144485,-0.007506743972337877,-0.006303852388980907,0.005279574024897563
29.083,0.0,-0.0012236215015694206,0.0008654547680307899,-0.0010641757240735987,-0.007383068725750577,-0.006878590724758848,0.004995161662211119
29.103,0.0,-0.0012236215015694206,0.0008654547680307899,-0.0010641757240735987,-0.007383068725750577,-0.006878590724758848,0.004995161662211119
29.123,0.0,-0.0012812110160140239,0.0008564450667714796,-0.0011279077128851659,-0.007702053914934083,-0.007287098074336439,0.005408999378602017
29.143,0.0,-0.0013877838044785735,0.000884847206671633,-0.0011709229069384347,-0.007840906420856438,-0.006994489490321843,0.005693376109138163
29.163,0.0,-0.001375679981171249,0.0008723914181455908,-0.001244767361723388,-0.008220732041335653,-0.006269553735101378,0.005529424536795341
29.183,0.0,-0.0012534131415048455,0.0008787328500313154,-0.001246252324792916,-0.008227875726939594,-0.006693608130116979,0.005106991687325994
29.203,0.0,-0.0012534131415048455,0.0008787328500313154,-0.001246252324792916,-0.008227875726939594,-0.006693608130116979,0.005106991687325994
29.223,0.0,-0.0012354167190883438,0.0008784492098629002,-0.0012636571301973033,-0.008242816531976277,-0.006975869334067872,0.00510670393139932
29.243,0.0,-0.001213509692349643,0.0009169392183361004,-0.0012815272068607293,-0.008256148450851951,-0.007258687866916978,0.005106787296483984
29.263,0.0,-0.0012216044835259559,0.000954384417966516,-0.0012480209733411803,-0.007974352705170419,-0.00727330543783699,0.0051170982404206795
29.283,0.0,-0.0012477449273603943,0.0009919425329164944,-0.0012491476319497507,-0.00787395960944667,-0.007842527553237217,0.005411569587387297
29.303,0.0,-0.0012477449273603943,0.0009919425329164944,-0.0012491476319497507,-0.00787395960944667,-0.007842527553237217,0.005411569587387297
29.323,0.0,-0.001229784092755754,0.0010212854347006594,-0.0011965486547666003,-0.007466104023596179,-0.008290630183364829,0.005279961605484736
29.343,0.0,-0.0011881641220010523,0.0010234260068504855,-0.0012107399962307372,-0.007605328958309725,-0.008284951147724023,0.005267082509927551
29.363,0.0,-0.0011240014694951699,0.0010163942498482832,-0.0012270285865368204,-0.007597194773943591,-0.008426884825277769,0.0048438697824734565
29.383,0.0,-0.001028198933764823,0.0009959663069031301,-0.0012202205126610557,-0.0076167090290547804,-0.008992542495091564,0.004562891475960542
29.403,0.0,-0.001028198933764823,0.0009959663069031301,-0.0012202205126610557,-0.0076167090290547804,-0.008992542495091564,0.004562891475960542
29.423,0.0,-0.0010683458304197424,0.0010083011932379019,-0.0011858888427400626,-0.007373789894879788,-0.009571370144745097,0.00485534742967776
29.443,0.0,-0.0010874544200862627,0.001020769331291314,-0.0011864949434788462,-0.00737083478561735,-0.009429695297588908,0.004996499192944812
29.463,0.0,-0.0011237934876064065,0.0010210049079817866,-0.0012171595218240469,-0.007497302771516413,-0.008997141827681814,0.005138506107833648
29.483,0.0,-0.0011741028566669403,0.0010362899511319754,-0.0011902259007396873,-0.0074950631560543775,-0.008855215802948468,0.005280539549106517
29.503,0.0,-0.0011741028566669403,0.0010362899511319754,-0.0011902259007396873,-0.0074950631560543775,-0.008855215802948468,0.005280539549106517
29.523,0.0,-0.0011880129640169526,0.0010675827686463777,-0.0011923929104633144,-0.007480521897721274,-0.008572828426817829,0.00528024719736506
29.543,0.0,-0.0011330853610015425,0.001061242331951312,-0.0012299645582161869,-0.0074704079105145475,-0.008573224062743981,0.004996984414251754
29.563,0.0,-0.0011490119261086743,0.0010473703624091896,-0.0012617531981140098,-0.007779694135946389,-0.008982127262213037,0.005128994923573905
29.583,0.0,-0.001205733166519262,0.0010648628671774745,-0.001292574933074434,-0.00781629803496303,-0.009405511113304964,0.005552436989698841
29.603,0.0,-0.001205733166519262,0.0010648628671774745,-0.001292574933074434,-0.00781629803496303,-0.009405511113304964,0.005552436989698841
29.623,0.0,-0.0012392981791399548,0.0010854396954862605,-0.0012494895797342043,-0.007546431835818765,-0.009561242346705266,0.005704459733722272
29.643,0.0,-0.0013101397151796226,0.0010933879271788293,-0.0012344362123735454,-0.007541453190492573,-0.009277737708810388,0.005985995907493385
29.663,0.0,-0.0013532941332310554,0.0010980640766087074,-0.0012363435973603099,-0.007551134055419558,-0.009276976956446642,0.00626806984236378
29.683,0.0,-0.0014419636278180483,0.0010872043741998309,-0.0012422950913800318,-0.007533758716838053,-0.008853065098168293,0.006409289810024461
29.703,0.0,-0.0014419636278180483,0.0010872043741998309,-0.0012422950913800318,-0.007533758716838053,-0.008853065098168293,0.006409289810024461
29.723,0.0,-0.0013592807995915462,0.0010687806650400806,-0.0012351071523062733,-0.0075658407888966675,-0.009559651145911756,0.006268447680793226
29.743,0.0,-0.0013859189467981857,0.0010729305098514353,-0.0012244196834678516,-0.007589616901923305,-0.009841136584744727,0.006551526770490949
29.763,0.0,-0.0013530785040807261,0.0010046977552679477,-0.0012824641007352464,-0.00813003500688053,-0.009530074905367643,0.006248703333579313
29.783,0.0,-0.0014928339236951773,0.000998822230465553,-0.0012724739421051668,-0.008108548744533088,-0.008823383747022477,0.00667149390093469
29.803,0.0,-0.0014928339236951773,0.000998822230465553,-0.0012724739421051668,-0.008108548744533088,-0.008823383747022477,0.00667149390093469
29.823,0.0,-0.0015060656280088528,0.0009588162978512684,-0.001317712557883266,-0.008489743307038696,-0.007952289492434893,0.006662612335631941
29.843,0.0,-0.0015059778999802272,0.0009072140775437645,-0.0012998568519628122,-0.008463014937127616,-0.0075290311020486875,0.006520938942812529
29.863,0.0,-0.0015039760836022956,0.0009064808335955746,-0.001281521214694396,-0.008448898098580921,-0.0072464150973279556,0.006520023820759032
29.883,0.0,-0.0014731207911074613,0.000906917684517389,-0.0012828497367289176,-0.008308607885028779,-0.0073970688772267024,0.006378226572836827
29.903,0.0,-0.0014731207911074613,0.000906917684517389,-0.0012828497367289176,-0.008308607885028779,-0.0073970688772267024,0.006378226572836827
29.923,0.0,-0.0014764094807715236,0.0008612290895231139,-0.0012749796283027944,-0.008395235197755788,-0.006399292921387495,0.006236726180075299
29.943,0.0,-0.0014129993328771315,0.0008809424929221098,-0.0012281951648556344,-0.008103482756263679,-0.006414574037837927,0.005964723435439663
29.963,0.0,-0.0014296244062961024,0.000895075874809923,-0.0012042763717253523,-0.007945304033781592,-0.006140932426713835,0.005962707813613934
29.983,0.0,-0.001376544477954557,0.0008923604941593099,-0.0012046017574424603,-0.007797204834613533,-0.006147099690220771,0.005692501809058767
30.003,0.0,-0.001376544477954557,0.0008923604941593099,-0.0012046017574424603,-0.007797204834613533,-0.006147099690220771,0.005692501809058767
30.023,0.0,-0.0014329608731784374,0.0009303071250344586,-0.0011360117244060355,-0.0073940330861177175,-0.006311244788335998,0.006124268995621959
30.043,0.0,-0.0013184848089490538,0.0009441018163332567,-0.0011061734447329642,-0.007106501852495765,-0.0066091765408893945,0.005569883091859575
30.063,0.0,-0.0013112421323985275,0.0009407383776608163,-0.0010387540060092643,-0.006864853903669125,-0.007329292532647854,0.005721617665425738
30.083,0.0,-0.0012569351475484865,0.0009828181511403876,-0.0010313946436719265,-0.006584614236238804,-0.007485718574037151,0.005590801598663666
30.103,0.0,-0.0012569351475484865,0.0009828181511403876,-0.0010313946436719265,-0.006584614236238804,-0.007485718574037151,0.005590801598663666
30.123,0.0,-0.0012908627713180763,0.0009867717963254552,-0.0010120640646334958,-0.0065968301936521105,-0.007626967556176961,0.005732139730710636
30.143,0.0,-0.0012034420406359415,0.0009762583840453398,-0.0010389728829674437,-0.006574958483410828,-0.007486540374284856,0.005309015416690383
30.163,0.0,-0.0011915150593496825,0.0010343945151506423,-0.0010002045064423835,-0.006348473584027724,-0.008489110740527682,0.005460492292690737
30.183,0.0,-0.0011413367014666098,0.00103676756034939,-0.0009699563733582002,-0.006109598972509794,-0.00935077171137098,0.005471397248594409
30.203,0.0,-0.0011413367014666098,0.00103676756034939,-0.0009699563733582002,-0.006109598972509794,-0.00935077171137098,0.005471397248594409
30.223,0.0,-0.001202640637450554,0.001009433475491127,-0.0010936543870207665,-0.006642830420444414,-0.008615494905672044,0.0055921120731787875
30.243,0.0,-0.0011950636436519264,0.0009673056010545501,-0.0010635202416227965,-0.006631225930373332,-0.008474726000551323,0.005450571745965319
30.263,0.0,-0.0012076374276052619,0.000958662347373042,-0.0010349531791347614,-0.006628319366093376,-0.008333271834640938,0.005591883804679348
30.283,0.0,-0.0012429810922957492,0.0009417338700431128,-0.001050316128874493,-0.006599647584837978,-0.007768308863758749,0.00559068928392382
30.303,0.0,-0.001305785068070168,0.0009709726718120536,-0.00108831327575984,-0.006864853903669125,-0.007329292532647854,0.005721617665425738
30.323,0.0,-0.001305785068070168,0.0009709726718120536,-0.00108831327575984,-0.006864853903669125,-0.007329292532647854,0.005721617665425738
30.343,0.0,-0.0013666564901535921,0.0009545110060531851,-0.0011294190045668488,-0.007002574193777879,-0.007036946321802898,0.0060053702015694784
30.363,0.0,-0.0013582068822444002,0.0009033917972999555,-0.0011892810803314912,-0.007424752580903505,-0.007017905560379361,0.005983313363661536
30.383,0.0,-0.0014288537323851422,0.0009414369729875022,-0.0011831038352871203,-0.007432681138850287,-0.006875846534666458,0.006407893756991109
30.403,0.0,-0.0013978000846599896,0.0009184063829591521,-0.0011827036999947427,-0.007420352160777832,-0.006734557213891366,0.0062665079260962086
30.423,0.0,-0.0013978000846599896,0.0009184063829591521,-0.0011827036999947427,-0.007420352160777832,-0.006734557213891366,0.0062665079260962086
30.443,0.0,-0.0014436952418002387,0.0009060206093177451,-0.001240273053220876,-0.007685435597708597,-0.006295819921392132,0.0063961820754205945
30.463,0.0,-0.001426689267947534,0.0009009578169534519,-0.0011850240159518698,-0.007405627562425648,-0.006451737216054366,0.006266055358577182
30.483,0.0,-0.001399842529474045,0.0009158580688570596,-0.001218265294119611,-0.007575907891004892,-0.006866533920670958,0.006409423254144716
30.503,0.0,-0.001289355885968351,0.0008847930234671059,-0.001309815112332791,-0.0080180950068518,-0.007553172458977289,0.005964231205906663
30.523,0.0,-0.001289355885968351,0.0008847930234671059,-0.001309815112332791,-0.0080180950068518,-0.007553172458977289,0.005964231205906663
30.543,0.0,-0.0012884943059751535,0.0008989172356804496,-0.0012199295683929016,-0.007482500472890724,-0.008147629415829805,0.005985132723932248
30.563,0.0,-0.0011932658670611338,0.0008350151756867628,-0.0012905049788512497,-0.00806491695504172,-0.008542337640164996,0.005823934789748954
30.583,0.0,-0.0011875801732580918,0.0008812396100740783,-0.0012481636004573378,-0.007770501373416994,-0.008416295549236374,0.005693579894460164
30.603,0.0,-0.0011137519061799946,0.0008902741307238102,-0.001231065119982169,-0.0074785492068828955,-0.008431222656172774,0.0054203855800576605
30.623,0.0,-0.0011137519061799946,0.0008902741307238102,-0.001231065119982169,-0.0074785492068828955,-0.008431222656172774,0.0054203855800576605
30.643,0.0,-0.0011531933620878435,0.0008567148587643276,-0.001258367027604691,-0.007742885419183527,-0.007992992291553673,0.005551352508826644
30.663,0.0,-0.0010846499314117492,0.0008454546484173572,-0.0013024672958386818,-0.007860372883048616,-0.007846880253791572,0.005115539930622891
30.683,0.0,-0.0011635126035594004,0.0008565887936942979,-0.0012722934294328117,-0.007702053914934083,-0.007287098074336439,0.005408999378602017
30.703,0.0,-0.0011101691605732034,0.0008588552800669101,-0.0012428159863099632,-0.007451757263892418,-0.008007611266566217,0.005278886471903657
30.723,0.0,-0.0011101691605732034,0.0008588552800669101,-0.0012428159863099632,-0.007451757263892418,-0.008007611266566217,0.005278886471903657
30.743,0.0,-0.0012084940205115311,0.0008681429921051606,-0.0012208365644280738,-0.007431999391969376,-0.0074423921158159306,0.005560782634184321
30.763,0.0,-0.0012559396610257122,0.0008632573696393301,-0.0012347624054853633,-0.0074151252305553125,-0.007018646720116632,0.005701390447840513
30.783,0.0,-0.0013081690312083734,0.0008620228417286454,-0.0013533062909855613,-0.008103482756263679,-0.006414574037837927,0.005964723435439663
30.803,0.0,-0.0013452129273478232,0.0008749908732868797,-0.001268502678082847,-0.007648867681590137,-0.005872857481055952,0.00597248532904679
30.823,0.0,-0.0013452129273478232,0.0008749908732868797,-0.001268502678082847,-0.007648867681590137,-0.005872857481055952,0.00597248532904679
30.843,0.0,-0.0012382242490960953,0.0008061597491021758,-0.0013149911718396128,-0.007938050026233354,-0.006283416217411432,0.005539910769201118
30.863,0.0,-0.0013264157385631627,0.0007845045599942928,-0.001292816853972016,-0.00790698642652077,-0.0055770145877833775,0.005679477650437453
30.883,0.0,-0.0012826386220023208,0.0007532881520332788,-0.0013410541050017284,-0.008218149660731778,-0.006127718688817281,0.005670144429029921
30.903,0.0,-0.001393639354122427,0.0007823305845293722,-0.00129509097347972,-0.007928828998507479,-0.005718125412538475,0.006103663714507103
30.923,0.0,-0.001393639354122427,0.0007823305845293722,-0.00129509097347972,-0.007928828998507479,-0.005718125412538475,0.006103663714507103
30.943,0.0,-0.0012985586872708687,0.000815585300925986,-0.001311484849583981,-0.007797204834613533,-0.006147099690220771,0.005692501809058767
30.963,0.0,-0.0013694784422804446,0.0007755788499289953,-0.0013312709069059382,-0.008059252787653065,-0.0055672117796546445,0.005964274336725964
30.983,0.0,-0.0013236383893478062,0.0007439615618541062,-0.0013747669407850106,-0.008316938281514636,-0.005270900769855973,0.005671814299328964
31.003,0.0,-0.00128516198219089,0.0007327904259756254,-0.0013555646613317017,-0.008174419421424047,-0.005280090329070245,0.005669168947668629
31.023,0.0,-0.00128516198219089,0.0007327904259756254,-0.0013555646613317017,-0.008174419421424047,-0.005280090329070245,0.005669168947668629
31.043,0.0,-0.0012286752263473387,0.0007437211722221774,-0.0013067082027864573,-0.007912038461871208,-0.005860468877375934,0.0053980551727128715
31.063,0.0,-0.0012465556765451854,0.0007525775892202651,-0.0013457014718547171,-0.008052227609289439,-0.005708817835713335,0.005540644264209072
31.083,0.0,-0.001313702394149037,0.0007864300710385265,-0.0012974563943433882,-0.007750693793071131,-0.005158414205753278,0.005832951942075455
31.103,0.0,-0.0012929243768667674,0.0008315085873874264,-0.0012817255187993974,-0.00748271097915577,-0.005455811887603895,0.005842768736660972
31.123,0.0,-0.0012929243768667674,0.0008315085873874264,-0.0012817255187993974,-0.00748271097915577,-0.005455811887603895,0.005842768736660972
31.143,0.0,-0.0012026969391523824,0.0008390423240797536,-0.0012519553254849252,-0.0072053542953593175,-0.005752264225248262,0.005570906979645047
31.163,0.0,-0.0011105447430010606,0.0008404052970103394,-0.001183349705590503,-0.006813930497238258,-0.006624286889965187,0.005298088818574162
31.183,0.0,-0.0010506715390801043,0.0008039557486500437,-0.0011574339255653542,-0.006844807216444547,-0.0073312974875281425,0.0051572752589995495
31.203,0.0,-0.0010149307874774724,0.0008081414643663446,-0.0011203156869822098,-0.0065777577087966915,-0.007627824917701893,0.005167690054788488
31.223,0.0,-0.0010149307874774724,0.0008081414643663446,-0.0011203156869822098,-0.0065777577087966915,-0.007627824917701893,0.005167690054788488
31.243,0.0,-0.0009586558742830834,0.0008186655062194635,-0.001072352723007316,-0.006312102588270141,-0.008066381323396031,0.005037341040439309
31.263,0.0,-0.0009078498097059542,0.0007972186386475653,-0.0011236810245293701,-0.006594037670271499,-0.00805231980144423,0.005026597943002503
31.283,0.0,-0.000894438949161706,0.0007560529001825751,-0.0011316508141763616,-0.006608515369542675,-0.008334451358903747,0.005026818627407419
31.303,0.0,-0.0008719146776878657,0.0007431134718746989,-0.001141594508420571,-0.0065970427745597054,-0.00819379541468231,0.004885446576603118
31.323,0.0,-0.0008719146776878657,0.0007431134718746989,-0.001141594508420571,-0.0065970427745597054,-0.00819379541468231,0.004885446576603118
31.343,0.0,-0.0009122537895920635,0.0007176694921170329,-0.0011120865126590562,-0.006622951333850105,-0.008616626107253618,0.005026997914111762
31.363,0.0,-0.0008650025198534901,0.0006960052111838267,-0.001081796713128793,-0.006482869824648504,-0.008767306945019007,0.004884403929704713
31.383,0.0,-0.0009261824913156846,0.0007062622547694382,-0.001059206812197008,-0.006341810040706302,-0.008631429358774378,0.005037420365535608
31.403,0.0,-0.0009522847967496911,0.000682012385554318,-0.0011358285520613502,-0.006607217610859319,-0.008193421611340033,0.005168564932579345
31.423,0.0,-0.0009522847967496911,0.000682012385554318,-0.0011358285520613502,-0.006607217610859319,-0.008193421611340033,0.005168564932579345
31.443,0.0,-0.0010191634692046775,0.0006977850033868907,-0.0011214443242627404,-0.006590041486193162,-0.007769137402874059,0.005308806878444697
31.463,0.0,-0.0009888766101801868,0.0006850580896873455,-0.0011500930137242392,-0.006590041486193162,-0.007769137402874059,0.005308806878444697
31.483,0.0,-0.0010720353825776259,0.0006438183367267777,-0.0011950607103289063,-0.007010498042629925,-0.007462082714733707,0.005582414580531359
31.503,0.0,-0.0011401373897956192,0.000650400377811811,-0.0011115008818940052,-0.006552851794422679,-0.006778884735120982,0.005730898338723787
31.523,0.0,-0.0011401373897956192,0.000650400377811811,-0.0011115008818940052,-0.006552851794422679,-0.006778884735120982,0.005730898338723787
31.543,0.0,-0.0011979752887984535,0.0006517059184902652,-0.0010441115882954455,-0.006242038520626259,-0.006228780089054602,0.005741153366946112
31.563,0.0,-0.0011231750209354917,0.0006115090932996677,-0.0009820826548244306,-0.00600607298392631,-0.007231805141730221,0.005610700123200797
31.583,0.0,-0.0010946547234418611,0.0006004251363090409,-0.001047104805085203,-0.0062613211056888,-0.006794820896030037,0.005458728294882355
31.603,0.0,-0.001118081180152729,0.0005898438291634285,-0.0010737903594444777,-0.0064164606223544585,-0.006925659738268082,0.00560236497611987
31.623,0.0,-0.001118081180152729,0.0005898438291634285,-0.0010737903594444777,-0.0064164606223544585,-0.006925659738268082,0.00560236497611987
31.643,0.0,-0.0011163006114647703,0.0005190010042656438,-0.0011168112174495077,-0.006811254391978001,-0.006482284694830982,0.005438627182214758
31.663,0.0,-0.001139181930624873,0.0005445116752926068,-0.0010211775198842186,-0.006244631192161219,-0.006370572998559434,0.005600477746203746
31.683,0.0,-0.001107044183280178,0.0005138663374967732,-0.0010544070420335438,-0.006514444107513563,-0.006215526769343371,0.005448733005721444
31.703,0.0,-0.0011073606824945205,0.00048286174859100495,-0.0010455791158114813,-0.006502219055225701,-0.0060744863212782284,0.005307542361344562
31.723,0.0,-0.0011073606824945205,0.00048286174859100495,-0.0010455791158114813,-0.006502219055225701,-0.0060744863212782284,0.005307542361344562
31.743,0.0,-0.0010198781757180708,0.000499772401491124,-0.001018507959411969,-0.006198001658455489,-0.00594805240802896,0.004894031445578623
31.763,0.0,-0.0010389105873772784,0.0005282967336616146,-0.0009855990764289346,-0.00591603529290522,-0.005963120696937434,0.004903610347419855
31.783,0.0,-0.0010411463193298214,0.0005256277087252757,-0.0010837867573286004,-0.006465289134070485,-0.005651298430042288,0.004882882510651723
31.803,0.0,-0.0010863814673207788,0.0005356883671562984,-0.0010564939565780326,-0.006151790339487187,-0.004959096602355961,0.005033702567779817
31.823,0.0,-0.0010863814673207788,0.0005356883671562984,-0.0010564939565780326,-0.006151790339487187,-0.004959096602355961,0.005033702567779817
31.843,0.0,-0.0010770134203621385,0.0005521813860184196,-0.001012240768104013,-0.0058699317333363804,-0.004974184803194945,0.005043343100664497
31.863,0.0,-0.001097511496836789,0.0005433062720405455,-0.0009639595832457546,-0.005854727746876719,-0.004691296578325144,0.005043440718402959
31.883,0.0,-0.0010518115991013503,0.0006022719636294384,-0.000895834769550275,-0.005277880609631357,-0.00457968497154087,0.004922647553642142
31.903,0.0,-0.000992122405458015,0.0005600090232320115,-0.0009319601578284257,-0.0056070189239046395,-0.005554261483523819,0.004772452883553812
31.923,0.0,-0.000992122405458015,0.0005600090232320115,-0.0009319601578284257,-0.0056070189239046395,-0.005554261483523819,0.004772452883553812
31.943,0.0,-0.0009412234887368938,0.0005546088276652939,-0.0009487098567370117,-0.005608947633845496,-0.005695427412436936,0.0046302522356101074
31.963,0.0,-0.0009745894461461937,0.0005879585779333284,-0.0009608436851375505,-0.0055943273008379904,-0.005412966280978584,0.004629984876166737
31.983,0.0,-0.0009909655381997705,0.0006077353028189155,-0.0009270179490054283,-0.005336728918627241,-0.005709497709231091,0.004923350927347546
32.003,0.0,-0.0009535732480181961,0.0006151574690239462,-0.0009727809395094885,-0.005366012209159693,-0.0062748645363868965,0.0049241699865233595
32.023,0.0,-0.0009535732480181961,0.0006151574690239462,-0.0009727809395094885,-0.005366012209159693,-0.0062748645363868965,0.0049241699865233595
32.043,0.0,-0.000880736098459342,0.0006408068783889173,-0.0009510537767451751,-0.0052270711346633384,-0.006566636689762941,0.0046404519468577115
32.063,0.0,-0.0008321336584103587,0.0006556138048895337,-0.0009593957407689553,-0.005203055063169761,-0.006285049462026074,0.004356845863671704
32.083,0.0,-0.0008510478074879209,0.0006642600169925396,-0.0009784171540503737,-0.005343707398612563,-0.006134284040184546,0.004500106546991341
32.103,0.0,-0.0008163479737139345,0.000634555258027322,-0.0010364623240032341,-0.00565755543352432,-0.006825937406176964,0.0043499609953648564
32.123,0.0,-0.0008163479737139345,0.000634555258027322,-0.0010364623240032341,-0.00565755543352432,-0.006825937406176964,0.0043499609953648564
32.143,0.0,-0.0008580453015573088,0.000679862779183816,-0.0009772547391485465,-0.0052446741156351945,-0.0069907513893647365,0.0044997095662187205
32.163,0.0,-0.0008617300749152142,0.000688627616045658,-0.0009697388858531435,-0.0052160072362325465,-0.0064256077509594325,0.004498525546642443
32.183,0.0,-0.0008697015551065329,0.0006791198455003353,-0.0009718805254028634,-0.005201047136811479,-0.0061436387045158075,0.004498767768379358
32.203,0.0,-0.0008404815476131567,0.0006422269531937416,-0.0009679464959767327,-0.005331636688276503,-0.005993396739175371,0.004359198135427051
32.223,0.0,-0.0008404815476131567,0.0006422269531937416,-0.0009679464959767327,-0.005331636688276503,-0.005993396739175371,0.004359198135427051
32.243,0.0,-0.0008262720074194556,0.0006510516615001447,-0.0008864382091841102,-0.004920917475451833,-0.006299565140332201,0.004366959636656001
32.263,0.0,-0.000826394129293492,0.0006794306792930781,-0.0008001990775843841,-0.004442823518262198,-0.005330055773725435,0.004246884668252151
32.283,0.0,-0.0008696884011941605,0.0006241415918662221,-0.0007711224247174502,-0.004469946174078827,-0.005754840017648046,0.004388482818639997
32.303,0.0,-0.0008455980122456762,0.0005810182055440686,-0.0008611059636105254,-0.004879676343198653,-0.005593543620188439,0.0042254076835213355
32.323,0.0,-0.0008455980122456762,0.0005810182055440686,-0.0008611059636105254,-0.004879676343198653,-0.005593543620188439,0.0042254076835213355
32.343,0.0,-0.0008240525324385752,0.0005679535246568145,-0.0008510195945988096,-0.004867508212001787,-0.005452677937159301,0.004084483259093297
32.363,0.0,-0.000871189040152968,0.0005748614362161659,-0.0007991037164628435,-0.004695748730593744,-0.004751015302909957,0.004236194239792609
32.383,0.0,-0.000907122090661551,0.0005319421884211108,-0.0008580275876074518,-0.004947337391758515,-0.004030682361476529,0.0043669771439567556
32.403,0.0,-0.0009389410627381968,0.0005126835465457012,-0.0007952156853851267,-0.004689018790739818,-0.004327107916556719,0.004659467765496719
32.423,0.0,-0.0009389410627381968,0.0005126835465457012,-0.0007952156853851267,-0.004689018790739818,-0.004327107916556719,0.004659467765496719
32.443,0.0,-0.0009183562543496944,0.0005200655309392529,-0.0007833484636197776,-0.00469141583665942,-0.004468509328434847,0.00451884413040125
32.463,0.0,-0.0009608441199540139,0.0005144130236523553,-0.0007562635478813397,-0.004689018790739818,-0.004327107916556719,0.004659467765496719
32.483,0.0,-0.0010121135658076733,0.0004814506704715909,-0.0008268666585917454,-0.0049286855547225564,-0.0034647796408482806,0.004648716022249132
32.503,0.0,-0.0010075597723055649,0.0004792972202558605,-0.0007687150232320632,-0.004699377865571127,-0.004325998152547451,0.004941876305635218
32.523,0.0,-0.0010075597723055649,0.0004792972202558605,-0.0007687150232320632,-0.004699377865571127,-0.004325998152547451,0.004941876305635218
32.543,0.0,-0.001008754013568189,0.00047219208238745815,-0.0008341443765219247,-0.004954613708771708,-0.0038875390886157555,0.004790274299910344
32.563,0.0,-0.0010666173900479913,0.0005222174108090017,-0.0007184968378108811,-0.004414931762929508,-0.004199164070759784,0.005092707765767671
32.583,0.0,-0.001046592901960225,0.0004991157357706718,-0.0006985162773371609,-0.004402167961828378,-0.004057839823813405,0.0049521311030551575
32.603,0.0,-0.0009823176344549423,0.0005270565537864964,-0.0006346164869234753,-0.0038698617927970433,-0.0047935779817810205,0.004831210809783267
32.623,0.0,-0.0009823176344549423,0.0005270565537864964,-0.0006346164869234753,-0.0038698617927970433,-0.0047935779817810205,0.004831210809783267
32.643,0.0,-0.0009813936587903043,0.0005546331281886107,-0.000600713191879953,-0.003586674665753423,-0.004807823032602294,0.0048409918753524765
32.663,0.0,-0.0009328524652223449,0.0005684731301347177,-0.0006100380533381008,-0.003562901573892799,-0.004525863423974439,0.004558517037203294
32.683,0.0,-0.0009447574676747214,0.0005397429484937079,-0.0006308431818573345,-0.003562901573892799,-0.004525863423974439,0.004558517037203294
32.703,0.0,-0.0009202762188152021,0.0005379211405754256,-0.00063625682289435,-0.0035915750884581822,-0.005090921144471292,0.004559803361431425
32.723,0.0,-0.0009202762188152021,0.0005379211405754256,-0.00063625682289435,-0.0035915750884581822,-0.005090921144471292,0.004559803361431425
32.743,0.0,-0.0008912684299014507,0.0004852981122210867,-0.0006327623834196459,-0.003620650741809028,-0.005655683871101258,0.00456040155309879
32.763,0.0,-0.000860684020002382,0.0004416746626960361,-0.0008049993763344877,-0.004438479606441961,-0.005047406392369293,0.004529574037180285
32.783,0.0,-0.0007645492253188179,0.00043837401091916596,-0.0007635806546955611,-0.004177203614917607,-0.005769153856824617,0.004116131405721296
32.803,0.0,-0.0007626208393304016,0.00042048070163825887,-0.0007087325190238276,-0.004008597892388004,-0.005354735696173647,0.003973186796907318
32.823,0.0,-0.0007626208393304016,0.00042048070163825887,-0.0007087325190238276,-0.004008597892388004,-0.005354735696173647,0.003973186796907318
32.843,0.0,-0.0007266606236600581,0.0004296304916186089,-0.0006921447664711198,-0.003841929683704099,-0.004937265174832791,0.0038428198081973553
32.863,0.0,-0.0006790807391879607,0.0003639666258821416,-0.0007504087699435765,-0.004265876896485487,-0.005058353073761822,0.0036800455870600922
32.883,0.0,-0.0006097060360907347,0.0003161579719880288,-0.0007466439374845524,-0.004258555186040813,-0.005200589685013359,0.003257314102518291
32.903,0.0,-0.0006067760542858311,0.00028239072632914113,-0.0007421898799428025,-0.004413401445440952,-0.005332140356535684,0.00340037831276096
32.923,0.0,-0.0006067760542858311,0.00028239072632914113,-0.0007421898799428025,-0.004413401445440952,-0.005332140356535684,0.00340037831276096
32.943,0.0,-0.0005266402735435564,0.00032481475766456437,-0.0006849464001652476,-0.0040097481105745006,-0.006063543030729319,0.0029853033105979084
32.963,0.0,-0.0005387594514907186,0.00034559419215186187,-0.0006876924531826473,-0.003980637933111273,-0.005498475483980429,0.002984639112364971
32.983,0.0,-0.0005098043251767754,0.0004022890552148802,-0.0006867768596271965,-0.003968790256681639,-0.0053578456254309475,0.0028441352687117965
33.003,0.0,-0.000531096993256665,0.00042128237190220536,-0.0006347566364892022,-0.0036844347339059953,-0.005230743551452937,0.0029945368898600297
33.023,0.0,-0.000531096993256665,0.00042128237190220536,-0.0006347566364892022,-0.0036844347339059953,-0.005230743551452937,0.0029945368898600297
33.043,0.0,-0.000582703895406825,0.0004505911445558849,-0.0006307095702409559,-0.003554058722012054,-0.005234588015078234,0.0032885624635549315
33.063,0.0,-0.0005597908417702279,0.0004764196321515556,-0.0006841204394759721,-0.003708732595532963,-0.005512453836548717,0.003277108904768919
33.083,0.0,-0.00068587198637957,0.0004606477549916929,-0.000761056585758539,-0.004150688884636793,-0.0053460414855547745,0.003975158934993646
33.103,0.0,-0.000667808446754878,0.0005053582164308429,-0.0008164532942363744,-0.004292974850462947,-0.005481845709262665,0.0038225885407476602
33.123,0.0,-0.000667808446754878,0.0005053582164308429,-0.0008164532942363744,-0.004292974850462947,-0.005481845709262665,0.0038225885407476602
33.143,0.0,-0.0007055717508837057,0.0005268840430288437,-0.0007536880664122851,-0.004034914252433113,-0.005778637560328682,0.004115054279510036
33.163,0.0,-0.0007425057683833739,0.0005651556485253079,-0.0007587866405458644,-0.003892975670768862,-0.005642148065537412,0.004266897575313825
33.183,0.0,-0.0007715829388246349,0.0005404040495421083,-0.0007754562101547124,-0.004158125281075295,-0.0052037875248282335,0.004398290163618334
33.203,0.0,-0.0007136958691771947,0.0005590327621466925,-0.0007930347406950467,-0.004046929291115094,-0.005919397487290678,0.004255718020416811
33.223,0.0,-0.0007136958691771947,0.0005590327621466925,-0.0007930347406950467,-0.004046929291115094,-0.005919397487290678,0.004255718020416811
33.243,0.0,-0.0007161781304509496,0.0005390689553427106,-0.0007832733221353235,-0.004046929291115094,-0.005919397487290678,0.004255718020416811
33.263,0.0,-0.0006531669002282359,0.0005315583374919339,-0.0007803297641193247,-0.004037727714412933,-0.005919638077536513,0.003973848953721209
33.283,0.0,-0.0006534794025655936,0.0005745985777526373,-0.0007753584805771874,-0.003870838231878445,-0.00550179833600155,0.0038432912790391247
33.303,0.0,-0.0006247832459421236,0.0005826883847798249,-0.0007814869274114332,-0.003888140315842776,-0.005926233917376866,0.003703326963246562
33.323,0.0,-0.0006247832459421236,0.0005826883847798249,-0.0007814869274114332,-0.003888140315842776,-0.005926233917376866,0.003703326963246562
33.343,0.0,-0.000604906267566146,0.0005807018888661569,-0.0007805064289266789,-0.003888140315842776,-0.005926233917376866,0.003703326963246562
33.363,0.0,-0.0006411964395824684,0.0005710450859642387,-0.0007978563134197133,-0.00405227936472707,-0.006202244632402742,0.003974162334186082
33.383,0.0,-0.0006444292972178867,0.0005612710191677752,-0.000899833180880201,-0.004461620903317654,-0.005896289848322025,0.003965519828250244
33.403,0.0,-0.0006494244219461267,0.0005894374421481341,-0.0009362220303182562,-0.004602174377374192,-0.005891111807250353,0.003953068420051555
33.423,0.0,-0.0006494244219461267,0.0005894374421481341,-0.0009362220303182562,-0.004602174377374192,-0.005891111807250353,0.003953068420051555
33.443,0.0,-0.0006946580215329405,0.000573145355623528,-0.0010210753112489446,-0.005010123588308937,-0.005443258022635565,0.004085763783864024
33.463,0.0,-0.0007419792776004387,0.0005614415496448842,-0.0010485912829935205,-0.0052761549253898515,-0.0050046097571686664,0.004216752243394236
33.483,0.0,-0.0007964561473953746,0.0005908582209167804,-0.0011163183747853543,-0.0055526227795803925,-0.004707078394285217,0.004488877245318836
33.503,0.0,-0.0008539670716250325,0.0006085827023877319,-0.0011256183065530812,-0.0055923415674838505,-0.005271673889726487,0.004772015953983147
33.523,0.0,-0.0008539670716250325,0.0006085827023877319,-0.0011256183065530812,-0.0055923415674838505,-0.005271673889726487,0.004772015953983147
33.543,0.0,-0.0008663156677609956,0.000600408506597421,-0.0011556579283231218,-0.0056070189239046395,-0.005554261483523819,0.004772452883553812
33.563,0.0,-0.0008828577888299352,0.0005648018896023927,-0.001159446262268948,-0.0059014399232829775,-0.005680563512966389,0.004903268846559587
33.583,0.0,-0.0008260035523682582,0.0005970208405028066,-0.0011396114434782082,-0.005650345594665189,-0.006400779024029019,0.004773072773919842
33.603,0.0,-0.0008070944386769028,0.0005981700343071402,-0.001100499892030065,-0.005509303493905535,-0.006552085527844377,0.004630408458591359
33.623,0.0,-0.0008070944386769028,0.0005981700343071402,-0.001100499892030065,-0.005509303493905535,-0.006552085527844377,0.004630408458591359
33.643,0.0,-0.0008157241946802952,0.0006430677170966222,-0.0011134649494012059,-0.005382694227652996,-0.00669800854589318,0.004783519674506009
33.663,0.0,-0.0008238752636883218,0.0006339431017645319,-0.0011048317862279687,-0.0053697119649904245,-0.006557258486871642,0.004641742574681726
33.683,0.0,-0.0008264584415550821,0.0006609670735827104,-0.0010604380214636535,-0.0051022831262018216,-0.006854797286727853,0.004652349412224763
33.703,0.0,-0.0008571411984785089,0.0006300505607678868,-0.0010498626731391928,-0.005225299735342831,-0.006425553862000235,0.0047807196693604925
33.723,0.0,-0.0008571411984785089,0.0006300505607678868,-0.0010498626731391928,-0.005225299735342831,-0.006425553862000235,0.0047807196693604925
33.743,0.0,-0.0008380445174394547,0.0006226168892068592,-0.0010286315962805546,-0.005129481369212236,-0.0072772721516095006,0.004794212261519792
33.763,0.0,-0.0008942723523768809,0.0005738736902633031,-0.0010921931439072331,-0.005662440011875394,-0.0065416883881762745,0.00491400493683683
33.783,0.0,-0.000853854497200714,0.0005837898170989721,-0.0011321119412509666,-0.005959654513787535,-0.006810111196584832,0.004904428895373747
33.803,0.0,-0.0008796518603327943,0.0005894377772701596,-0.001207055772883667,-0.0062421687872450116,-0.006795672602198319,0.004894408135632273
33.823,0.0,-0.0008796518603327943,0.0005894377772701596,-0.001207055772883667,-0.0062421687872450116,-0.006795672602198319,0.004894408135632273
33.843,0.0,-0.0009169655804940785,0.000588207391610035,-0.0012598223773678085,-0.006560850119232625,-0.007204061909641451,0.005308229693710833
33.863,0.0,-0.0009840625617574344,0.0005940510947255348,-0.0012788913996844352,-0.006502219055225701,-0.0060744863212782284,0.005307542361344562
33.883,0.0,-0.0009983535980559463,0.0005599029778450538,-0.0013082687906977634,-0.0068383313354785195,-0.006906562073389378,0.0055804010429898535
33.903,0.0,-0.0010303977720138814,0.0005785602848209645,-0.0013615308625930076,-0.007145041207967875,-0.007173760180182736,0.005853199475521097
33.923,0.0,-0.0010303977720138814,0.0005785602848209645,-0.0013615308625930076,-0.007145041207967875,-0.007173760180182736,0.005853199475521097
33.943,0.0,-0.0011369167315644169,0.0005383899815999956,-0.00142213847878619,-0.007536707596538086,-0.006301416211083034,0.0061263535080993865
33.963,0.0,-0.0011974853091168327,0.0006046972667391139,-0.0014369280033727726,-0.007517650870952231,-0.005736749112050739,0.006408227845622789
33.983,0.0,-0.0012277717236702066,0.0006168944458964792,-0.0014324796676627,-0.007473210837413081,-0.004888697614506049,0.00640752441080904
34.003,0.0,-0.0011865141133995036,0.0006966161383947131,-0.0013509933900367054,-0.006926080138863514,-0.005342247439612258,0.006286632168627474
34.023,0.0,-0.0011865141133995036,0.0006966161383947131,-0.0013509933900367054,-0.006926080138863514,-0.005342247439612258,0.006286632168627474
34.043,0.0,-0.0012160348064906368,0.0006720790540620531,-0.0012886628019006415,-0.006754335176844288,-0.004786349859781073,0.006283835727947207
34.063,0.0,-0.0012400511069779801,0.0007382367535089652,-0.0012929117793481473,-0.006611956877565805,-0.0046506097004661885,0.006436975276792172
34.083,0.0,-0.001273200538883674,0.0007344803161322199,-0.0013206813978217462,-0.006865468214715431,-0.004070789803357316,0.00642622549461019
34.103,0.0,-0.0012707726445107025,0.000806019502478536,-0.0013483704845496812,-0.006891877143472316,-0.00449427918759147,0.006568542168158136
34.123,0.0,-0.0012707726445107025,0.000806019502478536,-0.0013483704845496812,-0.006891877143472316,-0.00449427918759147,0.006568542168158136
34.143,0.0,-0.0013172072454641821,0.0008064687526760572,-0.0013095429631259257,-0.006580300413855553,-0.003943853523378271,0.006577226947457753
34.163,0.0,-0.0013137038070051823,0.0008461882470646513,-0.0012990500545800685,-0.006580300413855553,-0.003943853523378271,0.006577226947457753
34.183,0.0,-0.0012864604052527807,0.0008809911541845779,-0.001291375963226393,-0.006327809730717819,-0.004522543455442017,0.006587911253734918
34.203,0.0,-0.00124585072159593,0.0008987565352904824,-0.0013040959622855736,-0.006382614131797167,-0.0055113425056326345,0.006730144467639811
34.223,0.0,-0.00124585072159593,0.0008987565352904824,-0.0013040959622855736,-0.006382614131797167,-0.0055113425056326345,0.006730144467639811
34.243,0.0,-0.0012457774121971525,0.0009337971399666455,-0.0013558061749897447,-0.006692190500878216,-0.005920486352076535,0.006861874624845249
34.263,0.0,-0.0012316838342927195,0.0009524623080409786,-0.0013942278519394496,-0.006694582925937481,-0.006062107354233751,0.00672091655877528
34.283,0.0,-0.0013216940687189593,0.0009492652927560034,-0.001486391112790818,-0.007264459790479225,-0.005749579050285939,0.007265626791846687
34.303,0.0,-0.001311204075521416,0.0009194578322238678,-0.0014736268543183717,-0.007293725638689586,-0.006313987432302881,0.007265425174759604
34.323,0.0,-0.001311204075521416,0.0009194578322238678,-0.0014736268543183717,-0.007293725638689586,-0.006313987432302881,0.007265425174759604
34.343,0.0,-0.0013148664961214799,0.0009411058560116854,-0.0014809582253216633,-0.007319860969769788,-0.006737205016091899,0.007407530801242147
34.363,0.0,-0.001337901297429407,0.0008963065689996313,-0.0015168637142628878,-0.007600494232727796,-0.006581962451820764,0.007538620924549602
34.383,0.0,-0.0013633434336504688,0.000929971471185275,-0.0015486861199834705,-0.007597951873208754,-0.006440142197457114,0.007679613451916441
34.403,0.0,-0.0013163717381543287,0.0008780496603600437,-0.0015795821794302644,-0.007882369209755016,-0.00656650649872161,0.007528611788356495
34.423,0.0,-0.0013163717381543287,0.0008780496603600437,-0.0015795821794302644,-0.007882369209755016,-0.00656650649872161,0.007528611788356495
34.443,0.0,-0.0012045113533612837,0.0008795676477816664,-0.0016436007161872246,-0.008186701957147336,-0.0072597512572845834,0.007095122599520638
34.463,0.0,-0.001246032180474034,0.0008473822772051711,-0.0016911077029935103,-0.008463749818481749,-0.006961396462043949,0.007367009198770911
34.483,0.0,-0.0012509601624553733,0.0008677136717618057,-0.0016919213968659592,-0.008449355785334777,-0.006679730035852894,0.007366772120624548
34.503,0.0,-0.0012324387392154013,0.0008500480156022422,-0.0017540557246476718,-0.008745458112280276,-0.0069465579485468035,0.007356523409972287
34.523,0.0,-0.0012324387392154013,0.0008500480156022422,-0.0017540557246476718,-0.008745458112280276,-0.0069465579485468035,0.007356523409972287
34.543,0.0,-0.0011941441271151314,0.0008640611800948983,-0.0017950904440617753,-0.008917828441029164,-0.007648975536796892,0.007205326916549972
34.563,0.0,-0.0012333030902021843,0.0008987646501720183,-0.0018165885070782126,-0.008927646309876684,-0.007648379926755378,0.007487887879670628
34.583,0.0,-0.001272802195090483,0.000960045430161445,-0.0017734388593934384,-0.008656066447763998,-0.007802651347736326,0.007637869685732887
34.603,0.0,-0.0012556173013966692,0.0009296004117664006,-0.0018420960925343162,-0.00909617653683234,-0.008061977419096686,0.007630667211261376
34.623,0.0,-0.0012556173013966692,0.0009296004117664006,-0.0018420960925343162,-0.00909617653683234,-0.008061977419096686,0.007630667211261376
34.643,0.0,-0.0012480004811646064,0.000928872517986644,-0.0018608222689556369,-0.009109083293782723,-0.008202894651103167,0.007771723243725108
34.663,0.0,-0.0013230688284884603,0.0009511956535745798,-0.0019277091177962694,-0.009389238440283575,-0.008046693776105278,0.007903288603678699
34.683,0.0,-0.001420765270511327,0.000955649622759744,-0.001988483158592798,-0.009664116288205517,-0.007608039151466409,0.008315735499879158
34.703,0.0,-0.001457467906487031,0.0009941494346956251,-0.001980046882380447,-0.009563632360645622,-0.008177527608130135,0.008610429864430325
34.723,0.0,-0.001457467906487031,0.0009941494346956251,-0.001980046882380447,-0.009563632360645622,-0.008177527608130135,0.008610429864430325
34.743,0.0,-0.001459154859416535,0.0010053125819385093,-0.001989097493450019,-0.009576086964669592,-0.008317999007282199,0.00875179460624369
34.763,0.0,-0.00146455421743925,0.001028793393833841,-0.0019627385121561694,-0.009421912421730813,-0.0081873506288222,0.00860953659888763
34.783,0.0,-0.0014999035481401866,0.001051612133618831,-0.001956824867772091,-0.009403793068429494,-0.007763243259123888,0.00874984866119056
34.803,0.0,-0.0014736813857524312,0.001071320595713534,-0.0019208230006960028,-0.009237621455804413,-0.0073445164483706875,0.008620360613869869
34.823,0.0,-0.0014736813857524312,0.001071320595713534,-0.0019208230006960028,-0.009237621455804413,-0.0073445164483706875,0.008620360613869869
34.843,0.0,-0.0014617528465329594,0.0009534304512266733,-0.0021256852153419457,-0.010354902332706981,-0.007145786777263043,0.008438695594789427
34.863,0.0,-0.0014028391393842606,0.0010418644743414374,-0.002042268068743349,-0.00981898497310033,-0.007740049555176273,0.008459486997339444
34.883,0.0,-0.0013769232770312885,0.0010451604478358874,-0.002078167762024232,-0.009947365681429593,-0.00759416433047271,0.008306368788797633
34.903,0.0,-0.001344906544906269,0.0010886364152853903,-0.0020228043725670423,-0.009666214043737678,-0.007749736727091144,0.008174773301036263
34.923,0.0,-0.001344906544906269,0.0010886364152853903,-0.0020228043725670423,-0.009666214043737678,-0.007749736727091144,0.008174773301036263
34.943,0.0,-0.0013513936282153907,0.0011153553446759295,-0.0019810380728176,-0.009369063859820526,-0.0074808800782335165,0.008184293305089319
34.963,0.0,-0.0012082350111463685,0.0011124011655861315,-0.002027859332645955,-0.00961979319877709,-0.007327723947665569,0.007468523659742555
34.983,0.0,-0.0012335173689597106,0.0010951705548546055,-0.002029115646173849,-0.009629908278468047,-0.007326278196034938,0.007750446968033192
35.003,0.0,-0.0012449803492335034,0.0010763799325233987,-0.0020398636998479845,-0.009629908278468047,-0.007326278196034938,0.007750446968033192
35.023,0.0,-0.0012449803492335034,0.0010763799325233987,-0.0020398636998479845,-0.009629908278468047,-0.007326278196034938,0.007750446968033192
35.043,0.0,-0.001279352340603261,0.0010939004699083155,-0.001994189345733973,-0.00950283565899899,-0.00747323921315613,0.00790417370287481
35.063,0.0,-0.0013220050514130127,0.0010860173848134677,-0.00202243827500653,-0.009651242325086526,-0.0074661939758668226,0.008174024449229567
35.083,0.0,-0.0013408398363450992,0.0011211342995223871,-0.001904157141289985,-0.00911349683159094,-0.00791880662805041,0.00833581285225404
35.103,0.0,-0.0014098922618320674,0.001078798269746021,-0.0019712136143343675,-0.009519632812396383,-0.007329660915540565,0.008609995176778323
35.123,0.0,-0.0014098922618320674,0.001078798269746021,-0.0019712136143343675,-0.009519632812396383,-0.007329660915540565,0.008609995176778323
35.143,0.0,-0.0014467553299535789,0.0010644279451012064,-0.001939306839222235,-0.009347867637324429,-0.006774036339457676,0.00860744307590386
35.163,0.0,-0.0014633317881479033,0.0010456847028507822,-0.0019919644313205437,-0.009758000956732302,-0.006468147462305715,0.008599627640066998
35.183,0.0,-0.0014518936940135557,0.0010596124608288407,-0.001970461693818343,-0.009657211103076104,-0.007183722115255105,0.0087392035252322
35.203,0.0,-0.0015257066226843886,0.0010504607315856348,-0.0019385549136144696,-0.009512835560257445,-0.0069056159161743295,0.009032583579297074
35.223,0.0,-0.0015257066226843886,0.0010504607315856348,-0.0019385549136144696,-0.009512835560257445,-0.0069056159161743295,0.009032583579297074
35.243,0.0,-0.0015856184098359024,0.0010664656289487335,-0.0019229645079450446,-0.009508159441291065,-0.006622152600323777,0.009315305144174967
35.263,0.0,-0.0016132119356488874,0.0010394957482800207,-0.0018935764351627451,-0.009519767622645309,-0.006762775708169757,0.009456114014981582
35.283,0.0,-0.0016012801699261045,0.001066380650795805,-0.001928222798371163,-0.009674623816693345,-0.007039712377927895,0.009445226342826034
35.303,0.0,-0.0015294680225051225,0.001068243943201485,-0.0019430765123492346,-0.009678249424333579,-0.0073233461944391415,0.009162375988772923
35.323,0.0,-0.0015294680225051225,0.001068243943201485,-0.0019430765123492346,-0.009678249424333579,-0.0073233461944391415,0.009162375988772923
35.343,0.0,-0.0013863741630497119,0.0010735268776915859,-0.0019646088699219874,-0.009685998417814754,-0.007748500529823313,0.008739561778492696
35.363,0.0,-0.0014519979255643702,0.0011304581065969316,-0.0018990590865323933,-0.009247805019787676,-0.007344142853349054,0.00890354923151443
35.383,0.0,-0.0013752247146154022,0.001116244775281889,-0.001964914754298766,-0.009563632360645622,-0.008177527608130135,0.008610429864430325
35.403,0.0,-0.0013455845214902903,0.0011376242474303263,-0.0019652133501907127,-0.00943554807676353,-0.008468896024662245,0.00860910894943273
35.423,0.0,-0.0013455845214902903,0.0011376242474303263,-0.0019652133501907127,-0.00943554807676353,-0.008468896024662245,0.00860910894943273
35.443,0.0,-0.0013247182686687143,0.0011248805119304305,-0.0019450350297991316,-0.009421912421730813,-0.0081873506288222,0.00860953659888763
35.463,0.0,-0.0013769293213832065,0.0011698025624276673,-0.001959747368248146,-0.009403793068429494,-0.007763243259123888,0.00874984866119056
35.483,0.0,-0.0013134998805965459,0.0011838097076452482,-0.001984943698473191,-0.009408672267081494,-0.008046187783598476,0.00846852254356831
35.503,0.0,-0.001298837769770411,0.0011959529137194086,-0.0020469200342537477,-0.009694107368562768,-0.008173186993808618,0.008316231676911104
35.523,0.0,-0.001298837769770411,0.0011959529137194086,-0.0020469200342537477,-0.009694107368562768,-0.008173186993808618,0.008316231676911104
35.543,0.0,-0.0012818340101116972,0.00112437472495759,-0.002136688495560822,-0.010119014020170475,-0.008150244992304713,0.00830849854356992
35.563,0.0,-0.0012911924469270971,0.0010923247002936449,-0.0021319490668509416,-0.010284586308433367,-0.00856760638445851,0.008438135475007647
35.583,0.0,-0.0013836565945684791,0.001048302730351027,-0.0021365565644772353,-0.010408254721063052,-0.007992306003019613,0.00872123779798635
35.603,0.0,-0.001384670472637981,0.001011222306649194,-0.002190541707634294,-0.010690105435509708,-0.0079771290250527,0.008711439842000653
35.623,0.0,-0.001384670472637981,0.001011222306649194,-0.002190541707634294,-0.010690105435509708,-0.0079771290250527,0.008711439842000653
35.643,0.0,-0.0014231007625508502,0.0009818181349002886,-0.002221518008499127,-0.010813061034240637,-0.007548618262687296,0.008840243384783838
35.663,0.0,-0.0014416965594984516,0.0009862442781814775,-0.0021860943849823958,-0.010661438171422708,-0.007413105120664062,0.008711309783657587
35.683,0.0,-0.0014238965716203878,0.0009816821901338301,-0.002151672572504279,-0.01037894417040708,-0.0074278670861312275,0.008721564768700812
35.703,0.0,-0.0014384487782873733,0.000929165786136312,-0.002160093831681016,-0.010517255117335422,-0.007421234956249133,0.008708480040539356
35.723,0.0,-0.0014849338819776724,0.00090121819869662,-0.0021688618576375662,-0.010671054692583544,-0.007412357270991519,0.008993140489805554
35.743,0.0,-0.0014849338819776724,0.00090121819869662,-0.0021688618576375662,-0.010671054692583544,-0.007412357270991519,0.008993140489805554
35.763,0.0,-0.00142462885873842,0.000877199133080363,-0.002139881737036855,-0.010517255117335422,-0.007421234956249133,0.008708480040539356
35.783,0.0,-0.0014738842966786608,0.0009118488483635356,-0.0020436618399294944,-0.010079997260435887,-0.007018151902972821,0.00887170036244657
35.803,0.0,-0.0014755913594404902,0.000879027041364333,-0.002029245567676008,-0.010023988565024997,-0.00602939750496176,0.008730556793460294
35.823,0.0,-0.0014447991289004594,0.0008985484527059724,-0.0019412694955609844,-0.009447109282279728,-0.005917836007185229,0.008608406250105227
35.843,0.0,-0.0014447991289004594,0.0008985484527059724,-0.0019412694955609844,-0.009447109282279728,-0.005917836007185229,0.008608406250105227
35.863,0.0,-0.0013891924074130387,0.0008754330040311113,-0.0018814819505473118,-0.009306756261473667,-0.0060686288712309055,0.008465716656692095
35.883,0.0,-0.0013338950497144937,0.0008904566829759097,-0.0018162123478927326,-0.008901310028655605,-0.006511553057811239,0.008346639360400619
35.943,0.0,-0.0013209239960330589,0.0007703944318519796,-0.0018511906203365826,-0.00917184425180272,-0.00635632256714188,0.008195072193899623
35.963,0.0,-0.001273820223302802,0.0006843744858357522,-0.0018314552966832325,-0.00914770223775522,-0.006074494697478129,0.007913269149664188
35.983,0.0,-0.001206768645342434,0.0006686150340991188,-0.0017936646411742725,-0.008967536857852731,-0.005661850233479971,0.007486636924168986
36.003,0.0,-0.001249395128499231,0.0006588059134839922,-0.001713685768060308,-0.008668864536311445,-0.005252874004552954,0.007638022333962834
36.023,0.0,-0.001249395128499231,0.0006588059134839922,-0.001713685768060308,-0.008668864536311445,-0.005252874004552954,0.007638022333962834
36.043,0.0,-0.0011448552384643528,0.0006380545595833307,-0.0017590614032157899,-0.00866199591128947,-0.005394500650477965,0.007214903184402244
36.063,0.0,-0.0011657269842696152,0.0006015180835796333,-0.0017065227326585261,-0.0084926804607425,-0.00483447076378593,0.007225486826663517
36.083,0.0,-0.0010990537949789672,0.0005945874906745442,-0.0016316143120905465,-0.008071821470909919,-0.005141329378906522,0.006951875979435987
36.103,0.0,-0.0011532523380399188,0.000572746724240298,-0.001549674277622986,-0.007490555283592678,-0.004746107929151619,0.0071132917263881466
36.123,0.0,-0.0011102689664527615,0.0005433209081952839,-0.0014765833055674262,-0.00716899226906332,-0.004196128161049538,0.0068395753701232685
36.143,0.0,-0.0011102689664527615,0.0005433209081952839,-0.0014765833055674262,-0.00716899226906332,-0.004196128161049538,0.0068395753701232685
36.163,0.0,-0.0009867145773977536,0.0005898176297282997,-0.0014186509991735818,-0.00675189492240302,-0.004644790062161461,0.006424735234374048
36.183,0.0,-0.0009785383965433825,0.0005707394160132973,-0.0013860224807433642,-0.006555515169896251,-0.0036612337716295804,0.006294353562457679
36.203,0.0,-0.0009343371172863559,0.0006326270881128769,-0.0012697536595814834,-0.005838213259923919,-0.003700910543276085,0.006030319394250161
36.223,0.0,-0.0009343371172863559,0.0006326270881128769,-0.0012697536595814834,-0.005838213259923919,-0.003700910543276085,0.006030319394250161
36.243,0.0,-0.0008700160947499015,0.00057171037573126,-0.0012033768884688817,-0.005546051554567681,-0.003716026156454112,0.005758357292913631
36.263,0.0,-0.0008207803905267465,0.0005901860756559645,-0.0012128447599461898,-0.005422313762260321,-0.004003314505910601,0.005770416728426049
36.283,0.0,-0.0008122291318869726,0.0005986184868130757,-0.001103876185924209,-0.004981505299391097,-0.0037451097057437702,0.005778589821949959
36.303,0.0,-0.0007801063812576966,0.0006061940266703018,-0.0011214671725588647,-0.004983792258806049,-0.0038862935784341373,0.00563759828190311
36.323,0.0,-0.0007246087750570299,0.0005829052347591819,-0.0012034336757116631,-0.005254364981351279,-0.003730635009848319,0.005485878759895392
36.343,0.0,-0.0007246087750570299,0.0005829052347591819,-0.0012034336757116631,-0.005254364981351279,-0.003730635009848319,0.005485878759895392
36.363,0.0,-0.0006564102275682004,0.000591862948428304,-0.0012180835640988816,-0.005373195203531642,-0.0034403109027839824,0.005205471088326354
36.383,0.0,-0.0006851776162137192,0.0006013288064414812,-0.0011771865588450076,-0.005073745366849685,-0.0030305458174709607,0.005355862102936327
36.403,0.0,-0.0007272353644336005,0.0005912735920662711,-0.0011813127485522637,-0.005167134998876997,-0.002036653342307945,0.0054840176845902516
36.423,0.0,-0.0007272353644336005,0.0005912735920662711,-0.0011813127485522637,-0.005167134998876997,-0.002036653342307945,0.0054840176845902516
36.443,0.0,-0.00068299809310977,0.0005507215101533986,-0.0011280709707900108,-0.005070719873397004,-0.0028888341870422912,0.0054970226385998005
36.463,0.0,-0.0007057776258177056,0.0005053166175254418,-0.0011632260417336901,-0.005353132207380776,-0.0028744002453879028,0.005487051935630312
36.483,0.0,-0.0007002414225652258,0.00047231819394385154,-0.0011888440940830702,-0.005507581532815841,-0.0031514939688338816,0.005475153599495231
36.503,0.0,-0.0006305248828233003,0.0004212133291534739,-0.0012122033604483181,-0.005640724882693282,-0.003142787058729079,0.005194828251929832
36.523,0.0,-0.0006305248828233003,0.0004212133291534739,-0.0012122033604483181,-0.005640724882693282,-0.003142787058729079,0.005194828251929832
36.543,0.0,-0.0006080720553272456,0.0003739279567478393,-0.001220191494717536,-0.0057531849277177366,-0.0027141864394518126,0.005040513124639639
36.563,0.0,-0.0005926019587982336,0.000345821670340406,-0.0011932886672428279,-0.005614139498405408,-0.0027196080935383425,0.0050535251557768555
36.583,0.0,-0.00063220475667974,0.00034189162216877547,-0.0011495392470799149,-0.005455878407404986,-0.002446670676130756,0.005050998969445809
36.603,0.0,-0.0006294682493826488,0.00032865730194671486,-0.001177524780903734,-0.005584799011211242,-0.002154268386875765,0.005052703278340964
36.623,0.0,-0.00057243592953479,0.00027809013653006903,-0.0011907917832643365,-0.005728959910590143,-0.00243230385868323,0.004758607670069177
36.643,0.0,-0.00057243592953479,0.00027809013653006903,-0.0011907917832643365,-0.005728959910590143,-0.00243230385868323,0.004758607670069177
36.663,0.0,-0.0005096195229483512,0.00024887271033005603,-0.0011412755693401987,-0.005468197044980122,-0.0031539289144438165,0.0043458485598293
36.683,0.0,-0.0005219606206615057,0.0003027981424033471,-0.0010773437395392175,-0.004873933500378814,-0.0026180679287685685,0.004365901604216901
36.703,0.0,-0.00046486459141752026,0.00030903698376469313,-0.0010580297650219061,-0.004709834358276082,-0.002487259622329418,0.003940478857294333
36.723,0.0,-0.00046486459141752026,0.00030903698376469313,-0.0010580297650219061,-0.004709834358276082,-0.002487259622329418,0.003940478857294333
36.743,0.0,-0.0005259320279725058,0.0003535515058695273,-0.0009362332282950821,-0.0042300192518665465,-0.0013771114734470462,0.003960703447928272
36.763,0.0,-0.0004950046683762328,0.0003110083587911765,-0.0009517097948081631,-0.004259050999063282,-0.0019416778493265426,0.003961194854835836
36.783,0.0,-0.0005003585342950171,0.00029493973037636294,-0.0009233475580420994,-0.004132858125132473,-0.0023752237219812587,0.003819153684375884
36.803,0.0,-0.00047564923216136297,0.0003103907640879044,-0.0007743635074787345,-0.0034726156952531546,-0.003256515699766936,0.0038509696032697164
36.823,0.0,-0.0004529453020107852,0.00033429349604095434,-0.0007104749648594003,-0.0031801459654212942,-0.003271767784528436,0.0035796478935051354
36.843,0.0,-0.0004529453020107852,0.00033429349604095434,-0.0007104749648594003,-0.0031801459654212942,-0.003271767784528436,0.0035796478935051354
36.863,0.0,-0.00044031634035964585,0.0003233684596522442,-0.0006381565914764474,-0.0027696175530489355,-0.0035785290460994333,0.0035875993898351255
36.883,0.0,-0.00048799313075417007,0.0003272350024407477,-0.0006318894153039996,-0.002753114267870499,-0.0031539382733855735,0.0037282958188936265
36.903,0.0,-0.0004741158211779867,0.00031798928962790317,-0.0006066931812259888,-0.0025889921740281773,-0.002877464058524541,0.0034575298590459793
36.923,0.0,-0.0004614996479776957,0.0002550357954981213,-0.0006478978070054152,-0.0029835650393789876,-0.0024342496780504026,0.003294333960713186
36.943,0.0,-0.0004614996479776957,0.0002550357954981213,-0.0006478978070054152,-0.0029835650393789876,-0.0024342496780504026,0.003294333960713186
36.963,0.0,-0.0005562454042806916,0.0002295922669446419,-0.0006246569587984712,-0.002878567777836969,-0.002720707341147131,0.0038710324975869456
36.983,0.0,-0.0004947776006249946,0.00020711895351405662,-0.0006739278041513662,-0.0031655404837124985,-0.002988989161854149,0.003579282462519284
37.003,0.0,-0.0004998896625008243,0.0002599044815335834,-0.0005595931970468269,-0.0025711370154856707,-0.0024528905806314527,0.0035978980158874354
37.023,0.0,-0.000531949926689397,0.0002522639232476494,-0.0005651239935298715,-0.002527554006309359,-0.0016056873087561647,0.0035970554021703825
37.043,0.0,-0.000531949926689397,0.0002522639232476494,-0.0005651239935298715,-0.002527554006309359,-0.0016056873087561647,0.0035970554021703825
37.063,0.0,-0.0005215258828009584,0.000246347479991793,-0.0005950615253253707,-0.0026269196717943004,-0.000895382981439225,0.0034434199552763234
37.083,0.0,-0.0005062484136238874,0.0002073097654492133,-0.0006497190464469427,-0.0028817640019894453,-0.0004576120814084506,0.003292096813807959
37.103,0.0,-0.0004676742200407494,0.00020665755056353293,-0.0006206473065882749,-0.002744641011772734,-0.0006031816890029768,0.0031629187491658143
37.123,0.0,-0.00038905052540325736,0.00019217330045357564,-0.0005994966680029755,-0.0026048405130472737,-0.0007547373875495284,0.003020284591274249
37.143,0.0,-0.00038905052540325736,0.00019217330045357564,-0.0005994966680029755,-0.0026048405130472737,-0.0007547373875495284,0.003020284591274249
37.163,0.0,-0.0004495111274356398,0.00018530289119795095,-0.0006305447589225619,-0.0027423639896364945,-0.00046247248960633227,0.0033034297368969303
37.183,0.0,-0.000469898720027831,0.000162836491549401,-0.0005601348465611611,-0.0024313433977012893,8.814781835454367e-05,0.003313561107946862
37.203,0.0,-0.00041061050770935817,0.00014492529235458963,-0.000579772388147428,-0.002393882972590379,0.000511184346016787,0.002889437458434526
37.223,0.0,-0.0003246058763400127,0.0001433227482977743,-0.0005395276509866908,-0.002131071564509605,-6.900335370497674e-05,0.0026173545263727233
37.243,0.0,-0.0003246058763400127,0.0001433227482977743,-0.0005395276509866908,-0.002131071564509605,-6.900335370497674e-05,0.0026173545263727233
37.263,0.0,-0.0003427145012925553,9.059311332842948e-05,-0.0005592480478999519,-0.0022416007485298165,0.0005010090704726521,0.0026047645341885726
37.283,0.0,-0.00031360506195955674,6.763866319195089e-05,-0.00045609526411188693,-0.0018338239595318952,0.0001995211291529271,0.0026269210672918574
37.303,0.0,-0.00027667462612777867,3.725170792251904e-05,-0.00043720452178646404,-0.0016942437596949315,4.7994677929015715e-05,0.002484387535748828
37.323,0.0,-0.00026078889028179335,-1.1176070253533029e-05,-0.0003077507304737205,-0.0011460137200937765,-0.0004049863995143055,0.0023638846727609113
37.343,0.0,-0.00026078889028179335,-1.1176070253533029e-05,-0.0003077507304737205,-0.0011460137200937765,-0.0004049863995143055,0.0023638846727609113
37.363,0.0,-0.00024529990962427725,-3.917214193149004e-05,-0.000280724480395428,-0.001006887293491718,-0.0004100943645162965,0.0023753086948720675
37.403,0.0,-0.00019603429517360283,-7.996027599330816e-05,-0.00024876852722308964,-0.000893171067003827,-0.0009846931685653117,0.002374739475962623
37.423,0.0,-0.00015370753958439358,-5.7068482550209694e-05,-0.00023232068143089866,-0.000615697103042683,-0.0012819745785117912,0.002103079828181596
37.443,0.0,-0.00015370753958439358,-5.7068482550209694e-05,-0.00023232068143089866,-0.000615697103042683,-0.0012819745785117912,0.002103079828181596
37.463,0.0,-0.00015196571950192172,-4.490330792652755e-05,-0.00019635050806575708,-0.00046079600295016027,-0.0010046259462951933,0.002113880283732216
37.483,0.0,-0.00020568900183536417,-5.563724419502284e-05,-0.00015244392018164504,-0.0003165258306300378,-0.0008731279153071543,0.002253811041009327
37.503,0.0,-0.0003016522550533534,-8.625660446315304e-05,-0.00012965753466496745,-0.00030979404666451563,-0.00044804362924500936,0.002676312598149701
37.523,0.0,-0.000310149124852115,-6.541265303834037e-05,-0.0001199966219216076,-0.00030979404666451563,-0.00044804362924500936,0.002676312598149701
37.543,0.0,-0.000310149124852115,-6.541265303834037e-05,-0.0001199966219216076,-0.00030979404666451563,-0.00044804362924500936,0.002676312598149701
37.563,0.0,-0.0003192834897051481,-7.202215018770805e-05,-0.0001047097360823648,-0.00015513510016913412,-0.00017004254671433065,0.0026883666469214016
37.583,0.0,-0.00033730231368637987,-4.1349744235424834e-05,-0.00010854561191296298,-0.00011360378773009131,0.0005356393646406881,0.002545916050187323
37.603,0.0,-0.00039702204214554386,-5.941199313406095e-05,-0.0001003779582241425,-0.0002365659225561906,0.0009639958212382788,0.0026753022896366984
37.623,0.0,-0.0004160076171916227,-7.788458200573716e-05,-0.00010304952177388535,-0.00022195383208908995,0.0012465342318807215,0.0026749294015883957
37.643,0.0,-0.0004160076171916227,-7.788458200573716e-05,-0.00010304952177388535,-0.00022195383208908995,0.0012465342318807215,0.0026749294015883957
37.663,0.0,-0.00041904446236706443,-8.729945231426262e-05,-1.294531783125312e-05,0.00021189758494049882,0.001368769898853396,0.0025549453027718895
37.683,0.0,-0.0004216931809422746,-7.39251033249556e-05,1.4995654919583903e-05,0.0003399985323796156,0.001076541508261026,0.0025541913060447945
37.703,0.0,-0.00032277823611484634,-5.695307174014712e-05,4.67432831747547e-05,0.0006012863248621151,0.00035473094685461613,0.0021413054764691545
37.723,0.0,-0.00030866569086325296,-9.571458362623164e-05,2.1793918233300986e-05,0.00034338585603437965,0.0006507771600003437,0.0018484923301583798
37.743,0.0,-0.00030866569086325296,-9.571458362623164e-05,2.1793918233300986e-05,0.00034338585603437965,0.0006507771600003437,0.0018484923301583798
37.763,0.0,-0.00019185531748649052,-5.806425334127331e-05,-8.369398206105418e-07,0.0003360616885154311,0.00022641490326242826,0.0014250348181449727
37.783,0.0,-0.00021154213338604107,-0.000113140390512032,-5.6474025892596296e-05,6.907437783652851e-05,0.0005239262466408954,0.001414283187222156
37.803,0.0,-0.0001592801562720929,-0.00012842855105580048,-3.096949259001638e-05,3.64421602083124e-05,-0.0001832845172111346,0.0012748251920483486
37.823,0.0,-0.00018145761358947824,-0.0002034418044850477,-7.681981077393274e-05,-0.0002304290122600472,0.00011438183169428574,0.0012640904795887895
37.843,0.0,-0.00018145761358947824,-0.0002034418044850477,-7.681981077393274e-05,-0.0002304290122600472,0.00011438183169428574,0.0012640904795887895
37.863,0.0,-0.00013880120237289608,-0.00014149770138333835,-7.671064962636582e-07,4.897646514811891e-05,-4.198644666549905e-05,0.0011330725239056595
37.883,0.0,-0.0001501504818274299,-0.00012981294687092128,4.9901291757543305e-05,0.0004739877830748531,-6.659813504564887e-05,0.001141456898831892
37.903,0.0,-0.00016010103624975114,-0.0001593984100443585,-1.1986811873744499e-05,4.897646514811891e-05,-4.198644666549905e-05,0.0011330725239056595
37.923,0.0,-0.00014238403381494947,-0.00020179611258780322,8.251716768140483e-06,6.386721251891851e-05,0.0002401787596954772,0.0011333725847445983
37.943,0.0,-0.00014238403381494947,-0.00020179611258780322,8.251716768140483e-06,6.386721251891851e-05,0.0002401787596954772,0.0011333725847445983
37.963,0.0,-0.00019951335820381572,-0.00019474703939382262,8.571582728063285e-05,0.0004784726979944531,0.0002166040362786714,0.0014239883627810603
37.983,0.0,-0.0002373724990768719,-0.0001780811625229843,0.00010890710707330583,0.0006351161722536046,0.0006357358835620587,0.0015755272946975211
38.003,0.0,-0.00023639638518448694,-0.00017134362191687273,0.0001619496419654842,0.0009298165558108079,0.0007619880783244461,0.0014452640170311355
38.023,0.0,-0.00022645333572429387,-0.00016615169450896037,0.00022479854542678727,0.0012273236856393407,0.001030337986491512,0.0014547860040791515
38.043,0.0,-0.00022645333572429387,-0.00016615169450896037,0.00022479854542678727,0.0012273236856393407,0.001030337986491512,0.0014547860040791515
38.063,0.0,-0.00027415202851759497,-0.00016629239535115374,0.00019056505790018317,0.0011420502524062113,0.002169537265758579,0.0014554980683441122
38.083,0.0,-0.0002105791511535745,-7.381788301532597e-05,0.00025954774508327784,0.0018323745235580859,0.0017068053788434228,0.001332875468372639
38.103,0.0,-0.00013449952514938681,-0.00014914312078060865,0.0002208960651322247,0.001545431616014788,0.0014385103816350587,0.0010402065637262986
38.123,0.0,-0.000128670052008707,-0.00014082605129545506,0.00023988158011746823,0.0015729948947487494,0.0018624154563868104,0.0008986965845690121
38.143,0.0,-0.000128670052008707,-0.00014082605129545506,0.00023988158011746823,0.0015729948947487494,0.0018624154563868104,0.0008986965845690121
38.163,0.0,-6.909614769766953e-05,-0.00012769554469964435,0.00021135801156985448,0.0015966842450594876,0.0021443781268708456,0.0006163865138248677
38.183,0.0,-8.853803702681004e-05,-0.00011582681296381143,0.0002203661480408551,0.0015966842450594876,0.0021443781268708456,0.0006163865138248677
38.203,0.0,-9.276907005024728e-05,-0.00015519436742575022,0.0002193285529544,0.0015996337065071857,0.0022853293691359497,0.0007569944919771807
38.223,0.0,-4.815211370528875e-05,-0.00016212600232426387,0.00026670799156702237,0.0018640147408702306,0.0018470887822562658,0.0006263666853718348
38.243,0.0,-4.815211370528875e-05,-0.00016212600232426387,0.00026670799156702237,0.0018640147408702306,0.0018470887822562658,0.0006263666853718348
38.263,0.0,-7.351507277996553e-05,-0.00020781399550280958,0.0001992784894006423,0.0016111047566457252,0.0024263887224287117,0.0006162370076251679
38.283,0.0,-1.534306354870073e-05,-0.00021304972186488266,0.00019424236299790616,0.0015924971656506583,0.0018610146159617307,0.0003346876241929855
38.303,0.0,5.631122504101391e-05,-0.0002461672149076356,0.00020808141319758294,0.0017035689563898837,0.0011440973237982622,0.00019210082718374466
38.323,0.0,1.584518632273756e-05,-0.0002457347195330352,0.0001988284191346588,0.001562740804630486,0.0012957495706643059,0.0003349188140834575
38.343,0.0,1.584518632273756e-05,-0.0002457347195330352,0.0001988284191346588,0.001562740804630486,0.0012957495706643059,0.0003349188140834575
38.363,0.0,-4.2715358911091e-05,-0.00025981100026786774,0.00018345076109640794,0.0015802192812434698,0.0017201134102373748,0.0004761880226277873
38.383,0.0,-6.80507502789338e-05,-0.0002982607996089284,0.0002023108501291932,0.0015822937999311055,0.0018623210952978127,0.0006166084209404619
38.403,0.0,-2.7944074368366654e-05,-0.00029787047065434454,0.00029384592920301015,0.002115528417926999,0.0011259056817763842,0.00049643978833585
38.423,0.0,2.1572995258817857e-05,-0.00031265207691590855,0.00029776863524035014,0.0021109490756476865,0.0008428297174830361,0.00021410278487535831
38.443,0.0,2.1572995258817857e-05,-0.00031265207691590855,0.00029776863524035014,0.0021109490756476865,0.0008428297174830361,0.00021410278487535831
38.463,0.0,8.274472568937858e-06,-0.0003311765527770729,0.00031635999242326726,0.002113231952978114,0.0009844593894505985,0.0003552797517860742
38.483,0.0,3.124069052202654e-05,-0.0003445273330425507,0.0003073320335767423,0.002123186888320761,0.0009837948070657958,7.270114111065901e-05
38.503,0.0,3.828253534239565e-05,-0.0003521058702300917,0.0003648482909105769,0.002262937941748114,0.0008324055731517957,-6.921217684060017e-05
38.523,0.0,3.288772072634278e-05,-0.0003304143772036539,0.00043572666191668547,0.0026731278270555477,0.0006722753867191585,9.317400715086683e-05
38.543,0.0,3.288772072634278e-05,-0.0003304143772036539,0.00043572666191668547,0.0026731278270555477,0.0006722753867191585,9.317400715086683e-05
38.563,0.0,2.6671228225933993e-05,-0.00032002640656420114,0.00043491190654914197,0.0026877240454655053,0.0009548320956326183,9.289379101062912e-05
38.583,0.0,7.707335662769775e-05,-0.0003690981567066426,0.00041986467502053886,0.0025574095617775963,0.000958939216470965,-0.00020053094638834625
38.603,0.0,9.124630831998738e-05,-0.0003538608730965178,0.000506084683493683,0.002825515265700874,0.0006622750974699588,-0.00019162816683650536
38.623,0.0,8.779258516412396e-05,-0.00035439191551415685,0.000493519357145594,0.0028525462940345693,0.0010849742532791314,-0.00033247354924521746
38.643,0.0,8.779258516412396e-05,-0.00035439191551415685,0.000493519357145594,0.0028525462940345693,0.0010849742532791314,-0.00033247354924521746
38.663,0.0,3.093912889375067e-05,-0.0003551316066766953,0.0005381015719873482,0.002981918125738533,0.001081223937153942,-3.8357192080472234e-05
38.683,0.0,2.398781616200433e-05,-0.00036526469833348855,0.0005647227488237142,0.0030117211520721185,0.0016466684288030122,-3.860557001677132e-05
38.703,0.0,9.07528218993631e-05,-0.00036550403857803584,0.0005216618060515343,0.002881479683288598,0.0016504763741956425,-0.0003338616603729606
38.723,0.0,2.339022276756217e-05,-0.0003988329045410813,0.0004576965012983313,0.0024345368254808384,0.0015342081278239752,8.215636054778613e-05
38.743,0.0,2.339022276756217e-05,-0.0003988329045410813,0.0004576965012983313,0.0024345368254808384,0.0015342081278239752,8.215636054778613e-05
38.763,0.0,8.162428078716261e-05,-0.00037335763351393646,0.0005140144093038191,0.0028403737132264495,0.000944075675921985,-0.00019118126732806318
38.783,0.0,0.0001210046706847619,-0.0003812084597915909,0.0005096596069948733,0.002697562178931223,0.0009542462679701228,-0.00018959107867835918
38.803,0.0,0.00012031251873562754,-0.00037730707457692695,0.0005360965920091854,0.0028403737132264495,0.000944075675921985,-0.00019118126732806318
38.823,0.0,0.00013140883158780257,-0.000341541807887195,0.0005806417153315963,0.003122291483156943,0.0009294292262941831,-0.00018101935801576518
38.843,0.0,0.00013140883158780257,-0.000341541807887195,0.0005806417153315963,0.003122291483156943,0.0009294292262941831,-0.00018101935801576518
38.863,0.0,0.00014400613511186938,-0.00034982805868453786,0.0005280853653831255,0.002837798481146011,0.0008033320930887447,-0.00033293627109288597
38.883,0.0,0.00020034899646232058,-0.00032088680625455,0.000610012633467286,0.0033853763319443534,0.00035042244843343044,-0.0004528529788426611
38.903,0.0,0.00014601031251273682,-0.00033353044507036155,0.0005705770730014619,0.0031345373076155005,0.001070509624502231,-0.00032239328397875395
38.923,0.0,0.00022355710390437413,-0.00032962983364776926,0.0005373375011568054,0.0031035188517036043,0.00036510249236695863,-0.00046297071769227426
38.943,0.0,0.00022355710390437413,-0.00032962983364776926,0.0005373375011568054,0.0031035188517036043,0.00036510249236695863,-0.00046297071769227426
38.963,0.0,0.00021617679041305057,-0.0003186188704509674,0.0005069353536158243,0.0031035188517036043,0.00036510249236695863,-0.00046297071769227426
38.983,0.0,0.00022594569605986176,-0.0003137844705969411,0.0005805015241180327,0.0033976696376521952,0.0004915641733515537,-0.0005942655503784669
39.003,0.0,0.00020177979142650226,-0.0003591935813095669,0.0005417462026711471,0.0031587509369560575,0.0013529668678017913,-0.0006057165113992361
39.023,0.0,0.0002240113394952442,-0.00033369008907773346,0.0005803434097034469,0.0033976696376521952,0.0004915641733515537,-0.0005942655503784669
39.043,0.0,0.0002240113394952442,-0.00033369008907773346,0.0005803434097034469,0.0033976696376521952,0.0004915641733515537,-0.0005942655503784669
39.063,0.0,0.00018097900995551396,-0.00035920478813829704,0.0005773333371517399,0.0034000866993631556,0.0006332677750752351,-0.000453246398352865
39.083,0.0,0.0002384579728200535,-0.00039580602756054755,0.0005815899455861296,0.003395176555763938,0.00034980315963494896,-0.0007350128387193708
39.103,0.0,0.00025736959997247857,-0.00040769752698751905,0.0005825609318626639,0.003395176555763938,0.00034980315963494896,-0.0007350128387193708
39.123,0.0,0.00027382920272140743,-0.00046779347218262106,0.000527201737490356,0.0031517165320451767,0.000928360217999047,-0.0010284350776562235
39.143,0.0,0.00027382920272140743,-0.00046779347218262106,0.000527201737490356,0.0031517165320451767,0.000928360217999047,-0.0010284350776562235
39.163,0.0,0.00030461133221288203,-0.0005084719832698779,0.0005040472973386156,0.0028817932106511967,0.0010837682760697503,-0.0011796337449404967
39.183,0.0,0.00018610900607445607,-0.0005464937618564245,0.0006061601150116092,0.0033238811730587426,0.0016305670628773857,-0.0008767197855640042
39.203,0.0,0.00016450095603136566,-0.0005750280381504515,0.0006334557433742016,0.003338368186468889,0.0019129055833679092,-0.0008770445553507064
39.223,0.0,0.0002165758155377579,-0.0005873293478327594,0.0006534867992152302,0.0034906488496968817,0.0019018341924519325,-0.0011604905133679594
39.243,0.0,0.0002165758155377579,-0.0005873293478327594,0.0006534867992152302,0.0034906488496968817,0.0019018341924519325,-0.0011604905133679594
39.263,0.0,0.0001855397507629011,-0.0005028209012672958,0.0006930056527491512,0.0038883024430396568,0.0016021354341618373,-0.0008561266102309721
39.283,0.0,0.0001253100521325174,-0.0005782137982269248,0.0006566723481151823,0.0034975349695530907,0.0023268404969486946,-0.0007367062847264213
39.303,0.0,0.00014626842995953796,-0.0005429167057588654,0.0007124392205206366,0.0037777021759374616,0.0021705913177543393,-0.0008681846686626931
39.323,0.0,8.933595723531991e-05,-0.0005656343793380342,0.0007522382470901599,0.003960508874244927,0.003013183106924583,-0.0008573024277485327
39.343,0.0,8.933595723531991e-05,-0.0005656343793380342,0.0007522382470901599,0.003960508874244927,0.003013183106924583,-0.0008573024277485327
39.363,0.0,9.041117408124483e-05,-0.0005587188679691219,0.0008282572921744186,0.0042144858353417095,0.0024339433253658437,-0.0008468297597341146
39.383,0.0,7.806762314800472e-05,-0.0005427995451693336,0.0008459445551604893,0.0043438839115817135,0.002283224838897247,-0.0007063624473837215
39.403,0.0,6.019751637093141e-05,-0.0004731829094502995,0.0008688303460156998,0.0046140374278805215,0.0021276028803736396,-0.0005557442330215589
39.423,0.0,0.00013984616266067624,-0.00043797059994839737,0.0007805568229248696,0.00432736265286003,0.001859071168719562,-0.0008482997323237297
39.443,0.0,0.00013984616266067624,-0.00043797059994839737,0.0007805568229248696,0.00432736265286003,0.001859071168719562,-0.0008482997323237297
39.463,0.0,0.00015806569095337065,-0.000431970134148437,0.0008254296703041063,0.004609342626303665,0.0018448097794358722,-0.0008376019711299179
39.483,0.0,0.00012069099279552953,-0.00044656360001387943,0.0007980469743800567,0.0043424193914548435,0.002141687660375642,-0.0008480760585755805
39.503,0.0,8.255087537528523e-05,-0.0004695821478975632,0.0007609200689796191,0.004076552381393918,0.0025805992392307236,-0.0007175038553078831
39.523,0.0,8.6007004320349e-05,-0.00044324659656496535,0.0007935246624708722,0.004373065647557383,0.002848275407871362,-0.0007069626773270473
39.543,0.0,8.6007004320349e-05,-0.00044324659656496535,0.0007935246624708722,0.004373065647557383,0.002848275407871362,-0.0007069626773270473
39.563,0.0,0.00014340369321994736,-0.0005036337663734894,0.0007008664342047243,0.00379207415941742,0.0024534284768571828,-0.000869212126490831
39.583,0.0,0.00018254497063093834,-0.00042989258148742236,0.000726171795890789,0.0040864149516625465,0.0025799803237595894,-0.0009997318111447182
39.603,0.0,0.00019838536918915484,-0.0004213401724016894,0.0006854941470176802,0.0041006607365600455,0.0028616301962680574,-0.0009997263909188319
39.623,0.0,0.00021091909307577038,-0.00037198798606120345,0.0006777778707113426,0.0040864149516625465,0.0025799803237595894,-0.0009997318111447182
39.643,0.0,0.00021091909307577038,-0.00037198798606120345,0.0006777778707113426,0.0040864149516625465,0.0025799803237595894,-0.0009997318111447182
39.663,0.0,0.00023948471487997438,-0.00045546078106388775,0.0007012695497665757,0.004068984837284351,0.0021560336716308745,-0.001140757339040932
39.683,0.0,0.0002449202535719528,-0.00043810530289758716,0.0007659860318062002,0.004337148723098593,0.001858242096794352,-0.0011303176538135
39.703,0.0,0.0002755617055583429,-0.00043153187978681114,0.0007783093766042014,0.0043347518298128135,0.0017168531337032758,-0.0012711467975404134
39.723,0.0,0.0003743623322304574,-0.0004137131098930332,0.0008092606958868845,0.004598226606914081,0.0011379457669283138,-0.0015433310707694996
39.743,0.0,0.0003743623322304574,-0.0004137131098930332,0.0008092606958868845,0.004598226606914081,0.0011379457669283138,-0.0015433310707694996
39.763,0.0,0.0004546625291075016,-0.0004143459129337485,0.0008276324346985739,0.004875497711879356,0.0008396742326968182,-0.00181521182644232
39.783,0.0,0.0004548826295137064,-0.00039387186226331637,0.000809125182523347,0.004860817367454224,0.000557094060625814,-0.0018147872244490687
39.803,0.0,0.00036109406195116724,-0.00034170564111114235,0.0009179319745652351,0.005472090793526995,0.0015171530609944834,-0.0016550656818670533
39.823,0.0,0.00030320587895890373,-0.00043392389767696684,0.0008206771162696065,0.004755236762129244,0.0015563362981350804,-0.0013910570082244884
39.843,0.0,0.00030320587895890373,-0.00043392389767696684,0.0008206771162696065,0.004755236762129244,0.0015563362981350804,-0.0013910570082244884
39.863,0.0,0.0001896552570720874,-0.00042402058616299075,0.000839885374667307,0.004803405891406206,0.002687409842367045,-0.0011091294443564444
39.883,0.0,0.00025215127109357667,-0.0004934427346467587,0.000827820778513706,0.004646199450502971,0.0022673730247627123,-0.0012623471738833695
39.903,0.0,0.00026125456048366517,-0.0004739742555725502,0.0008298469666154364,0.004631944037796035,0.001985415045468367,-0.001262210782905241
39.923,0.0,0.00025621393692650424,-0.0005267330042661886,0.0008220233325457015,0.004489851890625983,0.0019948546939698364,-0.0012599512664028501
39.943,0.0,0.00025621393692650424,-0.0005267330042661886,0.0008220233325457015,0.004489851890625983,0.0019948546939698364,-0.0012599512664028501
39.963,0.0,0.00025793773749095526,-0.0005137652445848452,0.0008195669301261069,0.004631944037796035,0.001985415045468367,-0.001262210782905241
39.983,0.0,0.00022484229836242526,-0.0005372064864988324,0.0007640489704372575,0.004340120739874003,0.0020002836823123753,-0.0009889996252022823
40.003,0.0,0.0002408874109132913,-0.0005386607820822748,0.0007864097488589404,0.004324968797237293,0.0017175676266878255,-0.000989155363689115
40.023,0.0,0.0002801733926577161,-0.0005519438525138637,0.0007891380454841097,0.004322671000462522,0.0015760514477227397,-0.0011300028679557491
40.043,0.0,0.0002801733926577161,-0.0005519438525138637,0.0007891380454841097,0.004322671000462522,0.0015760514477227397,-0.0011300028679557491
40.063,0.0,0.00036418904306964806,-0.0005866997579859408,0.0007133409994106388,0.003992516875667629,0.00046100630502949854,-0.001421638404096742
40.083,0.0,0.00039316545551204996,-0.0006204844140794581,0.0007349917032238054,0.004004619337450202,0.0006019272325068772,-0.0015626949457362349
40.103,0.0,0.00046919137735123537,-0.0006166214652023204,0.0007315925161082029,0.003972795359864034,-0.00010539549331901826,-0.001702604659169688
40.123,0.0,0.0004262895972416129,-0.0006123102925512583,0.0007195138981137731,0.003963149049127296,-0.00010459614782306821,-0.0014208136345293628
40.143,0.0,0.0004262895972416129,-0.0006123102925512583,0.0007195138981137731,0.003963149049127296,-0.00010459614782306821,-0.0014208136345293628
40.163,0.0,0.00042347243468573255,-0.000582411432890949,0.0006985796558475693,0.003975399463683859,3.6471518312000555e-05,-0.0015620429421227603
40.183,0.0,0.00046565955071002944,-0.000540031450995431,0.0007216367812036148,0.004296674352964153,0.0005861981830835094,-0.0018350388250617507
40.203,0.0,0.0004977930880741637,-0.00052345825515406,0.0007240170177392532,0.004294134320698717,0.0004444650933650302,-0.0019756726515899646
40.223,0.0,0.00044672478565335825,-0.0005177789063342906,0.0007310624214913476,0.004299118710330506,0.0007278510967793567,-0.0016943149584166958
40.243,0.0,0.00044672478565335825,-0.0005177789063342906,0.0007310624214913476,0.004299118710330506,0.0007278510967793567,-0.0016943149584166958
40.263,0.0,0.00046435191733641457,-0.0005271246399810541,0.0006858149522843345,0.0040434544332127965,0.0011661636935512817,-0.0018451030849643607
40.283,0.0,0.00046137985071800975,-0.0005276466474691568,0.0006643251346640439,0.004070819640165734,0.001588976939664312,-0.0019871270796190765
40.303,0.0,0.00040202923502059146,-0.0005225307062566361,0.0006884438739723252,0.004089152251787523,0.002154269440139091,-0.0017051276507481206
40.323,0.0,0.00039315265192830015,-0.0004842955894231419,0.0007425962620452757,0.004369863376558799,0.001998554932029424,-0.0018360322222857933
40.343,0.0,0.00039315265192830015,-0.0004842955894231419,0.0007425962620452757,0.004369863376558799,0.001998554932029424,-0.0018360322222857933
40.363,0.0,0.00036677989978635916,-0.0004924574956436824,0.0007592235928349883,0.004398523863684949,0.0025633127408232533,-0.0018372453729242403
40.383,0.0,0.00037244854184287303,-0.000474024285023618,0.0007380880330804236,0.004413260709174249,0.0028464562071592787,-0.0018376401210124743
40.403,0.0,0.00032281508512669915,-0.0005333856898854538,0.000655762725629812,0.0038673201023440764,0.003440293648464164,-0.0015751573947141708
40.423,0.0,0.0002950445851759575,-0.0005578550352940648,0.00061983497730612,0.0035994934764851942,0.003737132835917977,-0.0015860515494707952
40.443,0.0,0.0002950445851759575,-0.0005578550352940648,0.00061983497730612,0.0035994934764851942,0.003737132835917977,-0.0015860515494707952
40.463,0.0,0.00022197314325205064,-0.0005839900730058614,0.000598039211306505,0.0034620752164589087,0.004030135685527306,-0.001302289167997145
40.483,0.0,0.0001851562081989901,-0.0005912146510124457,0.0006230768595243538,0.0034912691756107893,0.004595311218008599,-0.0013030308352180626
40.503,0.0,0.00017257409847728735,-0.0005629124405699349,0.0006678229810584177,0.0037586939610425476,0.0042982718255422155,-0.0012926331101382501
40.523,0.0,0.00019163904318421135,-0.0005429916201266542,0.000752121504904469,0.004142206661252763,0.0035681396461132928,-0.0011418053998183617
40.543,0.0,0.00019163904318421135,-0.0005429916201266542,0.000752121504904469,0.004142206661252763,0.0035681396461132928,-0.0011418053998183617
40.563,0.0,0.0002335498178971202,-0.0005168575671725238,0.0007265504563220693,0.0041251717187768,0.003144048817760044,-0.0012821816914667507
40.583,0.0,0.00024863485226894364,-0.0005172269024528099,0.0007086627779855582,0.004098445084112345,0.0027205292739846698,-0.0011406760289041007
40.603,0.0,0.0002551551589833988,-0.0005306137467221386,0.0006930005918892427,0.00394175200469462,0.0024480185723877454,-0.0011401453112397022
40.623,0.0,0.00023113820337542767,-0.0005148189731493407,0.000740088857156737,0.00407130305549871,0.0022973599731060178,-0.0009997592502665926
40.643,0.0,0.00023113820337542767,-0.0005148189731493407,0.000740088857156737,0.00407130305549871,0.0022973599731060178,-0.0009997592502665926
40.663,0.0,0.0002779887146805719,-0.00047488813516824424,0.0008315934582567411,0.004619229167146608,0.0018442065665870285,-0.0011196127340134458
40.683,0.0,0.0002763128529202241,-0.00046776605495353667,0.0007669549062141222,0.004448142354039433,0.0012890996870720513,-0.0011187359864755957
40.703,0.0,0.0003171203334741541,-0.00044025431504017754,0.0008201525097319186,0.004869958985320159,0.00112312382690847,-0.0012503976320315485
40.723,0.0,0.0003960990805980221,-0.0004285019687405484,0.0008361645737155424,0.004851147197456833,0.0005578522925484986,-0.001533009425236692
40.743,0.0,0.0003960990805980221,-0.0004285019687405484,0.0008361645737155424,0.004851147197456833,0.0005578522925484986,-0.001533009425236692
40.763,0.0,0.0003808318209629158,-0.00042953131555582624,0.0008700453572946386,0.005120927911142413,0.0004028670125865355,-0.0013812720499160704
40.783,0.0,0.000338476377923539,-0.00047999496126552895,0.0007865239622265287,0.004600914053830438,0.001278827144352881,-0.0014019268620854314
40.803,0.0,0.00035849773394152447,-0.00046549093838794004,0.0008221158198984865,0.004880272677779469,0.0011228821160957172,-0.001533690352815233
40.823,0.0,0.00036151264599426435,-0.0004829045800980865,0.0007869144942793384,0.004612667683442767,0.0014202581979328997,-0.0015434903740471503
40.843,0.0,0.00036151264599426435,-0.0004829045800980865,0.0007869144942793384,0.004612667683442767,0.0014202581979328997,-0.0015434903740471503
40.863,0.0,0.0004099124012693636,-0.00048760522748649796,0.0007715797198688658,0.004595800561890965,0.0009963469315073345,-0.0016840343475906592
40.883,0.0,0.00043331058028022595,-0.0005173249447573898,0.0007180306292249131,0.004325750624914629,0.0011511414672782318,-0.0018355688883383693
40.903,0.0,0.00044132801475776906,-0.0005381954353937051,0.0007184105397507344,0.004325750624914629,0.0011511414672782318,-0.0018355688883383693
40.923,0.0,0.0003862738212875059,-0.0005261250644907916,0.000818829673538243,0.004610336791303946,0.0012787589396953865,-0.0016842615135993573
40.943,0.0,0.0003862738212875059,-0.0005261250644907916,0.000818829673538243,0.004610336791303946,0.0012787589396953865,-0.0016842615135993573
40.963,0.0,0.00042496679903020825,-0.0005275236022129838,0.0008352088087151178,0.004790813920909382,0.001832696590836422,-0.001968519334540484
40.983,0.0,0.00032315143453335736,-0.0005403903302373216,0.000801308996246907,0.004655957648378912,0.002266598597813466,-0.0015442555758186465
41.003,0.0,0.0003812188824174229,-0.0005629950175525554,0.0007626174182017116,0.004357144288428434,0.001857241096697699,-0.001695453583513018
41.023,0.0,0.0003496608963250236,-0.0005427806361422963,0.0008142303436174663,0.004641565030490454,0.001984659753754506,-0.0015440293873448566
41.043,0.0,0.0003496608963250236,-0.0005427806361422963,0.0008142303436174663,0.004641565030490454,0.001984659753754506,-0.0015440293873448566
41.063,0.0,0.00041744577717401407,-0.0005598086089166624,0.000799559645447981,0.004622391617373319,0.001419481304974753,-0.0018252996872252785
41.083,0.0,0.0003956181165672146,-0.0005638705483837221,0.0007653385679746794,0.004328175322220119,0.0012927405558125023,-0.0016948669752057807
41.103,0.0,0.0003354673104899746,-0.0005512637751774225,0.0008249458847926699,0.004627235606583513,0.0017025008958865937,-0.0015438723271835398
41.123,0.0,0.0002942501120031924,-0.0005578996177875659,0.0008220698826320948,0.004629461835995945,0.0018438933858309662,-0.0014030233815936187
41.143,0.0,0.0002942501120031924,-0.0005578996177875659,0.0008220698826320948,0.004629461835995945,0.0018438933858309662,-0.0014030233815936187
41.163,0.0,0.00022521484596397943,-0.0005726917139158169,0.0007724090097194676,0.004265257401526079,0.0031395473975432916,-0.001271350616555916
41.183,0.0,0.00020915783693844004,-0.0005851498219238333,0.0007335708793403915,0.0041391777251292014,0.003426336769103507,-0.0012829599010742215
41.203,0.0,0.00020425858712858714,-0.0006044558212390431,0.0006742427576549667,0.0036886125975472226,0.0030272406683510807,-0.0011496455948666164
41.223,0.0,0.0002667908632508201,-0.0006141004649293789,0.0006424480314833679,0.003543878383345924,0.0027492251599199433,-0.0014441888076321817
41.243,0.0,0.0002667908632508201,-0.0006141004649293789,0.0006424480314833679,0.003543878383345924,0.0027492251599199433,-0.0014441888076321817
41.263,0.0,0.00023013654476053354,-0.0006281114258135753,0.0005944151609471286,0.0032783832857966435,0.003187562147804471,-0.0013123879104178775
41.283,0.0,0.00025624970837038834,-0.0006265476163222607,0.0006137231058389752,0.003403672273970682,0.0028998541096607825,-0.0013008472490481004
41.303,0.0,0.00017662023265629183,-0.0005990674085328432,0.0006053775903539532,0.003450421808220072,0.0038891000958464423,-0.0011607114532898657
41.323,0.0,0.00018436263357264455,-0.0005976828175714452,0.0006410987935552086,0.0036309916362296524,0.004443374666682292,-0.0014458866609678939
41.343,0.0,0.00018436263357264455,-0.0005976828175714452,0.0006410987935552086,0.0036309916362296524,0.004443374666682292,-0.0014458866609678939
41.363,0.0,0.00019103609309492102,-0.0005692927746180297,0.0006200343732876142,0.0036455239405963286,0.004725710306833373,-0.0014461579486264025
41.383,0.0,0.0002499475353211112,-0.0005640360987407161,0.000614400053708769,0.0036287481627476597,0.004302430630338266,-0.0015868074030801495
41.403,0.0,0.0002497160870753637,-0.0005699088384079303,0.0006245604646031178,0.003727160167134363,0.003591875885964457,-0.0014327965583120653
41.423,0.0,0.0003653672868069316,-0.000567939236329324,0.0006283800826222528,0.003875222174482807,0.0032988110083129454,-0.0019990814753263787
41.443,0.0,0.0003653672868069316,-0.000567939236329324,0.0006283800826222528,0.003875222174482807,0.0032988110083129454,-0.0019990814753263787
41.463,0.0,0.00032161307079910735,-0.0005438704584108567,0.0006435146858876171,0.003907168264730104,0.00400486591412669,-0.001858460869431179
41.483,0.0,0.00033282344686283704,-0.0005577139290617929,0.0006798852558265448,0.0041591560337349955,0.003425281453295095,-0.0018479635021493512
41.503,0.0,0.000335602342241976,-0.0005553596715525203,0.0007352164110175875,0.004326579480547723,0.003844635880930262,-0.001978154143269239
41.523,0.0,0.00038054163948334,-0.000564124618529878,0.0007003799269715234,0.0041990217729563455,0.003989824213031831,-0.0021313033271963093
41.543,0.0,0.00038054163948334,-0.000564124618529878,0.0007003799269715234,0.0041990217729563455,0.003989824213031831,-0.0021313033271963093
41.563,0.0,0.00042597433774096407,-0.000540513006508938,0.0007383440394983553,0.004450315793261414,0.0032686629695160693,-0.0022612581644787157
41.583,0.0,0.00041758098395124266,-0.0005589120070447496,0.0007501522403271937,0.004422919366132419,0.0028455769150708987,-0.002119308251897968
41.603,0.0,0.0003648990743852847,-0.0005636759488058414,0.0007766861836941549,0.0044252316157722595,0.0029868524027905877,-0.0019785508171167006
41.623,0.0,0.0003083880659418842,-0.0005948167223110082,0.0008097197436572538,0.0045696196728584266,0.0032655072450688085,-0.0016849176989573468
41.643,0.0,0.0003083880659418842,-0.0005948167223110082,0.0008097197436572538,0.0045696196728584266,0.0032655072450688085,-0.0016849176989573468
41.663,0.0,0.00033637458347228515,-0.0005668207974584481,0.0008637450086581166,0.004977509929566622,0.0028173499753324734,-0.0018175345997949975
41.683,0.0,0.0002919093267386311,-0.0005486445691723717,0.0008980285915143455,0.005108547090464785,0.0028133488949865265,-0.0015236866943719517
41.703,0.0,0.00032900368922842224,-0.0005274926462834446,0.0008994502506178833,0.005220621950909606,0.002238127882545548,-0.0015235588491985877
41.723,0.0,0.0002921660317741232,-0.0005346960333207122,0.0009245358579031725,0.005249874805206194,0.0028032397317149862,-0.0015242863506473876
41.743,0.0,0.0002921660317741232,-0.0005346960333207122,0.0009245358579031725,0.005249874805206194,0.0028032397317149862,-0.0015242863506473876
41.763,0.0,0.00032360474184580263,-0.0005076562718102017,0.0009083666868768758,0.005233176278044618,0.0023791489102974925,-0.001665962550087043
41.783,0.0,0.00024123845180610353,-0.0005089824145353447,0.0009226682495710544,0.005237855542596161,0.002662731318489652,-0.0013833198458433197
41.803,0.0,0.00022098691458578685,-0.0005110477372434149,0.0009151093752928054,0.00509516690987859,0.0026716272183982693,-0.0013815234323394287
41.823,0.0,0.00014242489000863885,-0.0004900474798103265,0.0009556177193056929,0.005257343650130038,0.0032274518724549036,-0.0011012440434539532
41.843,0.0,0.00014242489000863885,-0.0004900474798103265,0.0009556177193056929,0.005257343650130038,0.0032274518724549036,-0.0011012440434539532
41.863,0.0,0.00024030204368452178,-0.0005159060757305181,0.000869549635228742,0.004943333740091638,0.0025358149522513775,-0.0012515294346899047
41.883,0.0,0.0002745951481023729,-0.0004883649487042271,0.000852055203821979,0.004940277121999377,0.0023938313423206444,-0.0013926941271351098
41.903,0.0,0.0002722141133348487,-0.0004864725192761247,0.0008161213671343832,0.004688196177843953,0.002973590911759926,-0.0014037884999869687
41.923,0.0,0.00019082706972548672,-0.0004778365060685111,0.000830450792917706,0.004691768921164605,0.0032560428349729035,-0.001121026544818297
41.943,0.0,0.00019082706972548672,-0.0004778365060685111,0.000830450792917706,0.004691768921164605,0.0032560428349729035,-0.001121026544818297
41.963,0.0,0.00015082193442895984,-0.0004914315064333132,0.0008441551184341462,0.004846500507957549,0.00353451851105605,-0.0011105935665082585
41.983,0.0,0.0001626892802547132,-0.00047249231928897436,0.0008448432819415343,0.004846500507957549,0.00353451851105605,-0.0011105935665082585
42.003,0.0,0.00020119165550987027,-0.0004658581258884406,0.0008384457487903601,0.0048324823538619084,0.0032522019815393725,-0.0011098433451534374
42.023,0.0,0.00022096423098241522,-0.00045724693142334174,0.0008099729884750497,0.004817579112026956,0.0029699729553493925,-0.001110076730019247
42.043,0.0,0.00022096423098241522,-0.00045724693142334174,0.0008099729884750497,0.004817579112026956,0.0029699729553493925,-0.001110076730019247
42.063,0.0,0.00028336281343387636,-0.000497305397899665,0.000776645302601693,0.004688196177843953,0.002973590911759926,-0.0014037884999869687
42.083,0.0,0.0003562185417242422,-0.0005084799105945545,0.0007739189473625161,0.0045548914326021175,0.002982563755327605,-0.0016844870623896565
42.103,0.0,0.00035190210511208166,-0.0004951415174162533,0.0008079125471583023,0.004724382575389,0.0033969075617164874,-0.0018275277767755159
42.123,0.0,0.0002761127686804905,-0.00047852674194308624,0.000792682811691536,0.004741355847512475,0.0038208761914429843,-0.0016872008162601118
42.143,0.0,0.0002761127686804905,-0.00047852674194308624,0.000792682811691536,0.004741355847512475,0.0038208761914429843,-0.0016872008162601118
42.163,0.0,0.0003381312099395188,-0.0005413560335288621,0.0007445977916225515,0.004427533631922469,0.003128120501089825,-0.0018377822646975705
42.183,0.0,0.0003484616223453633,-0.0005213695473351316,0.0007160076928337597,0.0044156398700207055,0.0029877139283607927,-0.001696921450831383
42.203,0.0,0.00032391319320103904,-0.0005284029463005777,0.0007255178187498883,0.0044029757245727065,0.002846704331134972,-0.0015544473409710108
42.223,0.0,0.00032156734644347187,-0.0005179472532570962,0.00073689207590243,0.00438794120426733,0.0025642084354929305,-0.0015546806002183185
42.243,0.0,0.00032156734644347187,-0.0005179472532570962,0.00073689207590243,0.00438794120426733,0.0025642084354929305,-0.0015546806002183185
42.263,0.0,0.0003008755937671486,-0.0005254951159613754,0.0007250968863515299,0.004390241779772461,0.0027055347223268454,-0.0014138456754773034
42.283,0.0,0.0003123234300482068,-0.0005642464746727623,0.0006909235994276752,0.004120687799850549,0.0028606774640678933,-0.0015649953494820794
42.303,0.0,0.0003074947178094182,-0.0005259550057528723,0.000736955437396768,0.004376114279090601,0.0024229740845123286,-0.001412939715090572
42.323,0.0,0.0003324541039664486,-0.000508313455885014,0.000687911934561361,0.004373803937685692,0.0022816209994497116,-0.001553785649146922
42.343,0.0,0.00027191071876004843,-0.0005314517136713954,0.0007163238153999167,0.004349744658581025,0.0020004353116631086,-0.0012717413897162097
42.363,0.0,0.00027191071876004843,-0.0005314517136713954,0.0007163238153999167,0.004349744658581025,0.0020004353116631086,-0.0012717413897162097
42.383,0.0,0.0003627591081973695,-0.0005504484356397405,0.0007030434507594638,0.004342632915520295,0.0015751018014624777,-0.0016951823925454082
42.403,0.0,0.00025154143034887024,-0.00049282727902807,0.000789224026643448,0.004631944037796035,0.001985415045468367,-0.001262210782905241
42.423,0.0,0.00033034906090447495,-0.0005034626149435226,0.0008175872691405971,0.004909968140162634,0.0016881354474394734,-0.001533871942309675
42.443,0.0,0.0004136981239807241,-0.0005050499336639326,0.0007868883888276342,0.004764570546536256,0.001409143645060096,-0.0018265796132897704
42.463,0.0,0.0004136981239807241,-0.0005050499336639326,0.0007868883888276342,0.004764570546536256,0.001409143645060096,-0.0018265796132897704
42.483,0.0,0.0004263607449567509,-0.0004936174107383306,0.0008025392430788462,0.004919593259169516,0.0016873029912855264,-0.001815583043865399
42.503,0.0,0.00039859506377553755,-0.00048136156578029645,0.0008306413669807655,0.004934087626465067,0.0019694355346303685,-0.0018158664267849368
42.523,0.0,0.0004076313328565244,-0.0004445279945342556,0.0008548684172470553,0.005203898431359537,0.0018136893184288717,-0.0016652220840331898
42.543,0.0,0.0003068267436228257,-0.00044250279438378325,0.0008118842195086475,0.004969402538381788,0.002958750726079358,-0.0013933179803764407
42.563,0.0,0.0003068267436228257,-0.00044250279438378325,0.0008118842195086475,0.004969402538381788,0.002958750726079358,-0.0013933179803764407
42.583,0.0,0.0003529135919868641,-0.0004741499043518916,0.0007925902919582355,0.004670854579581911,0.0025499013258477587,-0.0015447712437934107
42.603,0.0,0.00034521728928521176,-0.0004701962632117432,0.0008077568134140677,0.004823565326260662,0.0026865214139007304,-0.0016744881512637665
42.623,0.0,0.00035564119187960424,-0.0004777135145035838,0.0008443056119963514,0.004979741166578951,0.0029586108562704707,-0.001676699665577379
42.643,0.0,0.00043211817969857573,-0.0005593198990034321,0.0007422153747603456,0.004396060369795822,0.002421870457920314,-0.001977809310682546
42.663,0.0,0.00043211817969857573,-0.0005593198990034321,0.0007422153747603456,0.004396060369795822,0.002421870457920314,-0.001977809310682546
42.683,0.0,0.0003789082342498137,-0.000554214214048334,0.0007785210214480403,0.0044029757245727065,0.002846704331134972,-0.0015544473409710108
42.703,0.0,0.0003642428010315105,-0.0005432965972877065,0.0007568753424654424,0.0044156398700207055,0.0029877139283607927,-0.001696921450831383
42.723,0.0,0.0003650682822057613,-0.000560141161614619,0.0007129855245344849,0.004132494547004658,0.0030019703671860655,-0.0017067354533669048
42.743,0.0,0.0003538402490849454,-0.0005860531652024527,0.000689463696862295,0.003850895587546887,0.003016649316002168,-0.001716959963419942
42.763,0.0,0.0003538402490849454,-0.0005860531652024527,0.000689463696862295,0.003850895587546887,0.003016649316002168,-0.001716959963419942
42.783,0.0,0.0002638458630842049,-0.0006237292842397796,0.0007211126910633668,0.003980688895066334,0.0030123711946593097,-0.0014228593175608468
42.803,0.0,0.00032339745498074623,-0.0006159421294980576,0.0007235661134993598,0.004104194304895647,0.002437715123628722,-0.0017057799812222924
42.823,0.0,0.00020101883111958713,-0.0006204649861156637,0.0007115205052398508,0.0038309922524356757,0.003017634665669882,-0.001151832580868676
42.843,0.0,0.00021869108341289058,-0.0005785787484162032,0.0006981161110056442,0.003983650486183288,0.003154246563927346,-0.0012815097180478529
42.863,0.0,0.00021869108341289058,-0.0005785787484162032,0.0006981161110056442,0.003983650486183288,0.003154246563927346,-0.0012815097180478529
42.883,0.0,0.00024515638326005884,-0.0005948801160075732,0.0006946005073888504,0.003828617265078229,0.0028763915268103617,-0.0012927352180352864
42.903,0.0,0.00023338892029686861,-0.0005503154636572135,0.0007780217971680927,0.004434145787005797,0.003552397942630457,-0.0014140652558719258
42.923,0.0,0.00021869108341289058,-0.0005785787484162032,0.0006981161110056442,0.003983650486183288,0.003154246563927346,-0.0012815097180478529
42.943,0.0,0.00019065947403348657,-0.0006294252500500837,0.0007009187237351243,0.0038309922524356757,0.003017634665669882,-0.001151832580868676
42.963,0.0,0.00019065947403348657,-0.0006294252500500837,0.0007009187237351243,0.0038309922524356757,0.003017634665669882,-0.001151832580868676
42.983,0.0,0.00023536611906488288,-0.0006141950700915145,0.0006636148090323393,0.00382630807629183,0.0027352104385914705,-0.0014335947167578235
43.003,0.0,0.00025523487419570505,-0.0006022292717431148,0.000682131576411347,0.003966586810985036,0.0027299089992045334,-0.0014219319879912318
43.023,0.0,0.00028577038602658296,-0.0005618551719851035,0.0006790049736531365,0.004135629676150038,0.003143864789641797,-0.0015655813985003856
43.043,0.0,0.00023161259383353263,-0.000587479113494778,0.0006953748671327712,0.004137825930057988,0.003284985553236441,-0.001424774069330948
43.063,0.0,0.00023161259383353263,-0.000587479113494778,0.0006953748671327712,0.004137825930057988,0.003284985553236441,-0.001424774069330948
43.083,0.0,0.0003137923954084216,-0.0006020253895944895,0.0006571982020043329,0.003850895587546887,0.003016649316002168,-0.001716959963419942
43.103,0.0,0.00036161936704278753,-0.0006004028227788536,0.0007133365262036644,0.004130270191474221,0.002860732516936436,-0.0018475137807064685
43.123,0.0,0.00038173405372531814,-0.000581849412155678,0.000695920603702853,0.0041161399083149185,0.002578264820295735,-0.0018467009964229725
43.143,0.0,0.0003034700259386078,-0.0005632327262768065,0.0006704152913499132,0.004120687799850549,0.0028606774640678933,-0.0015649953494820794
43.163,0.0,0.0003034700259386078,-0.0005632327262768065,0.0006704152913499132,0.004120687799850549,0.0028606774640678933,-0.0015649953494820794
43.183,0.0,0.00033848670613094694,-0.0005681303878941685,0.0006916656806379351,0.004145193906822982,0.003143015121907649,-0.00184730092258936
43.203,0.0,0.00035393759291785264,-0.0005402327198869044,0.0007017451822236078,0.0041569286389838075,0.003284169118490616,-0.001988896519655445
43.223,0.0,0.00036237156535968886,-0.00055117341869392,0.0007121936261238706,0.0041569286389838075,0.003284169118490616,-0.001988896519655445
43.243,0.0,0.0003167181688746453,-0.0005389901413935538,0.0007638521380366774,0.0044298171123836735,0.003270190714487416,-0.0016958569913720935
43.263,0.0,0.0003167181688746453,-0.0005389901413935538,0.0007638521380366774,0.0044298171123836735,0.003270190714487416,-0.0016958569913720935
43.283,0.0,0.0003472657834828392,-0.0005512579965274412,0.0007688903155790745,0.004386321528415271,0.002422616736671337,-0.0016961681088526646
43.303,0.0,0.0004263853485034337,-0.0005420283351715675,0.0008273432671126877,0.00466382253304061,0.002124875846787205,-0.0019681299580949613
43.323,0.0,0.00042254426989928593,-0.0005818424372728079,0.0008270490872653734,0.00466382253304061,0.002124875846787205,-0.0019681299580949613
43.343,0.0,0.00040217838394782107,-0.0005928587431849208,0.0008195358511002255,0.00452405067775321,0.002129639644616082,-0.001979157695239767
43.363,0.0,0.00040217838394782107,-0.0005928587431849208,0.0008195358511002255,0.00452405067775321,0.002129639644616082,-0.001979157695239767
43.383,0.0,0.0003987070586058441,-0.000609820874203556,0.0008457304980859472,0.00466382253304061,0.002124875846787205,-0.0019681299580949613
43.403,0.0,0.000432370820104372,-0.0006493692844987938,0.0007964807724501585,0.00435230297401385,0.0015742209911044677,-0.0019768782049799623
43.423,0.0,0.00040055943178536976,-0.0006087000834519338,0.0008386042407220441,0.004622391617373319,0.001419481304974753,-0.0018252996872252785
43.443,0.0,0.0003419816232684123,-0.000629892008798508,0.0008104215578182114,0.004357144288428434,0.001857241096697699,-0.001695453583513018
43.463,0.0,0.0003419816232684123,-0.000629892008798508,0.0008104215578182114,0.004357144288428434,0.001857241096697699,-0.001695453583513018
43.483,0.0,0.00037558703193265935,-0.0006257028560018332,0.0008380669973559576,0.004610336791303946,0.0012787589396953865,-0.0016842615135993573
43.503,0.0,0.00039696003223396075,-0.0006623757821885839,0.0007513356669393369,0.004045870822367027,0.0013076815914257504,-0.0017043733725970282
43.523,0.0,0.0004141205697449582,-0.0006369966842959017,0.0007748641250099877,0.004354718288954598,0.0017157736878783195,-0.0018362093876294575
43.543,0.0,0.00037267135699823136,-0.0006306924780969022,0.0007161828275235536,0.004104194304895647,0.002437715123628722,-0.0017057799812222924
43.563,0.0,0.00037267135699823136,-0.0006306924780969022,0.0007161828275235536,0.004104194304895647,0.002437715123628722,-0.0017057799812222924
43.583,0.0,0.0004447987586097821,-0.000593929468767133,0.0006587944356801471,0.0037900268274455484,0.0017447085010078708,-0.0018562467578393837
43.603,0.0,0.000416055297329752,-0.0005909863608623483,0.0006372270188248346,0.0037900268274455484,0.0017447085010078708,-0.0018562467578393837
43.623,0.0,0.00037257828393392936,-0.0005384327125606781,0.0006705832249925491,0.004048207990903037,0.0014492236200812682,-0.0015636726365274337
43.643,0.0,0.0003945556522770529,-0.0005413862535352319,0.0006909449882816296,0.004060392073299776,0.001590100705483272,-0.0017047059096307693
43.663,0.0,0.0003945556522770529,-0.0005413862535352319,0.0006909449882816296,0.004060392073299776,0.001590100705483272,-0.0017047059096307693
43.683,0.0,0.0003727863614435761,-0.0005489862403223312,0.0006991349304260972,0.004062740378386442,0.0017315379224567898,-0.0015639402840463184
43.703,0.0,0.00041019910546615646,-0.0005454563184721408,0.0007656895756927364,0.004342632915520295,0.0015751018014624777,-0.0016951823925454082
43.723,0.0,0.00039821713807620577,-0.0005256436103257564,0.0007521494511419461,0.004372252221615414,0.0021399725946899765,-0.001695356282274033
43.743,0.0,0.00040163321831856996,-0.0004987753360330962,0.0007954233451340209,0.004665472353035545,0.002266565166199823,-0.0018266924212360525
43.763,0.0,0.00040163321831856996,-0.0004987753360330962,0.0007954233451340209,0.004665472353035545,0.002266565166199823,-0.0018266924212360525
43.783,0.0,0.00040251148423709333,-0.0005076448421903301,0.0007882210343816776,0.0046248082755689784,0.00156103374662671,-0.0016846295031578684
43.803,0.0,0.0003817537571022483,-0.0005076687766300754,0.0008237469117920524,0.0048657777957068805,0.0008405166357881317,-0.0015334155291753964
43.823,0.0,0.0002866556397666961,-0.0005011446628590725,0.000901340021593288,0.005152608993888697,0.0011086927864347477,-0.0012403890003977863
43.843,0.0,0.0002645931748475234,-0.0005022059570703551,0.000934030445007102,0.005435142882420792,0.0010943308395320122,-0.0012303508449766588
43.863,0.0,0.0002645931748475234,-0.0005022059570703551,0.000934030445007102,0.005435142882420792,0.0010943308395320122,-0.0012303508449766588
43.883,0.0,0.0002971908908545027,-0.0005493804490816787,0.0008574337989349525,0.0048844503721741555,0.001405506919861205,-0.0012506711326859894
43.903,0.0,0.0003848529092638381,-0.0005683949714405495,0.0008438151275222333,0.0048657777957068805,0.0008405166357881317,-0.0015334155291753964
43.923,0.0,0.00043921518888198656,-0.0006183302831848326,0.0007496188009716129,0.004311148538554634,0.0008687470411884278,-0.0018353424768288698
43.943,0.0,0.00046531445493507034,-0.0005963010676822311,0.0007694687862832485,0.004424741717804762,0.0002947051807640077,-0.00183635824651302
43.963,0.0,0.00046531445493507034,-0.0005963010676822311,0.0007694687862832485,0.004424741717804762,0.0002947051807640077,-0.00183635824651302
43.983,0.0,0.00041400926549906047,-0.0006044630670778734,0.0007489750911349699,0.0042861789561694326,0.0005871810762786818,-0.001552476771676756
44.003,0.0,0.0003925518651886026,-0.0005890673094542725,0.0007568076166424766,0.004414543742060611,0.0002950307036092288,-0.0015531950695517203
44.023,0.0,0.00033993176125583476,-0.0006281608132227267,0.0007653652895375446,0.004288884941165567,0.0007281373135777568,-0.0014110281465039085
44.043,0.0,0.0003372675885587313,-0.0006203041460591546,0.000828170845277117,0.004571763810265788,0.000713784290541065,-0.0014011308991539954
44.063,0.0,0.0003372675885587313,-0.0006203041460591546,0.000828170845277117,0.004571763810265788,0.000713784290541065,-0.0014011308991539954
44.083,0.0,0.00034091553017687756,-0.0006212641978817505,0.0008185124380537615,0.004583597391356899,0.0008553951597837437,-0.0015429071377843937
44.103,0.0,0.0003948947281129045,-0.0006333857422650042,0.0007380427876578358,0.004299118710330506,0.0007278510967793567,-0.0016943149584166958
44.123,0.0,0.0003603222140121826,-0.0006515344980352525,0.0007624022082020188,0.004340218038784073,0.0014335296166532443,-0.0018358733227260566
44.143,0.0,0.0002889741442177634,-0.0006170771551666774,0.0008223019740902152,0.004627235606583513,0.0017025008958865937,-0.0015438723271835398
44.163,0.0,0.0002889741442177634,-0.0006170771551666774,0.0008223019740902152,0.004627235606583513,0.0017025008958865937,-0.0015438723271835398
44.183,0.0,0.00031180035306304564,-0.000585122037614726,0.0009123398760245127,0.0051622556348521085,0.0011088658348434191,-0.0015230425271638944
44.203,0.0,0.00022175661188647674,-0.0005959722942780765,0.0009157270957468773,0.005181656526235642,0.0016733408523671427,-0.0012409769002846812
44.223,0.0,0.00033099792117356134,-0.0005392826197202644,0.0009694849300266415,0.0054284413111448685,0.0006698435565901299,-0.0016541497015270684
44.243,0.0,0.00028659738683219527,-0.0005628494583930585,0.0009105482528637063,0.005176642123471915,0.0013910591267871904,-0.0015232599824654188
44.263,0.0,0.00028659738683219527,-0.0005628494583930585,0.0009105482528637063,0.005176642123471915,0.0013910591267871904,-0.0015232599824654188
44.283,0.0,0.0003707049828036836,-0.0005236997733079542,0.0008798168957985166,0.005020686044353214,0.0009716768714552849,-0.0016754158026010006
44.303,0.0,0.0004449047740558033,-0.0005626567933793372,0.0008031299551726898,0.00460624409899127,0.0009952052337340422,-0.001966452640248434
44.323,0.0,0.00046092839973429643,-0.00047604237790071954,0.000847035690955382,0.004887531038914589,0.0009805286486978572,-0.0019560956234579143
44.343,0.0,0.00044912256543783256,-0.0004453454537684032,0.0009140549216007051,0.0053537614461135205,0.0016624980939954493,-0.0020893147952764494
44.363,0.0,0.00044912256543783256,-0.0004453454537684032,0.0009140549216007051,0.0053537614461135205,0.0016624980939954493,-0.0020893147952764494
44.383,0.0,0.0004068699312902822,-0.00034201708251333136,0.0010077507049847147,0.0060344636160398375,0.001346696713394815,-0.0017757738339307743
44.403,0.0,0.00040346066657816296,-0.00034655302292032426,0.0009293746617787701,0.0054840782133987135,0.0016578109806410363,-0.0017959744524718819
44.423,0.0,0.00033104568109102627,-0.00032942127047560073,0.0009028955411249103,0.005515041040901589,0.0023650196908033484,-0.0016553628435449982
44.443,0.0,0.00032954364261546384,-0.0003393921205982481,0.0009128115120722057,0.005515041040901589,0.0023650196908033484,-0.0016553628435449982
44.463,0.0,0.00032954364261546384,-0.0003393921205982481,0.0009128115120722057,0.005515041040901589,0.0023650196908033484,-0.0016553628435449982
44.483,0.0,0.00021376950523619603,-0.0003717769701040676,0.0009075155359466077,0.005382856341025761,0.002941127917889551,-0.001090152345879223
44.503,0.0,0.0002352338347376103,-0.00038706127206694776,0.0008718530646526212,0.005240159752439536,0.002803960122612037,-0.0012425057977347431
44.523,0.0,0.00016500844194592516,-0.00040082809304345943,0.0008762486110175447,0.005259354805494019,0.0033693064139441405,-0.0009610711040080335
44.543,0.0,0.00012727777248724295,-0.00038758983852633076,0.0009037714218451227,0.0052742796950337205,0.003651401636091414,-0.0009607815087097162
44.563,0.0,0.00012727777248724295,-0.00038758983852633076,0.0009037714218451227,0.0052742796950337205,0.003651401636091414,-0.0009607815087097162
44.583,0.0,5.647837976570397e-05,-0.0004436026115434564,0.0009119480135028928,0.005124473217361792,0.003803448210869917,-0.0005361206024487518
44.603,0.0,7.446351974105176e-05,-0.0004728025133516245,0.0008504540748293599,0.004827019542223967,0.0035350227870061786,-0.0005456054039596641
44.623,0.0,7.602793231727924e-05,-0.0005682974753376971,0.0007718744135411658,0.004287303585258878,0.0038463653052708954,-0.0008484580628997988
44.643,0.0,9.886873058249297e-05,-0.0005801191521163749,0.00078509636079523,0.004257658656269699,0.003281243205065391,-0.0008483066263363256
44.663,0.0,9.886873058249297e-05,-0.0005801191521163749,0.00078509636079523,0.004257658656269699,0.003281243205065391,-0.0008483066263363256
44.683,0.0,0.00014362112566931873,-0.0005710259654080653,0.0007841506095935727,0.004412524355712801,0.0034127606928075504,-0.0009912394474766223
44.703,0.0,0.00023001695530944214,-0.0005736070438947945,0.0007417700038371866,0.004277052122759533,0.0032798597475960445,-0.001412191745064024
44.723,0.0,0.0002804754543826311,-0.00061959429750714,0.0006747300110003697,0.0038524381466346264,0.003158080914315298,-0.0015754087067534604
44.743,0.0,0.0003163334972311695,-0.0006114240064351759,0.0006686368611176057,0.0038233454935916785,0.0025933122169996456,-0.0015747728024478845
44.763,0.0,0.0003163334972311695,-0.0006114240064351759,0.0006686368611176057,0.0038233454935916785,0.0025933122169996456,-0.0015747728024478845
44.783,0.0,0.000280606912678045,-0.0006106245145789551,0.0007114517155933097,0.004094529372476573,0.0024376258924169187,-0.001423182809502078
44.803,0.0,0.00033569593637542756,-0.0006157890125117629,0.000706989503484848,0.004062740378386442,0.0017315379224567898,-0.0015639402840463184
44.823,0.0,0.00042408129613965943,-0.0006149382892419548,0.0006906762043327682,0.004085074781073785,0.0018718966872296008,-0.0019881221962361963
44.843,0.0,0.0004039600278855361,-0.0005857340388254384,0.000732928626357961,0.004369863376558799,0.001998554932029424,-0.0018360322222857933
44.863,0.0,0.0004039600278855361,-0.0005857340388254384,0.000732928626357961,0.004369863376558799,0.001998554932029424,-0.0018360322222857933
44.883,0.0,0.00043813957803577483,-0.0005730649714157001,0.0006979783074631093,0.00422662968631811,0.0018619023025807386,-0.0019887537269211936
44.903,0.0,0.0004538990837077092,-0.000617826983508875,0.0006922748701960227,0.004085074781073785,0.0018718966872296008,-0.0019881221962361963
44.923,0.0,0.0004202294775363582,-0.00065167060622279,0.0006372928742406323,0.0037900268274455484,0.0017447085010078708,-0.0018562467578393837
44.943,0.0,0.00037964791956867435,-0.0006504194035323135,0.0007203947843987065,0.004045870822367027,0.0013076815914257504,-0.0017043733725970282
44.963,0.0,0.00037964791956867435,-0.0006504194035323135,0.0007203947843987065,0.004045870822367027,0.0013076815914257504,-0.0017043733725970282
44.983,0.0,0.0003732896992782267,-0.0006331889175541133,0.0007927062569831165,0.004354718288954598,0.0017157736878783195,-0.0018362093876294575
45.003,0.0,0.00035592367336355357,-0.0006522637612250957,0.0008088193111934695,0.004384000427899945,0.00228127561194197,-0.0018369807603441856
45.023,0.0,0.0004155991674089887,-0.0006460536900307827,0.0007674981444503884,0.004126329835184141,0.002577836401774599,-0.002129767171845462
45.043,0.0,0.00034052284340382183,-0.0006399380631081273,0.0007708748154806538,0.0041569286389838075,0.003284169118490616,-0.001988896519655445
45.063,0.0,0.00034052284340382183,-0.0006399380631081273,0.0007708748154806538,0.0041569286389838075,0.003284169118490616,-0.001988896519655445
45.083,0.0,0.00034590850012717575,-0.000618870330061509,0.0007339466789772487,0.0041161399083149185,0.002578264820295735,-0.0018467009964229725
45.103,0.0,0.00034388002944854714,-0.0006575933325907745,0.0007265135432153712,0.004074806440959996,0.001872154383217928,-0.0017049509684080027
45.123,0.0,0.0004005048246107335,-0.0006454587599342385,0.0007745859965397599,0.004340218038784073,0.0014335296166532443,-0.0018358733227260566
45.143,0.0,0.00039257732933357947,-0.0006057668213348634,0.0007814990487442899,0.004381659178798033,0.0021399238170901674,-0.001977670397897763
45.163,0.0,0.00039257732933357947,-0.0006057668213348634,0.0007814990487442899,0.004381659178798033,0.0021399238170901674,-0.001977670397897763
45.183,0.0,0.00044214014060290827,-0.0005627837341284014,0.0008292512441128821,0.004646973958471982,0.0017013113354715447,-0.002108559289577157
45.203,0.0,0.00045281306920920406,-0.0005517570022799155,0.0007539982943219034,0.004393728560950612,0.002280541373557082,-0.0021185886955688263
45.223,0.0,0.0005191195228475778,-0.000526468946999972,0.0007315841190962117,0.004348106730800705,0.001291656814295118,-0.0022597658112088917
45.243,0.0,0.0005074086707101542,-0.0005155226071764737,0.0007217987810734856,0.004335169837361853,0.001151143856211419,-0.0021179904773006085
45.263,0.0,0.0005074086707101542,-0.0005155226071764737,0.0007217987810734856,0.004335169837361853,0.001151143856211419,-0.0021179904773006085
45.283,0.0,0.0004528891006452475,-0.0005465504637998148,0.0006857880621638134,0.004041790501263996,0.0010242491825261943,-0.001986550889235483
45.303,0.0,0.0005219248081463758,-0.000532646638910579,0.0006419879473275778,0.004009842654293309,0.0003180772402245277,-0.002127232159448039
45.323,0.0,0.0005163124633244143,-0.0005516128400223069,0.0006524829098771574,0.0039977776729188015,0.00017716730885075074,-0.00198631449393448
45.343,0.0,0.00048745205535231755,-0.0005363528624011887,0.0006237420168558562,0.0037586255041853834,0.0010385170174672482,-0.001996396940922409
45.363,0.0,0.00048745205535231755,-0.0005363528624011887,0.0006237420168558562,0.0037586255041853834,0.0010385170174672482,-0.001996396940922409
45.383,0.0,0.00040704571865141694,-0.0005183396638766835,0.0006285938615340627,0.0037651156542684062,0.001463522257087306,-0.0015735269770545397
45.403,0.0,0.00035824600338624755,-0.0005259807776409952,0.0006611458513290945,0.004021879188120131,0.0010254444192367466,-0.0014217250639093101
45.423,0.0,0.000322776465288164,-0.0005866839908965213,0.0005921974685494878,0.003444816680052191,0.0009134149563731424,-0.0013005534496630677
45.443,0.0,0.0003199579979305229,-0.0006124275887956354,0.0005389002566605262,0.0031493083140683997,0.0007867092884301491,-0.0011692159629760114
45.463,0.0,0.0003199579979305229,-0.0006124275887956354,0.0005389002566605262,0.0031493083140683997,0.0007867092884301491,-0.0011692159629760114
45.483,0.0,0.000292375728019725,-0.0006241009249350795,0.0005799701312440139,0.003459415504835288,0.001195889794216334,-0.0013008337665983635
