sensor type:,aurora
timestamp (s),arclength (m),data
-0.077,0.466,0.007767413406480436,0.023274924435824167,0.46586565946863273,0.16238855086779194,-0.06858911921654384,0.011555984776799274
-0.057,0.466,0.007771132579318368,0.023202724551707708,0.4658327016930981,0.1624056041515527,-0.06845630509359359,0.011407148967377172
-0.037,0.466,0.007924256320750988,0.023110710140316085,0.4658001360522088,0.16181310399687654,-0.06884275337429147,0.01126522939733845
-0.017,0.466,0.0077278269220412395,0.023199248056036802,0.46582863546273834,0.16211335361838936,-0.06841772968368168,0.011678024269008932
0.003,0.466,0.007608833130948701,0.02329783537932588,0.4658423047838665,0.16212512145276775,-0.06812041641977491,0.011944975106501263
0.023,0.466,0.007608833130948701,0.02329783537932588,0.4658423047838665,0.16212512145276775,-0.06812041641977491,0.011944975106501263
0.043,0.466,0.007318107736560081,0.023275850666524846,0.4658833815156975,0.16223443041976687,-0.06685999209175736,0.011734166788372797
0.063,0.466,0.007289545494389289,0.023289289358864287,0.46587334452472356,0.16225108946271968,-0.06672673761628271,0.011584698548933736
0.083,0.466,0.007073828226986543,0.02324874739704723,0.46586528307272806,0.16200433717973048,-0.06612453458391176,0.011824206975583753
0.103,0.466,0.006942415284622659,0.023218843311640012,0.46585266651272356,0.1618904333900888,-0.0656799154898575,0.011933029948754696
0.123,0.466,0.006942415284622659,0.023218843311640012,0.46585266651272356,0.1618904333900888,-0.0656799154898575,0.011933029948754696
0.143,0.466,0.0067841212258448694,0.023229010426382753,0.4658694834621049,0.16204581984329697,-0.06539582946322998,0.012209408248438676
0.163,0.466,0.006960391599432357,0.023215361142397837,0.46585945556192754,0.16226398114429175,-0.0661141826599879,0.012401430507415922
0.183,0.466,0.0066508689558368765,0.02335279266506685,0.4659162691804583,0.16234528550834523,-0.06497004725337883,0.01262157190399194
0.203,0.466,0.006700228964006131,0.0235970867582606,0.46604981007542423,0.16343269841258065,-0.06547275501146749,0.012834305451233638
0.223,0.466,0.006700228964006131,0.0235970867582606,0.46604981007542423,0.16343269841258065,-0.06547275501146749,0.012834305451233638
0.243,0.466,0.00692334878344814,0.02367468284817596,0.466088431920232,0.16372377310137892,-0.06582640219220448,0.012014812865090844
0.263,0.466,0.007112201795302129,0.023629201309682168,0.46607621921127695,0.1638329089314496,-0.06641977702525102,0.011772291659330294
0.283,0.466,0.0074262002771824645,0.023726028193336263,0.46610277880279893,0.16416008189606876,-0.06757779994464458,0.011849769221076556
0.303,0.466,0.007380160867515537,0.023707302216840385,0.4660950241388125,0.16416623489620832,-0.06742851396250135,0.011983053907662085
0.323,0.466,0.007380160867515537,0.023707302216840385,0.4660950241388125,0.16416623489620832,-0.06742851396250135,0.011983053907662085
0.343,0.466,0.007577978505928429,0.02379557917513331,0.46615016670033754,0.16483829293702856,-0.06806603875359545,0.01176487678358041
0.363,0.466,0.007493451597153959,0.02381141612627533,0.4661586566167037,0.16501661175631474,-0.06765958404748729,0.011603232961620833
0.383,0.466,0.0073969594389554395,0.023764302868679355,0.46612305320865205,0.164791078774664,-0.06709145461605139,0.011278231067880586
0.403,0.466,0.0073413753342192484,0.023756081354691993,0.4661317084861686,0.16494121096952646,-0.06695531438598823,0.011421097021749115
0.423,0.466,0.0073413753342192484,0.023756081354691993,0.4661317084861686,0.16494121096952646,-0.06695531438598823,0.011421097021749115
0.443,0.466,0.007252939878832888,0.02371205150961891,0.46611666258538925,0.16496405109459417,-0.06667371561364537,0.011405712891247831
0.463,0.466,0.007001685709532991,0.023472207983068424,0.46594971442144634,0.16378589825392117,-0.06544453576306893,0.011285274975062059
0.483,0.466,0.0071021890376838665,0.023367093551486747,0.4659093143146485,0.16345790173126729,-0.06598632204498278,0.011304259450083133
0.503,0.466,0.006547500982576756,0.023414330478813007,0.4659163644667097,0.16357996703162508,-0.06411343171900355,0.01190988576236324
0.523,0.466,0.006547500982576756,0.023414330478813007,0.4659163644667097,0.16357996703162508,-0.06411343171900355,0.01190988576236324
0.543,0.466,0.006275982779090527,0.023517379065068057,0.4659714780933893,0.16420196440267665,-0.06329614763916563,0.012170371401343843
0.563,0.466,0.006244925233095511,0.02344456409246982,0.46589728073010933,0.16339036988764302,-0.06296383294192635,0.01183631662422245
0.583,0.466,0.006259528545389262,0.02333576994195793,0.46580561391521125,0.1628103012274167,-0.06305281261141084,0.011960895698441623
0.603,0.466,0.006112260444766794,0.02331636696962038,0.46578163136976347,0.16227583757436204,-0.06257756969773157,0.012054491416990578
0.623,0.466,0.006112260444766794,0.02331636696962038,0.46578163136976347,0.16227583757436204,-0.06257756969773157,0.012054491416990578
0.643,0.466,0.0062270262289162714,0.023342811066577342,0.4658129884399102,0.16235704304967422,-0.0631335405157705,0.012371087051948197
0.663,0.466,0.006179530035038351,0.02334407504423954,0.4657803352236111,0.16210950305359326,-0.06284639809645755,0.012061246778253966
0.683,0.466,0.006654640263524636,0.02333223290028205,0.46576957249923834,0.16195479263759205,-0.06466947078836939,0.01230277926407413
0.703,0.466,0.006658163408047142,0.023485440421194038,0.46588814809329315,0.1625457815374337,-0.06459733008174076,0.011895538673347446
0.723,0.466,0.006658163408047142,0.023485440421194038,0.46588814809329315,0.1625457815374337,-0.06459733008174076,0.011895538673347446
0.743,0.466,0.0067634649602252355,0.023477418934933457,0.4658785780667698,0.16236702106712564,-0.06500330494126966,0.012057175964990981
0.763,0.466,0.006867895196471408,0.023426151908278507,0.46583783041672683,0.16232104218484253,-0.06556681981985492,0.012088168191916418
0.783,0.466,0.007085792126097696,0.023353659716688124,0.465815688085053,0.16198772350184093,-0.06625772672674031,0.01197363429302321
0.803,0.466,0.007272918939222781,0.023445611638227865,0.46590161589681794,0.16249860785149267,-0.06701465393250396,0.011895027990639793
0.823,0.466,0.007272918939222781,0.023445611638227865,0.46590161589681794,0.16249860785149267,-0.06701465393250396,0.011895027990639793
0.843,0.466,0.007335039824733072,0.023613681443540042,0.4659769359739217,0.1630455527592449,-0.06719057665271105,0.012068290414703914
0.863,0.466,0.007427460203567956,0.023562445873646344,0.46597284947661943,0.1633146315860822,-0.06751179749529548,0.011813612960242945
0.883,0.466,0.007389351940656499,0.02365356499726873,0.46603071582668576,0.16360256925126662,-0.0673845258529059,0.01195894822693153
0.903,0.466,0.007522656022300969,0.02372115429617586,0.46606685202533354,0.1638551506531516,-0.06783786371106265,0.011853366576772701
0.923,0.466,0.007522656022300969,0.02372115429617586,0.46606685202533354,0.1638551506531516,-0.06783786371106265,0.011853366576772701
0.943,0.466,0.007523196726244238,0.023748916367357945,0.46610111832506307,0.1641538744550919,-0.06772713242258707,0.011716728824928272
0.963,0.466,0.007516246843801241,0.02367433404585971,0.46607349618136323,0.1641199243951488,-0.0679924830728654,0.01201415673755866
0.983,0.466,0.0073260954084715625,0.023725216977079595,0.46609800698060877,0.16445392887237512,-0.06730134539723524,0.012128450579635625
1.003,0.466,0.007613283823002126,0.023659780890752165,0.46608097679210103,0.16426892244250035,-0.06817134365165696,0.01160750764930929
1.023,0.466,0.007613283823002126,0.023659780890752165,0.46608097679210103,0.16426892244250035,-0.06817134365165696,0.01160750764930929
1.043,0.466,0.007604967992338512,0.023720986867046014,0.46609149179494985,0.1641306387606623,-0.0680083740646031,0.011731532215550957
1.063,0.466,0.007482795784796633,0.02361387026613668,0.46602740108363383,0.16388950632031143,-0.06757216392226606,0.011554548970567872
1.083,0.466,0.00742079076876619,0.023481158810281462,0.46592193675078397,0.1633488232491836,-0.06724634409543477,0.011514885153047055
1.103,0.466,0.007228020785156774,0.02335119839665128,0.46589491930733873,0.16280382630417184,-0.06675494892988351,0.01189156560562565
1.123,0.466,0.007228020785156774,0.02335119839665128,0.46589491930733873,0.16280382630417184,-0.06675494892988351,0.01189156560562565
1.143,0.466,0.007077352395267351,0.023291037953956227,0.4658456532806249,0.16228616121650866,-0.06614709712061995,0.011835814872057463
1.163,0.466,0.006881971508818678,0.023248099441618483,0.4658180509296631,0.1620398886944516,-0.06554459220687985,0.01207586649731424
1.183,0.466,0.00653318016604337,0.023156135474529146,0.46578757644055413,0.1618389185110404,-0.0643789518139469,0.012284765131759414
1.203,0.466,0.00691877984169611,0.023199150249602733,0.4657618024376554,0.16186219627762127,-0.0657972150580715,0.012364372570716483
1.223,0.466,0.00691877984169611,0.023199150249602733,0.4657618024376554,0.16186219627762127,-0.0657972150580715,0.012364372570716483
1.243,0.466,0.006676877282707954,0.023238919101778003,0.4657575335600654,0.16178150735281613,-0.0649262040408299,0.012597482120977204
1.263,0.466,0.006550463908377771,0.023270247790552704,0.4657877082966323,0.16181063335718568,-0.06449507738654345,0.012715384218751829
1.283,0.466,0.006713072518515974,0.023156810199761884,0.46575182036750995,0.16177584823179766,-0.06507561646810885,0.012464656635227035
1.303,0.466,0.00663753997472016,0.023141747887986626,0.4657356830927499,0.16179895772175054,-0.06479328678584709,0.012449026508533611
1.323,0.466,0.00663753997472016,0.023141747887986626,0.4657356830927499,0.16179895772175054,-0.06479328678584709,0.012449026508533611
1.343,0.466,0.006631997240776017,0.023239006969984544,0.4658269347401893,0.16220196196881959,-0.06495729546409675,0.012612857383069602
1.363,0.466,0.00667328833854966,0.023253486346384144,0.4658339730504866,0.16234528550834523,-0.06497004725337883,0.01262157190399194
1.383,0.466,0.006668012847054992,0.023236564341195257,0.4658663433062307,0.16276530152112886,-0.06500141339093925,0.012637168944427296
1.403,0.466,0.006912980505070432,0.02330671021597249,0.46584205474821355,0.1628507475286149,-0.06587627278240923,0.012410619345185331
1.423,0.466,0.006912980505070432,0.02330671021597249,0.46584205474821355,0.1628507475286149,-0.06587627278240923,0.012410619345185331
1.443,0.466,0.007245145367273355,0.023271153467111075,0.4658497105047877,0.1630068575990024,-0.06729080914431228,0.012782294874477513
1.463,0.466,0.00706199604992435,0.023186913034463928,0.46580379131544764,0.16252353556428456,-0.06641750238637033,0.01242864390118455
1.483,0.466,0.007208939971220862,0.02313518495126019,0.4658364144616873,0.16273086969241313,-0.06711964424536093,0.012903634412753908
1.503,0.466,0.007386415367936089,0.023201948282324327,0.46587285974277354,0.1629777288097118,-0.06772201261007707,0.012664398194014603
1.523,0.466,0.007386415367936089,0.023201948282324327,0.46587285974277354,0.1629777288097118,-0.06772201261007707,0.012664398194014603
1.543,0.466,0.007295428128932192,0.023386028298933496,0.4659579552037882,0.16356343173725407,-0.06748427015212696,0.012673307756369672
1.563,0.466,0.007175872610648251,0.023511284708771677,0.4660306994627034,0.16400065431032385,-0.06722163276431871,0.01296171541722351
1.583,0.466,0.007060324804828014,0.023466739004287012,0.46606444514288925,0.16416812006909923,-0.06679909617998842,0.013082325174787034
1.603,0.466,0.0071908641742066395,0.023477226267525197,0.4660426575332914,0.16415608064265844,-0.06709734734011571,0.012815439069973969
1.623,0.466,0.0071908641742066395,0.023477226267525197,0.4660426575332914,0.16415608064265844,-0.06709734734011571,0.012815439069973969
1.643,0.466,0.007255430015900436,0.023439364858136434,0.4659933555347479,0.16355256681367264,-0.06746768744600767,0.01295559240260039
1.663,0.466,0.007206382998120179,0.023315685209006013,0.46592109198199494,0.16330511759614325,-0.06718091103228828,0.012645218654036363
1.683,0.466,0.007326029719255076,0.023289625454761237,0.4658951010439817,0.16274694590361186,-0.06730179315707664,0.012204544902136098
1.703,0.466,0.0074704048172697796,0.023221710166103162,0.4658542488048236,0.1624362662536635,-0.06771027725739313,0.01207507738459321
1.723,0.466,0.0074704048172697796,0.023221710166103162,0.4658542488048236,0.1624362662536635,-0.06771027725739313,0.01207507738459321
1.743,0.466,0.007539782944058037,0.02326456432128809,0.46582887236193604,0.1624131485195295,-0.0679923665595815,0.012090667958576846
1.763,0.466,0.007252118930864997,0.023179831151706926,0.46578540708581284,0.16195316009303343,-0.06683790209740245,0.011721895250155077
1.783,0.466,0.006829775197741405,0.0231235034667036,0.465746479429785,0.1614483854205444,-0.065617191652605,0.012483463260018082
1.803,0.466,0.007075995499818536,0.023105964881115038,0.46572417783322917,0.1614069186568505,-0.06634614052987614,0.012098278794042834
1.823,0.466,0.007075995499818536,0.023105964881115038,0.46572417783322917,0.1614069186568505,-0.06634614052987614,0.012098278794042834
1.843,0.466,0.007299680077634828,0.02322460055548899,0.4657248192700696,0.16163683702320064,-0.06708115717765165,0.012007424675867247
1.863,0.466,0.007171042088893759,0.023262400746907823,0.4658078309691061,0.1619302666658492,-0.06680489149027961,0.01228631505030205
1.883,0.466,0.007186110833421951,0.023341952383930328,0.46586752005202714,0.1622291002926891,-0.06669381908946051,0.012149948627459474
1.903,0.466,0.006925690665182577,0.02343666187229193,0.465907363807906,0.16255237236192,-0.06598711137262969,0.012546750162494
1.923,0.466,0.006925690665182577,0.02343666187229193,0.465907363807906,0.16255237236192,-0.06598711137262969,0.012546750162494
1.943,0.466,0.006593012894483228,0.023560337205086893,0.4659693870908937,0.16291509558866432,-0.06486480500744789,0.012779698291924105
1.963,0.466,0.006421557759506347,0.023706739920448097,0.4660826119736898,0.16380566765350638,-0.06436797596572218,0.012785393644853427
1.983,0.466,0.006348626323785043,0.023710162104135298,0.46609213892659046,0.16356468215943226,-0.0639309623681197,0.012608013448713817
2.003,0.466,0.00666571787296842,0.023716604745782646,0.4660869658386519,0.16373676875812984,-0.0652132501164312,0.01283168149284634
2.023,0.466,0.00666571787296842,0.023716604745782646,0.4660869658386519,0.16373676875812984,-0.0652132501164312,0.01283168149284634
2.043,0.466,0.006889537565508157,0.02373336996030951,0.46607548653434666,0.16396662678498122,-0.06594781763161757,0.012741255398990707
2.063,0.466,0.006749392593251901,0.023737828563095774,0.4660820656553742,0.16427752779754504,-0.06553829169795178,0.012871156037544186
2.083,0.466,0.006740032544803915,0.02355244522401988,0.4659615538679694,0.16316751107226066,-0.0653185255835822,0.012673480977626486
2.103,0.466,0.00679318486691316,0.023511595769680448,0.46595576691322005,0.1625984613181612,-0.06542322581808963,0.012515651137272068
2.123,0.466,0.00679318486691316,0.023511595769680448,0.46595576691322005,0.1625984613181612,-0.06542322581808963,0.012515651137272068
2.143,0.466,0.006996460104553459,0.02339990872620533,0.46589827003711026,0.16252956400733715,-0.06626842422469369,0.012562031228897116
2.163,0.466,0.0070407727982375636,0.023397238163681094,0.46588760031127063,0.16252353556428456,-0.06641750238637033,0.01242864390118455
2.183,0.466,0.007267772940657698,0.02332674944177725,0.4658589966618929,0.16247084588084418,-0.06713065990790656,0.012325916115583306
2.203,0.466,0.007439736697350012,0.023350195679840084,0.46588039032404366,0.16214297366730424,-0.06767184211531548,0.012345227867974205
2.223,0.466,0.007439736697350012,0.023350195679840084,0.46588039032404366,0.16214297366730424,-0.06767184211531548,0.012345227867974205
2.243,0.466,0.007332343160173476,0.02336066504426022,0.46586558834274294,0.16228174173235357,-0.06751966264777823,0.012770196518562425
2.263,0.466,0.007257878727509004,0.02335811686303998,0.465859760942352,0.16214456677501674,-0.06735740527457659,0.012894892863377685
2.283,0.466,0.007357173812203341,0.023245711509808083,0.465833135402548,0.16185101836918006,-0.06763302597854669,0.012615091727327629
2.303,0.466,0.007406679002870444,0.023276309925793593,0.4658125679079101,0.16170587842892636,-0.06777424498421988,0.012479274514519984
2.323,0.466,0.007406679002870444,0.023276309925793593,0.4658125679079101,0.16170587842892636,-0.06777424498421988,0.012479274514519984
2.343,0.466,0.007378264864441917,0.02340897825970137,0.46592714000291036,0.1623968432684713,-0.06780941228695471,0.012788870508689171
2.363,0.466,0.007449389817662349,0.023369451645572602,0.4659054361576506,0.16251787837954929,-0.06810566838616128,0.01281323602086004
2.383,0.466,0.007473939217266056,0.02337724740539109,0.4659311458043141,0.16241928576608677,-0.06784300960527229,0.012223846414048988
2.403,0.466,0.00728670970563037,0.023370168293298386,0.4659040645299449,0.16221745394113796,-0.06699250553854419,0.01188278965733299
2.423,0.466,0.00728670970563037,0.023370168293298386,0.4659040645299449,0.16221745394113796,-0.06699250553854419,0.01188278965733299
2.443,0.466,0.007191605342230934,0.023344843393979697,0.4658403304932521,0.16227400911939185,-0.06644524000178847,0.011569297574435334
2.463,0.466,0.007250040784857159,0.02328209329396612,0.4658361425987903,0.1622853342136827,-0.06646230545532408,0.011286836718638876
2.483,0.466,0.007471055150834454,0.023270209390504403,0.46587476469721173,0.1622501732879821,-0.06704225660770181,0.011036054095052468
2.503,0.466,0.0073402882388887356,0.023329200643376596,0.465896383304457,0.1625722447825898,-0.06664924507630623,0.010883192326727466
2.523,0.466,0.0073402882388887356,0.023329200643376596,0.465896383304457,0.1625722447825898,-0.06664924507630623,0.010883192326727466
2.543,0.466,0.007111583578164324,0.023417094818051515,0.4659068665546711,0.16264745766627836,-0.06565459568497473,0.010969819769919086
2.563,0.466,0.0072315601804540264,0.02329664312568306,0.46583785352739193,0.16231882363804231,-0.06619686567997728,0.010989104126213508
2.583,0.466,0.006931177706688247,0.023116847640974755,0.4657524080168907,0.16168716112781673,-0.06514465633483296,0.011042805807591646
2.603,0.466,0.006906267488153598,0.02318855198017389,0.4657834160444093,0.16200301384730598,-0.06490160322618503,0.010757135196229723
2.623,0.466,0.006906267488153598,0.02318855198017389,0.4657834160444093,0.16200301384730598,-0.06490160322618503,0.010757135196229723
2.643,0.466,0.006599544813944445,0.02326513630904145,0.4658253523212767,0.16233230975176846,-0.06404542302031149,0.01128748595769381
2.663,0.466,0.0069007001671273095,0.023339319008553554,0.4659037430942846,0.16266476108126207,-0.06520769447690372,0.011370304569473957
2.683,0.466,0.0066427681878258385,0.02332071422169454,0.4658947555919989,0.162424835141857,-0.06445582932059304,0.011743303595957228
2.703,0.466,0.006523673963058389,0.023388722725250815,0.4658977734233917,0.16258565647654052,-0.06418317935651167,0.01173132006615864
2.723,0.466,0.006523673963058389,0.023388722725250815,0.4658977734233917,0.16258565647654052,-0.06418317935651167,0.01173132006615864
2.743,0.466,0.006162190624413283,0.023239393757180905,0.4658063729984387,0.16210327111900796,-0.0629953649701665,0.011927267471517167
2.763,0.466,0.006192192726277867,0.02340106562285936,0.46592809764805654,0.16279313246752078,-0.06318601135185603,0.012109812419335345
2.783,0.466,0.006369275545935977,0.02333776797499994,0.4659098495850401,0.16275783530396454,-0.06376545773288518,0.011858013545728425
2.803,0.466,0.006542554469140962,0.02336485898264746,0.4659494545577757,0.16300482035019354,-0.06436783313428644,0.011618997304350016
2.823,0.466,0.006542554469140962,0.02336485898264746,0.4659494545577757,0.16300482035019354,-0.06436783313428644,0.011618997304350016
2.843,0.466,0.006628972019055497,0.023519958553228006,0.4660315760683705,0.16328031611968497,-0.06453916297478304,0.011497372391139682
2.863,0.466,0.006722535141314422,0.02364040347815804,0.4660831719584284,0.16352244167840024,-0.06497546115776265,0.011673577059345835
2.883,0.466,0.006902168907936528,0.023644071153824654,0.4660698291513778,0.16347656263381308,-0.06553881480304728,0.011704480259781765
2.903,0.466,0.006837911736485477,0.02363773465331646,0.4660522372929511,0.16349918268980076,-0.06525791624343792,0.011689269867679423
2.923,0.466,0.006837911736485477,0.02363773465331646,0.4660522372929511,0.16349918268980076,-0.06525791624343792,0.011689269867679423
2.943,0.466,0.007151583938151322,0.02370010502448244,0.4661094982322214,0.16399887408271097,-0.06631249421199001,0.011344555701550086
2.963,0.466,0.0073107296479454666,0.023722106817208353,0.4661290334262667,0.16423421651990455,-0.066898064994984,0.011387017517120134
2.983,0.466,0.007574174831645813,0.023801600007587888,0.46616170917109584,0.1644581139117607,-0.06778261785044118,0.011163265875742635
3.003,0.466,0.00757523417860122,0.023638006735757392,0.46603179859819815,0.1636127893371132,-0.06771581861135242,0.011126256642322623
3.023,0.466,0.00757523417860122,0.023638006735757392,0.46603179859819815,0.1636127893371132,-0.06771581861135242,0.011126256642322623
3.043,0.466,0.007665811680408844,0.023701216316022778,0.4660353681461457,0.1635903562640471,-0.06799711926922598,0.011142026670025276
3.063,0.466,0.007509892560641557,0.02370785697662403,0.46601472329520716,0.16335395229669744,-0.06741274335555282,0.011099507750721748
3.083,0.466,0.00768408790822855,0.023660448019143132,0.46600346538605103,0.1632909657878353,-0.06810819506574853,0.01128001076716811
3.103,0.466,0.007848666007486611,0.02353839494177366,0.4659051571990016,0.16297422550173735,-0.06866564339855653,0.011015774483301016
3.123,0.466,0.007848666007486611,0.02353839494177366,0.4659051571990016,0.16297422550173735,-0.06866564339855653,0.011015774483301016
3.143,0.466,0.008056838738794198,0.02359494867521507,0.46593431668966284,0.16308270810214792,-0.06925947802092035,0.010773077803475903
3.163,0.466,0.007873975970041231,0.023470190733664516,0.4658861306621721,0.1626926999408178,-0.06864418599316778,0.011003194765846235
3.183,0.466,0.007818021396039298,0.023565826565080248,0.46592806142042736,0.16268155940803414,-0.06862773880236234,0.011286160824999487
3.203,0.466,0.007560280801907444,0.023548443960873355,0.4659209199488963,0.16245821783818887,-0.06774334447191147,0.011509851266206664
3.223,0.466,0.007560280801907444,0.023548443960873355,0.4659209199488963,0.16245821783818887,-0.06774334447191147,0.011509851266206664
3.243,0.466,0.007477439644221023,0.023552464673315853,0.4658821261992625,0.16248069641994622,-0.06746209184180993,0.01149404299823096
3.263,0.466,0.007411545708598542,0.023408201913878227,0.46582134822190446,0.16222198357487475,-0.06715770096743569,0.01146695245408077
3.283,0.466,0.007719155342911893,0.023446326685052137,0.4658701220932909,0.1627104427598001,-0.06819743938902052,0.011404105179248067
3.303,0.466,0.007590969988115359,0.023350005261086392,0.46584686255059204,0.16270539515023602,-0.06803087095782712,0.011819619066313927
3.323,0.466,0.007590969988115359,0.023350005261086392,0.46584686255059204,0.16270539515023602,-0.06803087095782712,0.011819619066313927
3.343,0.466,0.007502773859142462,0.023291847141044472,0.4658207902272508,0.16246446925429128,-0.06759395878919372,0.011643063745024631
3.363,0.466,0.007164694776459447,0.023342379487726966,0.46582894348043413,0.16284347636026691,-0.06634022780904889,0.01172675846044496
3.383,0.466,0.006678410749334281,0.023243613969673175,0.46577603722284433,0.1623728580758998,-0.06485459453462718,0.012190743989828168
3.403,0.466,0.006970713141668423,0.023360595367088212,0.46586371152223566,0.1631437694649302,-0.06591403097578621,0.012139670000750096
3.423,0.466,0.006970713141668423,0.023360595367088212,0.46586371152223566,0.1631437694649302,-0.06591403097578621,0.012139670000750096
3.443,0.466,0.006658677061110854,0.023161387916150696,0.4657788553786251,0.16268931688946828,-0.06461077884967159,0.01190487305426201
3.463,0.466,0.007093628947153145,0.023160467463721426,0.46576299803594107,0.1628501171842037,-0.0661904852004231,0.011860300476000436
3.483,0.466,0.006985972051909862,0.02314351226744927,0.4657685877332093,0.16313722629203578,-0.06606444842942837,0.012006738314414378
3.503,0.466,0.007273061475734674,0.02316931212840886,0.46582456796162164,0.16334366551194768,-0.06708078184567122,0.011931379319642044
3.523,0.466,0.007273061475734674,0.02316931212840886,0.46582456796162164,0.16334366551194768,-0.06708078184567122,0.011931379319642044
3.543,0.466,0.006704288356998232,0.02310996216121657,0.4657471893987085,0.1626212025528882,-0.06514221881740528,0.012500427970890961
3.563,0.466,0.00668790599567346,0.023209763492010146,0.46577238189763986,0.16266613965239465,-0.06489301746841648,0.011920602741853116
3.583,0.466,0.006674470818565434,0.023245328835337795,0.4658143663762507,0.1629368986568162,-0.06489790514954535,0.012215187511757016
3.603,0.466,0.0067461694770101265,0.023348135135194684,0.4658685153149448,0.16319568199412013,-0.06520148088150433,0.012242072849156746
3.623,0.466,0.0067461694770101265,0.023348135135194684,0.4658685153149448,0.16319568199412013,-0.06520148088150433,0.012242072849156746
3.643,0.466,0.0069465827839204405,0.02331190113122919,0.4658384570967805,0.1631604874942484,-0.06578170931812048,0.011991045907206751
3.663,0.466,0.006937557674777543,0.023282435636366207,0.4658020125329791,0.16259669998800663,-0.06573836416795262,0.011966451123653589
3.683,0.466,0.00688756796903073,0.023307224837793534,0.4657754857715703,0.162304220805089,-0.06569913712484866,0.012236840649695569
3.703,0.466,0.006499786577705239,0.023298658504682192,0.4658061884606606,0.16224823427313131,-0.06439289261577932,0.012581685233879139
3.723,0.466,0.006499786577705239,0.023298658504682192,0.4658061884606606,0.16224823427313131,-0.06439289261577932,0.012581685233879139
3.743,0.466,0.006404138043202268,0.023379050157543105,0.46584107003531083,0.1620233442941265,-0.06382403961655671,0.012255822657042647
3.763,0.466,0.006334509657108879,0.023406967732449557,0.4658243537063702,0.16190743028961951,-0.06353371027408339,0.01223779683177467
3.783,0.466,0.0068415708265351415,0.02347964258479825,0.46586170320344705,0.16265413651451868,-0.0651918029302681,0.011652907515534617
3.803,0.466,0.007057046612559723,0.023590075189644018,0.46591462905208575,0.16312030720372975,-0.06619680709075024,0.012155468429847474
3.823,0.466,0.007057046612559723,0.023590075189644018,0.46591462905208575,0.16312030720372975,-0.06619680709075024,0.012155468429847474
3.843,0.466,0.007081192157152122,0.02347551576475973,0.46590916497883916,0.1628501171842037,-0.0661904852004231,0.011860300476000436
3.863,0.466,0.007174878011738446,0.023465854828319886,0.4659068242814238,0.16280978936819418,-0.06660586744362494,0.012024878037649244
3.883,0.466,0.007540736965119636,0.02355098252829221,0.4659710358327467,0.16327517334282637,-0.06792577334772538,0.011978160441888508
3.903,0.466,0.00743943145705163,0.023555837752122933,0.46593135364778504,0.1630506873041995,-0.06735707656982098,0.0116526033049949
3.923,0.466,0.00743943145705163,0.023555837752122933,0.46593135364778504,0.1630506873041995,-0.06735707656982098,0.0116526033049949
3.943,0.466,0.007655202459696633,0.023634124097087292,0.4660277182099204,0.16372236981204882,-0.0679945933270493,0.011434621504336042
3.963,0.466,0.007956552500560961,0.02368806851037192,0.46603396451028467,0.16378557238439645,-0.06899683381746614,0.011349808620374883
3.983,0.466,0.00816856282653139,0.02367041852047626,0.4660192274893758,0.16371588494202105,-0.06984339517094816,0.011396751502071216
4.003,0.466,0.0080275933410596,0.02349026154415382,0.46594427617746015,0.1628999681133807,-0.06934579557391202,0.011478500558951681
4.023,0.466,0.0080275933410596,0.02349026154415382,0.46594427617746015,0.1628999681133807,-0.06934579557391202,0.011478500558951681
4.043,0.466,0.007729007553342139,0.02344201427526986,0.46590559245365193,0.1624119659491366,-0.06830755930044927,0.011541083171801114
4.063,0.466,0.007737973059281598,0.023343424237077637,0.46583881892506845,0.16189346581502229,-0.06801442039103851,0.01093648830544962
4.083,0.466,0.007882852070843232,0.023485172364586682,0.4658692962315031,0.16215754854106523,-0.06848368400773865,0.01054733940685977
4.103,0.466,0.007952253454726811,0.023416216259931653,0.46586206718274187,0.1618861980425997,-0.06847905252268295,0.010253477766701942
4.123,0.466,0.007952253454726811,0.023416216259931653,0.46586206718274187,0.1618861980425997,-0.06847905252268295,0.010253477766701942
4.143,0.466,0.007967921174779194,0.023476353966979245,0.4658778284985071,0.1618861980425997,-0.06847905252268295,0.010253477766701942
4.163,0.466,0.007959230301394655,0.02352697436424936,0.4659095508197558,0.16243224823811223,-0.06865538061207545,0.010426756805157079
4.183,0.466,0.007549233760782741,0.02345469147379482,0.4658751077140593,0.16195653308398603,-0.06731785995359406,0.010756816436508745
4.203,0.466,0.007359707746618214,0.023490987710526417,0.46588866255442846,0.16202544705397165,-0.06647289907923032,0.01071054678875793
4.223,0.466,0.007359707746618214,0.023490987710526417,0.46588866255442846,0.16202544705397165,-0.06647289907923032,0.01071054678875793
4.243,0.466,0.007176664264034067,0.023446791410319006,0.46587666282358664,0.16208893080505615,-0.06577604791823563,0.010529645716082692
4.263,0.466,0.00698314097132794,0.023637734310672846,0.4660210400706006,0.16325041613275418,-0.06528415228803458,0.010830114004383008
4.283,0.466,0.007014796152536582,0.023800120517894378,0.46609674128011824,0.16381379970704352,-0.06532872883952114,0.010853805377131666
4.303,0.466,0.006888860151214781,0.02387291954997448,0.46616223547070623,0.16440655328436465,-0.06494244473886121,0.010996414971766264
4.323,0.466,0.006888860151214781,0.02387291954997448,0.46616223547070623,0.16440655328436465,-0.06494244473886121,0.010996414971766264
4.343,0.466,0.007018607742656135,0.02382444730819052,0.4661487869619943,0.16431480254794345,-0.06575399882665703,0.011607662320068251
4.363,0.466,0.006900693993565773,0.02385637936720816,0.46617963741210694,0.16459237871858334,-0.0656105745933358,0.012036130308043513
4.383,0.466,0.006574273929993076,0.02378087554898715,0.4661182802990838,0.16439150387485296,-0.06444479086695504,0.012243713187850206
4.403,0.466,0.006770113559108413,0.02382242934814193,0.4661260238549275,0.16463828935000047,-0.06504719940946982,0.012005287002595975
4.423,0.466,0.006770113559108413,0.02382242934814193,0.4661260238549275,0.16463828935000047,-0.06504719940946982,0.012005287002595975
4.443,0.466,0.007175376561723935,0.02382960392670582,0.4661422235613342,0.1648330946095082,-0.06636175441250255,0.011662668489502242
4.463,0.466,0.007389850762242157,0.023793768212708042,0.46611901882007367,0.16477431205449938,-0.06722393773105402,0.01142683115387024
4.483,0.466,0.007374210051953638,0.023793758079390808,0.4661674753984053,0.16474616311785428,-0.06734010068177623,0.01185873656854443
4.503,0.466,0.007723146975930445,0.02381296041829391,0.46614223916833175,0.164710859144401,-0.06823468598404936,0.011057477005282751
4.523,0.466,0.007723146975930445,0.02381296041829391,0.46614223916833175,0.164710859144401,-0.06823468598404936,0.011057477005282751
4.543,0.466,0.007708073189390299,0.023664960197507405,0.46609226445206203,0.16427962126762316,-0.0681872923999416,0.01132489252387042
4.563,0.466,0.007430492169159205,0.023655807039749458,0.46606288014233094,0.16421125975678233,-0.06717974128746407,0.011402502974923914
4.583,0.466,0.007336130586587722,0.023592846732136553,0.4660359107169832,0.16398040551757642,-0.06676005220042727,0.01094336655401541
4.603,0.466,0.00740353621395921,0.023503298769258114,0.46602026780843764,0.16370961093746064,-0.06675452119561329,0.010648483739577901
4.623,0.466,0.00740353621395921,0.023503298769258114,0.46602026780843764,0.16370961093746064,-0.06675452119561329,0.010648483739577901
4.643,0.466,0.007330432322452095,0.023389189295341048,0.4659654791200589,0.16343417401907553,-0.06658297348771751,0.010771066337002623
4.663,0.466,0.007237484824528846,0.02329806695291292,0.46588541773506426,0.16288287339086296,-0.06624013373376561,0.011013481035277509
4.683,0.466,0.007178908117349695,0.023233538361859808,0.4658555302456043,0.16259002173004344,-0.06620242755030828,0.01128411544081219
4.703,0.466,0.007108146637827214,0.02328571982982821,0.46586876563685525,0.16291178150114116,-0.06580990557506894,0.011131455963643351
4.723,0.466,0.007108146637827214,0.02328571982982821,0.46586876563685525,0.16291178150114116,-0.06580990557506894,0.011131455963643351
4.743,0.466,0.007103435540128557,0.023291457072990192,0.46585127175126206,0.1629568818363714,-0.06556038347490038,0.010551018241778929
4.763,0.466,0.0066645362753950475,0.02316214700931667,0.4657767303125749,0.1624356109492793,-0.06447242189137199,0.011461309785337203
4.783,0.466,0.006629360263834525,0.023322662256977496,0.4658762225597635,0.1632695702741755,-0.06452256533497594,0.011779347490412114
4.803,0.466,0.006858019358527323,0.02325333437708848,0.46582817408376925,0.16288495778158343,-0.06561137053205834,0.012111786818670098
4.823,0.466,0.006858019358527323,0.02325333437708848,0.46582817408376925,0.16288495778158343,-0.06561137053205834,0.012111786818670098
4.843,0.466,0.006740536579966854,0.023348790374083286,0.4658846899566755,0.16327442249196464,-0.06468787015109673,0.011363990883516152
4.863,0.466,0.00649264177020424,0.023301922393680053,0.4658331185782487,0.1627520636124078,-0.0639147574162457,0.011725388108552458
4.883,0.466,0.006618869284388272,0.02357739337339211,0.4659911390109658,0.1637234503413272,-0.06428710568891544,0.011497111738001017
4.903,0.466,0.006858740221214882,0.02354396203041443,0.46599331532786314,0.16378065585510465,-0.06527938504494778,0.011701887019608786
4.923,0.466,0.006858740221214882,0.02354396203041443,0.46599331532786314,0.16378065585510465,-0.06527938504494778,0.011701887019608786
4.943,0.466,0.006827197389001773,0.02351383449859088,0.46598291012076887,0.16351667767651754,-0.06512418629075346,0.011540156957008496
4.963,0.466,0.006819099259911184,0.023464723830760613,0.4659432684304566,0.16347122896858896,-0.06537365730876653,0.012121168731517988
4.983,0.466,0.0068317364483291565,0.023359778784632943,0.4659199823041312,0.16287347361784754,-0.06559429861663313,0.012394507947241439
5.003,0.466,0.006917156614411051,0.02337401443258633,0.46593738236685,0.1628507475286149,-0.06587627278240923,0.012410619345185331
5.023,0.466,0.006917156614411051,0.02337401443258633,0.46593738236685,0.1628507475286149,-0.06587627278240923,0.012410619345185331
5.043,0.466,0.007164833985417122,0.02336577008681721,0.4659043180463374,0.16280978936819418,-0.06660586744362494,0.012024878037649244
5.063,0.466,0.007203199204078414,0.023451108279842578,0.4659685995487686,0.16340160635664328,-0.06653314931541159,0.011617513038306455
5.083,0.466,0.007175920293619636,0.023424999873055977,0.46597388056809347,0.163322170606847,-0.06704827767750306,0.012496381859069214
5.103,0.466,0.007260181220181465,0.023446387640554428,0.4660059853497968,0.1635978827503656,-0.06721874445543811,0.012374240709494999
5.123,0.466,0.007260181220181465,0.023446387640554428,0.4660059853497968,0.1635978827503656,-0.06721874445543811,0.012374240709494999
5.143,0.466,0.007470707207331029,0.023418061020753833,0.46599232405905194,0.16352929699861254,-0.06806384014085867,0.012421111962917975
5.163,0.466,0.007193649125265857,0.02342807731984545,0.46601516462451115,0.16374726001589707,-0.06708321913137333,0.012517139493720677
5.183,0.466,0.007207585858993044,0.0235125976452253,0.46608820490892255,0.16432767484195282,-0.06699478050882739,0.012392518027146388
5.203,0.466,0.007269433681064125,0.02360872142593149,0.46611777017619993,0.16445997501288226,-0.06715216005913903,0.01226171738662477
5.223,0.466,0.007269433681064125,0.02360872142593149,0.46611777017619993,0.16445997501288226,-0.06715216005913903,0.01226171738662477
5.243,0.466,0.0075401426188919495,0.02366782161200603,0.4661723292814884,0.16468375713881583,-0.06803586972589779,0.012038715888913441
5.263,0.466,0.007678853416579583,0.023811243190553152,0.46623592149696225,0.16520136952766315,-0.06864341860636677,0.012093245647700673
5.283,0.466,0.007743530308344099,0.023708458125873872,0.4661647620421062,0.16462032140873187,-0.06873228999325401,0.012217996205309627
5.303,0.466,0.007695610982295766,0.023692514354932175,0.46612700393866624,0.1642343515260599,-0.06843647286413825,0.011905589457544193
5.323,0.466,0.007738209071937282,0.02367805619943204,0.4661457593138088,0.16413649888452153,-0.06817411082212199,0.011316218509463547
5.343,0.466,0.007738209071937282,0.02367805619943204,0.4661457593138088,0.16413649888452153,-0.06817411082212199,0.011316218509463547
5.363,0.466,0.008071987360549655,0.023790417912425515,0.4661873004895651,0.16462942907362504,-0.06937908279676717,0.010836808458269658
5.383,0.466,0.00786912706639025,0.023798029921386122,0.4662029554461042,0.1646986858591355,-0.06853338013169019,0.01079025051039287
5.403,0.466,0.008009454495145492,0.023789262065015346,0.46616364532151305,0.16453141563943055,-0.06895557821207646,0.010669638676348275
5.423,0.466,0.007719986041448934,0.02375323987348689,0.4661373079042383,0.16430767822306175,-0.06807093591910457,0.010893197313737136
5.443,0.466,0.007719986041448934,0.02375323987348689,0.4661373079042383,0.16430767822306175,-0.06807093591910457,0.010893197313737136
5.463,0.466,0.007607544807096705,0.023795685300996607,0.4661759244531427,0.16450270972366943,-0.06753310257904997,0.010582584428822227
5.483,0.466,0.007572869169914934,0.023785133772672974,0.46615771729794314,0.1645090301925135,-0.067384663047042,0.010716289336778302
5.503,0.466,0.007568789092242136,0.023655339211456655,0.4660804816849218,0.16397352935341472,-0.0672237654343301,0.010260094855279924
5.523,0.466,0.007227136506691085,0.023721305665495792,0.4661054702599168,0.16430856498742527,-0.06621851396097676,0.010925043526240815
5.543,0.466,0.007227136506691085,0.023721305665495792,0.4661054702599168,0.16430856498742527,-0.06621851396097676,0.010925043526240815
5.563,0.466,0.007249949333015704,0.023743296370007168,0.4660792785448105,0.1642571433988243,-0.06661658433902999,0.011371659581648293
5.583,0.466,0.007117656973730515,0.023550288599270226,0.466001121720589,0.16340703086047545,-0.06638367455376089,0.011751403399210941
5.603,0.466,0.007007434293095925,0.02336440609638124,0.46589422870731795,0.16257391018580086,-0.06601951760885008,0.01198173655321185
5.623,0.466,0.006861195204291596,0.02338180186145338,0.4658632620113538,0.16258593124086598,-0.0657216117141268,0.012248431560301016
5.643,0.466,0.006861195204291596,0.02338180186145338,0.4658632620113538,0.16258593124086598,-0.0657216117141268,0.012248431560301016
5.663,0.466,0.006369866124052526,0.023226854494994422,0.46580021267804844,0.16200611093172834,-0.0639574345635164,0.012404966196565108
5.683,0.466,0.006205030946237303,0.023188591945249713,0.4657710938581266,0.16174278413501286,-0.0634872558994894,0.01279405829826562
5.703,0.466,0.0062349313377829925,0.023164437041712563,0.4657328412707758,0.16157030602723382,-0.0637437202079889,0.01308813983304695
5.723,0.466,0.006242245135500909,0.02313718304013959,0.4657404318575611,0.16144398034363455,-0.06359786879769411,0.012930385533861723
5.743,0.466,0.006242245135500909,0.02313718304013959,0.4657404318575611,0.16144398034363455,-0.06359786879769411,0.012930385533861723
5.763,0.466,0.00612873853651444,0.023146482043388227,0.4657384923148266,0.16162719708520196,-0.06319675227151215,0.012774751577556932
5.783,0.466,0.0063252836994779444,0.023184595477196646,0.46575303914524,0.1615921180351504,-0.06377690683742036,0.012523405228798164
5.803,0.466,0.006152324246540317,0.02300938977671732,0.46567758505396367,0.16119649266239602,-0.06331042242077763,0.012620334222654999
5.823,0.466,0.0061828644218571895,0.023170646792285133,0.46578090526590943,0.16190304319672766,-0.06336791783336866,0.012654009769823255
5.843,0.466,0.0061828644218571895,0.023170646792285133,0.46578090526590943,0.16190304319672766,-0.06336791783336866,0.012654009769823255
5.863,0.466,0.0061482439599937246,0.02331490886159077,0.46584682758893436,0.16245571727246844,-0.0633953885631122,0.012960553103200984
5.883,0.466,0.00620901969311126,0.02327226797014471,0.465832779667152,0.16248331637317226,-0.06327929802668689,0.01252874630098203
5.903,0.466,0.006500232263893335,0.023338594842963772,0.46589602273056113,0.16269006815619383,-0.06429702230232687,0.012454186187287235
5.923,0.466,0.006963763497791577,0.02326574289781854,0.4658841776751044,0.16259669998800663,-0.06573836416795262,0.011966451123653589
5.943,0.466,0.006963763497791577,0.02326574289781854,0.4658841776751044,0.16259669998800663,-0.06573836416795262,0.011966451123653589
5.963,0.466,0.006832396923446895,0.023234962976834576,0.4658704735900757,0.16264278882374691,-0.065174619669777,0.011935418600953344
5.983,0.466,0.0066422468613649924,0.02319726758670401,0.46583666745215313,0.16228136714051167,-0.06444316923190094,0.011734770954254693
6.003,0.466,0.006824619900812743,0.02321180190251886,0.46585726053658655,0.1625279652184269,-0.06504453421736892,0.011494416986060099
6.023,0.466,0.006751040571696905,0.02321096763130063,0.4658702428907494,0.16239578713879874,-0.06488670503735959,0.011625474209886617
6.043,0.466,0.006751040571696905,0.02321096763130063,0.4658702428907494,0.16239578713879874,-0.06488670503735959,0.011625474209886617
6.063,0.466,0.007187258846764962,0.023373921505804807,0.465968031452231,0.16302697189099596,-0.06610022515412296,0.01114917480635458
6.083,0.466,0.0074132120915381535,0.02328526681865622,0.46595027060837985,0.16280282771184976,-0.06706957951519706,0.011341865413769846
6.103,0.466,0.007520248367486196,0.023333128902590546,0.4659801449731327,0.1630613801416381,-0.06737284438392022,0.011369961585337563
6.123,0.466,0.007487430863302764,0.023342419567626616,0.465960426479326,0.1630675350745478,-0.06722361395546032,0.011503085966461948
6.143,0.466,0.007487430863302764,0.023342419567626616,0.465960426479326,0.1630675350745478,-0.06722361395546032,0.011503085966461948
6.163,0.466,0.007572228269055524,0.02328444310413575,0.46594993823417247,0.1627905166402736,-0.06736811198669415,0.011075723894201925
6.183,0.466,0.007317124788430083,0.02338183451222363,0.46595215972005877,0.16314149566714775,-0.06654425763890832,0.011040606500649025
6.203,0.466,0.007329881700817303,0.02349259635745791,0.46599762775925985,0.16343417401907553,-0.06658297348771751,0.010771066337002623
6.223,0.466,0.007456982685473895,0.023496279551917125,0.466015324268525,0.16365268512802272,-0.06730142898382765,0.010962155137445346
6.243,0.466,0.007456982685473895,0.023496279551917125,0.466015324268525,0.16365268512802272,-0.06730142898382765,0.010962155137445346
6.263,0.466,0.007413481131349174,0.023489086702592633,0.4659982453560842,0.16332582698860393,-0.06752818667955082,0.01153040126811353
6.283,0.466,0.007566855466396322,0.023467754344772794,0.46596250036799114,0.16341278554538144,-0.06808867099577624,0.011853206832508675
6.303,0.466,0.007415121192690555,0.023493051661919936,0.46596172443354134,0.16358562481958516,-0.06751720698307632,0.012107708064256024
6.323,0.466,0.0070797952927904246,0.02344359641997138,0.46596025028612353,0.16340232424420242,-0.0662188657794334,0.01216754920370181
6.343,0.466,0.0070797952927904246,0.02344359641997138,0.46596025028612353,0.16340232424420242,-0.0662188657794334,0.01216754920370181
6.363,0.466,0.007083304207976139,0.023409338307777125,0.4659089384036411,0.16313163950500792,-0.06621312320617159,0.011871999516616778
6.383,0.466,0.007221916866908951,0.0233789043627866,0.4658524818763644,0.16280382630417184,-0.06675494892988351,0.01189156560562565
6.403,0.466,0.007093956290288762,0.023479715150953585,0.4659189100569176,0.16309137845607188,-0.06662731022233848,0.012037524389359832
6.423,0.466,0.007304457764084657,0.023606659437898015,0.466018393477905,0.16372902202568704,-0.06753094993156299,0.012117141017467982
6.443,0.466,0.007304457764084657,0.023606659437898015,0.466018393477905,0.16372902202568704,-0.06753094993156299,0.012117141017467982
6.463,0.466,0.007307991609045143,0.023596623093798563,0.46601302187356825,0.16399988665225734,-0.06753630052561117,0.012411344583294551
6.483,0.466,0.007452899551964028,0.0235630808540677,0.466027994920507,0.16405333721376486,-0.0682071381193306,0.013159389716149978
6.503,0.466,0.00749390209499642,0.023566352018793174,0.46601631277844935,0.1642136203208023,-0.0680881832739762,0.013020001941499229
6.523,0.466,0.007291944216330568,0.023560578699191318,0.46602061856556276,0.16401826730490163,-0.06708938853947566,0.012812196848381762
6.543,0.466,0.007291944216330568,0.023560578699191318,0.46602061856556276,0.16401826730490163,-0.06708938853947566,0.012812196848381762
6.563,0.466,0.007401547912472188,0.023419152918321366,0.4659335975336727,0.16328213004955308,-0.067462807442775,0.012660697230856617
6.583,0.466,0.007493247650876074,0.023430993897877117,0.46590884410662003,0.1630054620529969,-0.06760511617180442,0.01223264560834713
6.603,0.466,0.007353165479695401,0.023371414652582363,0.4658839513194147,0.1630285664797167,-0.06732322911652407,0.012217163896783326
6.623,0.466,0.007082911697764548,0.023410884370092852,0.4659289007364402,0.16313163950500792,-0.06621312320617159,0.011871999516616778
6.643,0.466,0.007082911697764548,0.023410884370092852,0.4659289007364402,0.16313163950500792,-0.06621312320617159,0.011871999516616778
6.663,0.466,0.006748665476257517,0.02330188848236089,0.46588018377327517,0.16291949892383234,-0.06503075345808013,0.012363527573942865
6.683,0.466,0.006260935282336313,0.023196065430818473,0.4657686154879527,0.16204765886867334,-0.06322805286915882,0.012790253953134162
6.703,0.466,0.006541064372963401,0.02324583273311716,0.46575586601466873,0.16185689666038333,-0.06393175984857632,0.01268508891768333
6.723,0.466,0.006308865433820093,0.02330831204865011,0.4658097886653512,0.1619488247087184,-0.06280479930072796,0.012623277704267586
6.743,0.466,0.006308865433820093,0.02330831204865011,0.4658097886653512,0.1619488247087184,-0.06280479930072796,0.012623277704267586
6.763,0.466,0.006564451920702058,0.023234979730633966,0.46576630317231127,0.16179254426640188,-0.06340399388755354,0.01179677845584745
6.783,0.466,0.006778295328235786,0.023203142920052645,0.4657746780563638,0.16175190814030482,-0.06413343446710883,0.011411813506396981
6.803,0.466,0.00676059184724037,0.02337733245621932,0.46585852311214526,0.1622666235276518,-0.06367126917515707,0.010272907407657409
6.823,0.466,0.006932388116246116,0.023407969670649904,0.46590874060010923,0.16277868381040764,-0.0644282471747937,0.010194370621295589
6.843,0.466,0.006932388116246116,0.023407969670649904,0.46590874060010923,0.16277868381040764,-0.0644282471747937,0.010194370621295589
6.863,0.466,0.0069192686107588065,0.023550837026460186,0.4659785094206894,0.16293923066833385,-0.06415498232406816,0.010181807438282151
6.883,0.466,0.0069899139506445305,0.023558225403906223,0.4659807937864987,0.16303197230349412,-0.06456595174513097,0.010637748265594809
6.903,0.466,0.007382865151264616,0.023472675245942678,0.4659062033158379,0.16264066382921002,-0.06580437599874081,0.010836394633436025
6.923,0.466,0.007730486772933935,0.023444145668945173,0.4659185785921766,0.16287545319786756,-0.06670519331906247,0.010330668852083924
6.943,0.466,0.007730486772933935,0.023444145668945173,0.4659185785921766,0.16287545319786756,-0.06670519331906247,0.010330668852083924
6.963,0.466,0.007829894349441317,0.023346953138701013,0.4658321008521081,0.16223836713011755,-0.06734037387539245,0.010768465031729239
6.983,0.466,0.008359991172275325,0.023332470957105316,0.4658462399474289,0.16242572873178335,-0.06911941554780811,0.009743381957037032
7.003,0.466,0.008271938310589332,0.023450017978787742,0.46593271439988243,0.1627517077268055,-0.06889235002296859,0.009175329857394747
7.023,0.466,0.008168526897735047,0.023458504654293052,0.46592347367323456,0.16277511508530257,-0.06861070164836462,0.00916044510621068
7.043,0.466,0.008168526897735047,0.023458504654293052,0.46592347367323456,0.16277511508530257,-0.06861070164836462,0.00916044510621068
7.063,0.466,0.0078034694104146644,0.02351339875158981,0.4659840713487399,0.16323135852422638,-0.06774692198094534,0.009975838016650723
7.083,0.466,0.007789199694549261,0.023630674718953373,0.4660547670863256,0.16360647089238398,-0.06786523976449271,0.010993217964729409
7.103,0.466,0.007608268182192519,0.0237143225737852,0.4660755105737119,0.16391253170879866,-0.06729029318516497,0.011539023706183591
7.123,0.466,0.007877421080459003,0.023652905152344587,0.46605894990713104,0.16370544775454005,-0.06812735538646199,0.011583295831417994
7.143,0.466,0.007877421080459003,0.023652905152344587,0.46605894990713104,0.16370544775454005,-0.06812735538646199,0.011583295831417994
7.163,0.466,0.008079889142520287,0.023748370113710175,0.4661181402536794,0.1640836507629471,-0.06888661179377588,0.011212870992264668
7.183,0.466,0.008284900034059937,0.023827203436791383,0.46612576419449503,0.16402585533813976,-0.06974872917743578,0.010976989241304056
7.203,0.466,0.008068595179255064,0.02383820590355455,0.46616291314252783,0.16438173279535534,-0.06909053286662914,0.01052668512056118
7.223,0.466,0.007774872819515208,0.02380042416232678,0.46612912694799763,0.16403079405486087,-0.06821483208860395,0.010465361053745367
7.243,0.466,0.007774872819515208,0.02380042416232678,0.46612912694799763,0.16403079405486087,-0.06821483208860395,0.010465361053745367
7.263,0.466,0.007297952502098006,0.023791492281922916,0.4661117410120882,0.16421733181566475,-0.06703058714483898,0.01153570411423021
7.283,0.466,0.007096580675413754,0.023959290972927736,0.46620477719380987,0.1650923605059087,-0.06635097287121343,0.012240211661078646
7.303,0.466,0.007168375832617371,0.023742559031619904,0.4660883715763053,0.16420204073493713,-0.06653412148952396,0.012784615282765399
7.323,0.466,0.007348966618847497,0.023657596017924245,0.46603066086729716,0.16372485538413348,-0.06705046476593016,0.01308315398414137
7.343,0.466,0.007348966618847497,0.023657596017924245,0.46603066086729716,0.16372485538413348,-0.06705046476593016,0.01308315398414137
7.363,0.466,0.007658726159312902,0.023490890193742633,0.46590092380854514,0.1633627094651077,-0.06817189177818256,0.012849722696649966
7.383,0.466,0.00787501029249611,0.023562421215654095,0.46593846164841,0.16347096698137126,-0.06892590724858981,0.01218552699638533
7.403,0.466,0.007810418785679467,0.023569371269348993,0.4659609195748986,0.16336075228192518,-0.06880125491035438,0.011750760105896763
7.423,0.466,0.007562510817497326,0.023603404868104846,0.4659909189994817,0.16357914452060754,-0.06798074538713522,0.011425108107732895
7.443,0.466,0.007562510817497326,0.023603404868104846,0.4659909189994817,0.16357914452060754,-0.06798074538713522,0.011425108107732895
7.463,0.466,0.007107997005555697,0.023694546600142818,0.4660473356200801,0.16397079023971947,-0.06642764574389581,0.011775455376157365
7.483,0.466,0.006689256296034963,0.023786752365270118,0.46612156644200425,0.1644948714528265,-0.06487259618466325,0.012417413169218376
7.503,0.466,0.006852132261012714,0.023743161082562244,0.4660971440126618,0.16428924338563236,-0.06524081627178818,0.013138336176637382
7.523,0.466,0.007006436712715049,0.02370739792860844,0.4660315209369969,0.16395050118701143,-0.06576581740716651,0.013439733111147606
7.543,0.466,0.007006436712715049,0.02370739792860844,0.4660315209369969,0.16395050118701143,-0.06576581740716651,0.013439733111147606
7.563,0.466,0.007255423647206046,0.0237198627468963,0.4660253876754039,0.16389235706260222,-0.06662803849230191,0.01320378675150132
7.583,0.466,0.007196922199540554,0.023603754226528155,0.46595172051492095,0.1634190991676186,-0.06608642336106225,0.012018826796395666
7.603,0.466,0.007073911741134028,0.023606468530525768,0.4659470549172199,0.16293442127772576,-0.0655280348577316,0.011115407574463517
7.623,0.466,0.006731689541656256,0.023489300116895533,0.46588847509417586,0.1627557437930921,-0.06439538631604563,0.010759070746947364
7.643,0.466,0.006731689541656256,0.023489300116895533,0.46588847509417586,0.1627557437930921,-0.06439538631604563,0.010759070746947364
7.663,0.466,0.006532248431437711,0.023487144005088247,0.465908902698465,0.1629188152394172,-0.06380756245442096,0.0112961262318667
7.683,0.466,0.006241873667616028,0.02359441325848971,0.46599144385675134,0.16367832158564233,-0.0628373921355774,0.011981856591755099
7.703,0.466,0.006466144234418604,0.023624552669365317,0.46597567936179296,0.1635933745065227,-0.06350078525162288,0.012726277230335856
7.723,0.466,0.006773566462997194,0.02353858012747513,0.46593320179126707,0.1632254933491766,-0.06445655299318023,0.012909439169331342
7.743,0.466,0.006773566462997194,0.02353858012747513,0.46593320179126707,0.1632254933491766,-0.06445655299318023,0.012909439169331342
7.763,0.466,0.007188225017950485,0.023572078037051285,0.4659051790029957,0.16316641800884873,-0.06563283686352876,0.012124407508248105
7.783,0.466,0.007577694213296072,0.023352470929603367,0.46580351282720733,0.1622730728053943,-0.06675982519685661,0.011019765659379708
7.803,0.466,0.007672365682004575,0.023310668312476357,0.4657811425589189,0.1620017321874737,-0.06706891582480322,0.010175715901091223
7.823,0.466,0.007273366956706442,0.02345249715289655,0.46588353783564734,0.16265679740934477,-0.06598707667721936,0.01013851314187325
7.843,0.466,0.007273366956706442,0.02345249715289655,0.46588353783564734,0.16265679740934477,-0.06598707667721936,0.01013851314187325
7.863,0.466,0.006756792229828556,0.023604873443404756,0.4659708001622265,0.16358435959487147,-0.064594109044923,0.010944459273502408
7.883,0.466,0.006357688701545077,0.02377651088003622,0.4660905250709417,0.16451730854089164,-0.06305241770947648,0.011884309570524162
7.903,0.466,0.006177479664173818,0.023820832736065962,0.46614585702431005,0.16482915815151414,-0.06232769297576242,0.012564095430844434
7.923,0.466,0.006587527771080023,0.023670277453331428,0.46599989538447556,0.1641226413645073,-0.0638095387159523,0.013048894700880621
7.943,0.466,0.006587527771080023,0.023670277453331428,0.46599989538447556,0.1641226413645073,-0.0638095387159523,0.013048894700880621
7.963,0.466,0.00702196619181271,0.023441311976678002,0.46590874460341536,0.1632016667682777,-0.06505267415925782,0.012375565161461998
7.983,0.466,0.007456259592108137,0.023406202153249327,0.4658464640987,0.16282070075953478,-0.06662244437546726,0.011742914797331772
8.003,0.466,0.007330178271348737,0.023327392387878367,0.46580557053215954,0.16231337117744016,-0.06634637341907693,0.01085532368894531
8.023,0.466,0.0069744744834273655,0.023528721013731355,0.4659356748901598,0.16321646707172388,-0.06554989651420136,0.011127408708116173
8.043,0.466,0.0069744744834273655,0.023528721013731355,0.4659356748901598,0.16321646707172388,-0.06554989651420136,0.011127408708116173
8.063,0.466,0.006334868547027201,0.023676320868980152,0.46601930095072297,0.1638097292299956,-0.0633102536084028,0.011301539814800237
8.083,0.466,0.006104851157358623,0.023695640048051476,0.4660294945193526,0.16400010961986744,-0.06244488332960408,0.011829666938834891
8.103,0.466,0.006482214480615666,0.023702143197339494,0.46607707647362373,0.1641502377277515,-0.06369336991185971,0.012616983238125132
8.123,0.466,0.006908568781490894,0.023680266601390554,0.4660592984126148,0.16400755372443707,-0.065218723323029,0.01312627163408281
8.143,0.466,0.006908568781490894,0.023680266601390554,0.4660592984126148,0.16400755372443707,-0.065218723323029,0.01312627163408281
8.163,0.466,0.007601061736733152,0.023521232720549557,0.46598658542084326,0.16324830733393092,-0.06772692074560567,0.012959310139549342
8.183,0.466,0.007895774534088407,0.023546487418899198,0.4659660346442006,0.16294180317053172,-0.06861655263798075,0.01186310048995584
8.203,0.466,0.007969108318067842,0.02351499278433833,0.46598782071824674,0.16296846941445203,-0.06881571210959431,0.010882267998188455
8.223,0.466,0.007467136454220374,0.023545404687239493,0.46602638368409904,0.16336458769851162,-0.06742868953080651,0.010817073359242292
8.243,0.466,0.007467136454220374,0.023545404687239493,0.46602638368409904,0.16336458769851162,-0.06742868953080651,0.010817073359242292
8.263,0.466,0.007493483775433375,0.023796591488359713,0.4662012406135595,0.16506637909630592,-0.06757657713946869,0.010607179267597022
8.283,0.466,0.007277755939562537,0.023726571683292775,0.46614714157916415,0.1648147396671694,-0.06680918749515381,0.011263126479775287
8.303,0.466,0.007537641292651545,0.023604606828193198,0.46608864279175893,0.1646790397383093,-0.06786990266360284,0.012453989648658351
8.323,0.466,0.007800481384225048,0.023539268520428144,0.46603761873767635,0.164167216272118,-0.06865264842877476,0.01305121924976045
8.343,0.466,0.007800481384225048,0.023539268520428144,0.46603761873767635,0.164167216272118,-0.06865264842877476,0.01305121924976045
8.363,0.466,0.008041523795198825,0.023416719101966393,0.46591520796043684,0.1635635979643812,-0.06933727275789617,0.012641280659924023
8.383,0.466,0.00845658064462799,0.02325381569707596,0.4658085664853149,0.16249199946806497,-0.07071586510955388,0.011825541167419644
8.403,0.466,0.008557168607716844,0.023229198696859625,0.4657978818947027,0.16226576607404888,-0.07077642884875289,0.010401164440243912
8.423,0.466,0.008203734157779667,0.023234252968759087,0.46582436397279403,0.16236846344943617,-0.06966680704590114,0.010057036002325173
8.443,0.466,0.008203734157779667,0.023234252968759087,0.46582436397279403,0.16236846344943617,-0.06966680704590114,0.010057036002325173
8.463,0.466,0.0076682736242480965,0.02339072268499512,0.4658948484272465,0.16333017448280315,-0.06800830452988538,0.01056554282822247
8.483,0.466,0.007402291285092738,0.023420432171313454,0.4659617270735408,0.16364757789526585,-0.06713583120886214,0.011378406885453426
8.503,0.466,0.006723492894453538,0.023272652228915145,0.4658638110739319,0.16290420951178186,-0.0648482333677328,0.013062101879884798
8.523,0.466,0.007027082570337881,0.023370713861847227,0.4659254189433599,0.1636856224588955,-0.06561151007810657,0.013278720130144686
8.543,0.466,0.007027082570337881,0.023370713861847227,0.4659254189433599,0.1636856224588955,-0.06561151007810657,0.013278720130144686
8.563,0.466,0.007313878290782465,0.023319018204135084,0.46586897192463406,0.16308168293764502,-0.06629602050073836,0.012868667084613533
8.583,0.466,0.00793854307778761,0.02328093105410062,0.4658516258550146,0.16298125951315007,-0.06820226421102182,0.011698419980246717
8.603,0.466,0.00797999424523658,0.023207157495233267,0.4658328557845619,0.16274409213819163,-0.06824626912335015,0.010556727761052424
8.623,0.466,0.007533566694699286,0.023266732972064042,0.4659009401003602,0.1633240304113245,-0.06661858086739894,0.009913423365356841
8.643,0.466,0.007533566694699286,0.023266732972064042,0.4659009401003602,0.1633240304113245,-0.06661858086739894,0.009913423365356841
8.663,0.466,0.006923355397139481,0.023342695505488835,0.4659514397169158,0.16375567186333329,-0.0646523027044673,0.010100135241375886
8.683,0.466,0.006589791898257134,0.023554816044418392,0.4660992657602367,0.1647970620569698,-0.06370375315963198,0.010797166708391075
8.703,0.466,0.006824421694288706,0.023563731088560632,0.46610053568866483,0.16502124179653185,-0.0642732933769662,0.011123472755029151
8.723,0.466,0.007518184151354304,0.023653927485013864,0.46614559618595,0.16488834199447597,-0.06612959113193452,0.010800193734174063
8.743,0.466,0.007518184151354304,0.023653927485013864,0.46614559618595,0.16488834199447597,-0.06612959113193452,0.010800193734174063
8.763,0.466,0.008060266306574677,0.023569585497625212,0.4660543183716171,0.16420909406157114,-0.06780951107673863,0.010303226711522702
8.783,0.466,0.008506459350540846,0.02352110970738608,0.46596189123862286,0.1632306346926226,-0.0696000086343455,0.009944837789213519
8.803,0.466,0.008728280019745717,0.023496852889267682,0.4660059532078819,0.16317776284229576,-0.07062687335977672,0.009292197330103108
8.823,0.466,0.008433483052116768,0.023505608432843553,0.4660134574740286,0.16320063837247664,-0.07034540365722858,0.00927683074560099
8.843,0.466,0.008433483052116768,0.023505608432843553,0.4660134574740286,0.16320063837247664,-0.07034540365722858,0.00927683074560099
8.863,0.466,0.008222435481189434,0.023718889075575383,0.46613810659345944,0.1640690899630828,-0.07012983643804822,0.009297561837915646
8.883,0.466,0.007811712884549485,0.023702212507840003,0.466116978893384,0.16379497563809126,-0.06932904917571164,0.010518308750279058
8.903,0.466,0.0077236265494658,0.02376103965945154,0.46615867352626456,0.16390546725864708,-0.0692932526388183,0.011374957633942662
8.923,0.466,0.007429160768238128,0.023612969168932022,0.46605299298375913,0.1629195731489411,-0.06858285344205106,0.012427714107960713
8.943,0.466,0.007429160768238128,0.023612969168932022,0.46605299298375913,0.1629195731489411,-0.06858285344205106,0.012427714107960713
8.963,0.466,0.007605201648973995,0.023547156482869005,0.46600593735170764,0.16236796530936193,-0.06977967015585682,0.01318919155692602
8.983,0.466,0.007710079061593424,0.023378045813385852,0.46590243302040996,0.16174659708247513,-0.0705970105712503,0.012928834322086871
9.003,0.466,0.007876417262426267,0.023416897878108515,0.4659585950350101,0.16183145629138435,-0.07163322140470968,0.012279705717748788
9.023,0.466,0.007610483357400529,0.02348595139154239,0.4659888041931596,0.16235858780941084,-0.07087363109673943,0.01140719342166121
9.043,0.466,0.007610483357400529,0.02348595139154239,0.4659888041931596,0.16235858780941084,-0.07087363109673943,0.01140719342166121
9.063,0.466,0.006973547762345763,0.023558388546405497,0.46604779433887705,0.16280156346817556,-0.06892322456855832,0.011310469390612692
9.083,0.466,0.006377800391329298,0.023633668482902277,0.46608278812667486,0.16334366551194768,-0.06708078184567122,0.011931379319642044
9.103,0.466,0.006238954047941455,0.023629580054402636,0.4660791009955847,0.16363250311941047,-0.06663910206740993,0.012626959713405515
9.123,0.466,0.006164164238342247,0.023679445685521005,0.46611695415229587,0.1640311437292972,-0.06647470275557893,0.013629013781552771
9.143,0.466,0.006164164238342247,0.023679445685521005,0.46611695415229587,0.1640311437292972,-0.06647470275557893,0.013629013781552771
9.163,0.466,0.006487365669916285,0.023638529209413936,0.4660398077850682,0.1636462565693889,-0.0675643089975469,0.013960454610975708
9.183,0.466,0.0074451683159761,0.02356557394854132,0.46601452711854396,0.16375327494037792,-0.07048643675241588,0.012715189048199953
9.203,0.466,0.007665243088088864,0.023523709763972778,0.465975257835228,0.1633316354727412,-0.07093173739029104,0.011728721574028825
9.223,0.466,0.007528525257495114,0.0235476980969922,0.4659812282547097,0.1632779118369347,-0.07025957888368746,0.010980863256537847
9.243,0.466,0.007528525257495114,0.0235476980969922,0.4659812282547097,0.1632779118369347,-0.07025957888368746,0.010980863256537847
9.263,0.466,0.006907831467267857,0.02368280995336015,0.4660652826869344,0.16403230491337223,-0.06790035332391281,0.01101500230605023
9.283,0.466,0.006852731725075661,0.023741603674503575,0.46612551833530896,0.1646367145463019,-0.06721487793911686,0.011424393357151915
9.303,0.466,0.006666947249655343,0.023786478061003535,0.4661539381739466,0.16453538627441175,-0.06615782040837143,0.012349202465132903
9.323,0.466,0.00731568528894757,0.023797146829398545,0.46616049520446784,0.16483451765368073,-0.06758511525748286,0.012730218218393484
9.343,0.466,0.00731568528894757,0.023797146829398545,0.46616049520446784,0.16483451765368073,-0.06758511525748286,0.012730218218393484
9.363,0.466,0.007516705311679431,0.023742949226930165,0.4660733893262963,0.1641270836930868,-0.06752827721863097,0.012697485025919436
9.383,0.466,0.008244551545802226,0.023691889397605456,0.46603469552367066,0.1639011109933902,-0.06912774590658655,0.011790664946453115
9.403,0.466,0.008492523196556046,0.02356184899030954,0.4659642473465557,0.1634851630296502,-0.0694234676075386,0.010937502706456933
9.423,0.466,0.008074539729196077,0.023468512614062582,0.4659363010660181,0.16307120420395957,-0.06770439139811055,0.010538055796055606
9.443,0.466,0.008074539729196077,0.023468512614062582,0.4659363010660181,0.16307120420395957,-0.06770439139811055,0.010538055796055606
9.463,0.466,0.00750152154249944,0.023567951969494422,0.4660437249098956,0.16357733587841497,-0.065058109396718,0.010261202439402846
9.483,0.466,0.007188529328068045,0.023694029797120545,0.4660998928680885,0.16437222452820724,-0.06366902779265952,0.01077652322665851
9.503,0.466,0.007229956595677214,0.0234538923483734,0.4659777238931502,0.1636709979740002,-0.06330090724420744,0.011298197936157096
9.523,0.466,0.007223579145652624,0.02349397141191573,0.46596497678376686,0.1636163741378597,-0.06321899284214205,0.01271076227406263
9.543,0.466,0.007223579145652624,0.02349397141191573,0.46596497678376686,0.1636163741378597,-0.06321899284214205,0.01271076227406263
9.563,0.466,0.00728540047970839,0.02338030462952143,0.46591284077143086,0.16335157691233052,-0.06306374367758436,0.012549579198817941
9.583,0.466,0.007238808480119381,0.02343929589030891,0.46590643190989867,0.16291517118270823,-0.06301269841190067,0.012811344915202227
9.603,0.466,0.007470672943181016,0.02330452810001848,0.4658615272118378,0.162465462901676,-0.06372694751933089,0.012129189000168015
9.623,0.466,0.007357150914292767,0.023320278026941903,0.4658686526799828,0.16206810824844056,-0.06357534746913375,0.01167624389155265
9.643,0.466,0.007357150914292767,0.023320278026941903,0.4658686526799828,0.16206810824844056,-0.06357534746913375,0.01167624389155265
9.663,0.466,0.007055929882282797,0.023455339590304998,0.465958822118601,0.162872281375725,-0.06267111529139843,0.011231318920444183
9.683,0.466,0.006799532537119535,0.023568471907632747,0.46601119552426135,0.1633102928010348,-0.06225498997956795,0.01164666977044233
9.703,0.466,0.006770765068243178,0.023564873207164858,0.46599160383517946,0.1633635171588744,-0.06276570075933,0.012816549052648372
9.723,0.466,0.006852551881988156,0.023398379956949,0.4659276153288386,0.16270965176358504,-0.063533446895278,0.01340357734514954
9.743,0.466,0.006852551881988156,0.023398379956949,0.4659276153288386,0.16270965176358504,-0.063533446895278,0.01340357734514954
9.763,0.466,0.006991726957368755,0.0234036509986164,0.46591841361257247,0.16261256459674428,-0.06449500995966959,0.013881710692935445
9.783,0.466,0.007100540759219109,0.023346487632020702,0.46584399150338257,0.16231766118177576,-0.06508647458130576,0.013053468090987515
9.803,0.466,0.007700152323136568,0.023331057001487857,0.4658466000187439,0.16214297366730424,-0.06767184211531548,0.012345227867974205
9.823,0.466,0.007626699010068057,0.023125780481501625,0.46574640695219116,0.1613357699857871,-0.06782104799895113,0.011045371143764426
9.843,0.466,0.007626699010068057,0.023125780481501625,0.46574640695219116,0.1613357699857871,-0.06782104799895113,0.011045371143764426
9.863,0.466,0.007150095595846568,0.023184317268815428,0.4657881390424547,0.16192346654951514,-0.06726951500078808,0.01160384183308572
9.883,0.466,0.006580620232568265,0.023203350649540728,0.46583953117224425,0.16259075839224285,-0.06588728945294488,0.011833059007178275
9.903,0.466,0.006301488385508266,0.023263488954136297,0.46589700311958926,0.16285165714085564,-0.06556198299002439,0.012959987822671897
9.923,0.466,0.006312670683456703,0.02327568465050618,0.46587890134829363,0.1629444693371875,-0.06597260058180197,0.013416037875032885
9.943,0.466,0.006312670683456703,0.02327568465050618,0.46587890134829363,0.1629444693371875,-0.06597260058180197,0.013416037875032885
9.963,0.466,0.006278603354317106,0.02328766213429364,0.4658516204631516,0.16303765874099221,-0.06623001040931234,0.013998927501135378
9.983,0.466,0.006211897146190073,0.023337007489399493,0.4658951975334422,0.1630205164141383,-0.06636254564792175,0.01414799706270852
10.003,0.466,0.006334041573023748,0.023412535998042567,0.46593907013866753,0.1632776662232301,-0.06698174578635209,0.013626589966968923
10.023,0.466,0.006157764594571278,0.02333661751730789,0.46591077292631794,0.16303092546982975,-0.06669431676259424,0.013316253405977639
10.043,0.466,0.006157764594571278,0.02333661751730789,0.46591077292631794,0.16303092546982975,-0.06669431676259424,0.013316253405977639
10.063,0.466,0.005742654737869731,0.023282009172603046,0.4658670952777665,0.16284656207233303,-0.06539578516843424,0.013375233185136233
10.083,0.466,0.005506966068806719,0.02333744424295743,0.4659501941598286,0.16317004469848834,-0.06468856461255795,0.013773044545292334
10.103,0.466,0.005433285328940482,0.0234344262279845,0.4659427697899326,0.1635033357384951,-0.06399841598518223,0.013887379395917821
10.123,0.466,0.005750983149857839,0.023398969132259893,0.46593193543464934,0.16317566564261884,-0.06453921199896458,0.013906055998345521
10.143,0.466,0.005750983149857839,0.023398969132259893,0.46593193543464934,0.16317566564261884,-0.06453921199896458,0.013906055998345521
10.163,0.466,0.006025643804747263,0.023388372883262256,0.4659119607183732,0.16311870568225545,-0.06508590081620105,0.014219771765945832
10.183,0.466,0.006417566711797989,0.023425629583123747,0.4659234858399788,0.1632037409075065,-0.06596233381574432,0.013993179414734389
10.203,0.466,0.006709604467529469,0.023342506708153833,0.46588936641704676,0.1627717089899758,-0.06639079058791687,0.013288801064093423
10.223,0.466,0.007028957902317807,0.02343681974674894,0.4659310143196047,0.16309137845607188,-0.06662731022233848,0.012037524389359832
10.243,0.466,0.007028957902317807,0.02343681974674894,0.4659310143196047,0.16309137845607188,-0.06662731022233848,0.012037524389359832
10.263,0.466,0.0070045508001280775,0.023417159152326197,0.46593543084211547,0.1628838086007628,-0.06592581077037353,0.011563080622798786
10.283,0.466,0.007229932655411803,0.023589134723509604,0.4660473709522799,0.16372320698592624,-0.06614140402947843,0.011465634488721593
10.303,0.466,0.006901934906895343,0.023768877875106623,0.4661658870530894,0.16441323294057633,-0.06447807120151601,0.011679623780092808
10.323,0.466,0.007077567464882971,0.02397243108847783,0.4662726965628666,0.16537992606394758,-0.06452391448106336,0.012289995183268503
10.343,0.466,0.007077567464882971,0.02397243108847783,0.4662726965628666,0.16537992606394758,-0.06452391448106336,0.012289995183268503
10.363,0.466,0.007350168448883724,0.024004356142716593,0.46628599699949075,0.1652245188930622,-0.06480898413016511,0.012013886597738638
10.383,0.466,0.007498545413318425,0.02398889606695812,0.4663170342885988,0.16519038520341586,-0.06507468283037263,0.012311652059395358
10.403,0.466,0.007787734015162627,0.02397465790191158,0.4662736420571825,0.16490195298483298,-0.0655166797781261,0.011616366579133524
10.423,0.466,0.007858969807265546,0.023850666376106652,0.46619783696364975,0.1641995807613938,-0.06562535172771104,0.011167455926411208
10.443,0.466,0.007858969807265546,0.023850666376106652,0.46619783696364975,0.1641995807613938,-0.06562535172771104,0.011167455926411208
10.463,0.466,0.007790766247959503,0.02391749023276455,0.4662137475185535,0.16438333852834872,-0.06522396396351995,0.011011205698846655
10.483,0.466,0.00785975208204131,0.023753161755661945,0.4661102581675656,0.163509185123396,-0.06558862552286449,0.010857792620690369
10.503,0.466,0.007568165622656849,0.023696245903339967,0.46611110829010605,0.16356236527567264,-0.0645611872690727,0.011509374521567745
10.523,0.466,0.007460126865283153,0.02364484010085037,0.46599808214368976,0.16283393997146853,-0.06447051935153686,0.012040963618516743
10.543,0.466,0.007460126865283153,0.02364484010085037,0.46599808214368976,0.16283393997146853,-0.06447051935153686,0.012040963618516743
10.563,0.466,0.007587999382411055,0.023532850911081368,0.4659296229160504,0.16233956147079998,-0.06511966230952258,0.012488849530713091
10.583,0.466,0.007523783493381131,0.02336365707913558,0.4658191262457955,0.16148352181626557,-0.06503692801700517,0.012734709032498388
10.603,0.466,0.007706747250398521,0.023228277186701913,0.46571177242769135,0.1608390130429822,-0.06613635181967784,0.012489499303329097
10.623,0.466,0.00782248336282381,0.023120789672422645,0.4655932181118652,0.16022847728178227,-0.06697028901079127,0.011947196461067375
10.643,0.466,0.00782248336282381,0.023120789672422645,0.4655932181118652,0.16022847728178227,-0.06697028901079127,0.011947196461067375
10.663,0.466,0.007868337959451644,0.02306228513440961,0.4656101815675494,0.1601760699773197,-0.0676834860273064,0.011845145615683898
10.683,0.466,0.00753219288702595,0.02310900327608264,0.4656587159576473,0.16023983676918405,-0.06698731296931541,0.011664608724877826
10.703,0.466,0.007274792007992657,0.023067508969927458,0.4656457102284858,0.16011377859911033,-0.0665258717145934,0.012055809715713317
10.723,0.466,0.006783510417687026,0.02301316461617053,0.4656250204673354,0.16020074234627554,-0.06523354683129123,0.012409553577305263
10.743,0.466,0.006783510417687026,0.02301316461617053,0.4656250204673354,0.16020074234627554,-0.06523354683129123,0.012409553577305263
10.763,0.466,0.0068978898116960575,0.02312516966506237,0.46570387321779877,0.16082819530075412,-0.06611975160000513,0.012771646768744137
10.783,0.466,0.006944513272735269,0.02313035049741215,0.46573318276046916,0.16108083776820462,-0.06657317146754778,0.012666589772388428
10.803,0.466,0.007376222286147004,0.023197031488753652,0.465753832686351,0.16153887097751377,-0.06835711001018006,0.01193585552734967
10.823,0.466,0.007501357180828613,0.02306262631447262,0.46571978567148387,0.16116530444923938,-0.06946216245767836,0.011985618445029012
10.843,0.466,0.007501357180828613,0.02306262631447262,0.46571978567148387,0.16116530444923938,-0.06946216245767836,0.011985618445029012
10.863,0.466,0.007205711749551858,0.02313321636825384,0.465746866202911,0.16180883431251197,-0.06867722074979733,0.011680709843949266
10.883,0.466,0.0070391925720543645,0.023260645738966825,0.4658132763580653,0.1623773669374248,-0.0685727511883818,0.011839140180051774
10.903,0.466,0.006537283740436338,0.02323322405232019,0.46579987142908924,0.16220621697398774,-0.06697534914437533,0.01216529846023644
10.923,0.466,0.006482614000334245,0.02325464485182314,0.4658442253886637,0.1625114053559902,-0.06671572489506715,0.012161925232785463
10.943,0.466,0.006482614000334245,0.02325464485182314,0.4658442253886637,0.1625114053559902,-0.06671572489506715,0.012161925232785463
10.963,0.466,0.006597598210737562,0.023313236617241464,0.4658409773043754,0.16274174713291445,-0.06713627754964714,0.012621384198653017
10.983,0.466,0.006922443380254675,0.02343217905141523,0.46591547065224226,0.16323038834318462,-0.06817460071425178,0.012557855753685234
11.003,0.466,0.006989579006753684,0.02331693539172503,0.4658668734184838,0.16267702344931328,-0.06814736201451757,0.012251774341689788
11.023,0.466,0.007178059185322947,0.023406922018563266,0.4659070053450817,0.1632224270360002,-0.06863895471675428,0.011875569458369224
11.043,0.466,0.007178059185322947,0.023406922018563266,0.4659070053450817,0.1632224270360002,-0.06863895471675428,0.011875569458369224
11.063,0.466,0.00680547055724058,0.0233008341642049,0.46585572439065837,0.1627638663253061,-0.06716920342201782,0.012055853045999964
11.083,0.466,0.006747530636658997,0.023562554200474085,0.46603037574350364,0.1639821329757932,-0.06644466657796134,0.0114930460757409
11.103,0.466,0.006841577841479045,0.023633520501720382,0.4661117628955482,0.1642638028365208,-0.06646683930834844,0.011505173087751923
11.123,0.466,0.006667050671270731,0.023588345465420903,0.4660748102644309,0.1643441723589929,-0.06532341164476668,0.011726113059041516
11.143,0.466,0.006667050671270731,0.023588345465420903,0.4660748102644309,0.1643441723589929,-0.06532341164476668,0.011726113059041516
11.163,0.466,0.007156292504885543,0.023619494018820842,0.46610957347657994,0.16449981918156736,-0.0667379927273456,0.012097616067864515
11.183,0.466,0.007332762556448534,0.023616549882011686,0.46609405110770247,0.1643560252054588,-0.06687822109879024,0.011961982158397595
11.203,0.466,0.0074780460320607025,0.02370652274360895,0.4661596198410838,0.16475834510499135,-0.06704174085819703,0.012125203455503395
11.223,0.466,0.007536886787153682,0.023602857022173337,0.4660941940027081,0.16424027619473444,-0.06674894494009975,0.01152020884766219
11.243,0.466,0.007536886787153682,0.023602857022173337,0.4660941940027081,0.16424027619473444,-0.06674894494009975,0.01152020884766219
11.263,0.466,0.007529713739279104,0.023624240242433838,0.4660655166991141,0.16427457562716882,-0.0664826055578862,0.011222533933055003
11.283,0.466,0.007522839556608699,0.02363434458535858,0.4660547034430201,0.16404346694377417,-0.06606344439391794,0.010763684680624651
11.303,0.466,0.007339620010081749,0.023571025021072736,0.466044530169486,0.16408438683175824,-0.06533434994417617,0.011148948990164494
11.323,0.466,0.0075499865943894845,0.023570858783021963,0.46600340712343974,0.1640556895928071,-0.06576547877745954,0.011030021393927848
11.343,0.466,0.0075499865943894845,0.023570858783021963,0.46600340712343974,0.1640556895928071,-0.06576547877745954,0.011030021393927848
11.363,0.466,0.007586070977881383,0.02357396425358009,0.4660140364081273,0.1640444283248322,-0.06574915830745735,0.011313218661213644
11.383,0.466,0.007580812336102487,0.023521439348606142,0.46596382563054617,0.1635039914046613,-0.06542256580993785,0.011273285211291995
11.403,0.466,0.007721009018965525,0.02353040011930998,0.465950680244298,0.16347467878246114,-0.06585407235124038,0.011155741355522365
11.423,0.466,0.007861102344125351,0.023502788745537972,0.4659486602567427,0.1634402323757815,-0.06643395437080375,0.010904162647204412
11.443,0.466,0.007861102344125351,0.023502788745537972,0.4659486602567427,0.1634402323757815,-0.06643395437080375,0.010904162647204412
11.463,0.466,0.007768120990541872,0.02355451302743318,0.46596977148560353,0.1637666563129237,-0.06620692901740464,0.010335782376139071
11.483,0.466,0.0076068968040362605,0.023546337390785536,0.46601769584053687,0.16374497824517606,-0.06617447663964501,0.010900951231149874
11.503,0.466,0.007650060686828995,0.023659932410749457,0.4660485483230369,0.16398600752167222,-0.06661050172857229,0.01107711990163942
11.523,0.466,0.007696243526044294,0.02355423933703168,0.4659955379264518,0.163630812320616,-0.06726827541273257,0.01152696014473866
11.543,0.466,0.007696243526044294,0.02355423933703168,0.4659955379264518,0.163630812320616,-0.06726827541273257,0.01152696014473866
11.563,0.466,0.007926745785886204,0.023588905704459588,0.466005574039901,0.16355594408209112,-0.06826295091864581,0.011440737122764071
11.583,0.466,0.00781590780089908,0.023422732762378874,0.4659235650128235,0.16309628983637708,-0.06833179847482379,0.012139232624285495
11.603,0.466,0.007867634842912172,0.02335102744416765,0.4658986744810358,0.1629240423051237,-0.0687491181649267,0.012012688831201511
11.623,0.466,0.007913734973780121,0.02330754807428458,0.46585564715764366,0.16270625519315005,-0.06956965240328725,0.012337699951332395
11.643,0.466,0.007913734973780121,0.02330754807428458,0.46585564715764366,0.16270625519315005,-0.06956965240328725,0.012337699951332395
11.663,0.466,0.0077686031563999345,0.02336262280534468,0.46592097887304024,0.16333102663462976,-0.06923255488767355,0.011632632002628727
11.683,0.466,0.007561700047717454,0.02321603528656944,0.4658630834819542,0.16294614926911247,-0.06878210045091565,0.011447497100868497
11.703,0.466,0.007405860899190871,0.023171147182535018,0.4658399856333227,0.16242255781268045,-0.06832352785976804,0.011258545499810335
11.723,0.466,0.007330566192712985,0.023192458768871854,0.46584390115027363,0.162958071107259,-0.06848448195952797,0.011714096317351052
11.743,0.466,0.0071354597893063705,0.023175673414310195,0.46584815634921023,0.16299316518171864,-0.06790382260661657,0.011966232765880372
11.763,0.466,0.0071354597893063705,0.023175673414310195,0.46584815634921023,0.16299316518171864,-0.06790382260661657,0.011966232765880372
11.783,0.466,0.007077092860301985,0.023259650023181474,0.4658992727418114,0.1633146315860822,-0.06751179749529548,0.011813612960242945
11.803,0.466,0.006984218460289438,0.023262715240317776,0.46589526510860957,0.16303994275036568,-0.06734031587567356,0.011934476146633195
11.823,0.466,0.00715412496778324,0.02334947202093404,0.4659670880971588,0.1630214143651006,-0.06778749373688189,0.011534162265075311
11.843,0.466,0.006926401707804141,0.02334548000357904,0.46595636223756604,0.16280282771184976,-0.06706957951519706,0.011341865413769846
11.863,0.466,0.006926401707804141,0.02334548000357904,0.46595636223756604,0.16280282771184976,-0.06706957951519706,0.011341865413769846
11.883,0.466,0.0069976715256551345,0.02337989365432246,0.4659394523711811,0.16310690648375342,-0.06712457914840804,0.010789171689421236
11.903,0.466,0.006941728953598229,0.023346964116788355,0.4659278543435787,0.16283083365650738,-0.06695354543830366,0.010910307592681499
11.923,0.466,0.007032650949563706,0.023500532091757245,0.4660033011463237,0.16335959653270282,-0.06726306323265771,0.011233112424672027
11.943,0.466,0.00711109155361047,0.023457007667431678,0.4659614080309026,0.1634477499810551,-0.06750822082989465,0.01210538098090731
11.963,0.466,0.00711109155361047,0.023457007667431678,0.4659614080309026,0.1634477499810551,-0.06750822082989465,0.01210538098090731
11.983,0.466,0.007150861208592396,0.023492710177001434,0.46596477104309547,0.16330981242145923,-0.06734599776081895,0.012228928204450883
12.003,0.466,0.007201571683693124,0.02343138317853058,0.46594047379077536,0.16329922007788172,-0.06733008413193448,0.012511804677951124
12.023,0.466,0.007280508634011483,0.02337908569458562,0.4658947570065727,0.16287902599767676,-0.06729838491226807,0.012496673503764854
12.043,0.466,0.007221262038820118,0.02348658818971127,0.46596680156018805,0.1636377829412843,-0.06680450444139382,0.012210015709656892
12.063,0.466,0.007221262038820118,0.02348658818971127,0.46596680156018805,0.1636377829412843,-0.06680450444139382,0.012210015709656892
12.083,0.466,0.0071553868792860985,0.023543868428346413,0.4659711728029019,0.1639876480132458,-0.06629526419216712,0.011626895347288904
12.103,0.466,0.00740130554237294,0.023641982240668578,0.4660467304778779,0.16422291769783395,-0.06688177399809046,0.011670193226976976
12.123,0.466,0.007055835108499389,0.023863726446066314,0.46616054783037303,0.16514452666167692,-0.0656381014688066,0.012342490199864624
12.143,0.466,0.007134225785629187,0.02389723056357043,0.46621142972659274,0.16515042438166408,-0.06548928445509643,0.012475952040928358
12.163,0.466,0.007134225785629187,0.02389723056357043,0.46621142972659274,0.16515042438166408,-0.06548928445509643,0.012475952040928358
12.183,0.466,0.006855110849054078,0.02384430352290369,0.46617868909497284,0.16493868946047074,-0.06430603732538213,0.012967012507545197
12.203,0.466,0.007070720874966004,0.023878799210530686,0.4662350508662309,0.16530724534025948,-0.06488935012297267,0.01330224119619681
12.223,0.466,0.007279103545791352,0.023739669098355363,0.4661730274126982,0.16462758903179367,-0.06503052775259974,0.012287304700104858
12.243,0.466,0.007447129293031014,0.023912766719450255,0.4662148311628246,0.16492520976986622,-0.0652342822358731,0.011600595303947985
12.263,0.466,0.007447129293031014,0.023912766719450255,0.4662148311628246,0.16492520976986622,-0.0652342822358731,0.011600595303947985
12.283,0.466,0.007658455910748974,0.023956594030157576,0.4662839034275645,0.16544112184981777,-0.0661571567427918,0.01110723792577496
12.303,0.466,0.007568514207362835,0.023860619113131937,0.4662327210278531,0.16488321251928476,-0.06596419111242073,0.011216271715331539
12.323,0.466,0.007391385832649329,0.023874527651217677,0.4662148044967586,0.16492930013505064,-0.06540052848331401,0.011185327867489702
12.343,0.466,0.007043848045939785,0.02386209508994123,0.466209206707533,0.16496550847360827,-0.06450550797478764,0.011985917837995188
12.363,0.466,0.007043848045939785,0.02386209508994123,0.466209206707533,0.16496550847360827,-0.06450550797478764,0.011985917837995188
12.383,0.466,0.007156499121746631,0.02369076776582986,0.46611670762571183,0.16448915983921952,-0.06502211813686727,0.012284753838762853
12.403,0.466,0.007309188529485158,0.0236447531234789,0.4660606433428589,0.16395558983775604,-0.06593128822184774,0.013023613804160639
12.423,0.466,0.007596083509140719,0.023629182875612803,0.4660172858208477,0.16374726001589707,-0.06708321913137333,0.012517139493720677
12.443,0.466,0.007664156504413573,0.023612464990104817,0.46596823842102897,0.16336566366007388,-0.06711376634384943,0.011366277138800783
12.463,0.466,0.007664156504413573,0.023612464990104817,0.46596823842102897,0.16336566366007388,-0.06711376634384943,0.011366277138800783
12.483,0.466,0.007578441683543656,0.023634688300332485,0.4660181124523571,0.1634867438632286,-0.06740865198755115,0.011391490892232748
12.503,0.466,0.007424535128461301,0.023543215159756502,0.4659587293687486,0.16338751326369025,-0.06714694269618966,0.010801721611627037
12.523,0.466,0.007042891899175219,0.023459970289287837,0.4659864640528573,0.163418416836623,-0.06640074279299349,0.01146885984463892
12.543,0.466,0.006933646805687581,0.023479398211534424,0.46601689406920427,0.16367822597072978,-0.0663898040842384,0.012046264157491812
12.563,0.466,0.006933646805687581,0.023479398211534424,0.46601689406920427,0.16367822597072978,-0.0663898040842384,0.012046264157491812
12.583,0.466,0.006731757512854482,0.023419676739056917,0.46599580817092295,0.1633691313895617,-0.06616861246652149,0.01301482592289297
12.603,0.466,0.006720909373392921,0.02339914122665154,0.46595857623624776,0.16338646854934363,-0.06603665904063946,0.012865458839807671
12.623,0.466,0.006951569713034373,0.02334570449518536,0.4659001609405492,0.16279296534427456,-0.06673824800005644,0.012173640679146733
12.643,0.466,0.006848612312759284,0.023274200329610386,0.46589190332139313,0.1627107088188386,-0.06634328005234176,0.011435617990279786
12.663,0.466,0.006848612312759284,0.023274200329610386,0.46589190332139313,0.1627107088188386,-0.06634328005234176,0.011435617990279786
12.683,0.466,0.006890938699727523,0.023251372195887857,0.4658635261281307,0.1625722447825898,-0.06664924507630623,0.010883192326727466
12.703,0.466,0.006604948253114697,0.023245642606881424,0.4658755846881711,0.1628548362552271,-0.06635730103358808,0.011444243647069457
12.723,0.466,0.006406337208642481,0.02325394034691206,0.465887555700129,0.16290103482825719,-0.06579317749187848,0.01141319488000232
12.743,0.466,0.005956283048691242,0.023390458042453134,0.46595164954164925,0.16351849867082538,-0.06449507549670865,0.012639171504897559
12.763,0.466,0.005956283048691242,0.023390458042453134,0.46595164954164925,0.16351849867082538,-0.06449507549670865,0.012639171504897559
12.783,0.466,0.005878751157605031,0.023411842441381486,0.4659460156936358,0.16297289819813962,-0.0640033014355439,0.01301585755957689
12.803,0.466,0.006219720909679081,0.02335036237451584,0.46587146588378103,0.1626051137102151,-0.06495927351514465,0.013199745110289048
12.823,0.466,0.006684886366369255,0.02341128501138981,0.4658406712360736,0.16227075903104235,-0.06596443518204854,0.012535019059860344
12.843,0.466,0.00698516526217242,0.023246608157222366,0.4657589601537958,0.16164295933500897,-0.06693192063959699,0.01214071292509855
12.863,0.466,0.00698516526217242,0.023246608157222366,0.4657589601537958,0.16164295933500897,-0.06693192063959699,0.01214071292509855
12.883,0.466,0.006971042948606665,0.02329125806447435,0.46581159652509996,0.16195316009303343,-0.06683790209740245,0.011721895250155077
12.903,0.466,0.006944204550046829,0.02335808175946047,0.4658386404400563,0.16239009128969167,-0.06673578552329595,0.011588050621688085
12.923,0.466,0.0064720728249751435,0.023502313762524582,0.4659661893093636,0.16325786526711844,-0.06482073314643787,0.01151324929127442
12.943,0.466,0.006416162802773637,0.023598997698906093,0.4660265846142392,0.1635569003128231,-0.06439532928397328,0.011925336114976775
12.963,0.466,0.006416162802773637,0.023598997698906093,0.4660265846142392,0.1635569003128231,-0.06439532928397328,0.011925336114976775
12.983,0.466,0.006205286795317675,0.023578216797524434,0.4659940158947697,0.1635824423266788,-0.06348414923861774,0.013008626737132739
13.003,0.466,0.006509098979754679,0.023408701779520664,0.46589751708545346,0.16294448713953147,-0.06411954577919186,0.013446945527854443
13.023,0.466,0.006858741557584011,0.023236040113414708,0.46583142359570967,0.16257727852564643,-0.06507615751790247,0.013630306824916859
13.043,0.466,0.006942486239662574,0.02335020647868214,0.46587065421227036,0.16288671969545265,-0.06498188869309925,0.013211480009248216
13.063,0.466,0.006942486239662574,0.02335020647868214,0.46587065421227036,0.16288671969545265,-0.06498188869309925,0.013211480009248216
13.083,0.466,0.007116886132545462,0.023304263278744703,0.46590613144281806,0.16317242567035395,-0.06548398554555812,0.01225790190367503
13.103,0.466,0.0071835285594564376,0.023561182244340628,0.4660406593628125,0.16405652564823148,-0.06545019141972674,0.011580545684316065
13.123,0.466,0.0066766194856675894,0.02361494202540105,0.466097646681256,0.16418340668545678,-0.06374359184441308,0.011769946686620838
13.143,0.466,0.006283053755594912,0.023751461248940526,0.466180953623791,0.1649776710026449,-0.06235352968765877,0.012284174638698565
13.163,0.466,0.006283053755594912,0.023751461248940526,0.466180953623791,0.1649776710026449,-0.06235352968765877,0.012284174638698565
13.183,0.466,0.006341296426532765,0.02373278493775635,0.4661431386731459,0.16477277983473693,-0.06256090378074948,0.013427345136440408
13.203,0.466,0.006727252132425869,0.023696208440430935,0.46609204985626207,0.16469791685069243,-0.06355526406859233,0.013340116791323959
13.223,0.466,0.007169126884578175,0.023612282109217737,0.46606478714467564,0.1640475001704658,-0.06480424237609843,0.012961800210269221
13.243,0.466,0.007789621042250495,0.023622139034096722,0.4660109972827503,0.163930408869791,-0.0668431193101966,0.011940096585587782
13.263,0.466,0.007789621042250495,0.023622139034096722,0.4660109972827503,0.163930408869791,-0.0668431193101966,0.011940096585587782
13.283,0.466,0.0080442324642343,0.023535500759023237,0.46598456654875875,0.1633421603944185,-0.06770986069373204,0.01083285965322234
13.303,0.466,0.007977481436680246,0.02354566120358224,0.4659837856656021,0.1633921335072164,-0.06762672354872314,0.009836214555599692
13.323,0.466,0.007771504865890716,0.0234493472718779,0.4659236265764553,0.16308869142770643,-0.06757219024379416,0.010388902734293224
13.343,0.466,0.0073842869752428,0.023457937435189216,0.4659311794516744,0.16342348825520173,-0.0665662754239635,0.011052634317351241
13.363,0.466,0.0073842869752428,0.023457937435189216,0.4659311794516744,0.16342348825520173,-0.0665662754239635,0.011052634317351241
13.383,0.466,0.0072411228019298385,0.02333645817710176,0.46590751343066267,0.16314241842943783,-0.06622973068708216,0.011590154246784277
13.403,0.466,0.007411364820086216,0.023142902583403215,0.4657698363964489,0.16191356778149327,-0.06693805829665747,0.012435753091025117
13.423,0.466,0.007818125247828251,0.02316334011459762,0.46574977791363104,0.16205704686290068,-0.06864974395077553,0.012540394094123152
13.443,0.466,0.007900443622990812,0.02306309766118502,0.46569233159075835,0.16143074282020456,-0.06930167717399977,0.012696569854120269
13.463,0.466,0.007900443622990812,0.02306309766118502,0.46569233159075835,0.16143074282020456,-0.06930167717399977,0.012696569854120269
13.483,0.466,0.00820453596043429,0.023091335898301105,0.46574543159064724,0.16164746907062547,-0.07064963922709612,0.011789072021261802
13.503,0.466,0.007884773076005276,0.023032416919583295,0.46574910469007874,0.16145646200093017,-0.06981544164461462,0.011166351778549397
13.523,0.466,0.007618303850054169,0.023154339763226325,0.46579136353283435,0.16209398129786276,-0.06918042026430583,0.010728371951418935
13.543,0.466,0.007356322161560493,0.023278980887246264,0.46588458412654304,0.16294614926911247,-0.06878210045091565,0.011447497100868497
13.563,0.466,0.007356322161560493,0.023278980887246264,0.46588458412654304,0.16294614926911247,-0.06878210045091565,0.011447497100868497
13.583,0.466,0.00684954977404409,0.023445398163107097,0.4659511021216537,0.16363175351788195,-0.06695361053443953,0.012076695661327479
13.603,0.466,0.006861642303053465,0.023518103038381116,0.4659957073099088,0.16400677401479885,-0.06707239217878729,0.013095193650501399
13.623,0.466,0.007356738228379118,0.023538856240461935,0.465962562709502,0.16384093515946932,-0.06887847937004157,0.013619141177291719
13.643,0.466,0.008024597850364521,0.023495213021484787,0.4659757637925674,0.16395998889684907,-0.07118842612709983,0.013190267244277664
13.663,0.466,0.008024597850364521,0.023495213021484787,0.4659757637925674,0.16395998889684907,-0.07118842612709983,0.013190267244277664
13.683,0.466,0.007928530271600433,0.02339032326565905,0.46589718206528613,0.16322241657718178,-0.07049205695098093,0.011843609140836644
13.703,0.466,0.007792905680026492,0.02341074997352458,0.4659082150696638,0.16345589866299723,-0.06985367549106977,0.010819176586116246
13.723,0.466,0.007386393784178121,0.023456824218885584,0.4659846492891049,0.16400759338415288,-0.06849713821601669,0.010481016389115463
13.743,0.466,0.006865968551563199,0.023695302471060012,0.4661267340512859,0.1651247216778819,-0.06671565951204016,0.010843170296825124
13.763,0.466,0.006865968551563199,0.023695302471060012,0.4661267340512859,0.1651247216778819,-0.06671565951204016,0.010843170296825124
13.783,0.466,0.006434986585876789,0.023750397579329754,0.4661836709229955,0.16562687316617153,-0.06512602699077756,0.012050239069675813
13.803,0.466,0.006349768866359488,0.02370549411144616,0.46617595495399244,0.1654962740765454,-0.06450002678329385,0.012857943751677496
13.823,0.466,0.006603272115382657,0.023578139175772898,0.46608420681776647,0.16484849022476758,-0.0651193470224601,0.013578591045836795
13.843,0.466,0.006894254658279457,0.023507156496780923,0.4660242417440152,0.16435913004266392,-0.06593443438572495,0.013609860467507454
13.863,0.466,0.006894254658279457,0.023507156496780923,0.4660242417440152,0.16435913004266392,-0.06593443438572495,0.013609860467507454
13.883,0.466,0.007107082733154444,0.02336925133512065,0.46595030307002294,0.16367341698765114,-0.0662241622271275,0.012461702091277733
13.903,0.466,0.006997580810321647,0.02340745948475605,0.4659224134540315,0.16352068251441693,-0.0652904234481849,0.011124783958154135
13.923,0.466,0.007009535782495845,0.023363125368584613,0.4659550067158763,0.16369809313619132,-0.0651996260067629,0.010413317677439358
13.943,0.466,0.006541146696702846,0.023528985393709876,0.4660542577292448,0.16425081185472876,-0.06352723983003036,0.010625010364373494
13.963,0.466,0.006541146696702846,0.023528985393709876,0.4660542577292448,0.16425081185472876,-0.06352723983003036,0.010625010364373494
13.983,0.466,0.005817740524675804,0.023638858537005283,0.46612338420283256,0.1646678278347792,-0.06106285115308656,0.012058374622795595
14.003,0.466,0.005892570320522978,0.023516088742175423,0.46605200386293577,0.1641812789719788,-0.06109395632722356,0.01331590862994914
14.023,0.466,0.0065654738186163766,0.023506495994737864,0.4660128163453412,0.1638485769986008,-0.06332328589143828,0.013719129758132892
14.043,0.466,0.0071804522769999485,0.023386646152550185,0.46591336148023316,0.16312339493657296,-0.06525262358932724,0.01380369985507073
14.063,0.466,0.0071804522769999485,0.023386646152550185,0.46591336148023316,0.16312339493657296,-0.06525262358932724,0.01380369985507073
14.083,0.466,0.007646309829218319,0.023334500447906095,0.465882947713969,0.16275382255174542,-0.06683791643313897,0.01288822721176659
14.103,0.466,0.008144841706265725,0.023319600432186026,0.4658438956255337,0.16244006088412655,-0.0681911607293677,0.011109320720462805
14.123,0.466,0.008054640165549461,0.023484918646277754,0.46592112036440136,0.1630591206739773,-0.06800291095109984,0.010270826478210352
14.143,0.466,0.007462265974337068,0.02354768368826494,0.46598923053550895,0.16345694462925725,-0.06630074352365764,0.010754970335875864
14.163,0.466,0.007462265974337068,0.02354768368826494,0.46598923053550895,0.16345694462925725,-0.06630074352365764,0.010754970335875864
14.183,0.466,0.0069637026135822375,0.023712764488859336,0.46610256825154706,0.16409157169796051,-0.06487030190971946,0.011831719800985461
14.203,0.466,0.006905868829456888,0.02356886442735524,0.4660147272619466,0.16373223910078002,-0.06504735747366579,0.01324819774464929
14.223,0.466,0.007376339729777829,0.023434925085162456,0.46590687005072107,0.1630087729565587,-0.06666140062174808,0.01388146623599435
14.243,0.466,0.00776415681587561,0.023323329107559226,0.46583695975344724,0.16274940352560244,-0.06821042817966981,0.013822449575011267
14.263,0.466,0.00776415681587561,0.023323329107559226,0.46583695975344724,0.16274940352560244,-0.06821042817966981,0.013822449575011267
14.283,0.466,0.007914266707600806,0.02328863053654493,0.4658059683501211,0.1623280159605446,-0.06865537532697612,0.01283595784864115
14.303,0.466,0.007800922713065226,0.02319389751354889,0.46576804877110256,0.16184842910734082,-0.06826363253854442,0.011516979522617453
14.323,0.466,0.0076034936181578585,0.023120030333209033,0.4657234458303215,0.1614966621262079,-0.06786230767409082,0.010483559180745857
14.343,0.466,0.006805411379867289,0.023195343646746358,0.46578692704333324,0.16181929284987406,-0.0654563045168447,0.01078506709307146
14.363,0.466,0.006805411379867289,0.023195343646746358,0.46578692704333324,0.16181929284987406,-0.0654563045168447,0.01078506709307146
14.383,0.466,0.0061650663378712165,0.023286012143649525,0.4658430018027358,0.16261454700438002,-0.06375277225409494,0.011849400249166144
14.403,0.466,0.006309927601623723,0.02329225681738657,0.46584710641562604,0.1629267917094858,-0.06456744698389512,0.013046999495564966
14.423,0.466,0.006599335254711417,0.02314409303307382,0.4657527644324581,0.16224955634330246,-0.06561717774557302,0.013649650901789585
14.443,0.466,0.006995669700413419,0.02318191250076759,0.46573286707743833,0.16215157982249276,-0.06689339467086058,0.013577811698314084
14.463,0.466,0.006995669700413419,0.02318191250076759,0.46573286707743833,0.16215157982249276,-0.06689339467086058,0.013577811698314084
14.483,0.466,0.007349210858030808,0.023151527541859517,0.46570625497084434,0.16183873909177354,-0.06793175532651405,0.012348534448572814
14.503,0.466,0.007532308652034104,0.023082089549439713,0.46564374299163747,0.1611465713753274,-0.06837101806762781,0.01106766155718943
14.523,0.466,0.007419242148043853,0.023046043695832314,0.4656123409819884,0.1610814117450231,-0.067998514279894,0.010052666004819806
14.543,0.466,0.007009612681224736,0.02322496677993038,0.46571172780419673,0.1617254694049078,-0.0668986280838376,0.010297604568594911
14.563,0.466,0.007009612681224736,0.02322496677993038,0.46571172780419673,0.1617254694049078,-0.0668986280838376,0.010297604568594911
14.583,0.466,0.006664973162400313,0.023437786471208442,0.4658798118247081,0.1629395721406169,-0.06569403834963661,0.010700038832778909
14.603,0.466,0.006679750296319681,0.023445142671855695,0.46589943497966724,0.1633093369584144,-0.06580733173953583,0.011711300418315666
14.623,0.466,0.007051868904614965,0.023329614849375773,0.4658414980914655,0.16277549997280694,-0.0668703748450154,0.012322984848111018
14.643,0.466,0.007034697981129084,0.023367931015677794,0.4658464887164402,0.16247761014506298,-0.06666696559150478,0.013009674256667466
14.663,0.466,0.007034697981129084,0.023367931015677794,0.4658464887164402,0.16247761014506298,-0.06666696559150478,0.013009674256667466
14.683,0.466,0.0074547324803361575,0.023217783408020394,0.46577503253982055,0.16185579448406137,-0.06779895910426031,0.012199702074584335
14.703,0.466,0.007591223383955374,0.023192303361602225,0.46576121718519997,0.16158410815428167,-0.06810872410895892,0.011355980401300484
14.723,0.466,0.00749242875220595,0.02317145408212189,0.4657856486225712,0.1616451604865707,-0.06772699592725843,0.010626093256499238
14.743,0.466,0.0073819264480324545,0.02340021756606129,0.4659170490596819,0.1628127980200393,-0.0674008808063953,0.0105098097811838
14.763,0.466,0.0073819264480324545,0.02340021756606129,0.4659170490596819,0.1628127980200393,-0.0674008808063953,0.0105098097811838
14.783,0.466,0.00681299285573936,0.02347293306522927,0.46596701904545484,0.1632053859395113,-0.06553347802550812,0.011410447625269495
14.803,0.466,0.006387938048415445,0.023536619928767478,0.46602072553242796,0.16362593527058025,-0.06354964997770043,0.011878829493816329
14.823,0.466,0.006633835169007782,0.023603464978584305,0.46603796808797104,0.16384029804586767,-0.06410288760923999,0.012486887748804276
14.843,0.466,0.006544617927409316,0.02339407001492656,0.46593143805618165,0.16272085634003264,-0.0635507360121268,0.01312172889667687
14.863,0.466,0.006544617927409316,0.02339407001492656,0.46593143805618165,0.16272085634003264,-0.0635507360121268,0.01312172889667687
14.883,0.466,0.006901380096154925,0.023283785535166846,0.46582925492552923,0.16210993256385609,-0.06438484126254712,0.012578541984101372
14.903,0.466,0.007316815994805847,0.023213569810586504,0.4657627024433675,0.16169832753046326,-0.06516105215340645,0.010759725949784632
14.923,0.466,0.006993951629111706,0.02336800085865195,0.4658436867282296,0.1623476608674752,-0.06422786996113244,0.010589236176974258
14.943,0.466,0.0067057343054987995,0.023391665844033637,0.46588777925342234,0.16244481227843127,-0.06326551615187015,0.010111209537612484
14.963,0.466,0.0067057343054987995,0.023391665844033637,0.46588777925342234,0.16244481227843127,-0.06326551615187015,0.010111209537612484
14.983,0.466,0.0064396276496090305,0.023401503058907924,0.46588427003419364,0.1625196881425924,-0.06227161546757269,0.010197968838017468
15.003,0.466,0.005820823374202906,0.02347662703066492,0.46593676481265317,0.16318909612562768,-0.06026017741952488,0.011526324476776617
15.023,0.466,0.006154835144925508,0.023721714011528335,0.46607977592309935,0.16421961253509137,-0.06130980264438297,0.01205252001700685
15.043,0.466,0.006688676880310842,0.02366456279140254,0.4660260410772506,0.1639264413785571,-0.06312426254140252,0.01229139846763535
15.063,0.466,0.006688676880310842,0.02366456279140254,0.4660260410772506,0.1639264413785571,-0.06312426254140252,0.01229139846763535
15.083,0.466,0.006826276358868903,0.023498122301287692,0.4659299658203498,0.16317318025571517,-0.06363028508190682,0.01228884784505432
15.103,0.466,0.007349805642894875,0.023480970838831123,0.4659121611094521,0.1629237408726072,-0.06551207256296777,0.011398022156920607
15.123,0.466,0.007331915673294704,0.023613780992568223,0.4659845948636489,0.16322171977899047,-0.06571604001732488,0.010711960239549786
15.143,0.466,0.007130980904837764,0.023660083570487305,0.4660478502562464,0.16381885551792302,-0.06549413995965263,0.010437847723591758
15.163,0.466,0.007130980904837764,0.023660083570487305,0.4660478502562464,0.16381885551792302,-0.06549413995965263,0.010437847723591758
15.183,0.466,0.006922500684405036,0.02367149218156573,0.46607119746676917,0.16388195753694954,-0.06479806069210653,0.010258922285377439
15.203,0.466,0.006786137049895514,0.02382032653201406,0.46616657914254567,0.16500942786454534,-0.06457156381650415,0.010855933093269755
15.223,0.466,0.006776732005170028,0.0239429263477191,0.46623043113519447,0.16525242901808784,-0.06469327497393136,0.011582100914054467
15.243,0.466,0.007307721492357919,0.023858123737113678,0.4661900822719694,0.16497622230106984,-0.06637555911203698,0.01167221392111223
15.263,0.466,0.007307721492357919,0.023858123737113678,0.4661900822719694,0.16497622230106984,-0.06637555911203698,0.01167221392111223
15.283,0.466,0.007431135866415424,0.023559298591517123,0.46600343519700055,0.16365379519379042,-0.06698661578986435,0.011511514108197405
15.303,0.466,0.007717610853338334,0.02356217652470154,0.465983553433769,0.16356717538810603,-0.06827927305551805,0.011157700094970652
15.323,0.466,0.007486475676429632,0.023412509910900575,0.4659062623080072,0.16303760305119738,-0.06797039771255443,0.010835793701291663
15.343,0.466,0.007372923027632523,0.02348518228781266,0.4659807985644691,0.16366231614388088,-0.06763295645773122,0.010130639142110789
15.363,0.466,0.007372923027632523,0.02348518228781266,0.4659807985644691,0.16366231614388088,-0.06763295645773122,0.010130639142110789
15.383,0.466,0.007105968031017111,0.023593717075922352,0.46604739133744766,0.16431216480744962,-0.06669902891251973,0.009958743277578539
15.403,0.466,0.006512969202495249,0.023612623195461417,0.4660845230579767,0.16440655328436465,-0.06494244473886121,0.010996414971766264
15.423,0.466,0.006610558271975268,0.02352224925695108,0.4660587437438979,0.1643441723589929,-0.06532341164476668,0.011726113059041516
15.443,0.466,0.006483799261439994,0.02342366130353001,0.46598883322903173,0.16375994313762246,-0.06493089650528186,0.012816163998596508
15.463,0.466,0.006483799261439994,0.02342366130353001,0.46598883322903173,0.16375994313762246,-0.06493089650528186,0.012816163998596508
15.483,0.466,0.006577894156089251,0.02327009530772766,0.46591158333736427,0.16317410810711275,-0.0651690231346591,0.012807336428647344
15.503,0.466,0.006861081568821674,0.02329797490629818,0.46585546235364045,0.16278264830594535,-0.06640738713217385,0.013006382958322895
15.523,0.466,0.006743202508906303,0.023248467556208144,0.46583572110669613,0.16229821943003309,-0.06584805321485124,0.01210346515471115
15.543,0.466,0.006316755551769337,0.023162551524812447,0.4657925789380654,0.16185035505214837,-0.0643959096677044,0.012001959111690039
15.563,0.466,0.006316755551769337,0.023162551524812447,0.4657925789380654,0.16185035505214837,-0.0643959096677044,0.012001959111690039
15.583,0.466,0.006237597812878513,0.02340298746714483,0.4659194225015365,0.16290748338402233,-0.06379048379729906,0.011578643674494377
15.603,0.466,0.006011409511442012,0.023479481228682122,0.46595110043515675,0.16321903873149654,-0.06306693314332158,0.012257896456583142
15.623,0.466,0.005947000190073826,0.023500459501988636,0.46593896492831904,0.1633525274490708,-0.06274915962105816,0.013099083259076867
15.643,0.466,0.006176265375239459,0.023416665549488007,0.4658882991388928,0.16299699389502906,-0.06340653305691571,0.013549863341873254
15.663,0.466,0.006176265375239459,0.023416665549488007,0.4658882991388928,0.16299699389502906,-0.06340653305691571,0.013549863341873254
15.683,0.466,0.006351319699731554,0.023522835403288447,0.4659105609178419,0.162973896505957,-0.06368841092748316,0.013565507333358153
15.703,0.466,0.006773852929072207,0.02337820901367661,0.4658345188200829,0.16206995680553124,-0.06479925955124582,0.01274298461339105
15.723,0.466,0.007002324889571498,0.023321248688391517,0.46579170697614836,0.16177533097398927,-0.06539034004563586,0.011915123715863726
15.743,0.466,0.006615433098827246,0.023269054091681975,0.4657838222875849,0.16166449498890298,-0.06372682363947307,0.010962435391595821
15.763,0.466,0.006615433098827246,0.023269054091681975,0.4657838222875849,0.16166449498890298,-0.06372682363947307,0.010962435391595821
15.783,0.466,0.006486291578939239,0.023456763883970652,0.46591952901626016,0.16283724347273051,-0.0632518809581142,0.010979384326242202
15.803,0.466,0.006456466255665422,0.023488178674951662,0.46597961692586903,0.16325194064755477,-0.06311646590553503,0.011410530033258762
15.823,0.466,0.0065490971732482944,0.02352280190831439,0.466025394462945,0.1636043998909848,-0.06351725928346151,0.012443918086154682
15.843,0.466,0.00658536000061143,0.023526693200244638,0.46602761175702134,0.16361069618238386,-0.063367310576824,0.012577110286303492
15.863,0.466,0.00658536000061143,0.023526693200244638,0.46602761175702134,0.16361069618238386,-0.063367310576824,0.012577110286303492
15.883,0.466,0.006896265250487659,0.023425542573869747,0.46596936984311627,0.16328792291930427,-0.06407487995320306,0.012180849410211879
15.903,0.466,0.0073048024212806146,0.02338407476461059,0.4659406132164709,0.16292990825397524,-0.06536207123694585,0.011532075331337483
15.923,0.466,0.007666875792826991,0.023330650611780357,0.4658840326168751,0.16260014492855046,-0.06653325087533632,0.010451848343469345
15.943,0.466,0.007247471089205326,0.023331016707768073,0.46588284498331667,0.16297401652786658,-0.06542796921334325,0.010401454995332378
15.963,0.466,0.007247471089205326,0.023331016707768073,0.46588284498331667,0.16297401652786658,-0.06542796921334325,0.010401454995332378
15.983,0.466,0.007121693009130507,0.02342619832498922,0.465959296203178,0.16365328291347325,-0.06544759600517576,0.010994221439370991
16.003,0.466,0.007408646871720674,0.023406848601652458,0.4659557060294239,0.16342348825520173,-0.0665662754239635,0.011052634317351241
16.023,0.466,0.007313517209004054,0.0233289754441857,0.46585297890943467,0.16284347636026691,-0.06634022780904889,0.01172675846044496
16.043,0.466,0.007316330985490003,0.02330489751656475,0.46587350014267187,0.1628159091785483,-0.06645674804872215,0.012158248105910078
16.063,0.466,0.007316330985490003,0.02330489751656475,0.46587350014267187,0.1628159091785483,-0.06645674804872215,0.012158248105910078
16.083,0.466,0.007414383470334534,0.023272399060022087,0.46582059630117667,0.16252231340230625,-0.06673224229833848,0.011879808552467924
16.103,0.466,0.007925989326796671,0.023157262532779086,0.46576973955481965,0.16183580117023122,-0.06856180742594634,0.011250022260480072
16.123,0.466,0.007899126292194693,0.02309271853411542,0.4657693040689482,0.16157623034050653,-0.06857287272205126,0.010673283877410221
16.143,0.466,0.007741366041662406,0.023135512552425786,0.46577094328729046,0.1618924782674416,-0.0683295545662446,0.010386375026972818
16.163,0.466,0.007741366041662406,0.023135512552425786,0.46577094328729046,0.1618924782674416,-0.0683295545662446,0.010386375026972818
16.183,0.466,0.007140290655905925,0.023209282489931284,0.46583778945729903,0.1622905498935083,-0.06662774213100495,0.010870632221355812
16.203,0.466,0.007435876119832045,0.023355456310283792,0.465921469113056,0.16304326066337266,-0.06782056957112047,0.010969431913399432
16.223,0.466,0.007203695167992591,0.023266759580792308,0.46587366498903776,0.16252059246785402,-0.06704769336074798,0.01132995491190472
16.243,0.466,0.007096398816154187,0.023364419874857347,0.46592935402533964,0.16311956454429682,-0.06651118797030135,0.01160542562660119
16.263,0.466,0.007096398816154187,0.023364419874857347,0.46592935402533964,0.16311956454429682,-0.06651118797030135,0.01160542562660119
16.283,0.466,0.007179653313537309,0.023490704788930703,0.46597707670587885,0.16367664523561842,-0.06670496178409671,0.011496084961993528
16.303,0.466,0.0075304314290525485,0.023393972203625994,0.46591654240602814,0.16318664593920343,-0.0678343090608742,0.01097864998205331
16.323,0.466,0.00749881065499972,0.02322550670181644,0.46580990549505885,0.16222006109233467,-0.06778819263013387,0.010368241822397579
16.343,0.466,0.00745584195498424,0.02331473190007794,0.4658159480283819,0.16250179962574535,-0.06780968492950577,0.010380822249417242
16.363,0.466,0.00745584195498424,0.02331473190007794,0.4658159480283819,0.16250179962574535,-0.06780968492950577,0.010380822249417242
16.383,0.466,0.0072315967577459015,0.02332248515229711,0.4658748588886604,0.16250250223288956,-0.06749515161129763,0.01092934033264368
16.403,0.466,0.007091461883526467,0.023484845692607444,0.46590795422777614,0.16313528338719202,-0.06669344486184678,0.010907513662642275
16.423,0.466,0.007260294864087139,0.023462306285230328,0.4658881164673336,0.16308434014673057,-0.06709117262168476,0.011354542846896538
16.443,0.466,0.007092242941904037,0.023419671485457056,0.4658681324238408,0.1625618502100398,-0.06631763291741007,0.011715074803718977
16.463,0.466,0.007092242941904037,0.023419671485457056,0.4658681324238408,0.1625618502100398,-0.06631763291741007,0.011715074803718977
16.483,0.466,0.007215324072305324,0.02334583607572212,0.46587463983041194,0.16254515069260375,-0.06645077107945095,0.011864596134337643
16.503,0.466,0.0076842929051884395,0.023293335556791424,0.46579690682433816,0.16217029626838902,-0.06787122717662303,0.011364163048209894
16.523,0.466,0.00780704447696056,0.02329885296705338,0.46581215219644856,0.1621353278838998,-0.0684508394772824,0.011113207705766851
16.543,0.466,0.007553993586999979,0.023445658824792857,0.46588520254498206,0.16278473318653527,-0.06751708290075024,0.010941313973484378
16.563,0.466,0.007553993586999979,0.023445658824792857,0.46588520254498206,0.16278473318653527,-0.06751708290075024,0.010941313973484378
16.583,0.466,0.007411102403552123,0.023595798170993065,0.46602377055119504,0.16395750749169602,-0.06704167319654153,0.010958801445464222
16.603,0.466,0.006651211072158794,0.023680129976999177,0.4660853516560526,0.16413797947582645,-0.06430673056759062,0.011801214227419294
16.623,0.466,0.0067788350373769795,0.023688673958268902,0.46612487162339095,0.16470138236964757,-0.06435076540070979,0.011825435146225227
16.643,0.466,0.0071342690159071865,0.023620467328892503,0.46606863941859517,0.164288529071687,-0.06555486073175111,0.012588824546767989
16.663,0.466,0.0071342690159071865,0.023620467328892503,0.46606863941859517,0.164288529071687,-0.06555486073175111,0.012588824546767989
16.683,0.466,0.007320238290244875,0.02363024351475203,0.46606497887088083,0.16423142844557118,-0.0661021954252428,0.012902137837203322
16.703,0.466,0.007838363412257009,0.023669755852018106,0.46605691038846997,0.1644139203947262,-0.06771583485175775,0.01229274498548312
16.723,0.466,0.007949085754822073,0.023701099863093746,0.4660427933398953,0.16442363316368647,-0.06804755381050363,0.011461239728919383
16.743,0.466,0.00760023215079324,0.023707984154906513,0.4660907301350515,0.16460925603029145,-0.06733145757893527,0.011855597349951029
16.763,0.466,0.00760023215079324,0.023707984154906513,0.4660907301350515,0.16460925603029145,-0.06733145757893527,0.011855597349951029
16.783,0.466,0.0072785585794581135,0.023663027209512605,0.46607219157058655,0.16470075148908106,-0.06620451014060424,0.011793384537274385
16.803,0.466,0.007157784296924638,0.023657659158362626,0.46607170282563115,0.16486792412304602,-0.06578151983337453,0.011914860253292657
16.823,0.466,0.006867031692040242,0.023522531048775337,0.4659487178169681,0.16375994313762246,-0.06493089650528186,0.012816163998596508
16.843,0.466,0.007008125878598037,0.023432610331105757,0.4659521153166589,0.1636920544810243,-0.06546115993358916,0.013411864568583553
16.863,0.466,0.007008125878598037,0.023432610331105757,0.4659521153166589,0.1636920544810243,-0.06546115993358916,0.013411864568583553
16.883,0.466,0.006885394128813272,0.023449392182894185,0.4659058158735493,0.16315775617057734,-0.06498656596140259,0.01350521739996837
16.903,0.466,0.0071166806280565644,0.023484686753309926,0.46589759179242746,0.16309944038890653,-0.06584919522383284,0.01326937744684339
16.923,0.466,0.007328036904566969,0.023395759539927022,0.4658212886984431,0.16251751092411457,-0.06656649208465729,0.012295246066751083
16.943,0.466,0.007457034279926583,0.023376952635266054,0.46583670953752376,0.16248694919473664,-0.06731359639616119,0.011628116239022145
16.963,0.466,0.007457034279926583,0.023376952635266054,0.46583670953752376,0.16248694919473664,-0.06731359639616119,0.011628116239022145
16.983,0.466,0.007301093638004633,0.023331541317579793,0.46580471180680805,0.1619639230905559,-0.06685372297601004,0.01143922733899817
17.003,0.466,0.007010267298043177,0.023448255791407024,0.465887695267527,0.16258466152738815,-0.06603624437948052,0.011699806828448824
17.023,0.466,0.007052314703916409,0.02353539378982682,0.4659325947474965,0.16282133998128273,-0.06630727956711722,0.012292203503123513
17.043,0.466,0.00704940415193189,0.023617102662344975,0.4659813525578894,0.16308168293764502,-0.06629602050073836,0.012868667084613533
17.063,0.466,0.00704940415193189,0.023617102662344975,0.4659813525578894,0.16308168293764502,-0.06629602050073836,0.012868667084613533
17.083,0.466,0.007272468733907126,0.023545754906617627,0.4659294983998458,0.16277549997280694,-0.0668703748450154,0.012322984848111018
17.103,0.466,0.007654968751821991,0.023563577819159298,0.46592025879573545,0.16269915107472724,-0.06818037470844436,0.011686480216225512
17.123,0.466,0.007740103154517043,0.023558263611766488,0.46595563876880136,0.1626752053333148,-0.06877656624615675,0.011152330693280274
17.143,0.466,0.007588071245400965,0.02364355474164204,0.46600938318696705,0.16330054291559076,-0.06843916055327823,0.010447468604851682
17.163,0.466,0.007588071245400965,0.02364355474164204,0.46600938318696705,0.16330054291559076,-0.06843916055327823,0.010447468604851682
17.183,0.466,0.007177398751629763,0.023629506077519454,0.4660683810038889,0.16363595768098108,-0.0674347092171833,0.011111482242099055
17.203,0.466,0.006602749324107204,0.02376253641388263,0.46611527451103035,0.16408438683175824,-0.06533434994417617,0.011148948990164494
17.223,0.466,0.006610625105042705,0.02398180387197047,0.46627463338181924,0.16558678015533868,-0.065540631445402,0.012214556602129433
17.243,0.466,0.006728690333716674,0.023892542016648866,0.4661470654038735,0.16486307277166581,-0.06561601106805605,0.012330371805999385
17.263,0.466,0.006728690333716674,0.023892542016648866,0.4661470654038735,0.16486307277166581,-0.06561601106805605,0.012330371805999385
17.283,0.466,0.007070603804663525,0.02372459726910465,0.4660676667861801,0.1642127063461081,-0.06654997511421645,0.012501610187674159
17.303,0.466,0.007536420780868855,0.023553037763452637,0.46592204067568255,0.16330337494299535,-0.06780942156844776,0.01154621350903441
17.323,0.466,0.008083270589997802,0.02363790947359986,0.46601312090664104,0.16377224739186486,-0.06961019375507367,0.010533506918206004
17.343,0.466,0.007976511436238053,0.023608733054352033,0.4659831184477276,0.16371287276653673,-0.06908785408273319,0.009651949589329937
17.363,0.466,0.00783165377100952,0.023621988683008265,0.4659923257963624,0.16390826047236237,-0.06854919924384857,0.009341477156391205
17.383,0.466,0.00783165377100952,0.023621988683008265,0.4659923257963624,0.16390826047236237,-0.06854919924384857,0.009341477156391205
17.403,0.466,0.007273564267822166,0.02371607782564957,0.4660433257713655,0.16456554649400426,-0.06683730515557997,0.010403248326253726
17.423,0.466,0.007051944405793749,0.023791938407570466,0.4661163136704288,0.16504447430147567,-0.06584451700658833,0.011076080924522707
17.443,0.466,0.007123190777269437,0.02373626318471709,0.4660971296004039,0.16513266127665302,-0.0659357980756531,0.012075636119614054
17.463,0.466,0.007313435764919855,0.023615410260864104,0.4659836902460914,0.16424791102357078,-0.06628470811128673,0.012203631654812913
17.483,0.466,0.007313435764919855,0.023615410260864104,0.4659836902460914,0.16424791102357078,-0.06628470811128673,0.012203631654812913
17.503,0.466,0.007505387333418054,0.023460356392301072,0.4659356332719315,0.16366553803977912,-0.06668860461882507,0.011779294927645784
17.523,0.466,0.007570184186637129,0.023425879707913173,0.4659354364403611,0.16342854463244907,-0.06673169623284843,0.010636536562542657
17.543,0.466,0.007707359682419079,0.023433149979604693,0.4659590663967751,0.16338675710322959,-0.06746157398915827,0.010251413898588402
17.563,0.466,0.007707359682419079,0.023433149979604693,0.4659590663967751,0.16338675710322959,-0.06746157398915827,0.010251413898588402
17.583,0.466,0.007355954709641751,0.02353730336062862,0.46600678376474236,0.16405949730504804,-0.06624541868573093,0.01006511676090218
17.603,0.466,0.007025994194517551,0.023568031562381124,0.46605323489733896,0.1643660530454118,-0.06535647001263567,0.011161113333379514
17.623,0.466,0.006612375493730446,0.02361545652914858,0.4660847219842176,0.1641559757881398,-0.06385967326713403,0.012201393991350467
17.643,0.466,0.0067170008718406456,0.023619393624927414,0.4660503555913579,0.1638351337563105,-0.06393588703584847,0.012902911758263535
17.663,0.466,0.0067170008718406456,0.023619393624927414,0.4660503555913579,0.1638351337563105,-0.06393588703584847,0.012902911758263535
17.683,0.466,0.0072734114457099494,0.023554802230789144,0.4659487378738963,0.16313398807451035,-0.06558385230372514,0.012971864080358615
17.703,0.466,0.007661971296469601,0.023371560075015483,0.4658527530322799,0.16221220254814858,-0.06682625677603247,0.012298770438679175
17.723,0.466,0.007502638278756807,0.02329503857312692,0.46578708132416774,0.16158486205443703,-0.06625495617200443,0.011386827896997359
17.743,0.466,0.007247640519908863,0.02339560235372053,0.4658821251825702,0.1620778832238367,-0.06575950956339555,0.010812427582906882
17.763,0.466,0.00701836597519746,0.02353932144198722,0.4659491120676106,0.16267013559241109,-0.06537361935832599,0.010954580964534177
17.783,0.466,0.00701836597519746,0.02353932144198722,0.4659491120676106,0.16267013559241109,-0.06537361935832599,0.010954580964534177
17.803,0.466,0.006460932478962958,0.023678252173520608,0.46606766216406703,0.1633667395220022,-0.06356075143862217,0.011302700020492077
17.823,0.466,0.0061395255914182935,0.023661921169300628,0.46605523519889197,0.16324832133811118,-0.06263647782862485,0.012376557493587976
17.843,0.466,0.00614296051284967,0.02359331479198037,0.46600868658686745,0.16295047255720113,-0.06243179919524857,0.013062512558037483
17.863,0.466,0.00614296051284967,0.02359331479198037,0.46600868658686745,0.16295047255720113,-0.06243179919524857,0.013062512558037483
17.883,0.466,0.006764163918162914,0.02353711776898673,0.46594956956033406,0.16294412461764418,-0.06443383618935959,0.012897725712170478
17.903,0.466,0.007222119354745103,0.023322498024032835,0.46587807255202157,0.1622815117492538,-0.0659811172256079,0.012252933114032645
17.923,0.466,0.007478660403296778,0.02313805510527648,0.4657848748842224,0.1616589626648924,-0.0671140011978595,0.011442113379092162
17.943,0.466,0.007409127544974392,0.023390762972803757,0.4658978261321571,0.16255346981103858,-0.06709732231432096,0.010482493378642868
17.963,0.466,0.007409127544974392,0.023390762972803757,0.4658978261321571,0.16255346981103858,-0.06709732231432096,0.010482493378642868
17.983,0.466,0.007247504392543124,0.023406765988311373,0.4659405273095462,0.16286979672040675,-0.06685395625604243,0.010196146162388734
18.003,0.466,0.006932360025504994,0.023454523393065505,0.4659830327003741,0.1631172000330858,-0.06560300099839217,0.00998877669026063
18.023,0.466,0.006689161783716756,0.02353202802316655,0.4660542065352421,0.1638258327513614,-0.06502999742398802,0.011121213397611907
18.043,0.466,0.006628243557470195,0.023492117563523433,0.46600098239788573,0.16406415797727483,-0.06498649421677592,0.012263093291431602
18.063,0.466,0.006628243557470195,0.023492117563523433,0.46600098239788573,0.16406415797727483,-0.06498649421677592,0.012263093291431602
18.083,0.466,0.007106697110973145,0.02336778702549824,0.4659488167990604,0.16365603038863397,-0.06635608956868658,0.012610954029861697
18.103,0.466,0.007420068614694559,0.023374526724845045,0.4659209203801397,0.16357491752432218,-0.06750049872455402,0.012389692911978013
18.123,0.466,0.007665913262013611,0.023217446159762255,0.4658095709814346,0.16297508473065156,-0.06835169271619655,0.011565330593294725
18.143,0.466,0.007795296724276088,0.0232534552564976,0.4657936783724562,0.1629901671639702,-0.06884804496682936,0.010317184863965144
18.163,0.466,0.007795296724276088,0.0232534552564976,0.4657936783724562,0.1629901671639702,-0.06884804496682936,0.010317184863965144
18.183,0.466,0.007162409891062406,0.023395789071336156,0.46592168173416965,0.16371462710484658,-0.06692005711903053,0.010232550334000244
18.203,0.466,0.0069698529473945494,0.02342408669918263,0.46594469409360345,0.16401512620247372,-0.06649429706585783,0.01064533195922619
18.223,0.466,0.006678551954532787,0.023505038209604524,0.4660234347459982,0.16460907827919072,-0.06547759517939084,0.011886695159912903
18.243,0.466,0.0066616044017242335,0.02357121975247597,0.4660581421902855,0.16496241504193404,-0.06556346449686697,0.01346937530399098
18.263,0.466,0.007089384949850316,0.023408096881185576,0.4659508412478235,0.16416311595436212,-0.06663356086175541,0.013498434733938726
18.283,0.466,0.007089384949850316,0.023408096881185576,0.4659508412478235,0.16416311595436212,-0.06663356086175541,0.013498434733938726
18.303,0.466,0.007514799272995994,0.023548607904713775,0.46599345139421394,0.16406499205233677,-0.06790990818778789,0.013426719789594414
18.323,0.466,0.007507662023648503,0.02357205730148615,0.4659680294397978,0.16382224443022633,-0.0677881732818926,0.012700908789118873
18.343,0.466,0.0076340103227127976,0.02355130977042622,0.46596076351442817,0.1632909657878353,-0.06810819506574853,0.01128001076716811
18.363,0.466,0.007197581596348225,0.023590579506880344,0.4660477236968274,0.16343417401907553,-0.06658297348771751,0.010771066337002623
18.383,0.466,0.007197581596348225,0.023590579506880344,0.4660477236968274,0.16343417401907553,-0.06658297348771751,0.010771066337002623
18.403,0.466,0.006721535463453315,0.02371565982089164,0.4660706045513277,0.16383707796797586,-0.06504713867293355,0.010838954695936027
18.423,0.466,0.006378299037575419,0.023943504069958915,0.4661815075299357,0.16449366422360737,-0.06364943509907023,0.011350618812080248
18.443,0.466,0.006563439332732809,0.02399016496621205,0.46618370988842284,0.16440890933545343,-0.06431208614586352,0.012095346205223163
18.463,0.466,0.007005999159874485,0.02398052168609264,0.4660950694387772,0.1636847661152255,-0.06592585365543248,0.012729291533808442
18.483,0.466,0.007005999159874485,0.02398052168609264,0.4660950694387772,0.1636847661152255,-0.06592585365543248,0.012729291533808442
18.503,0.466,0.007502378306341592,0.023808578778970385,0.46597044828494993,0.1624253725975145,-0.06769370155981684,0.01235716328696377
18.523,0.466,0.007815463067587344,0.023952378224728555,0.4660081475102017,0.16210550726262415,-0.06888205328131533,0.010995170730659752
18.543,0.466,0.008040431756280355,0.023837424024639977,0.46586165449123496,0.16094181140900307,-0.07000299657624137,0.009596288276537425
18.563,0.466,0.007691301338580099,0.02395157022917068,0.465865399392342,0.16069394959678707,-0.069716055441391,0.009286386076292475
18.583,0.466,0.007691301338580099,0.02395157022917068,0.465865399392342,0.16069394959678707,-0.069716055441391,0.009286386076292475
18.603,0.466,0.007107623314430923,0.024204466551791023,0.465991525046639,0.16138932628149175,-0.06821886247592385,0.009083859990065418
18.623,0.466,0.0066814068864205775,0.02440485350444533,0.46607882363675796,0.16168406794161522,-0.06762724031012399,0.00991219652937849
18.643,0.466,0.005821776614841975,0.02458009978701435,0.4661468442756108,0.16148139959263033,-0.06566665544530942,0.011635852731008584
18.663,0.466,0.005972978855716895,0.02451144029862247,0.4660553510157739,0.16063752830704586,-0.066984888276292,0.01224499732527282
18.683,0.466,0.005972978855716895,0.02451144029862247,0.4660553510157739,0.16063752830704586,-0.066984888276292,0.01224499732527282
18.703,0.466,0.006119161570058957,0.024520766327129385,0.46604097881067125,0.1598539444817948,-0.06807562572592998,0.01199667529988133
18.723,0.466,0.006249465911671251,0.02448668026702171,0.46599942947026246,0.15891622610878398,-0.06945138464230623,0.011472897928141433
18.743,0.466,0.006262208727201898,0.024567357273233295,0.46599362295554403,0.15830375578067918,-0.07060076999109818,0.010381100775245131
18.763,0.466,0.006122096023325412,0.024515020878016144,0.46590599038494174,0.1574117998880269,-0.07141284825497433,0.009826402533865977
18.783,0.466,0.006122096023325412,0.024515020878016144,0.46590599038494174,0.1574117998880269,-0.07141284825497433,0.009826402533865977
18.803,0.466,0.005481185173929919,0.02470109029684647,0.46600762251750666,0.15763682605677715,-0.07044282345085248,0.009633093066198544
18.823,0.466,0.004963282260508162,0.0247672176299482,0.46605628097940294,0.15739033793007493,-0.06984100655822216,0.00987267347757568
18.843,0.466,0.004870085523522058,0.024741522778297016,0.4659921191277603,0.15656277561079768,-0.07086565241868388,0.010754875633009336
18.863,0.466,0.004847887072692864,0.024803177494229726,0.4659602557291086,0.15588478021941352,-0.07191590196240416,0.011357398926990078
18.883,0.466,0.004847887072692864,0.024803177494229726,0.4659602557291086,0.15588478021941352,-0.07191590196240416,0.011357398926990078
18.903,0.466,0.0052092727464094326,0.024813617874677275,0.46595698923185785,0.15514777833953003,-0.07414219605364779,0.01117458361895497
18.923,0.466,0.005403799179686729,0.024748608390405345,0.46589481167289115,0.15371457320071058,-0.0761676786314816,0.011098530181655112
18.943,0.466,0.004867187352336271,0.024694341621499288,0.46581070460464924,0.15222507914226852,-0.07566164867135247,0.010299028710798335
18.963,0.466,0.004598146949275759,0.024684278121519788,0.4657873304041895,0.15124062088461687,-0.07606217486549961,0.009288240598349387
18.983,0.466,0.004598146949275759,0.024684278121519788,0.4657873304041895,0.15124062088461687,-0.07606217486549961,0.009288240598349387
19.003,0.466,0.0039651828334203105,0.024810140057283003,0.46582377300235867,0.1508763526928486,-0.07548537208279574,0.008960139494809944
19.023,0.466,0.0031238849687892163,0.02509190166353669,0.4659440597941376,0.15120718982937578,-0.07431390668723482,0.010039119765157025
19.043,0.466,0.002798443001785869,0.025178840478240476,0.4659420900666815,0.1507378894802322,-0.07452611524593472,0.01059909531062504
19.063,0.466,0.002510533846626051,0.025362588292600574,0.4659721961452666,0.15024423139820228,-0.07486079006459682,0.011595265565926154
19.083,0.466,0.002510533846626051,0.025362588292600574,0.4659721961452666,0.15024423139820228,-0.07486079006459682,0.011595265565926154
19.103,0.466,0.0022039346127733115,0.02540212517752079,0.46592693454844314,0.1487620485303255,-0.07511568845483932,0.01254729141812432
19.123,0.466,0.0019448507855312246,0.025508825216124874,0.4658979583948984,0.14731362194278433,-0.0754193304166666,0.01265084304958187
19.143,0.466,0.002243448172609293,0.025435793464405585,0.46581783038050106,0.1455877936267262,-0.07787945358006806,0.011872398572150226
19.163,0.466,0.0018759165755494651,0.025475849972252166,0.46575882846873057,0.14452158354057773,-0.07772454745839742,0.010545290490584147
19.183,0.466,0.0018759165755494651,0.025475849972252166,0.46575882846873057,0.14452158354057773,-0.07772454745839742,0.010545290490584147
19.203,0.466,-0.0014237131869544,0.025296586614585732,0.46501581255320334,0.14153246580165002,-0.07266997790461668,0.010136605230257141
19.223,0.466,-0.000820235354568906,0.026286074555874374,0.4652381454591388,0.1441683042289185,-0.07594024491688026,0.008867209001522774
19.243,0.466,-0.0022301066008432813,0.0261416425810106,0.4652023918921485,0.14297414949610035,-0.0712919539047522,0.008832475051643578
19.263,0.466,-0.002180881723987801,0.02673900464733863,0.46514154071278413,0.14376077145358188,-0.072334128037236,0.011763649370606673
19.283,0.466,-0.002180881723987801,0.02673900464733863,0.46514154071278413,0.14376077145358188,-0.072334128037236,0.011763649370606673
19.303,0.466,-0.003488328257325277,0.026794716756506746,0.46504524139831815,0.14167365766383705,-0.06861131332780626,0.014305992183844011
19.323,0.466,-0.006328918430303886,0.026102522069088457,0.46468538338787496,0.1356402036095517,-0.05889639390984237,0.01392869680280962
19.343,0.466,-0.007257579034856132,0.026122511429175627,0.464569935878626,0.13442298767301575,-0.05717770078846082,0.012363204527032566
19.363,0.466,-0.007446937818832666,0.026585014246484764,0.4645045886724939,0.13385482606161125,-0.05839300886865262,0.01014236686837531
19.383,0.466,-0.007446937818832666,0.026585014246484764,0.4645045886724939,0.13385482606161125,-0.05839300886865262,0.01014236686837531
19.403,0.466,-0.00574829413451796,0.027792738018885883,0.4645535915170267,0.13797696523138073,-0.0666631403175723,0.008087325636600098
19.423,0.466,-0.008688495166937434,0.027429256839495653,0.464350882058843,0.13468657347128293,-0.05796203969240647,0.011425795774032257
19.443,0.466,-0.007701323833611549,0.02851205156197299,0.4645663729808501,0.13725862918427584,-0.062242295503179966,0.009786749344893967
19.463,0.466,-0.008852656869955042,0.028596952635172423,0.46443303988497187,0.13538919133068364,-0.059552755712798076,0.011970174142040605
19.483,0.466,-0.008852656869955042,0.028596952635172423,0.46443303988497187,0.13538919133068364,-0.059552755712798076,0.011970174142040605
19.503,0.466,-0.009594396108131405,0.028549926658817962,0.4642143150261848,0.13348358808015678,-0.05866666699238663,0.014969769612954919
19.523,0.466,-0.011767895009609373,0.027908964686129852,0.4639403310993895,0.12843526664275978,-0.05167485479129108,0.01308646055798411
19.543,0.466,-0.012387444542468318,0.027924338459145916,0.4638771737486148,0.12573896216292324,-0.050098486183178435,0.009342145734973785
19.563,0.466,-0.011956275134213424,0.028376488508590526,0.4637962341912763,0.126212253133865,-0.053601563144963844,0.008431787369477646
19.583,0.466,-0.011956275134213424,0.028376488508590526,0.4637962341912763,0.126212253133865,-0.053601563144963844,0.008431787369477646
19.603,0.466,-0.013277222942832295,0.028342819258422608,0.46358152255225205,0.12415896726879642,-0.05072339201869501,0.008611126456012174
19.623,0.466,-0.014883680884533824,0.028585753910682896,0.4635262371034904,0.12151402533517544,-0.04701101216458581,0.007581529872613645
19.643,0.466,-0.015588118199903245,0.029237555135272517,0.46354160757119733,0.12083646580253987,-0.0468401369776963,0.0071232582843706385
19.663,0.466,-0.01329790430566985,0.029619688628683694,0.463186198742222,0.11018330741636277,-0.06792913755537121,0.011348402962623641
19.683,0.466,-0.01329790430566985,0.029619688628683694,0.463186198742222,0.11018330741636277,-0.06792913755537121,0.011348402962623641
19.703,0.466,-0.013916760756476052,0.029929085740166974,0.4632311264680456,0.10541488858478336,-0.06869425962232453,0.008514215374742555
19.723,0.466,-0.016626050028097274,0.030625740253528693,0.4633914847765927,0.10209252307679076,-0.06401536274622989,0.008539843512518993
19.743,0.466,-0.01607668158784108,0.03174671008668884,0.46406481593144855,0.10239794107081292,-0.06952621890312383,0.004475051160289911
19.763,0.466,-0.019678925230005438,0.03211620161051331,0.4633148762305645,0.09368739829846509,-0.06224947765537185,0.002442032958233905
19.783,0.466,-0.019678925230005438,0.03211620161051331,0.4633148762305645,0.09368739829846509,-0.06224947765537185,0.002442032958233905
19.803,0.466,-0.017912972230152313,0.032662276069723245,0.4633616105262662,0.08956615040666226,-0.07426734248452298,0.0001476398887342202
19.823,0.466,-0.018763368271677735,0.03223307575885151,0.4628827722695562,0.08379273569430339,-0.0781234553109236,0.0017150816828794043
19.843,0.466,-0.019059997555239752,0.032928753585999664,0.462429660137794,0.0767778218527253,-0.0840903652233705,0.0017976684042724594
19.863,0.466,-0.021367272709709548,0.0334908925310405,0.4619939068588118,0.0705094688337932,-0.0831913909907027,0.0037793869947252354
19.883,0.466,-0.021367272709709548,0.0334908925310405,0.4619939068588118,0.0705094688337932,-0.0831913909907027,0.0037793869947252354
19.903,0.466,-0.023332748621224485,0.03443788182437692,0.46218653766451673,0.06607612398029752,-0.08354394618059578,0.003774269592294041
19.923,0.466,-0.02326827977928665,0.03419317842192722,0.4618535104065559,0.0574846710497757,-0.0901843529899195,-0.00041902446406754073
19.943,0.466,-0.024448152752266382,0.0347921344195188,0.4615973277302186,0.05123602715159863,-0.09292381574437254,-0.0024785503728685324
19.963,0.466,-0.024082026459312098,0.034074607031198786,0.46121773856042486,0.04215836726691455,-0.10035878632457478,-0.003660879762632488
19.983,0.466,-0.024082026459312098,0.034074607031198786,0.46121773856042486,0.04215836726691455,-0.10035878632457478,-0.003660879762632488
20.003,0.466,-0.026224027464124007,0.03554126435285393,0.46125306668155613,0.03842363434159485,-0.09830429643930337,-0.005483570697354043
20.023,0.466,-0.030120744232040305,0.0357113516970851,0.46048699246233615,0.032168040575989876,-0.09109287303158092,-0.005148445944773874
20.043,0.466,-0.031066439537184316,0.036468026427857916,0.46024748627686735,0.022893774730516868,-0.09669640225738052,-0.0017629019405616055
20.063,0.466,-0.031061320008780337,0.036202480811289975,0.4598531210393723,0.017608993509697343,-0.10228775014793814,-0.005179003675143307
20.083,0.466,-0.031061320008780337,0.036202480811289975,0.4598531210393723,0.017608993509697343,-0.10228775014793814,-0.005179003675143307
20.103,0.466,-0.0322782200872383,0.03841995405558265,0.4604300769452474,0.01789677889042602,-0.10406365481585664,-0.008610384483990164
20.123,0.466,-0.031096951460360216,0.03863361755910458,0.46038158141712404,0.011289933949936617,-0.11394709972980456,-0.009269963690227527
20.143,0.466,-0.03183770993073484,0.03940080530079696,0.4603761791518696,0.010855926294820213,-0.11726704050043711,-0.005543862101801191
20.163,0.466,-0.034558034707465456,0.03957488584960577,0.4595518785155886,0.004639993896497858,-0.110713873391968,-0.004173306083585602
20.183,0.466,-0.034558034707465456,0.03957488584960577,0.4595518785155886,0.004639993896497858,-0.110713873391968,-0.004173306083585602
20.203,0.466,-0.03326048461840147,0.03940255739110954,0.4594495446469326,-0.0033254799765104225,-0.11925723084122906,-0.0005631511787806623
20.223,0.466,-0.03530440267277051,0.03934790297131292,0.45940229746033184,-0.004055513929182133,-0.11350724700828797,-0.005752553117421813
20.243,0.466,-0.04034639440683373,0.04000681267735448,0.45908559083694084,-0.0031498305126444193,-0.09673032443895646,-0.014930091050528777
20.263,0.466,-0.04147912640504398,0.03973290961642217,0.4586695427418159,-0.0107816491554691,-0.09607544609033222,-0.021917634865113743
20.283,0.466,-0.04147912640504398,0.03973290961642217,0.4586695427418159,-0.0107816491554691,-0.09607544609033222,-0.021917634865113743
20.303,0.466,-0.04107015808324183,0.03714969782849347,0.4573635839831277,-0.02060881130810265,-0.09962597638479083,-0.02859908863865564
20.323,0.466,-0.042247999375869136,0.03879555283358961,0.4582352195651077,-0.017437708657720173,-0.09784132967589586,-0.032841335487896965
20.343,0.466,-0.0430217426089438,0.03921450924706641,0.45799203227273866,-0.02302336406311427,-0.09925412606711949,-0.028001752352268757
20.363,0.466,-0.038299113847877535,0.040174202999935474,0.458964533727422,-0.026354473192230075,-0.11881980387135796,-0.024001391525961643
20.383,0.466,-0.038299113847877535,0.040174202999935474,0.458964533727422,-0.026354473192230075,-0.11881980387135796,-0.024001391525961643
20.403,0.466,-0.04138040904035115,0.040638389068259895,0.4583864239012097,-0.031180696792593287,-0.11171871476958732,-0.020906444607334713
20.423,0.466,-0.04185172649951833,0.04034202105588831,0.458054019723247,-0.03663272549164593,-0.11325347797299415,-0.023145823114342042
20.443,0.466,-0.041052840310661816,0.03864876889704044,0.4572601048862441,-0.04323870856406484,-0.12067704218012006,-0.02295402713384935
20.463,0.466,-0.04239391489740251,0.039040472005042404,0.45709252831293073,-0.05066049928713325,-0.1170216700949328,-0.02940124663841754
20.483,0.466,-0.04239391489740251,0.039040472005042404,0.45709252831293073,-0.05066049928713325,-0.1170216700949328,-0.02940124663841754
20.503,0.466,-0.043623627039762095,0.04090111663544819,0.45783628214858263,-0.04914492756469057,-0.11546342339514325,-0.03511163000677218
20.523,0.466,-0.04356518576841091,0.04059781532158269,0.45747495354425166,-0.054207820160134666,-0.11586864603641764,-0.044637963571773305
20.543,0.466,-0.045109445994926854,0.04114823803843469,0.4574284577443862,-0.05494373534315734,-0.11564893401599331,-0.04694713200280047
20.563,0.466,-0.04783561524862384,0.0415111460205482,0.45659333978957123,-0.06048815942998463,-0.11392214908248918,-0.04710971174221406
20.583,0.466,-0.04783561524862384,0.0415111460205482,0.45659333978957123,-0.06048815942998463,-0.11392214908248918,-0.04710971174221406
20.603,0.466,-0.04774806156096025,0.04187273899928317,0.45621080456084745,-0.06642860338599144,-0.11589654628891681,-0.0527467735947409
20.623,0.466,-0.048124646373775955,0.04293602690168467,0.4561083661364596,-0.06902443757726111,-0.11822156907882131,-0.049726785126884915
20.643,0.466,-0.049609713049442325,0.04335720494133251,0.45599950977000236,-0.06871462853546727,-0.11694561591131603,-0.04425841765333378
20.663,0.466,-0.05039222578025081,0.04402733405061809,0.45560835466887717,-0.0770010020520704,-0.11800359826782153,-0.039392383483353714
20.683,0.466,-0.05039222578025081,0.04402733405061809,0.45560835466887717,-0.0770010020520704,-0.11800359826782153,-0.039392383483353714
20.703,0.466,-0.04948372607200625,0.04350018006968065,0.45523698207715785,-0.08453719474455096,-0.1225428114778569,-0.0423840718750175
20.723,0.466,-0.05076709294263412,0.04396755738566429,0.4553064238903764,-0.08724726632004517,-0.12024256883946478,-0.048434898378829236
20.743,0.466,-0.050578474134392426,0.04475537641931691,0.4552001608632898,-0.09173755924442888,-0.12642468477360008,-0.05604388415840128
20.763,0.466,-0.054110177103474516,0.04595243866485552,0.45553980600468746,-0.08828061863418069,-0.11590365417113145,-0.0667481614741866
20.783,0.466,-0.054110177103474516,0.04595243866485552,0.45553980600468746,-0.08828061863418069,-0.11590365417113145,-0.0667481614741866
20.803,0.466,-0.05731635480535892,0.04561417827147265,0.4543767213614067,-0.08949233683769935,-0.10727777098076256,-0.07211945484066921
20.823,0.466,-0.05256606368749616,0.045849219730405004,0.45503944074448716,-0.09461589313022255,-0.12536464767418776,-0.07452057177816919
20.843,0.466,-0.05882823194210548,0.04553059448613387,0.45469943563830784,-0.08591163365492716,-0.09848946004209044,-0.06497805605416793
20.863,0.466,-0.05696936723635571,0.04603915768405226,0.4547740578742844,-0.08699644364469195,-0.1063650851315115,-0.06484420453016242
20.883,0.466,-0.05696936723635571,0.04603915768405226,0.4547740578742844,-0.08699644364469195,-0.1063650851315115,-0.06484420453016242
20.903,0.466,-0.05828498610756448,0.04597178966755498,0.45410048920315543,-0.09123420973638285,-0.10301908917706959,-0.059376937789657115
20.923,0.466,-0.05535375856828228,0.04666592226287271,0.45498518431709073,-0.08945708892390364,-0.11290172803235042,-0.0631336241649947
20.943,0.466,-0.05562060199504367,0.046604836180708854,0.4546983724737217,-0.0919685538136794,-0.11369488617843704,-0.06303984165662499
20.963,0.466,-0.05666141578970403,0.04649228862376856,0.45420727430891406,-0.09308179511610197,-0.11055026403718914,-0.06439800292616613
20.983,0.466,-0.05666141578970403,0.04649228862376856,0.45420727430891406,-0.09308179511610197,-0.11055026403718914,-0.06439800292616613
21.003,0.466,-0.05773144521734781,0.046276986415764776,0.4536863056883615,-0.09393684192370433,-0.10691313434042454,-0.06421781137296752
21.023,0.466,-0.05844781605125944,0.04600423398589606,0.453068431892976,-0.09462801226059052,-0.10330118624339894,-0.06430956799468934
21.043,0.466,-0.06602406031920527,0.050416547398573784,0.4517563180256546,-0.0763706064119967,-0.06874140087266692,-0.07131958373771324
21.063,0.466,-0.06926941417373038,0.050680747079913775,0.4504895707733001,-0.06914740755698726,-0.05229634729873765,-0.06931379570662419
21.083,0.466,-0.06926941417373038,0.050680747079913775,0.4504895707733001,-0.06914740755698726,-0.05229634729873765,-0.06931379570662419
21.103,0.466,-0.06278201990654295,0.04801692995571564,0.4513177582235613,-0.06705857766945784,-0.05675264122176925,-0.059334131999028324
21.123,0.466,-0.06883094624747758,0.04838587644667026,0.4499178731724006,-0.05781929138974659,-0.024244412656970353,-0.05435510835902279
21.143,0.466,-0.07294949681159585,0.05071785611344113,0.45058542590207723,-0.038936910261699376,0.0005131604702798661,-0.0570736750629195
21.163,0.466,-0.07184155363518217,0.049197117399526015,0.4504697185917551,-0.031897900311527685,0.005764714722555591,-0.06236314265758319
21.183,0.466,-0.07184155363518217,0.049197117399526015,0.4504697185917551,-0.031897900311527685,0.005764714722555591,-0.06236314265758319
21.203,0.466,-0.07754245813585814,0.04880635228864666,0.4487265401154966,-0.025504507025395383,0.03195210547781716,-0.06788857958318045
21.223,0.466,-0.07724919804789962,0.04896891152428049,0.4489613543668176,-0.013846545445274127,0.04400159337847332,-0.08006392771578011
21.243,0.466,-0.07538345905463917,0.048106272864730855,0.4493232653300704,-0.008594288689228388,0.04735689248052111,-0.07325464631089597
21.263,0.466,-0.07712853907859131,0.047248365740458174,0.44896903205203476,-0.0032186143278761436,0.0651820555644639,-0.06698949449080886
21.283,0.466,-0.07712853907859131,0.047248365740458174,0.44896903205203476,-0.0032186143278761436,0.0651820555644639,-0.06698949449080886
21.303,0.466,-0.07858868781012164,0.0487069285655214,0.4491461386569714,0.0035507586365269217,0.08143461409103807,-0.05632632587592652
21.323,0.466,-0.07992240099247057,0.04851842207520568,0.44886538910098184,0.00921946658204251,0.10209990935259675,-0.05261726548171715
21.343,0.466,-0.07904183567017645,0.048187802395446094,0.4491457395513336,0.017337237847381542,0.10895181768822272,-0.05072167547154298
21.363,0.466,-0.07584304012734518,0.0465710443917293,0.448752247980287,0.016866189759977192,0.10742861423323882,-0.05589973954826502
21.383,0.466,-0.07584304012734518,0.0465710443917293,0.448752247980287,0.016866189759977192,0.10742861423323882,-0.05589973954826502
21.403,0.466,-0.07557667094736892,0.04565055708222929,0.4488720279269559,0.02912544228780267,0.11763658609322593,-0.06212506277919491
21.423,0.466,-0.07853284699130098,0.046515301772062555,0.4489419475607107,0.039776943594933126,0.13870042023564982,-0.06534261723221939
21.443,0.466,-0.0795796309698664,0.046849638030450315,0.4485752314296864,0.04925897587746332,0.15310805235725777,-0.058996926685448335
21.463,0.466,-0.08217067563780915,0.04579336853305505,0.44681217364652165,0.0513035311770274,0.176056249944823,-0.05426238130017272
21.483,0.466,-0.08217067563780915,0.04579336853305505,0.44681217364652165,0.0513035311770274,0.176056249944823,-0.05426238130017272
21.503,0.466,-0.08423687036877427,0.047549480921294775,0.44715874954835594,0.06414368375982513,0.19681124953393356,-0.05296801624013847
21.523,0.466,-0.08667628005633064,0.046694717829045315,0.4462516234679329,0.06700488596491466,0.21522938448222437,-0.052196956158924016
21.543,0.466,-0.08939303973732579,0.04842637269971323,0.44655638484372656,0.07933692512685657,0.23537432711217265,-0.06423771859463329
21.563,0.466,-0.09129481178330849,0.04866331719427812,0.4460068590846073,0.08197238864004666,0.24719884758667793,-0.06963969321656921
21.583,0.466,-0.09129481178330849,0.04866331719427812,0.4460068590846073,0.08197238864004666,0.24719884758667793,-0.06963969321656921
21.603,0.466,-0.08895585921911965,0.04865322684527417,0.44597000148638405,0.08505558521612487,0.24287168052179275,-0.06558268127639082
21.623,0.466,-0.0923312453472728,0.049912300007989276,0.44554593900015627,0.09332838269263824,0.2609944708455405,-0.055343476241077445
21.643,0.466,-0.09252494134714496,0.04891569573830791,0.44463756504156776,0.09162952694836977,0.2684795414317104,-0.049711034075361434
21.663,0.466,-0.0941151080611108,0.050308197490154805,0.4447557754764317,0.09746254967191842,0.27702209023525676,-0.04527338956737416
21.683,0.466,-0.0941151080611108,0.050308197490154805,0.4447557754764317,0.09746254967191842,0.27702209023525676,-0.04527338956737416
21.703,0.466,-0.09347276628783892,0.04997115106341639,0.44448940454386243,0.09702953405364273,0.2755245656787659,-0.04421125881945388
21.723,0.466,-0.09547748809546612,0.05125844217115867,0.44414649719666643,0.10388463752049036,0.28636281882127934,-0.046831562868137736
21.743,0.466,-0.09907339235034637,0.05140440707540832,0.4428284852434432,0.10734619352435402,0.3068348772050302,-0.04399675822101906
21.763,0.466,-0.10353509670458247,0.05256372759236015,0.44127526896077274,0.11390924543293378,0.3307749798968189,-0.03481463996489686
21.783,0.466,-0.10353509670458247,0.05256372759236015,0.44127526896077274,0.11390924543293378,0.3307749798968189,-0.03481463996489686
21.803,0.466,-0.1069968996167373,0.05473555645080807,0.4407487316561067,0.1276659228013167,0.350329080917115,-0.027664828439475448
21.823,0.466,-0.10990039662539748,0.055319213956770606,0.4395588260805357,0.13522965922433383,0.3664752921806866,-0.03153828423922721
21.843,0.466,-0.11135794511342988,0.05633326749602778,0.4391458046177582,0.14412560972980254,0.3760618380908262,-0.04056799433227249
21.863,0.466,-0.11214845001866033,0.05605090567751843,0.4385211619818677,0.15234874831866727,0.3858433945612517,-0.046784982337827075
21.883,0.466,-0.11214845001866033,0.05605090567751843,0.4385211619818677,0.15234874831866727,0.3858433945612517,-0.046784982337827075
21.903,0.466,-0.11687987027935474,0.05634666898602098,0.43681647398538526,0.15866839950816122,0.41178252069114,-0.0422491028701176
21.923,0.466,-0.119483997148611,0.059608741363962964,0.43704468537080543,0.18034293416121466,0.4333233095313082,-0.029139652398219418
21.943,0.466,-0.12285148252635178,0.05881560773676308,0.4351947506272221,0.1872721332271115,0.45958899767824335,-0.018110190788850806
21.963,0.466,-0.12468754919306847,0.05901007070637037,0.4343522322458244,0.20037541165252534,0.47896218807959756,-0.011741936958906149
21.983,0.466,-0.12468754919306847,0.05901007070637037,0.4343522322458244,0.20037541165252534,0.47896218807959756,-0.011741936958906149
22.003,0.466,-0.12897923699942554,0.059415910646954666,0.4330412691912888,0.20850086789307512,0.5069588777889708,-0.00901614294625694
22.023,0.466,-0.12849457111123858,0.059475990363864716,0.43342004683471164,0.22825649115646968,0.51995679037879,-0.010061318381869138
22.043,0.466,-0.13143433099061108,0.05893932174097974,0.43240138898575453,0.23973873292163395,0.5479867278462204,-0.007899180635321846
22.063,0.466,-0.1320750723218504,0.05891548802767015,0.43264607084115286,0.2552181962177412,0.566959687449876,-0.008976662807949355
22.083,0.466,-0.1320750723218504,0.05891548802767015,0.43264607084115286,0.2552181962177412,0.566959687449876,-0.008976662807949355
22.103,0.466,-0.13374070742116018,0.05764561563533906,0.4324432434329772,0.2649190364226231,0.5875529450403775,-0.013396485281816908
22.123,0.466,-0.1317978332832511,0.0577810901983132,0.433576183668973,0.28051482029224034,0.5943192238278776,-0.019618958432845876
22.143,0.466,-0.13292370243620583,0.056945922357465574,0.433637811132187,0.29239905611981404,0.6123859235003647,-0.020938453949995755
22.163,0.466,-0.13296584113142837,0.05660675686453478,0.43409872456519366,0.3073876619930076,0.6271724878550807,-0.015455521628464045
22.183,0.466,-0.13296584113142837,0.05660675686453478,0.43409872456519366,0.3073876619930076,0.6271724878550807,-0.015455521628464045
22.203,0.466,-0.13331826806359148,0.05639855879715834,0.43375549005623504,0.3173430551674942,0.6426590085653359,-0.0022263294991091112
22.223,0.466,-0.13537088319640306,0.05587437294572963,0.4331871740343147,0.3259225462827373,0.6687562701032342,-0.0028888071886356502
22.243,0.466,-0.13381163259217305,0.05679767304711659,0.4339406154023254,0.33999463409015346,0.6767898276954178,-0.009244835715316018
22.263,0.466,-0.13519466555253426,0.056588837855979374,0.43372793283628963,0.34549103782982094,0.6950448578583045,-0.014875018544020084
22.283,0.466,-0.13519466555253426,0.056588837855979374,0.43372793283628963,0.34549103782982094,0.6950448578583045,-0.014875018544020084
22.303,0.466,-0.13617014302346597,0.057302569301387205,0.4336575275498189,0.35399095906466166,0.7095833687166655,-0.011613751406131637
22.323,0.466,-0.13818145907586638,0.05733524857326496,0.4330983993702126,0.35681353535450494,0.7311060948175709,-0.0032362268503840722
22.343,0.466,-0.13938540775501793,0.05768747927799536,0.43314529545216895,0.36057600434929354,0.7456798106775685,0.008461629212712537
22.363,0.466,-0.14150828026916987,0.05729103624417446,0.43293039852983434,0.3606325406908324,0.7593019550524187,0.016721320138169453
22.383,0.466,-0.14150828026916987,0.05729103624417446,0.43293039852983434,0.3606325406908324,0.7593019550524187,0.016721320138169453
22.403,0.466,-0.13876910163168202,0.05799907542096906,0.4333370388340464,0.3636809260128112,0.7544860153758801,0.019270064235212454
22.423,0.466,-0.14045697961583276,0.05857618869609927,0.43259875804096276,0.36444917999896614,0.7683797321924781,0.021719302795605713
22.443,0.466,-0.1432301056242881,0.060168093882617624,0.4318590184363983,0.37087758940334364,0.7881299635153425,0.025172484185808953
22.463,0.466,-0.14615961581855666,0.06190345051022609,0.4310466867019821,0.37999445208547544,0.8072450842033784,0.04022731812646152
22.483,0.466,-0.14615961581855666,0.06190345051022609,0.4310466867019821,0.37999445208547544,0.8072450842033784,0.04022731812646152
22.503,0.466,-0.14978813312550812,0.06225624842653903,0.4290871978057714,0.3819915380378139,0.834288577435956,0.05042519669249517
22.523,0.466,-0.15118165192083444,0.0634064917925186,0.42789630947866747,0.39157041904944984,0.8521503008252077,0.053753071785760415
22.543,0.466,-0.15289174728164612,0.06552495206543646,0.42729454787149856,0.40431984578967056,0.8691583067897324,0.05462326097214515
22.563,0.466,-0.15824485325654553,0.06646311674675082,0.42576017952708844,0.41279176461749145,0.9033697261690001,0.05827853629648276
22.583,0.466,-0.15824485325654553,0.06646311674675082,0.42576017952708844,0.41279176461749145,0.9033697261690001,0.05827853629648276
22.603,0.466,-0.15981639625752628,0.06644135812565319,0.4247355910680789,0.4209622507137251,0.9218431986545033,0.0664784563922125
22.623,0.466,-0.16144132917504864,0.06636815639087171,0.424807134572071,0.42958573162390823,0.9374476503194771,0.0767811835195086
22.643,0.466,-0.1612453908387932,0.06670958259680705,0.42576412132431424,0.4439178557288427,0.9481501814106277,0.08460166664853892
22.663,0.466,-0.16223063567683518,0.06677471228582817,0.42633197825534136,0.45514383801213304,0.9637477274179388,0.09138038657521745
22.683,0.466,-0.16223063567683518,0.06677471228582817,0.42633197825534136,0.45514383801213304,0.9637477274179388,0.09138038657521745
22.703,0.466,-0.16211281699678753,0.06410435948229337,0.4264405147356578,0.4597663716047354,0.9734783624785505,0.08542000307206803
22.723,0.466,-0.16144121085285845,0.06407994257134947,0.42808718779657323,0.47547860159482214,0.9801063848220047,0.0800739869082741
22.743,0.466,-0.15867226759835823,0.06361727154907029,0.42970001708512845,0.48936762938340234,0.9804146573037578,0.0744316888049309
22.763,0.466,-0.15802412400834423,0.06294369823861391,0.43058414734132777,0.5053389497933847,0.9895062585425267,0.07662850273594174
22.783,0.466,-0.15802412400834423,0.06294369823861391,0.43058414734132777,0.5053389497933847,0.9895062585425267,0.07662850273594174
22.803,0.466,-0.15768131514495096,0.06209705956176757,0.43106071390530537,0.5193915475733093,1.0029198406947992,0.08099076301174148
22.823,0.466,-0.15754252233060725,0.06185879151174531,0.43189492581184086,0.5324432463263847,1.014058689323317,0.08344632219200525
22.843,0.466,-0.15734960214092136,0.06081185781341404,0.43247221776289374,0.5438154797943956,1.024072380031173,0.08090439711850089
22.863,0.466,-0.15754603316392043,0.060246302065681455,0.4328721044483378,0.5563361627904206,1.0402046404976377,0.07986197439860496
22.883,0.466,-0.15754603316392043,0.060246302065681455,0.4328721044483378,0.5563361627904206,1.0402046404976377,0.07986197439860496
22.903,0.466,-0.15882027039005245,0.059872539578918346,0.43340444377428067,0.5668345638875285,1.056430498172384,0.08884493050806956
22.923,0.466,-0.15724652244560602,0.05867458583759788,0.4340057826188734,0.5737694315103391,1.0597890913964543,0.09297815722202613
22.943,0.466,-0.1572444750703157,0.058480140157571504,0.43419077205300943,0.5810358331613693,1.0692039693759423,0.09966278952083894
22.963,0.466,-0.15911750164308208,0.059804523254401894,0.43436314969821416,0.5938477680610015,1.0852945511570942,0.11689696910453631
22.983,0.466,-0.15911750164308208,0.059804523254401894,0.43436314969821416,0.5938477680610015,1.0852945511570942,0.11689696910453631
23.003,0.466,-0.16052031698082095,0.05967687974103196,0.43412215374636137,0.6017336562215869,1.1004165720088503,0.1378095198959369
23.023,0.466,-0.15932749909605562,0.05908956919471325,0.43384146140195495,0.6067260422038953,1.1050645580625411,0.14615443413756998
23.043,0.466,-0.1600875952989201,0.05931741078275561,0.4334323814382817,0.6138254150735425,1.118519456347124,0.14310152741270948
23.063,0.466,-0.16187869524469428,0.05997386526769304,0.4333233774836721,0.6210340113098504,1.1336092114926073,0.13310395548452644
23.083,0.466,-0.16187869524469428,0.05997386526769304,0.4333233774836721,0.6210340113098504,1.1336092114926073,0.13310395548452644
23.103,0.466,-0.16299951207778404,0.060611898507774264,0.43322077857458297,0.6293711607869997,1.1469174069721864,0.12993396926508388
23.123,0.466,-0.16321059242161223,0.06136684558312125,0.4328305279932915,0.6361831723642145,1.156763153251507,0.14212598154148226
23.143,0.466,-0.16562583128571973,0.061387460415401614,0.4328805709166756,0.6385686130115944,1.1714051140632913,0.15644279562916819
23.163,0.466,-0.16545047750579384,0.06160529418614919,0.43337622310670715,0.6427109101627436,1.1761470742661433,0.1573089102151692
23.183,0.466,-0.16545047750579384,0.06160529418614919,0.43337622310670715,0.6427109101627436,1.1761470742661433,0.1573089102151692
23.203,0.466,-0.16508810006089747,0.06349670560259038,0.4338802563398549,0.6525375293114659,1.1824590184400998,0.15629779970329924
23.223,0.466,-0.16647152672150725,0.06427631528016696,0.4336195594610959,0.6590768477266259,1.1972400023480754,0.16199097132280885
23.243,0.466,-0.16724524297653487,0.06463380264750915,0.4334073561870229,0.6639707580442603,1.2091637939528237,0.17480323816563406
23.263,0.466,-0.1681219748167925,0.06471673414429778,0.4329510140225943,0.6659022985542705,1.2226560838507676,0.18081889870339263
23.283,0.466,-0.1681219748167925,0.06471673414429778,0.4329510140225943,0.6659022985542705,1.2226560838507676,0.18081889870339263
23.303,0.466,-0.16953893171302528,0.06510682909899632,0.432821101576533,0.6708077741731712,1.2386419474287014,0.17607004215765168
23.323,0.466,-0.17035914572931748,0.0655017448111649,0.4325612444309558,0.678117062909986,1.2531126645101027,0.1758675712949632
23.343,0.466,-0.17277077727721404,0.06616415904370967,0.43237256062284574,0.6835202420999723,1.2713989779190082,0.19140945200845597
23.363,0.466,-0.17344183739576266,0.06620140501034352,0.43254963624825216,0.6898407232978684,1.2822199613988188,0.20360779060316392
23.383,0.466,-0.17344183739576266,0.06620140501034352,0.43254963624825216,0.6898407232978684,1.2822199613988188,0.20360779060316392
23.403,0.466,-0.1730175883598215,0.06597886775786047,0.43280269580524683,0.6947380097077306,1.2892900561922733,0.20643593140674124
23.423,0.466,-0.17289689151920734,0.06654342617337503,0.4333494680206468,0.702625677467659,1.297627704515752,0.2059914754681791
23.443,0.466,-0.17413466254025567,0.06613602870362821,0.4332712799157213,0.7091748027756499,1.3124244905162465,0.20897117648146374
23.463,0.466,-0.17393585412946425,0.06736483487706028,0.43385573294887947,0.7212195862981229,1.3236366879236547,0.21347233080647515
23.483,0.466,-0.17393585412946425,0.06736483487706028,0.43385573294887947,0.7212195862981229,1.3236366879236547,0.21347233080647515
23.503,0.466,-0.1732094609996718,0.06685578363712032,0.4342791264506874,0.7283588748328181,1.3310918712349482,0.2116024928718763
23.523,0.466,-0.17352596827810635,0.06684315017652892,0.4350325809156197,0.7377217452986626,1.3413243253491778,0.20554342857764968
23.543,0.466,-0.1727828797843287,0.06770519985364173,0.4358588952772326,0.7511440935687466,1.3499001361252316,0.19944773492402726
23.563,0.466,-0.17498327887804424,0.067861105045563,0.43604993805371,0.7623408559026059,1.3675274848936434,0.20796497055995602
23.583,0.466,-0.17498327887804424,0.067861105045563,0.43604993805371,0.7623408559026059,1.3675274848936434,0.20796497055995602
23.603,0.466,-0.17554386127882118,0.06878489733502566,0.43642568109168334,0.7781163056049338,1.3802804029893285,0.21993791860652895
23.623,0.466,-0.17544538499155293,0.06858788158025679,0.4365585007134233,0.7880205144837447,1.392372205764315,0.22297207205463782
23.643,0.466,-0.17556261230213815,0.0688249683503636,0.43725537744575566,0.797986777494118,1.4040231703437287,0.21116197067259146
23.663,0.466,-0.17643774539620835,0.06848356310401661,0.4374327417465485,0.80570382085372,1.4189717470634207,0.19965910658795877
23.683,0.466,-0.17643774539620835,0.06848356310401661,0.4374327417465485,0.80570382085372,1.4189717470634207,0.19965910658795877
23.703,0.466,-0.17726893114884604,0.06901693690923827,0.43775191311204675,0.8184413735262102,1.4324800614674895,0.20509921952272253
23.723,0.466,-0.1769400616903585,0.06932469501205027,0.43792894534237914,0.829708088902504,1.441258092532049,0.21990267636198615
23.743,0.466,-0.17796577089677543,0.06899993097531579,0.4381731797387716,0.836525755158852,1.4520033534029868,0.22946667746365312
23.763,0.466,-0.17812996261499647,0.06930605516377618,0.4384076751447021,0.8425421892011469,1.4609203951293341,0.2216920322175901
23.783,0.466,-0.17812996261499647,0.06930605516377618,0.4384076751447021,0.8425421892011469,1.4609203951293341,0.2216920322175901
23.803,0.466,-0.1790750837291441,0.06886527407927595,0.4387302897603188,0.8454721783208247,1.4717407601828638,0.21291510422102355
23.823,0.466,-0.1782777109459752,0.06987722876335754,0.43968714412633586,0.8544339967220631,1.474425143702096,0.2082872884853834
23.843,0.466,-0.17666365617379984,0.07004348841723564,0.44008540149019,0.8596054494838054,1.4730484724508663,0.2068507696490497
23.863,0.466,-0.17605520344734812,0.07073086211633949,0.4407290916104114,0.8646049488851824,1.4721442975224073,0.2086592174878864
23.883,0.466,-0.17790699061559126,0.07096051545442475,0.44051213135562883,0.8659246095983346,1.480592789123939,0.21272568590451127
23.903,0.466,-0.17790699061559126,0.07096051545442475,0.44051213135562883,0.8659246095983346,1.480592789123939,0.21272568590451127
23.923,0.466,-0.17819154448559324,0.07138683759902688,0.4402469480100031,0.8674192823021976,1.483297567377104,0.21212854418054322
23.943,0.466,-0.17883494392548685,0.07210088727634333,0.44039616260949066,0.8687351063306763,1.4866589502996852,0.20765457607021032
23.963,0.466,-0.17784884967366665,0.07279927740046434,0.4402168141280178,0.8686471121522176,1.4841122192530047,0.20184675187530046
23.983,0.466,-0.1787188055943815,0.07291435606992265,0.4396617810004817,0.866632921484365,1.4871155400381422,0.20734737668049796
24.003,0.466,-0.1787188055943815,0.07291435606992265,0.4396617810004817,0.866632921484365,1.4871155400381422,0.20734737668049796
24.023,0.466,-0.18081051494165856,0.07379655036779498,0.43917626102202784,0.8663551007884026,1.4933054493095332,0.2235229579889536
24.043,0.466,-0.18327730712750104,0.07357029049021808,0.43807484682304143,0.8634558075312654,1.5009054791925276,0.240561910204685
24.063,0.466,-0.18458017821532183,0.0743062206462199,0.4375273775202774,0.8612591296060368,1.5062523131487109,0.2470755813726623
24.083,0.466,-0.18614203421188022,0.07414868584337334,0.4370371627147814,0.8565466796040607,1.5116842430789872,0.24460807732123085
24.103,0.466,-0.18614203421188022,0.07414868584337334,0.4370371627147814,0.8565466796040607,1.5116842430789872,0.24460807732123085
24.123,0.466,-0.18687474810546068,0.07446915678879101,0.4365343364998967,0.8554594735596837,1.5156839067544217,0.24354865056581013
24.143,0.466,-0.18880578903741346,0.074625414270583,0.4361924805394018,0.8548652840351897,1.5222209819391368,0.2569026199213429
24.163,0.466,-0.1904718185681994,0.07517216678773095,0.43568811549496883,0.8573590563856803,1.5276722430770207,0.2726224243747182
24.183,0.466,-0.1923542492874438,0.07658476112679638,0.4350009651048142,0.8650163624724017,1.536751762023067,0.28141138988212655
24.203,0.466,-0.1923542492874438,0.07658476112679638,0.4350009651048142,0.8650163624724017,1.536751762023067,0.28141138988212655
24.223,0.466,-0.19444645228213261,0.07807058582267472,0.4343406937163669,0.8731737775420328,1.5505823315642961,0.2804048258596465
24.243,0.466,-0.19591819202425528,0.07812680735552167,0.4340725516973581,0.8762419093655139,1.5637371653161993,0.2676286130713888
24.263,0.466,-0.19498374685671052,0.07890927590286528,0.43465071115092313,0.8827928217117893,1.5654180156282003,0.2483434710949725
24.283,0.466,-0.1947274659565653,0.07883472022807123,0.43504960344537913,0.8898091976679567,1.5682977478207927,0.24155398394218391
24.303,0.466,-0.1947274659565653,0.07883472022807123,0.43504960344537913,0.8898091976679567,1.5682977478207927,0.24155398394218391
24.323,0.466,-0.19480879305183602,0.078731561487642,0.43532643082528855,0.8964136690249639,1.57118430209305,0.2542429738384992
24.343,0.466,-0.19297648516168378,0.08012098985205653,0.43636504373723545,0.9096276741672956,1.5681607017737664,0.26262142760890617
24.363,0.466,-0.19280899590002934,0.0799022574691419,0.43683929563038437,0.9149549146314335,1.5728629168266592,0.2560631284414474
24.383,0.466,-0.19366455967158183,0.07969163576543556,0.4374287164045808,0.919772866212636,1.5812344157482092,0.24253677214117011
24.403,0.466,-0.19366455967158183,0.07969163576543556,0.4374287164045808,0.919772866212636,1.5812344157482092,0.24253677214117011
24.423,0.466,-0.19340499349378557,0.07926606785340186,0.43764076741126734,0.9244531397173728,1.5875351274005425,0.23074168801022996
24.443,0.466,-0.19240998535303713,0.07904787684993825,0.4379849576232879,0.9299370213359298,1.588350563230695,0.22981192908160178
24.463,0.466,-0.19298723741927087,0.07861090157165256,0.43838436946012777,0.9332534640708188,1.592374302765144,0.23568410741427276
24.483,0.466,-0.1910769899476694,0.07925403069482094,0.4390256028359711,0.9405326279983597,1.588945991739911,0.2333788346465171
24.503,0.466,-0.1910769899476694,0.07925403069482094,0.4390256028359711,0.9405326279983597,1.588945991739911,0.2333788346465171
24.523,0.466,-0.19070644916773485,0.07925480047894023,0.43949384149068493,0.9431788796026205,1.5887558298418765,0.23024478253293928
24.543,0.466,-0.19184807729825795,0.07858579734767573,0.4394332208198534,0.9418810111375026,1.5928878790611076,0.22784759750180394
24.563,0.466,-0.19188446395073677,0.07929667999934474,0.43968580174380706,0.945000262396059,1.5920934718380795,0.2273875969163225
24.583,0.466,-0.19215950994888759,0.0791206749537526,0.4394777141057376,0.9434933044862265,1.591170082599089,0.22762059790976463
24.603,0.466,-0.19215950994888759,0.0791206749537526,0.4394777141057376,0.9434933044862265,1.591170082599089,0.22762059790976463
24.623,0.466,-0.19349348615050213,0.0792358024343011,0.4389917194198348,0.9403168461183773,1.5935811986259771,0.23020855389331454
24.643,0.466,-0.1931592534761392,0.07833516505325823,0.43862968646736666,0.9364371741295917,1.5932462237406382,0.23176025138122355
24.663,0.466,-0.192698138163352,0.07900257172308389,0.4388133055654189,0.9392408697598187,1.5911829974254992,0.23096429968814025
24.683,0.466,-0.19259255986382184,0.07941804501720193,0.4389139242241728,0.9408546095919154,1.5900203352207103,0.23010084402301081
24.703,0.466,-0.19259255986382184,0.07941804501720193,0.4389139242241728,0.9408546095919154,1.5900203352207103,0.23010084402301081
24.723,0.466,-0.19707936807246612,0.0810409797128264,0.43645585863696484,0.9294958047775465,1.5926492431598893,0.23987344657009588
24.743,0.466,-0.19849179691471086,0.08153929741103741,0.435889565432408,0.9243176855209131,1.5940139207315005,0.2428382694043823
24.763,0.466,-0.2010725131607646,0.08073453583129678,0.4347146724147168,0.9157961633224959,1.5992148909803277,0.24937827733377763
24.783,0.466,-0.2026292606127427,0.08075487764883703,0.433771907413624,0.9102891031707447,1.6013309696534097,0.259283813049771
24.803,0.466,-0.2026292606127427,0.08075487764883703,0.433771907413624,0.9102891031707447,1.6013309696534097,0.259283813049771
24.823,0.466,-0.20342320716513895,0.08127920650422892,0.4333659262362285,0.906361420369496,1.6012925918755085,0.2634764355240244
24.843,0.466,-0.20464031997127077,0.08116282700418,0.43246293683128023,0.9008555141409134,1.6033903940355105,0.26392383552447346
24.863,0.466,-0.20435580615725846,0.08201388749521592,0.43208041074395254,0.9006626094046911,1.601318005436068,0.2643751588148878
24.883,0.466,-0.20639764902504815,0.0819993261846683,0.43150914407272223,0.8974055035754382,1.6073062233672846,0.27116731339536254
24.903,0.466,-0.20639764902504815,0.0819993261846683,0.43150914407272223,0.8974055035754382,1.6073062233672846,0.27116731339536254
24.923,0.466,-0.2066899193061343,0.08275695457801834,0.4313550461887814,0.8979580785964565,1.6084877599818466,0.2698821653118318
24.943,0.466,-0.20669160925845345,0.08206643531383977,0.43100624856048986,0.8945275762837437,1.6098218967559386,0.26133463692139847
24.963,0.466,-0.20625309245475984,0.08236713767576472,0.43133694127705163,0.8951451438583173,1.6078872549311563,0.2588575843303878
24.983,0.466,-0.2058601807335751,0.0825242377852324,0.4316613077934276,0.8970789671677406,1.606540011626724,0.2621579174769208
25.003,0.466,-0.2058601807335751,0.0825242377852324,0.4316613077934276,0.8970789671677406,1.606540011626724,0.2621579174769208
25.023,0.466,-0.2062651370482122,0.08284025295980688,0.43231996669720685,0.8989714298705267,1.608176983191399,0.26363174915012816
25.043,0.466,-0.2052302927810642,0.08260934080959384,0.4322773340547093,0.9009237407990687,1.604794120537582,0.26192533730524625
25.063,0.466,-0.20588165337009942,0.08231503889784622,0.4319887879570496,0.8987311118441798,1.6071424004119959,0.26195855733163864
25.083,0.466,-0.20614493766898845,0.08211355036921775,0.43192658766214,0.898066555860774,1.6082548349369792,0.2609148661293229
25.103,0.466,-0.20614493766898845,0.08211355036921775,0.43192658766214,0.898066555860774,1.6082548349369792,0.2609148661293229
25.123,0.466,-0.20926312602480193,0.0819809897950784,0.43221771232265194,0.900096181400028,1.6229642665742874,0.2572731159816369
25.143,0.466,-0.20373130182653745,0.08278058883402406,0.433916934128775,0.9119538809045321,1.6064473910765358,0.23765767346942152
25.163,0.466,-0.2033379220280154,0.08353152038793854,0.43446659424227185,0.9163433956163606,1.605855707549448,0.23612918785113382
25.183,0.466,-0.20371075461504962,0.08299670911483867,0.4344258678144543,0.9166837096858795,1.6071022351258988,0.23783392740308357
25.203,0.466,-0.20371075461504962,0.08299670911483867,0.4344258678144543,0.9166837096858795,1.6071022351258988,0.23783392740308357
25.223,0.466,-0.20355165158508767,0.08302264666599896,0.434548279648416,0.9182049289071345,1.6058544164862558,0.23675839561725315
25.243,0.466,-0.20420034168093487,0.08245502735185466,0.4343388851021836,0.9160408368464821,1.6068025553122465,0.23462120874075876
25.263,0.466,-0.2033564247050529,0.08255946440325239,0.4342676896076856,0.9182249282592777,1.6034771985117398,0.23229617307863556
25.283,0.466,-0.20288671190446314,0.08289069834090881,0.43434961872019745,0.9192235393095607,1.6001911945624037,0.23368966454677317
25.303,0.466,-0.20288671190446314,0.08289069834090881,0.43434961872019745,0.9192235393095607,1.6001911945624037,0.23368966454677317
25.323,0.466,-0.20365312691337417,0.08252416970429874,0.4341549589793616,0.9165147840315164,1.6002592208856423,0.23367363595481155
25.343,0.466,-0.20375380190265624,0.08234330563967902,0.4339760794160538,0.915741860405055,1.5978558800413585,0.2359417846950605
25.363,0.466,-0.20410910620815836,0.08217630901222436,0.4336383256130247,0.9134434985642566,1.597088226693946,0.2399263905298208
25.383,0.466,-0.2053139765087812,0.0817077277709255,0.43325948545520027,0.9084894480452,1.5975939075083487,0.24088651452671977
25.403,0.466,-0.2053139765087812,0.0817077277709255,0.43325948545520027,0.9084894480452,1.5975939075083487,0.24088651452671977
25.423,0.466,-0.2059206140429058,0.08233447311066917,0.43363808212837807,0.912805275035741,1.6032156637061994,0.23820153648307993
25.443,0.466,-0.2035739729614514,0.08225428302893929,0.43390864233897736,0.9152606415957509,1.59684469564337,0.23439599878739414
25.463,0.466,-0.20524465473500547,0.0832312321856595,0.43346871770599915,0.9144023084656769,1.5958519048664852,0.23549999229904794
25.483,0.466,-0.20598923278842698,0.08283440425179112,0.4332543725697461,0.9108646916108769,1.5960926333703644,0.2355912820195403
25.503,0.466,-0.20598923278842698,0.08283440425179112,0.4332543725697461,0.9108646916108769,1.5960926333703644,0.2355912820195403
25.523,0.466,-0.20595715564469852,0.08312653133150878,0.43227214077558457,0.9024137549473283,1.5870750331090162,0.23466444359116287
25.543,0.466,-0.2057271556851802,0.08345253367255814,0.43255941899503636,0.9005018223501297,1.5814082260684028,0.23189027083167793
25.563,0.466,-0.20442929252730524,0.08393241269436391,0.4326244093793452,0.9010548336383994,1.5738408366622425,0.230145692788005
25.583,0.466,-0.20401282438753282,0.08388125842335074,0.43243722487162617,0.8975919011207368,1.570197010617143,0.23005152814617838
25.603,0.466,-0.20401282438753282,0.08388125842335074,0.43243722487162617,0.8975919011207368,1.570197010617143,0.23005152814617838
25.623,0.466,-0.20439470657777487,0.08379799461625152,0.4325771946684977,0.8936424338324156,1.566642082540596,0.22715759398321564
25.643,0.466,-0.20354560537913965,0.08424531630952854,0.4325290523142402,0.8920506998464903,1.561468021610543,0.2191837899347989
25.663,0.466,-0.20387768932379005,0.08429750969985253,0.4324007688411746,0.8912999184557542,1.5591517742577965,0.22261053970187286
25.683,0.466,-0.2033049096130277,0.08420370293202942,0.43224558583784445,0.8867301198485369,1.555569874945607,0.2213027805537195
25.703,0.466,-0.2033049096130277,0.08420370293202942,0.43224558583784445,0.8867301198485369,1.555569874945607,0.2213027805537195
25.723,0.466,-0.20283850866756414,0.0853522856420679,0.4326498257854485,0.8869309147438333,1.549520379329888,0.21609550599379715
25.743,0.466,-0.20305392862419203,0.0849972791888662,0.4322885076730347,0.8827496193137722,1.5486369297170446,0.21205224212480042
25.763,0.466,-0.20257557240515062,0.08520824817487456,0.43234852220576847,0.8805090864384767,1.5436864029897641,0.21274496450254102
25.783,0.466,-0.20324941464446647,0.08472040931338891,0.43224722431042756,0.8750760839390707,1.5430882408924576,0.21614676657502815
25.803,0.466,-0.20324941464446647,0.08472040931338891,0.43224722431042756,0.8750760839390707,1.5430882408924576,0.21614676657502815
25.823,0.466,-0.2036174835435834,0.08496843338656022,0.43219553434306285,0.8733844599082375,1.5404195674107422,0.22080561965775733
25.843,0.466,-0.20310495336052783,0.08425052824298393,0.43176137229305167,0.8682248744647999,1.5366736137205492,0.21866817988775222
25.863,0.466,-0.20299831003592914,0.08507336948091068,0.43213547077961206,0.8675720772552231,1.5337599955047114,0.2117722622059323
25.883,0.466,-0.20254706489317306,0.08546035694155,0.4321242575601004,0.8663741898005659,1.5295696825963196,0.20633482064845451
25.903,0.466,-0.20254706489317306,0.08546035694155,0.4321242575601004,0.8663741898005659,1.5295696825963196,0.20633482064845451
25.923,0.466,-0.2019936078789081,0.08531207222801349,0.4318654473739244,0.8634528735191087,1.5237613927441327,0.2057033947729642
25.943,0.466,-0.2019400116270937,0.08495254531314293,0.43161460372827515,0.8597586230266699,1.5197883540005717,0.20433732696159573
25.963,0.466,-0.2023695147293233,0.08546737205534731,0.4314063821227982,0.8592713958878062,1.5159608115799348,0.20368538443872558
25.983,0.466,-0.20264976039401808,0.08613870350018607,0.43135234126976607,0.8576456756795491,1.5135086515309575,0.1985599867630825
26.003,0.466,-0.20264976039401808,0.08613870350018607,0.43135234126976607,0.8576456756795491,1.5135086515309575,0.1985599867630825
26.023,0.466,-0.20195684067846373,0.08603671193655744,0.43147676029967436,0.8536019068133199,1.503887243897617,0.18766646291353167
26.043,0.466,-0.20062738235979244,0.08703234898220626,0.43196468147953404,0.8532328399588046,1.4913477860047366,0.17983993174176177
26.063,0.466,-0.20004258230053826,0.08628367124095127,0.43162293022234227,0.8473268702734919,1.4824901294924755,0.18200120483310886
26.083,0.466,-0.19956562737874306,0.08631509637395945,0.4318681842299423,0.841247069455628,1.4713222625764681,0.18208872628815076
26.103,0.466,-0.19956562737874306,0.08631509637395945,0.4318681842299423,0.841247069455628,1.4713222625764681,0.18208872628815076
26.123,0.466,-0.20034131783198547,0.08637136804109798,0.43214216688755597,0.8339799105979377,1.461365307016753,0.17435126464696038
26.143,0.466,-0.19861728966182637,0.08667559988718207,0.43206249411934133,0.8292719371630024,1.4448900177150075,0.1643297664743888
26.163,0.466,-0.19851990377474935,0.08634776092035366,0.4321362178369529,0.8217177032774615,1.4344364219352461,0.1650157007797449
26.183,0.466,-0.19706081260502087,0.08587319775789094,0.4323480707376579,0.8105865892434752,1.4159034808007365,0.1596875106767788
26.203,0.466,-0.19706081260502087,0.08587319775789094,0.4323480707376579,0.8105865892434752,1.4159034808007365,0.1596875106767788
26.223,0.466,-0.1959137154526333,0.0848281046695149,0.43230899575174087,0.7994588258923038,1.3973229666693086,0.14852939728156292
26.243,0.466,-0.1956131775237797,0.08483060590696868,0.43221314062302973,0.7901423077072888,1.3824539192033545,0.1498660788322518
26.263,0.466,-0.1967090387493004,0.08299528919882256,0.43137183763542125,0.7756760598744715,1.3725000218361967,0.16253380840051526
26.283,0.466,-0.19760309565268477,0.08351901972532569,0.43103463102261386,0.767941233162672,1.3625158508625146,0.17302253379260776
26.303,0.466,-0.19760309565268477,0.08351901972532569,0.43103463102261386,0.767941233162672,1.3625158508625146,0.17302253379260776
26.323,0.466,-0.19718939772777394,0.08291005963112036,0.43037670702968883,0.7571655508223237,1.3488679129332537,0.16552315936765669
26.343,0.466,-0.1969544054843938,0.08265676937603719,0.43002171715050175,0.7472870552961276,1.3336340672935656,0.1529657742680599
26.363,0.466,-0.19579786891335155,0.08213977031378637,0.42995005153768173,0.7383438298436134,1.3163032172713887,0.1427544280417692
26.383,0.466,-0.19340177710551923,0.08281327297375059,0.4306977703682649,0.7347557735618778,1.292767469457891,0.1446903711708511
26.403,0.466,-0.19340177710551923,0.08281327297375059,0.4306977703682649,0.7347557735618778,1.292767469457891,0.1446903711708511
26.423,0.466,-0.19185237602206162,0.08116983115928861,0.43068504583731826,0.7225436914491146,1.272324873780132,0.15118872254431787
26.443,0.466,-0.19141330753583488,0.08090035807864299,0.43086815111036075,0.7139123781140106,1.2553291508058735,0.15452358723487433
26.463,0.466,-0.1910648015575216,0.08113013485066421,0.4308875713741924,0.7105891470184958,1.2407710560745364,0.15173874938958065
26.483,0.466,-0.19036340078885347,0.08082494002237901,0.43071063514657015,0.7049774687750237,1.2306642262970886,0.14329470730861948
26.503,0.466,-0.19036340078885347,0.08082494002237901,0.43071063514657015,0.7049774687750237,1.2306642262970886,0.14329470730861948
26.523,0.466,-0.1893321093178904,0.08035213352072187,0.4306383818503447,0.7016522173720745,1.2189571849759915,0.1358082820927979
26.543,0.466,-0.18800693839693527,0.08074133375332883,0.43083325673939854,0.7022283325907095,1.2056778644425037,0.1335695102631587
26.563,0.466,-0.1882333971534973,0.08047443915507024,0.4308940659582281,0.6999436548449797,1.2028891276608378,0.13322556427984716
26.583,0.466,-0.18705195567791133,0.0793541599555047,0.4315170090460962,0.69432081933765,1.192992720323371,0.13333030535225499
26.603,0.466,-0.18705195567791133,0.0793541599555047,0.4315170090460962,0.69432081933765,1.192992720323371,0.13333030535225499
26.623,0.466,-0.18369197528734332,0.07824194964768623,0.43297781968442356,0.6892680986098596,1.1728607167616323,0.1304052485396595
26.643,0.466,-0.17879005923743416,0.0759236212127288,0.43440260054809837,0.6803399056721005,1.1500952421775,0.11999041036398443
26.663,0.466,-0.17583264283263608,0.07434184843511134,0.43592931071767516,0.6730376699931813,1.1323061446623481,0.12152652616386755
26.683,0.466,-0.1734524731561366,0.07264566577182072,0.437186802679027,0.6667403597481678,1.118771960891089,0.12177685913419363
26.703,0.466,-0.1734524731561366,0.07264566577182072,0.437186802679027,0.6667403597481678,1.118771960891089,0.12177685913419363
26.723,0.466,-0.1678231749243784,0.07243001060649647,0.4391119693759274,0.6665230193355459,1.0934158968439966,0.11464062989420018
26.743,0.466,-0.16511101290990834,0.07065600649889366,0.4398833540064124,0.660757159792297,1.0797957335879307,0.10565083012516541
26.763,0.466,-0.16346238964999224,0.07110067757659583,0.4409469214897804,0.6611438499866539,1.0709298180394675,0.09715044878078877
26.783,0.466,-0.16084956179851834,0.06967171330791777,0.4414074521625612,0.6546405509572729,1.060623502672103,0.08898728675859009
26.803,0.466,-0.16084956179851834,0.06967171330791777,0.4414074521625612,0.6546405509572729,1.060623502672103,0.08898728675859009
26.823,0.466,-0.15870113285530954,0.07015028508840666,0.44262624733803085,0.6544971776861428,1.0525372726165658,0.08472496583072191
26.843,0.466,-0.15693914853201735,0.06855345599900926,0.44303971204260445,0.6445991675764671,1.0433341867289667,0.08667385458357027
26.863,0.466,-0.15522779443783755,0.06665617951377537,0.44373897515883737,0.6314402295828901,1.0332170300460568,0.08926146440763685
26.883,0.466,-0.15089871700859706,0.06562994335375726,0.4450378270915084,0.6213284842129269,1.0125603471578983,0.08740440061820098
26.903,0.466,-0.15089871700859706,0.06562994335375726,0.4450378270915084,0.6213284842129269,1.0125603471578983,0.08740440061820098
26.923,0.466,-0.1469885335903184,0.06421970409006166,0.44577887298655366,0.6079862350809083,0.9929899028935817,0.08611761057286482
26.943,0.466,-0.14547635490416874,0.06368626593694421,0.4463624996709063,0.5986941831394705,0.97970305673515,0.09382266626639833
26.963,0.466,-0.1436627698327924,0.062422040446267715,0.44646518533390633,0.5857580774670889,0.9683209387795783,0.09570564491525899
26.983,0.466,-0.14179760939400068,0.061581672187191926,0.44646105116260365,0.5753463013422815,0.95364255924683,0.09664813799901353
27.003,0.466,-0.14179760939400068,0.061581672187191926,0.44646105116260365,0.5753463013422815,0.95364255924683,0.09664813799901353
27.023,0.466,-0.14195162740378714,0.06268486999882154,0.4467145245465224,0.5713632842156973,0.9496893495497141,0.08971663191349316
27.043,0.466,-0.14117658254537865,0.06346629231855845,0.44702863042828633,0.5673863051906867,0.9398365082848755,0.0815386116741117
27.063,0.466,-0.1380993207150851,0.06314608745124256,0.4470400052912921,0.5587582420238811,0.9194145323400766,0.07581492566735386
27.083,0.466,-0.13715289384687962,0.06260469285091168,0.4470029931733118,0.5476153763021842,0.9067889343037453,0.07519154566710341
27.103,0.466,-0.13715289384687962,0.06260469285091168,0.4470029931733118,0.5476153763021842,0.9067889343037453,0.07519154566710341
27.123,0.466,-0.13528326007601837,0.06136171453906927,0.4470223254268212,0.5354291653266848,0.888921251691273,0.07563961776063899
27.143,0.466,-0.13142187408796138,0.06106938046276069,0.4478471933416331,0.5265968587005968,0.8629855862407056,0.07317457060947852
27.163,0.466,-0.12793031894905815,0.06094673050472398,0.4489165571025881,0.5179746494703432,0.8351333239505166,0.07394589878732051
27.183,0.466,-0.12605463681452928,0.05909959223951422,0.4491393023182207,0.5027194273740664,0.816107377255719,0.07034828642466144
27.203,0.466,-0.12605463681452928,0.05909959223951422,0.4491393023182207,0.5027194273740664,0.816107377255719,0.07034828642466144
27.223,0.466,-0.12426834609451091,0.058290276140602525,0.4495140566808944,0.49237000361452804,0.7955565233583954,0.07238709588903143
27.243,0.466,-0.12197779448206124,0.05780910267653196,0.449640028575941,0.48517295804525323,0.7754553067603731,0.07395063534197395
27.263,0.466,-0.1215170635192302,0.058127870490707056,0.4496914419150935,0.482271144514774,0.7612997935773693,0.0769357327091515
27.283,0.466,-0.12138334795487511,0.05744225742051397,0.4494789549490833,0.47480710259292624,0.7503480985907283,0.07222894701354825
27.303,0.466,-0.12138334795487511,0.05744225742051397,0.4494789549490833,0.47480710259292624,0.7503480985907283,0.07222894701354825
27.323,0.466,-0.11901494080593479,0.05686307849833098,0.44970646289588007,0.470274998605822,0.7287059063961082,0.06170014856914648
27.343,0.466,-0.11728624657702384,0.056642080104491566,0.45037679950025156,0.467417792350592,0.7092608644289609,0.05015639867274479
27.363,0.466,-0.11510040255644807,0.05543526076056262,0.4508209314845521,0.45819325698123115,0.6876747085869112,0.04433660916468808
27.383,0.466,-0.11181829724256963,0.05447215616736487,0.45187445022283396,0.4506299836865657,0.6597569245251232,0.04590595548704119
27.403,0.466,-0.11181829724256963,0.05447215616736487,0.45187445022283396,0.4506299836865657,0.6597569245251232,0.04590595548704119
27.423,0.466,-0.10552146897619642,0.051783596209755346,0.45241126228288037,0.438418486035297,0.6199477139419082,0.049306097091673246
27.443,0.466,-0.10424441933586792,0.05029577206476102,0.4528183918305237,0.42737517316647483,0.6017211122623047,0.04926513144386485
27.463,0.466,-0.10224659112373345,0.04946720276437632,0.4533223921969142,0.42152981477281226,0.5822633935443768,0.045026217067391704
27.483,0.466,-0.1008610154088024,0.04928428424492259,0.4538056979519522,0.41819612627523123,0.5654876108169917,0.04165093717770536
27.503,0.466,-0.1008610154088024,0.04928428424492259,0.4538056979519522,0.41819612627523123,0.5654876108169917,0.04165093717770536
27.523,0.466,-0.09840719966244786,0.0493137078757569,0.4541625940891355,0.41752580754271446,0.5469881429392693,0.03703603265315712
27.543,0.466,-0.09801746362407568,0.04881027892128551,0.4538815801704775,0.4131291077859093,0.5390084261906066,0.03377536641419133
27.563,0.466,-0.09898958929375772,0.04866304726475033,0.4537414245698943,0.4073602618640881,0.5341879908548032,0.0344926176779243
27.583,0.466,-0.09774180299183095,0.04824795986615914,0.45379150728959183,0.4006081962966926,0.5220640325031772,0.03148916580505552
27.603,0.466,-0.09774180299183095,0.04824795986615914,0.45379150728959183,0.4006081962966926,0.5220640325031772,0.03148916580505552
27.623,0.466,-0.09808520395607252,0.04782114103902962,0.4538687360497939,0.39319998055247846,0.5133710089605062,0.033052243709480345
27.643,0.466,-0.09704104811338132,0.04757805569128331,0.45414103408410045,0.38743911066945586,0.5010425188661212,0.030985151790408817
27.663,0.466,-0.09399641824197974,0.04698002474662053,0.4542911668048373,0.37650718657440296,0.4813317461344896,0.02850329523678893
27.683,0.466,-0.09170090384870896,0.04662827910463528,0.45461685609020724,0.36787297402731983,0.4645574928091649,0.024968868748020723
27.703,0.466,-0.09170090384870896,0.04662827910463528,0.45461685609020724,0.36787297402731983,0.4645574928091649,0.024968868748020723
27.723,0.466,-0.08845743812924226,0.04638935471621308,0.4548655791001809,0.3570639012820156,0.4460569340248531,0.015841591533934128
27.743,0.466,-0.08720110189314714,0.04516738328930483,0.4546617145127388,0.34268002346425686,0.43241885709021294,0.01193881006122843
27.763,0.466,-0.08793404853897756,0.04558534595823826,0.45511196247959984,0.3324442803438616,0.42696003280352324,0.009650399215448354
27.783,0.466,-0.08464290818731515,0.046071259074071315,0.4556791183233926,0.32397658435538135,0.40592079816861276,0.009846619473062085
27.803,0.466,-0.08464290818731515,0.046071259074071315,0.4556791183233926,0.32397658435538135,0.40592079816861276,0.009846619473062085
27.823,0.466,-0.08627627650370726,0.045542339743723514,0.4551089314384908,0.30889259702386856,0.40324467267457115,0.011946274467278896
27.843,0.466,-0.08574451142123192,0.04591787471133847,0.4550027742011284,0.29778077075418175,0.39113803978795986,0.016148058562623264
27.863,0.466,-0.08414734451018845,0.04512533842357606,0.45469480402725687,0.2788174959564579,0.3757919490768249,0.01447541986820681
27.883,0.466,-0.08059768887457196,0.04534708274920717,0.4555629287705671,0.26963196148526697,0.3522110930409145,0.004638831636659597
27.903,0.466,-0.08059768887457196,0.04534708274920717,0.4555629287705671,0.26963196148526697,0.3522110930409145,0.004638831636659597
27.923,0.466,-0.07671771485726774,0.044971884136670345,0.45597250949107165,0.2542855501651457,0.32454498937823534,-0.004905812777840909
27.943,0.466,-0.07354690117842769,0.04528222466173221,0.4563603545998067,0.2416979223518761,0.3006063368863951,-0.015512032602175927
27.963,0.466,-0.07447832637362446,0.0448423644855053,0.4559360557743506,0.22614365628440436,0.29015318849345056,-0.016689888782051174
27.983,0.466,-0.0734339948442344,0.04514915418529697,0.455909129585213,0.213285613661063,0.2750860197789782,-0.01194674887336209
28.003,0.466,-0.0734339948442344,0.04514915418529697,0.455909129585213,0.213285613661063,0.2750860197789782,-0.01194674887336209
28.023,0.466,-0.07382094411106598,0.04592258118847884,0.4556951803341754,0.2021106859523701,0.2663534959631394,-0.0054928912142857165
28.043,0.466,-0.07287758956682729,0.04470688676096553,0.4548427850997338,0.1871743763913049,0.2525474606488512,-0.002894661014770114
28.063,0.466,-0.07501280983064959,0.045542404711624886,0.45426750202105204,0.17691668441513664,0.24975633441943781,-0.007556224663741491
28.083,0.466,-0.07705047517356309,0.04637790701512658,0.45412661726191256,0.1695890837222437,0.24687427294116746,-0.020913439222687603
28.103,0.466,-0.07705047517356309,0.04637790701512658,0.45412661726191256,0.1695890837222437,0.24687427294116746,-0.020913439222687603
28.123,0.466,-0.07611725940440299,0.04657862353594491,0.45426388712454074,0.16336349862729016,0.23029910823756064,-0.033602069947378306
28.143,0.466,-0.07619437271768585,0.04578436526123221,0.45363076049211914,0.15004351712804065,0.2164269298180337,-0.038739102761527235
28.163,0.466,-0.07548731962722245,0.04660093415208668,0.45410533689201804,0.14586816056150173,0.19926770099381383,-0.03366933155691077
28.183,0.466,-0.07477409356018623,0.04539922613979968,0.4531927893266433,0.1314351240739223,0.1847126094240114,-0.030417131388145394
28.203,0.466,-0.07477409356018623,0.04539922613979968,0.4531927893266433,0.1314351240739223,0.1847126094240114,-0.030417131388145394
28.223,0.466,-0.07338299519644384,0.04630611318163209,0.45401486418423126,0.12961022926296403,0.16620588249234644,-0.026318424923208836
28.243,0.466,-0.07514709547295005,0.04548345080582485,0.45343623464097105,0.11651480680458168,0.15997547861904218,-0.02334319841238061
28.263,0.466,-0.07430290794961063,0.04495849168812961,0.45355442134654883,0.1075313934781215,0.14591543254760114,-0.027150131877466947
28.283,0.466,-0.07544445642887325,0.044888922388193406,0.4538143812718633,0.10353758231859242,0.1391175479644555,-0.03202804706470868
28.303,0.466,-0.07544445642887325,0.044888922388193406,0.4538143812718633,0.10353758231859242,0.1391175479644555,-0.03202804706470868
28.323,0.466,-0.07296003168486855,0.044337279192274114,0.45429756028777296,0.09957910192362773,0.12160820770642326,-0.03998135216916387
28.343,0.466,-0.07437927875703552,0.04382172871872245,0.4533381884021995,0.09092636226314663,0.11824021388365318,-0.04636027443905724
28.363,0.466,-0.07584253567072125,0.043745497566461546,0.4530703256295785,0.08776010743902729,0.11287414215246877,-0.04475530390403182
28.383,0.466,-0.07442922358789134,0.04401816794947646,0.4534954267868694,0.08493248221322629,0.09927144719021058,-0.04238280425496902
28.403,0.466,-0.07442922358789134,0.04401816794947646,0.4534954267868694,0.08493248221322629,0.09927144719021058,-0.04238280425496902
28.423,0.466,-0.07498126317095419,0.04306906542032044,0.4528446101097769,0.07671139617882225,0.09379913608557033,-0.04252253748522069
28.443,0.466,-0.07463810884538599,0.0423805288099215,0.4522244045006601,0.06734268155538076,0.0845437623403544,-0.04589210224426815
28.463,0.466,-0.07243482300174708,0.04259553981553501,0.45322997018139377,0.06380610775602143,0.06995907231638125,-0.052280546812506636
28.483,0.466,-0.07463437919928022,0.041794797765621214,0.45262384231813224,0.054617580889266854,0.06933591145481749,-0.05117100599108695
28.503,0.466,-0.07463437919928022,0.041794797765621214,0.45262384231813224,0.054617580889266854,0.06933591145481749,-0.05117100599108695
28.523,0.466,-0.07391592291420439,0.04167179881835148,0.45324327102792156,0.0507713269490493,0.06362793679747032,-0.05453281904050665
28.543,0.466,-0.07455189864265932,0.0417189189123488,0.4527254673165274,0.04053652464511151,0.0606400183127738,-0.05673024252571617
28.563,0.466,-0.07527425657893955,0.04219853153928046,0.4525968213518605,0.03477421114402132,0.05990082997805146,-0.06314294518587958
28.583,0.466,-0.07686173538763443,0.04271011814580282,0.45236308460020963,0.02868263418008126,0.05703710361258682,-0.062071231608304946
28.603,0.466,-0.07686173538763443,0.04271011814580282,0.45236308460020963,0.02868263418008126,0.05703710361258682,-0.062071231608304946
28.623,0.466,-0.07762832313689319,0.04330358151413487,0.4524322906944611,0.023308116201213872,0.05125462282054919,-0.06647606157700915
28.643,0.466,-0.07850509007377594,0.04393711551205015,0.4520890883809767,0.01885519838317786,0.048125735001233606,-0.0783733610320818
28.663,0.466,-0.0742606139189654,0.04441135090537895,0.45211650716607743,0.0028886320737981385,0.0267917583714256,-0.08653101617702143
28.683,0.466,-0.07133406246621861,0.04462942492798985,0.45252285449573587,-0.011331190520702087,0.006819958305725405,-0.0827853295252857
28.703,0.466,-0.07133406246621861,0.04462942492798985,0.45252285449573587,-0.011331190520702087,0.006819958305725405,-0.0827853295252857
28.723,0.466,-0.07762827376242339,0.04520553146987763,0.4514440909636725,-0.019952356210864698,0.022615472132525006,-0.08231706870012864
28.743,0.466,-0.07467453535311555,0.045499308281134854,0.4522542579589655,-0.03150983025987002,0.007256577607246624,-0.08653835888667814
28.763,0.466,-0.07407250624500332,0.04435641048365016,0.4508894353411067,-0.0510476118003638,-0.0006530862383223271,-0.09120295858679696
28.783,0.466,-0.07810281426893355,0.04501379044252511,0.44993979041290577,-0.0639158046728896,0.003603610468254733,-0.1001544786474953
28.803,0.466,-0.07810281426893355,0.04501379044252511,0.44993979041290577,-0.0639158046728896,0.003603610468254733,-0.1001544786474953
28.823,0.466,-0.07535010378074432,0.0465483607855517,0.4511022969580353,-0.0697422774943433,-0.01589888368856329,-0.1144239984403913
28.843,0.466,-0.0788362400941695,0.04846461807241526,0.45044934698509004,-0.07775066056603225,-0.01326080264704333,-0.1196969630691193
28.863,0.466,-0.07898411582672762,0.05073381717592628,0.4510205433108397,-0.08111052884625923,-0.02376458182129413,-0.12432184529351281
28.883,0.466,-0.08310866319334564,0.05152395791895547,0.44957061254705144,-0.09106786368762143,-0.018884721046117093,-0.1305121778883122
28.903,0.466,-0.08310866319334564,0.05152395791895547,0.44957061254705144,-0.09106786368762143,-0.018884721046117093,-0.1305121778883122
28.923,0.466,-0.07831251137528385,0.05212933396827393,0.4503851655518275,-0.10598092392706288,-0.043938626767339305,-0.12948240370638933
28.943,0.466,-0.07834585535209182,0.05100866344035207,0.4490481228934573,-0.12654628843676086,-0.051009864103642534,-0.13055000270942058
28.963,0.466,-0.07932839195315344,0.0529417046424859,0.4496990708769062,-0.12963346617283109,-0.05557492996691336,-0.13792328708052387
28.983,0.466,-0.07893661639175517,0.05292193666536703,0.44906149191103384,-0.14679592473815598,-0.06867218097385952,-0.13724886798390895
29.003,0.466,-0.07893661639175517,0.05292193666536703,0.44906149191103384,-0.14679592473815598,-0.06867218097385952,-0.13724886798390895
29.023,0.466,-0.079715293621375,0.05460397187117704,0.4503602005536006,-0.14860045593041543,-0.07501216441098264,-0.1412117424912178
29.043,0.466,-0.07993569452277755,0.053770067938104654,0.4490402171423483,-0.15868430872158973,-0.08522323606149368,-0.14739671302127502
29.063,0.466,-0.08154258329846961,0.05380694837293806,0.4485698213412359,-0.1614144417036371,-0.08596146815287664,-0.15698521327987805
29.083,0.466,-0.0804758341635624,0.05278806804156052,0.4479881736454475,-0.17016250491540627,-0.09859107428296274,-0.15843501014850692
29.103,0.466,-0.0804758341635624,0.05278806804156052,0.4479881736454475,-0.17016250491540627,-0.09859107428296274,-0.15843501014850692
29.123,0.466,-0.07992373783645575,0.05500454970688096,0.44933164662283787,-0.17321913007628095,-0.1105443326221985,-0.15729604788959026
29.143,0.466,-0.07789430897675585,0.055233102422779,0.44984062821483484,-0.17905044029039444,-0.12323046844582762,-0.15280295750247722
29.163,0.466,-0.07746928388160677,0.053793783055684795,0.4496492311320643,-0.1833264742170685,-0.12780622639700637,-0.14118160077408165
29.183,0.466,-0.07801808851624312,0.053048118578857176,0.44886793428032806,-0.18606447368305498,-0.126860216707047,-0.1384904558406839
29.203,0.466,-0.07801808851624312,0.053048118578857176,0.44886793428032806,-0.18606447368305498,-0.126860216707047,-0.1384904558406839
29.223,0.466,-0.08014623719527482,0.05342790603412836,0.4488635021759515,-0.18586404060738343,-0.12260095111554528,-0.13844813055765753
29.243,0.466,-0.07770520171744619,0.054398398824674885,0.45160816497552175,-0.17917078955068913,-0.11898129783730434,-0.14822237115232675
29.263,0.466,-0.07893797614471482,0.05430878612019434,0.44939001902797976,-0.17816165162845454,-0.11725341540035183,-0.15169174266826968
29.283,0.466,-0.07911059241374382,0.053661261519488156,0.44901355862593084,-0.1810153268297292,-0.12092040548041427,-0.15257968552257462
29.303,0.466,-0.07911059241374382,0.053661261519488156,0.44901355862593084,-0.1810153268297292,-0.12092040548041427,-0.15257968552257462
29.323,0.466,-0.07911272643135112,0.05317473241542112,0.4489445019942527,-0.18232554691107777,-0.12438402363782963,-0.15257821622451145
29.343,0.466,-0.07925529357324917,0.052472689506898894,0.448705618018554,-0.18289230964666267,-0.12589546567016088,-0.15236923303959132
29.363,0.466,-0.07950560230372353,0.0518765988085054,0.44846328815441544,-0.18265201245501272,-0.12633517397566926,-0.15219427090093254
29.383,0.466,-0.07963568847357304,0.05113725605922112,0.44833508048880394,-0.18240099341370933,-0.12679007599765585,-0.15230146646359977
29.403,0.466,-0.07963568847357304,0.05113725605922112,0.44833508048880394,-0.18240099341370933,-0.12679007599765585,-0.15230146646359977
29.423,0.466,-0.07921021979072787,0.0507194659556772,0.44844618959336363,-0.1825470645404444,-0.12900220974574694,-0.15374968948733597
29.443,0.466,-0.07937409725705187,0.050068479099286814,0.4483833350671913,-0.18149232679492583,-0.12915995311815084,-0.1551187563378536
29.463,0.466,-0.07911627031345615,0.049372323351332854,0.44836877593384766,-0.1819233562054805,-0.13118454309122804,-0.15616021115653053
29.483,0.466,-0.07941186045007963,0.04885976219027743,0.44839551352050194,-0.18038634075521542,-0.13049521050375595,-0.15699152120402718
29.503,0.466,-0.07941186045007963,0.04885976219027743,0.44839551352050194,-0.18038634075521542,-0.13049521050375595,-0.15699152120402718
29.523,0.466,-0.07966405822900686,0.04876245649917287,0.44855373192419995,-0.17902463824645784,-0.12993279268491217,-0.15768675355867037
29.543,0.466,-0.07963403376573044,0.04851761266079585,0.4488343012303637,-0.17758178739008965,-0.12988974919793056,-0.15749014228977157
29.563,0.466,-0.07942276166047418,0.04858893138809418,0.4490677351053614,-0.17752901889971756,-0.1310684392682517,-0.1579924974714951
29.583,0.466,-0.07956656307414328,0.04871365594694998,0.449241627165737,-0.17793753024383457,-0.13154598216927504,-0.15954417809998692
29.603,0.466,-0.07956656307414328,0.04871365594694998,0.449241627165737,-0.17793753024383457,-0.13154598216927504,-0.15954417809998692
29.623,0.466,-0.07977927262778924,0.048851299280587325,0.4495106596581996,-0.17814695873471315,-0.13169545622344167,-0.16239412977957812
29.643,0.466,-0.08008448179655708,0.049200764693041465,0.4496006306523434,-0.17961995708004977,-0.13206829255328373,-0.1661251419510059
29.663,0.466,-0.08149103497965611,0.050003823910938966,0.4488608997942675,-0.19637671993906614,-0.14098690725810498,-0.17836026454680637
29.683,0.466,-0.08212080779366357,0.051724990489493125,0.449040438054323,-0.19662953418951562,-0.14011878851611803,-0.18112238460426597
29.703,0.466,-0.08212080779366357,0.051724990489493125,0.449040438054323,-0.19662953418951562,-0.14011878851611803,-0.18112238460426597
29.723,0.466,-0.08154098652094889,0.05319828816999646,0.4499219962573982,-0.2022909194260366,-0.14590408830840465,-0.17773203496217196
29.743,0.466,-0.08108308548359154,0.053395497888751815,0.44928172044455494,-0.21030426204075628,-0.15287640911283112,-0.17592785134372588
29.763,0.466,-0.0789195586366956,0.052457297633271276,0.44906801644742017,-0.2242914255467002,-0.16302137709487707,-0.1776034730858457
29.783,0.466,-0.08156665618294667,0.052835883682077936,0.4479776330498729,-0.2273175957924106,-0.15840988531554553,-0.17869261884363702
29.803,0.466,-0.08156665618294667,0.052835883682077936,0.4479776330498729,-0.2273175957924106,-0.15840988531554553,-0.17869261884363702
29.823,0.466,-0.08175554005689582,0.05252265160122905,0.44735596677434053,-0.23448318746430086,-0.1616074285298842,-0.1796313666412937
29.843,0.466,-0.08217947771264937,0.05343545364852629,0.4473031683540562,-0.23409965660992926,-0.16012333803257933,-0.18312590007751398
29.863,0.466,-0.07812631418828163,0.05589948271587282,0.4504217464191063,-0.23355365749393714,-0.17279326977320256,-0.18894205643584983
29.883,0.466,-0.07832695789004103,0.05344766999485092,0.447844845481398,-0.24592032164605035,-0.1713776516512815,-0.1885145168875804
29.903,0.466,-0.07832695789004103,0.05344766999485092,0.447844845481398,-0.24592032164605035,-0.1713776516512815,-0.1885145168875804
29.923,0.466,-0.08112233421823704,0.05571853203327133,0.44912761278727,-0.2407039022784145,-0.16536150748158307,-0.1812307308316288
29.943,0.466,-0.07991330952174869,0.055241094598864365,0.4493999533021945,-0.24342811082737414,-0.16768528665244029,-0.17550074309108254
29.963,0.466,-0.08046651387637496,0.054738813600023424,0.4491009458472791,-0.23244264323205288,-0.16267973630893978,-0.18306017334473745
29.983,0.466,-0.08057984828574417,0.054666220908894,0.44885543016454676,-0.2345757452951675,-0.16208779312949662,-0.18304040338178906
30.003,0.466,-0.08057984828574417,0.054666220908894,0.44885543016454676,-0.2345757452951675,-0.16208779312949662,-0.18304040338178906
30.023,0.466,-0.08009848450584678,0.05443191547125668,0.44861768704238525,-0.23734873611270418,-0.16369116502963307,-0.1823431022332861
30.043,0.466,-0.07926551382677151,0.05398909773920578,0.4484823650150711,-0.23849130041159267,-0.16455999326333137,-0.1843263408578366
30.063,0.466,-0.07900621025213303,0.053840572681198094,0.4484977418762368,-0.2382189836490833,-0.16354807531925633,-0.18609388174730448
30.083,0.466,-0.08545706202240565,0.057249709249757585,0.44804378702193853,-0.21857477267249875,-0.1360355998148919,-0.20044798612395415
30.103,0.466,-0.08545706202240565,0.057249709249757585,0.44804378702193853,-0.21857477267249875,-0.1360355998148919,-0.20044798612395415
30.123,0.466,-0.08580667912578484,0.056862298561822344,0.44757660253470966,-0.21521453687505135,-0.1307210520171608,-0.20532600062032672
30.143,0.466,-0.08321987069174118,0.05534033465936296,0.4483885763018385,-0.21787599885546702,-0.13637100906140862,-0.2003985271584587
30.163,0.466,-0.08356557817433524,0.055580260525125776,0.4486531111459839,-0.21528421057117234,-0.13171736431768208,-0.19272399320690375
30.183,0.466,-0.0837465119495616,0.0512464069864643,0.44804839383963907,-0.2016546895298571,-0.11961105061961805,-0.181491419081784
30.203,0.466,-0.0837465119495616,0.0512464069864643,0.44804839383963907,-0.2016546895298571,-0.11961105061961805,-0.181491419081784
30.223,0.466,-0.07703799747881006,0.04994266321068217,0.4493138910269508,-0.21141842053721976,-0.14515950137165518,-0.17484774832222372
30.243,0.466,-0.07551439364513278,0.049304412642432745,0.44712009919065515,-0.21837965518373792,-0.15256012870625685,-0.1840975048433972
30.263,0.466,-0.07775034697622539,0.050263903397766506,0.4483929411522009,-0.21854777224795294,-0.14692252428627486,-0.1907039971788627
30.283,0.466,-0.07839148389026104,0.05021579867731334,0.4485240649679991,-0.21429047727364514,-0.14313785978297527,-0.1911762237800245
30.303,0.466,-0.07853560406459677,0.04972090486242915,0.44844577996403234,-0.21260905245122688,-0.14164445401452985,-0.19020052243002902
30.323,0.466,-0.07853560406459677,0.04972090486242915,0.44844577996403234,-0.21260905245122688,-0.14164445401452985,-0.19020052243002902
30.343,0.466,-0.07847723996565631,0.049614907290006977,0.44857850242962866,-0.21136411834416757,-0.1414766155175027,-0.18801979910356706
30.363,0.466,-0.07884876860078455,0.049725046693714976,0.44874700880914037,-0.2095158351558353,-0.1407917081614439,-0.1858567571607677
30.383,0.466,-0.07910013166121271,0.04991125547335878,0.448754253818858,-0.2083733292797185,-0.1406943206157528,-0.18510487948391885
30.403,0.466,-0.07837165204468624,0.04985048843710284,0.44896201633832855,-0.21014686665518778,-0.14591651504248362,-0.18401172577273198
30.423,0.466,-0.07837165204468624,0.04985048843710284,0.44896201633832855,-0.21014686665518778,-0.14591651504248362,-0.18401172577273198
30.443,0.466,-0.07845374441674945,0.050055255946977115,0.44913615855243166,-0.21024142506955754,-0.14741854179131994,-0.1853622489156043
30.463,0.466,-0.07872527812552443,0.05016840741419465,0.44912726930330926,-0.21081386376451278,-0.14908118516031013,-0.18528481499222732
30.483,0.466,-0.07897842206464833,0.0503595271851605,0.4491107125196324,-0.21176531779570995,-0.15120470374781492,-0.18377405860888513
30.503,0.466,-0.0794789386738754,0.050455028677699014,0.44911289758122386,-0.21181638882242765,-0.15129026715957544,-0.18277808496779616
30.523,0.466,-0.0794789386738754,0.050455028677699014,0.44911289758122386,-0.21181638882242765,-0.15129026715957544,-0.18277808496779616
30.543,0.466,-0.07930946444093434,0.05094470150154084,0.4493225984141817,-0.2141490237122369,-0.1555230922927496,-0.1800589114364763
30.563,0.466,-0.07894402018286466,0.05104650125299118,0.44942608024399733,-0.2169052271212914,-0.1599064831285609,-0.178057645304976
30.583,0.466,-0.07901835546640495,0.05119960517852269,0.4493886449927764,-0.21918304503707645,-0.16240411977630106,-0.1772969354139363
30.603,0.466,-0.07859525266791377,0.05106261702248823,0.44929451760297834,-0.221813180764217,-0.16601855568912796,-0.1767577671832773
30.623,0.466,-0.07859525266791377,0.05106261702248823,0.44929451760297834,-0.221813180764217,-0.16601855568912796,-0.1767577671832773
30.643,0.466,-0.07903368532676938,0.05115875196916148,0.44915435212679605,-0.223665902670841,-0.16663772461030532,-0.17508572417647844
30.663,0.466,-0.07905268686840256,0.05107345626147818,0.44900860600221154,-0.22436975233651432,-0.16645348829827697,-0.17526551415102096
30.683,0.466,-0.0788231894671613,0.05103536065535813,0.44890623995398476,-0.22577582454990183,-0.16734520148434204,-0.1751355987371983
30.703,0.466,-0.07900366893105869,0.051093382651177625,0.4488477614290165,-0.22542396417954932,-0.1657351470014325,-0.17663517851488464
30.723,0.466,-0.07900366893105869,0.051093382651177625,0.4488477614290165,-0.22542396417954932,-0.1657351470014325,-0.17663517851488464
30.743,0.466,-0.07881939039994491,0.05076122485542629,0.44852890044582533,-0.22681076362712824,-0.16585531457241745,-0.17824236496343093
30.763,0.466,-0.07851195674052464,0.05047382615435969,0.4484470376675869,-0.22772006044570045,-0.1665410084992995,-0.1789538554708135
30.783,0.466,-0.07842780955561558,0.05006985160264436,0.44825858711174427,-0.22643308094198616,-0.16420802378949056,-0.18132337172271473
30.803,0.466,-0.07888877658495307,0.05035738302694537,0.44823706194920626,-0.2245846800084558,-0.16042930499559332,-0.18288479760410914
30.823,0.466,-0.07888877658495307,0.05035738302694537,0.44823706194920626,-0.2245846800084558,-0.16042930499559332,-0.18288479760410914
30.843,0.466,-0.07877772102202615,0.050196011921329824,0.4481498896045463,-0.22335154157069292,-0.15818241720796378,-0.18425722987228507
30.863,0.466,-0.07871403204037807,0.05047509501893948,0.44841741294461795,-0.22147585393162383,-0.1560149980233537,-0.18643682111610618
30.883,0.466,-0.07808948779167844,0.050364643499879534,0.4486519622591213,-0.22023370200798997,-0.1559719767063175,-0.18896051275263318
30.903,0.466,-0.07830492942538922,0.050497136248290005,0.44871724527088047,-0.21922030431629894,-0.1534643834046359,-0.1912041107547334
30.923,0.466,-0.07830492942538922,0.050497136248290005,0.44871724527088047,-0.21922030431629894,-0.1534643834046359,-0.1912041107547334
30.943,0.466,-0.07852914744475235,0.0505345360281142,0.4487550913653609,-0.21795209175575528,-0.15095157478827323,-0.19287303365111827
30.963,0.466,-0.07878838323210335,0.050703854658282754,0.44878078221307266,-0.21637502995969438,-0.14826478294042186,-0.19381690528822534
30.983,0.466,-0.07901048905113874,0.05107937214903166,0.44907318533049245,-0.21540247123337766,-0.14673388950531258,-0.19315527746713537
31.003,0.466,-0.07863230761043427,0.05158512482527478,0.4492954523807695,-0.2160979410535605,-0.14702486907936374,-0.1942986206902256
31.023,0.466,-0.07863230761043427,0.05158512482527478,0.4492954523807695,-0.2160979410535605,-0.14702486907936374,-0.1942986206902256
31.043,0.466,-0.0781957685307063,0.0515476927758819,0.4493813276932992,-0.2184487137774025,-0.14893761833712202,-0.1935654228240674
31.063,0.466,-0.07782123292881502,0.05134277512858226,0.4493075699397911,-0.22018766734976275,-0.15035298683394896,-0.19313089559081653
31.083,0.466,-0.07760540677054358,0.05135732630028601,0.4494206824362631,-0.22105199957775631,-0.15166207060470702,-0.192232618781578
31.103,0.466,-0.07772049640544532,0.051209475875034605,0.449241363166597,-0.22283993811705616,-0.1517498696701237,-0.19115991121170883
31.123,0.466,-0.07772049640544532,0.051209475875034605,0.449241363166597,-0.22283993811705616,-0.1517498696701237,-0.19115991121170883
31.143,0.466,-0.0777478650089525,0.05126677591038192,0.4491293735631243,-0.2241971807499354,-0.15184962292431997,-0.1897808402433219
31.163,0.466,-0.07761037565849761,0.0512080738544422,0.44907124146948085,-0.2258374570525374,-0.15334048058020816,-0.18805168509793152
31.183,0.466,-0.07741615579693649,0.0511187665200669,0.4491088124794844,-0.22706961006543033,-0.15512615899968946,-0.18599934936015167
31.203,0.466,-0.0769775850292802,0.050753574010552284,0.4490320055238413,-0.22902848493461192,-0.1574677684153083,-0.18479133447620838
31.223,0.466,-0.0769775850292802,0.050753574010552284,0.4490320055238413,-0.22902848493461192,-0.1574677684153083,-0.18479133447620838
31.243,0.466,-0.07660172264560867,0.05040631749309135,0.4490218086308175,-0.22948283339351347,-0.15869114225785777,-0.184040161747674
31.263,0.466,-0.07707008340671063,0.049851089968901335,0.4487303969725724,-0.22888407585773726,-0.15651814461758692,-0.18285016599689072
31.283,0.466,-0.07709190034680384,0.04980323556024015,0.4486956453268779,-0.22831070469394824,-0.15604288441342512,-0.18128377297277914
31.303,0.466,-0.07699223997333242,0.04952096714297415,0.4487038590990275,-0.22714587992913338,-0.1556646809766341,-0.18054848399656628
31.323,0.466,-0.07699223997333242,0.04952096714297415,0.4487038590990275,-0.22714587992913338,-0.1556646809766341,-0.18054848399656628
31.343,0.466,-0.07678782417474819,0.049301814374973336,0.44873429174381624,-0.2264331926475111,-0.15555334690216174,-0.18010018746964918
31.363,0.466,-0.0767195123876376,0.049171479312960335,0.4488634296526224,-0.22419618420845025,-0.1548863953423363,-0.18033875809562816
31.383,0.466,-0.0766405753301771,0.04877343111777967,0.4487829248219047,-0.22269247448850324,-0.15414865002964864,-0.18032464693522912
31.403,0.466,-0.07659226309891369,0.04848463902795286,0.448875711525901,-0.2203239392390019,-0.15328845888766532,-0.17956622054715143
31.423,0.466,-0.07659226309891369,0.04848463902795286,0.448875711525901,-0.2203239392390019,-0.15328845888766532,-0.17956622054715143
31.443,0.466,-0.07653926779127988,0.048368966801943976,0.4488655015190833,-0.2183528250932573,-0.15183664139626077,-0.1788649762978696
31.463,0.466,-0.07662804235860553,0.04821180555619348,0.44887703021234615,-0.21660629027765216,-0.149812401764137,-0.17848517427827368
31.483,0.466,-0.07627482079853462,0.04796335908451007,0.44895369610906544,-0.21518524352430124,-0.14974038713417553,-0.17772342994533283
31.503,0.466,-0.07619785602680477,0.04826093682064101,0.4493302607511917,-0.21301026582745847,-0.149456465827979,-0.17722997214499742
31.523,0.466,-0.07619785602680477,0.04826093682064101,0.4493302607511917,-0.21301026582745847,-0.149456465827979,-0.17722997214499742
31.543,0.466,-0.07669659839712158,0.04835130121778927,0.44938286217791545,-0.2103974459266247,-0.14643504149902328,-0.1782973747051476
31.563,0.466,-0.07631888725041658,0.04826822307683781,0.4495371906960521,-0.21000089674673753,-0.1470274752651756,-0.17824010194140205
31.583,0.466,-0.07650205580450468,0.04808398064349897,0.44948583997582503,-0.20945238807566927,-0.14564871237248436,-0.17829901880818275
31.603,0.466,-0.07612913908207602,0.04829794916504018,0.4497803642135042,-0.20883274518180606,-0.14650006516641986,-0.17737119743817528
31.623,0.466,-0.07612913908207602,0.04829794916504018,0.4497803642135042,-0.20883274518180606,-0.14650006516641986,-0.17737119743817528
31.643,0.466,-0.07593107386486173,0.048313057419036735,0.4499364385744819,-0.2087766963904761,-0.14690289992250666,-0.17664757438886525
31.663,0.466,-0.07568621757548528,0.04835373693585212,0.4499911058606476,-0.209618080877904,-0.14697896976306146,-0.17680599827611274
31.683,0.466,-0.07546347702161249,0.04832982816730496,0.4501077857579416,-0.21028771134812085,-0.14747793618179383,-0.17624708920654086
31.703,0.466,-0.07498768767208949,0.048480456528106515,0.45035467434803356,-0.2109054315889592,-0.14939063827998642,-0.17558860024629117
31.723,0.466,-0.07498768767208949,0.048480456528106515,0.45035467434803356,-0.2109054315889592,-0.14939063827998642,-0.17558860024629117
31.743,0.466,-0.07479046229636861,0.04865693782719369,0.4504660700783676,-0.21174519043937598,-0.1494655030358338,-0.1757469157840567
31.763,0.466,-0.07419411134314681,0.04855261750249064,0.450542400879269,-0.21305165783941127,-0.15120448323110758,-0.17555490114145342
31.783,0.466,-0.07365312905643463,0.048430103604050916,0.45066552793442294,-0.21396105530340537,-0.1528432537237215,-0.1752256772089142
31.803,0.466,-0.07365279159929629,0.04836284858444448,0.4505923353253134,-0.21462692218069596,-0.15224140458649463,-0.175571826586678
31.823,0.466,-0.07365279159929629,0.04836284858444448,0.4505923353253134,-0.21462692218069596,-0.15224140458649463,-0.175571826586678
31.843,0.466,-0.07332019500982492,0.04843768209882912,0.45072521031629054,-0.21502536808660233,-0.1523447819303319,-0.1757080449024355
31.863,0.466,-0.07344606549723008,0.0478579730855062,0.45027977797474,-0.2166535210221785,-0.15062441710761107,-0.17516756752261398
31.883,0.466,-0.07346355198582252,0.04800008013668424,0.45027267262190357,-0.2166375758855151,-0.14891218775935877,-0.17526057142673276
31.903,0.466,-0.0732014759349222,0.047836381652550046,0.4502175066916992,-0.21707035315653006,-0.14858647988878673,-0.17501770583916115
31.923,0.466,-0.0732014759349222,0.047836381652550046,0.4502175066916992,-0.21707035315653006,-0.14858647988878673,-0.17501770583916115
31.943,0.466,-0.07287433871011771,0.04795256243317369,0.4503883683776432,-0.21664314152810435,-0.14906029390026118,-0.17539455848026037
31.963,0.466,-0.07288166310801619,0.04759998005562761,0.450198969267234,-0.21662027402886314,-0.14744493379524448,-0.17691812022373093
31.983,0.466,-0.0731970012800728,0.047558025476897824,0.45010200509427195,-0.21549992998158227,-0.14517690269216457,-0.17828271729858683
32.003,0.466,-0.07356740199861048,0.04731414976226082,0.44988536036421367,-0.2149378849767384,-0.14254643610614826,-0.17911743384714748
32.023,0.466,-0.07356740199861048,0.04731414976226082,0.44988536036421367,-0.2149378849767384,-0.14254643610614826,-0.17911743384714748
32.043,0.466,-0.07348366405279301,0.04742277534804391,0.44992718648170854,-0.21458897327637177,-0.14157783063941987,-0.1790256055437034
32.063,0.466,-0.07335773634419455,0.04735990153005351,0.45000338258266626,-0.2139549513557654,-0.14071911457503838,-0.17819183109344525
32.083,0.466,-0.07306792122951142,0.04742754148737481,0.450140668388644,-0.2136584463298033,-0.14179809957082132,-0.1766905234611954
32.103,0.466,-0.0730994018607152,0.04775394092510252,0.45045181857448996,-0.21242124910731275,-0.1410514625826079,-0.17696689457962708
32.123,0.466,-0.0730994018607152,0.04775394092510252,0.45045181857448996,-0.21242124910731275,-0.1410514625826079,-0.17696689457962708
32.143,0.466,-0.07307165845749619,0.047616133027300375,0.4504728777652317,-0.212220370128821,-0.14159189701084207,-0.17607823563717517
32.163,0.466,-0.07318039641437404,0.047438080542302447,0.45039661373354384,-0.21218565864289507,-0.14086522772021282,-0.1756943302784631
32.183,0.466,-0.07307402638580589,0.04708420913867057,0.4502886436319922,-0.21247652624803384,-0.14051204434978315,-0.17487246256113764
32.203,0.466,-0.07297266725168848,0.047215007214720064,0.4504218533030066,-0.2117309246399034,-0.14100824164509146,-0.1725367409601888
32.223,0.466,-0.07297266725168848,0.047215007214720064,0.4504218533030066,-0.2117309246399034,-0.14100824164509146,-0.1725367409601888
32.243,0.466,-0.0723018551119747,0.04676767955724828,0.45042445366513234,-0.21288895331927413,-0.14330020275519217,-0.1693085960753819
32.263,0.466,-0.07203108302789882,0.04680821819716035,0.4505373633750524,-0.21235528911717805,-0.14419130368615823,-0.16653645348554286
32.283,0.466,-0.0716540396399956,0.04638496674632105,0.45050443056919587,-0.21285158500924553,-0.14558278675525452,-0.16405367592132716
32.303,0.466,-0.07152307780043224,0.046234346752419664,0.4506875823961921,-0.21202031677128388,-0.14572705220980922,-0.16301217981056496
32.323,0.466,-0.07152307780043224,0.046234346752419664,0.4506875823961921,-0.21202031677128388,-0.14572705220980922,-0.16301217981056496
32.343,0.466,-0.07142464190147182,0.04565166070012216,0.45057144210571876,-0.21093117672579528,-0.14453093760025648,-0.1629034271740905
32.363,0.466,-0.07072644559598303,0.045006568442977464,0.4503712456137052,-0.21129589220781278,-0.14650503168209253,-0.16065814213208482
32.383,0.466,-0.07013771712093607,0.04446058240777258,0.4503501095101075,-0.21003675441317432,-0.14642817959123566,-0.15991015919808818
32.403,0.466,-0.069922553696037,0.04428167136004942,0.4505571506432625,-0.20770306950951786,-0.14552188854064146,-0.15830493687294417
32.423,0.466,-0.069922553696037,0.04428167136004942,0.4505571506432625,-0.20770306950951786,-0.14552188854064146,-0.15830493687294417
32.443,0.466,-0.06970602600316524,0.04404007527951213,0.4506514133758182,-0.2056269398355333,-0.1443087688611515,-0.1567250731739482
32.463,0.466,-0.06936616793104827,0.043836038290987894,0.4508590287314775,-0.203744750018742,-0.14367188247590193,-0.1554088963949918
32.483,0.466,-0.06916371112800372,0.043756387684284366,0.45111618014109267,-0.20103769641768385,-0.14213931468429591,-0.15482491829410966
32.503,0.466,-0.06894436541226022,0.043389980102639746,0.4511237195129465,-0.19942967137718412,-0.14014153176841385,-0.15502603994283076
32.523,0.466,-0.06894436541226022,0.043389980102639746,0.4511237195129465,-0.19942967137718412,-0.14014153176841385,-0.15502603994283076
32.543,0.466,-0.06876472593687862,0.04316995849959393,0.45130941064111957,-0.19696510003208878,-0.13817122560292908,-0.15461511273333775
32.563,0.466,-0.06835838093981483,0.04275659440065619,0.4512908815205566,-0.19530537838170764,-0.13696111363494687,-0.15362484471282958
32.583,0.466,-0.06836223981919985,0.043029914719351386,0.4515242562722854,-0.19282808370074453,-0.13469305915941027,-0.1529496052599335
32.603,0.466,-0.06837332809573597,0.04320628089994327,0.4518038223728925,-0.1904918020771223,-0.13245254775510445,-0.1528503617415
32.623,0.466,-0.06837332809573597,0.04320628089994327,0.4518038223728925,-0.1904918020771223,-0.13245254775510445,-0.1528503617415
32.643,0.466,-0.06839488083015349,0.043643439687237016,0.45214764314113587,-0.18814597641793793,-0.13068917019416765,-0.15371638475768012
32.663,0.466,-0.06803904583107045,0.043624913299442875,0.4523729028791444,-0.18678009340591117,-0.1306042746789066,-0.15537484432105
32.683,0.466,-0.06769056872965182,0.043652578245625955,0.4525608684349936,-0.1860691025208437,-0.13103204418040126,-0.1567559718215601
32.703,0.466,-0.0677529008363403,0.043559190279538314,0.4526403043922274,-0.18550735604203814,-0.13029540608595885,-0.1581937763058974
32.723,0.466,-0.0677529008363403,0.043559190279538314,0.4526403043922274,-0.18550735604203814,-0.13029540608595885,-0.1581937763058974
32.743,0.466,-0.06750541832894166,0.04363959034148892,0.4527351480311055,-0.18568358549427744,-0.13104994487272037,-0.15915355202994036
32.763,0.466,-0.06735903488681738,0.04354710898859807,0.452870719055529,-0.18527092746524562,-0.13119736842338528,-0.15869891819974025
32.783,0.466,-0.06748980942281767,0.0437923166908246,0.4529479272910536,-0.1856135482812667,-0.13092890581854155,-0.15688181162604006
32.803,0.466,-0.06724301606662579,0.044071356427273,0.453147941611964,-0.18681204060669654,-0.1321347176479056,-0.1545825499691494
32.823,0.466,-0.06724301606662579,0.044071356427273,0.453147941611964,-0.18681204060669654,-0.1321347176479056,-0.1545825499691494
32.843,0.466,-0.06642989400109794,0.04417152392864434,0.45331113219639624,-0.18836718934383131,-0.13586728948405186,-0.15215187299865054
32.863,0.466,-0.06576977518114309,0.04410780139269017,0.45331726954161433,-0.18980279957485088,-0.13883597610447498,-0.15117784783165064
32.883,0.466,-0.06553784408558952,0.04391489996562289,0.45315207227083276,-0.1913549327910242,-0.14123755936961246,-0.15024971619426258
32.903,0.466,-0.06585311057314394,0.04382753617527134,0.45294616214222744,-0.1918170868081933,-0.14141062179302352,-0.14911125741185383
32.923,0.466,-0.06585311057314394,0.04382753617527134,0.45294616214222744,-0.1918170868081933,-0.14141062179302352,-0.14911125741185383
32.943,0.466,-0.06636968454489452,0.04370016654424996,0.45271624898777063,-0.19221503097926845,-0.14011324013684237,-0.14692218122363035
32.963,0.466,-0.0660009182257845,0.04363271010567158,0.45260914008269737,-0.19316312949572478,-0.14146027183794777,-0.14418086573331843
32.983,0.466,-0.06573552443646638,0.04350515413754833,0.4524913216631837,-0.1937818466746986,-0.14235255611642733,-0.140732582218057
33.003,0.466,-0.06486888856395841,0.04352886686355269,0.45256991304876615,-0.19429815232415282,-0.14574887259072145,-0.13842254561733724
33.023,0.466,-0.06486888856395841,0.04352886686355269,0.45256991304876615,-0.19429815232415282,-0.14574887259072145,-0.13842254561733724
33.043,0.466,-0.06417592656991812,0.043242307344126554,0.452496366435091,-0.19392618039221526,-0.14842720309531177,-0.13968328100780483
33.063,0.466,-0.06414236881884114,0.0431334154993899,0.4525620737173883,-0.19200556234561653,-0.1491668739287997,-0.1425552508323862
33.083,0.466,-0.0646979941786927,0.04258129177859365,0.4521229852132863,-0.19077159029580082,-0.14754952640241506,-0.14502129959478643
33.103,0.466,-0.06541483909643468,0.042538327141467776,0.45213587338949973,-0.18825670469408073,-0.14517998032843912,-0.14505991742519703
33.123,0.466,-0.06541483909643468,0.042538327141467776,0.45213587338949973,-0.18825670469408073,-0.14517998032843912,-0.14505991742519703
33.143,0.466,-0.06545101195022882,0.04243837516625891,0.4522098751636343,-0.18652952348650093,-0.14438623954121452,-0.14362368411011267
33.163,0.466,-0.06508090881577318,0.04262294709406142,0.4524887499298969,-0.18557518320116775,-0.14558637889635265,-0.14081380343901928
33.183,0.466,-0.06365271956319986,0.042591681257202765,0.45283193778359115,-0.1857209081404672,-0.15071032385862698,-0.14080772232673552
33.203,0.466,-0.06332343711085373,0.042566739177089856,0.45308473848293984,-0.1849779940620038,-0.15378353871624165,-0.14103247779813938
33.223,0.466,-0.06332343711085373,0.042566739177089856,0.45308473848293984,-0.1849779940620038,-0.15378353871624165,-0.14103247779813938
33.243,0.466,-0.06303573807808778,0.042449815720147006,0.45335209073872695,-0.18282487194534092,-0.1565234247114209,-0.14349831295842214
33.263,0.466,-0.06312751978703209,0.04238938196963031,0.45349175160021626,-0.18166985747827652,-0.1591043471132832,-0.14486226120049883
33.283,0.466,-0.06311666843913705,0.042676129967896013,0.4537801880315096,-0.18091108538633596,-0.16173350329889127,-0.1446865034898387
33.303,0.466,-0.06255508176255724,0.04254851982349616,0.4539396549739785,-0.1828086195990289,-0.1676966493780903,-0.14184975424037488
33.323,0.466,-0.06255508176255724,0.04254851982349616,0.4539396549739785,-0.1828086195990289,-0.1676966493780903,-0.14184975424037488
33.343,0.466,-0.061410108664138395,0.04285138650506347,0.45451116173252676,-0.18400315873436218,-0.17565477128740117,-0.14015769779901885
33.363,0.466,-0.05440453624481487,0.03953850440283893,0.45755241830973475,-0.20156388704315625,-0.21114076712906757,-0.13963905397663337
33.383,0.466,-0.05506798256105774,0.04132607971238505,0.4554985010648545,-0.19357006589826775,-0.23950346848150883,-0.14370165693655765
33.403,0.466,-0.05573457214264596,0.04035630021867124,0.4545892270645066,-0.1916855188824969,-0.24960901440222097,-0.13734940601150314
33.423,0.466,-0.05573457214264596,0.04035630021867124,0.4545892270645066,-0.1916855188824969,-0.24960901440222097,-0.13734940601150314
33.443,0.466,-0.053957775373600074,0.04001907052833843,0.45489011153009146,-0.1956146098729355,-0.2625869506675185,-0.13362348692243428
33.463,0.466,-0.05355002653242445,0.04054678373676757,0.45545285459388113,-0.19837460625179928,-0.27203720752037175,-0.12476493915735891
33.483,0.466,-0.05342310495193125,0.040922562974699005,0.455654913913952,-0.19923051782938553,-0.28346503267721235,-0.11473156916235944
33.503,0.466,-0.052014669001828794,0.039410428597488285,0.45566555504416567,-0.20465294630361816,-0.2984518279579325,-0.11506728724788215
33.523,0.466,-0.052014669001828794,0.039410428597488285,0.45566555504416567,-0.20465294630361816,-0.2984518279579325,-0.11506728724788215
33.543,0.466,-0.050526624196610165,0.03909160172933402,0.45544466964336927,-0.2102501387788933,-0.3199174201591772,-0.11546408341277799
33.563,0.466,-0.04727157792209909,0.03893633652657599,0.4569960403771143,-0.20642550385825476,-0.342700681182775,-0.12487053189374137
33.583,0.466,-0.043946888201025866,0.03881121549598736,0.4577149902679885,-0.20585187411594838,-0.37341760653698597,-0.11808454316188055
33.603,0.466,-0.04624703054676175,0.03888535416566019,0.45701094054270314,-0.20326681141399144,-0.3716886583216648,-0.12466162403629687
33.623,0.466,-0.04624703054676175,0.03888535416566019,0.45701094054270314,-0.20326681141399144,-0.3716886583216648,-0.12466162403629687
33.643,0.466,-0.04376325567943147,0.03901112010603458,0.4578984689890622,-0.2028384897701868,-0.3898033314301004,-0.11702900820570969
33.663,0.466,-0.042344859349803435,0.037702682104127326,0.4572548635364477,-0.21411182755312702,-0.40786924907799027,-0.10024875020535262
33.683,0.466,-0.04146559594984063,0.03787944742836794,0.4575198040352912,-0.21396141258631593,-0.4279921343232397,-0.08403951758016012
33.703,0.466,-0.038933338374833565,0.03750288019243962,0.45865527318392485,-0.2137731148120442,-0.44478701288994454,-0.08706173896800869
33.723,0.466,-0.038933338374833565,0.03750288019243962,0.45865527318392485,-0.2137731148120442,-0.44478701288994454,-0.08706173896800869
33.743,0.466,-0.03903765474607932,0.03685724327252414,0.4584470188304363,-0.21581656284248685,-0.46016124772813416,-0.08552773160155161
33.763,0.466,-0.03622027645244416,0.036193869721165145,0.45875600857343934,-0.21618157693284085,-0.4827783453201907,-0.09010511477578981
33.783,0.466,-0.034954770392753756,0.0363175676580679,0.45949252677448293,-0.2106353007849556,-0.5020112650936336,-0.08863968450399518
33.803,0.466,-0.03198884417375443,0.03412928752941935,0.4587350123172309,-0.22098695483197106,-0.5250043833701528,-0.08552842110726683
33.823,0.466,-0.03198884417375443,0.03412928752941935,0.4587350123172309,-0.22098695483197106,-0.5250043833701528,-0.08552842110726683
33.843,0.466,-0.02989226029472878,0.034066375958075545,0.45952037178065847,-0.22018136518165052,-0.5431311792048651,-0.08401039732368136
33.863,0.466,-0.02815540538889749,0.034594817415350754,0.4603528364393188,-0.21629854083335628,-0.5638875430297623,-0.07517320011161058
33.883,0.466,-0.02588395967553481,0.03418148735999241,0.4610761454569578,-0.2194675893110242,-0.5877237381475414,-0.06941917082035645
33.903,0.466,-0.0227259318758244,0.032889635368527396,0.46093530094744484,-0.22137404812076522,-0.612624647519354,-0.06701724357893571
33.923,0.466,-0.0227259318758244,0.032889635368527396,0.46093530094744484,-0.22137404812076522,-0.612624647519354,-0.06701724357893571
33.943,0.466,-0.021100556262541224,0.03260723238527,0.46123474208667614,-0.22278728756400593,-0.6330961227135629,-0.061522822960117365
33.963,0.466,-0.020987988066874966,0.03141693325692529,0.4605590350024143,-0.2229286703254468,-0.6456080116379953,-0.05557964454232968
33.983,0.466,-0.018555242261930324,0.032446808311432575,0.46160457054445714,-0.22808515935970392,-0.6658849596172629,-0.04471560229142954
34.003,0.466,-0.020326026324794428,0.03331256282104185,0.46138135765885835,-0.22685318850327876,-0.6727478328212738,-0.03238442550588685
34.023,0.466,-0.020326026324794428,0.03331256282104185,0.46138135765885835,-0.22685318850327876,-0.6727478328212738,-0.03238442550588685
34.043,0.466,-0.018343097058444256,0.032910958750475554,0.46161315096403616,-0.23129912425118057,-0.6866028821922122,-0.03285909727283834
34.063,0.466,-0.0176835796058055,0.032818309578339866,0.46182154723255053,-0.2258689112081879,-0.7034040059486676,-0.03178724872841336
34.083,0.466,-0.016618232786084344,0.03247614610594733,0.4622357792669248,-0.22608225237719373,-0.7198967172919349,-0.0392109050069042
34.103,0.466,-0.012813006790601034,0.032536570614466256,0.4635239805061078,-0.22690298970477432,-0.7451535293763448,-0.04963735084219167
34.123,0.466,-0.012813006790601034,0.032536570614466256,0.4635239805061078,-0.22690298970477432,-0.7451535293763448,-0.04963735084219167
34.143,0.466,-0.011219282731750652,0.03152112308916122,0.4634126395621647,-0.23474286548610168,-0.7649426653554983,-0.04699375364782664
34.163,0.466,-0.006441146719531926,0.02993054004306615,0.4632553518414144,-0.2348223918208514,-0.792468188154966,-0.04315103941127403
34.183,0.466,-0.0029927837208167034,0.0303392339697713,0.463967133264318,-0.2413537262312367,-0.8153086007204804,-0.03967333477810388
34.203,0.466,0.001682722837927452,0.030450799870502462,0.4645269681510213,-0.23910928519775332,-0.8483314477865358,-0.026610256152709545
34.223,0.466,0.001682722837927452,0.030450799870502462,0.4645269681510213,-0.23910928519775332,-0.8483314477865358,-0.026610256152709545
34.243,0.466,0.0017791269475339302,0.030834156613109644,0.4644664699334798,-0.24215268937635065,-0.8601691559515624,-0.019539912175621864
34.263,0.466,0.0052094978719529105,0.0306062687915006,0.46492956626144294,-0.2450330139912437,-0.8799998122689578,-0.011229776790776493
34.283,0.466,0.006640947943140641,0.030544387388381403,0.46463662047597365,-0.24757598574381579,-0.8943988127561338,-0.006888715398190745
34.303,0.466,0.00811877288634519,0.030550917537123308,0.4651814254935995,-0.24616767531172445,-0.9151063841084204,-0.0040565523237085606
34.323,0.466,0.00811877288634519,0.030550917537123308,0.4651814254935995,-0.24616767531172445,-0.9151063841084204,-0.0040565523237085606
34.343,0.466,0.01157732857866212,0.028929640325407787,0.46514805671430615,-0.25225281080954975,-0.9419547650470682,-0.009512232273243604
34.363,0.466,0.012703827832212963,0.029606571373563047,0.4666066029419727,-0.2533205551397936,-0.9579115044959241,-0.02376733857102208
34.383,0.466,0.014084070227878737,0.027429182635000614,0.4654090986482401,-0.2605651401497299,-0.9737196328632494,-0.03059859004905565
34.403,0.466,0.016146965796990955,0.02863700051188242,0.4666266873828249,-0.2639674269978316,-0.9962112614844786,-0.02787939490560623
34.423,0.466,0.016146965796990955,0.02863700051188242,0.4666266873828249,-0.2639674269978316,-0.9962112614844786,-0.02787939490560623
34.443,0.466,0.018733639429732905,0.026662918194454356,0.4655591906313874,-0.2698809260522266,-1.017948567944495,-0.028830649117324397
34.463,0.466,0.02373492640229152,0.026833284358494514,0.46666078237322917,-0.268166719500804,-1.054304951726364,-0.027137392916708115
34.483,0.466,0.026161344482939462,0.027103159932745365,0.4677077139181916,-0.26662623235103666,-1.08333187443867,-0.02023055185313074
34.503,0.466,0.028000344439483307,0.027185739967392927,0.46802627588123724,-0.27011827337501354,-1.1005355316550052,-0.012422359226609114
34.523,0.466,0.028000344439483307,0.027185739967392927,0.46802627588123724,-0.27011827337501354,-1.1005355316550052,-0.012422359226609114
34.543,0.466,0.02775937481872019,0.026842525922838485,0.46686156868915657,-0.27685714150779306,-1.1122666471729015,0.005004253129256447
34.563,0.466,0.031922062737343965,0.026085963948684204,0.4664303990857108,-0.280485797678219,-1.1422971986595558,0.016449388361195433
34.583,0.466,0.03782945402170072,0.026837718465631665,0.46834644604201703,-0.27181783071724264,-1.1818433442252143,0.01495377736581558
34.603,0.466,0.038521506639645334,0.026098839630006712,0.46780163900521515,-0.27586419615503555,-1.2055751095958567,0.012573996539908396
34.623,0.466,0.038521506639645334,0.026098839630006712,0.46780163900521515,-0.27586419615503555,-1.2055751095958567,0.012573996539908396
34.643,0.466,0.04231385495539515,0.026700713887158556,0.4698730214617636,-0.2731366362694218,-1.2349599773118503,0.008692410898385305
34.663,0.466,0.04159788283905947,0.025090258865589955,0.4682965065617388,-0.284503105608899,-1.246510789342066,0.011217040821531583
34.683,0.466,0.04414278104371458,0.024658975278648992,0.46886854945043044,-0.28532379425928706,-1.272603759130916,0.015410218567008775
34.703,0.466,0.047323132374039054,0.02321664691339132,0.4687754094786838,-0.2857514374886146,-1.3041291195202223,0.01748392575076941
34.723,0.466,0.047323132374039054,0.02321664691339132,0.4687754094786838,-0.2857514374886146,-1.3041291195202223,0.01748392575076941
34.743,0.466,0.047969059290393044,0.024848402455600466,0.4709037364191485,-0.28095975928231137,-1.325900480563004,0.01485213919352472
34.763,0.466,0.050226409078878057,0.022863830914382037,0.47026536932961205,-0.2809768082940345,-1.3467730034608727,0.015166433850880975
34.783,0.466,0.049986218080986,0.02446654022923522,0.47167011207302945,-0.27188606172795415,-1.3642049715351234,0.028103716584239987
34.803,0.466,0.05252613827625483,0.022784261499803428,0.4715622531318038,-0.28697028670691843,-1.382975165833165,0.04230774846593173
34.823,0.466,0.05252613827625483,0.022784261499803428,0.4715622531318038,-0.28697028670691843,-1.382975165833165,0.04230774846593173
34.843,0.466,0.051774287586600014,0.02377650757991831,0.4708686574207173,-0.27335094947560534,-1.395628481096224,0.044563073591769274
34.863,0.466,0.05453800106490676,0.023236148713453714,0.4715011489016335,-0.26809532817425596,-1.4149076278115593,0.045070512567283685
34.883,0.466,0.05199169572192325,0.025451902129742753,0.4719582099873078,-0.26194603912017383,-1.4136699805716124,0.0449833247224952
34.903,0.466,0.053017747563855515,0.025492914677655003,0.47219365575319544,-0.2615957269386938,-1.4290163616303697,0.059452145805918614
34.923,0.466,0.053017747563855515,0.025492914677655003,0.47219365575319544,-0.2615957269386938,-1.4290163616303697,0.059452145805918614
34.943,0.466,0.05340493150944316,0.02400122758728556,0.47040003922724644,-0.2636156996459457,-1.4356982749857252,0.06316290499902377
34.963,0.466,0.05538509370559174,0.024245083261571432,0.471537430042808,-0.2528223179127386,-1.4501773180218063,0.06579164323183562
34.983,0.466,0.05679574880679886,0.02289411727573601,0.47063596540860364,-0.2570692750522433,-1.4595576834294026,0.06646033506710548
35.003,0.466,0.05909468861916098,0.022326402928548164,0.4704935239510552,-0.2567874389134073,-1.474540864254424,0.06893417169577182
35.023,0.466,0.05909468861916098,0.022326402928548164,0.4704935239510552,-0.2567874389134073,-1.474540864254424,0.06893417169577182
35.043,0.466,0.061895016092329114,0.021745338019567694,0.4702883101869058,-0.2555383674892328,-1.4872224359601152,0.06722146269818711
35.063,0.466,0.06454288812500832,0.02337961617510677,0.4726307553754519,-0.24093283625681963,-1.5006883932742334,0.07351091817813919
35.083,0.466,0.06575386682156391,0.023176824209797556,0.4722227414270751,-0.24263212712283824,-1.5083622697842445,0.08071606658682977
35.103,0.466,0.06604499368696086,0.02379567938340479,0.47173267481808623,-0.24103721756228882,-1.512362030137998,0.08722902727217714
35.123,0.466,0.06604499368696086,0.02379567938340479,0.47173267481808623,-0.24103721756228882,-1.512362030137998,0.08722902727217714
35.143,0.466,0.0685919711520318,0.022867455336741026,0.4704865830665758,-0.2408103649169185,-1.5256716613057708,0.09322985575541685
35.163,0.466,0.07215980547793756,0.023512313686380553,0.4715154360978275,-0.23844031414557812,-1.542860535626576,0.09235752666832027
35.183,0.466,0.07154950260848568,0.027645493024115977,0.4715530927390568,-0.23342747381015913,-1.53415611677709,0.09781759281796575
35.203,0.466,0.07216211997710534,0.02661574297602131,0.4710624666473761,-0.24103522324826118,-1.5382213133921443,0.1040465485129102
35.223,0.466,0.07216211997710534,0.02661574297602131,0.4710624666473761,-0.24103522324826118,-1.5382213133921443,0.1040465485129102
35.243,0.466,0.07593724151830905,0.0273751310794124,0.4716207643041146,-0.23785403603378957,-1.5556913122756169,0.11165744469715883
35.263,0.466,0.07010820683491455,0.024814201150067123,0.4721929502078675,-0.24330765269386376,-1.5365244835904555,0.09133243855153438
35.283,0.466,0.071137004530278,0.024557479006618827,0.4719655215822333,-0.24349106453629413,-1.543719055955308,0.09164796747593862
35.303,0.466,0.07644252485128994,0.026623592313128337,0.4716874260686748,-0.2343205261521184,-1.5698471751118885,0.09274322474921946
35.323,0.466,0.07644252485128994,0.026623592313128337,0.4716874260686748,-0.2343205261521184,-1.5698471751118885,0.09274322474921946
35.343,0.466,0.08387590022162573,0.021770453092866165,0.4724041521217037,-0.2569344377719856,-1.614649601077715,0.07772138580099587
35.363,0.466,0.08277334433713296,0.020397834666636038,0.47109158469582907,-0.26581253968898044,-1.6219377441884943,0.08191623698450214
35.383,0.466,0.08373535118829215,0.021027476975648256,0.4723779981799092,-0.26792856219030614,-1.6295565495614035,0.0717159045281935
35.403,0.466,0.08709664025322363,0.01974586544770887,0.4716697681293002,-0.27520305184582616,-1.6422327891318111,0.061504275404385654
35.423,0.466,0.08709664025322363,0.01974586544770887,0.4716697681293002,-0.27520305184582616,-1.6422327891318111,0.061504275404385654
35.443,0.466,0.08591912306447724,0.020148752427117066,0.4715752266848883,-0.27604183003006527,-1.644637606829338,0.061324361838023665
35.463,0.466,0.08796257638151643,0.020423064331331692,0.4721300187672002,-0.2742682323316882,-1.6575221979625074,0.06790683077460635
35.483,0.466,0.09141902819127687,0.01938627270165744,0.47156124705415065,-0.2842809151000732,-1.6700473635909516,0.06685638027723068
35.503,0.466,0.09011314611576823,0.01883459848234027,0.47057909083122673,-0.28938628724324,-1.6698372878654362,0.06856692261280911
35.523,0.466,0.09011314611576823,0.01883459848234027,0.47057909083122673,-0.28938628724324,-1.6698372878654362,0.06856692261280911
35.543,0.466,0.09194934969963321,0.018493718898905803,0.4705487484076085,-0.2885863839940683,-1.683004022271786,0.06667675910989765
35.563,0.466,0.097206661483485,0.018950925522083318,0.47146209366974545,-0.28665942991626653,-1.7095321574935383,0.06281780802999179
35.583,0.466,0.10107230221990626,0.019918870795641423,0.4731425811585459,-0.2889715623092175,-1.7289310416106862,0.060719516362591514
35.603,0.466,0.10400679042649542,0.017458124523178863,0.4712157848558452,-0.2984529288556026,-1.7459901183241158,0.0641845401941086
35.623,0.466,0.10400679042649542,0.017458124523178863,0.4712157848558452,-0.2984529288556026,-1.7459901183241158,0.0641845401941086
35.643,0.466,0.10968790107952747,0.01566895515478577,0.47069366014282776,-0.30340999726027984,-1.7726631355357372,0.06038427763695594
35.663,0.466,0.11460741823371585,0.015136782969940797,0.4711255214549831,-0.30267008828653813,-1.802461364181212,0.06561713874046378
35.683,0.466,0.11459602710844419,0.014779145565593836,0.4704640758571919,-0.3146999039050989,-1.8114282300936362,0.06336873901823606
35.703,0.466,0.11344019737370813,0.012682526764675663,0.469165895290441,-0.31645805101549507,-1.8184958591781193,0.05822722345099357
35.723,0.466,0.12143565511799685,0.010045261672585367,0.46897020834175257,-0.32348506695810636,-1.8527977512614486,0.042066586605974114
35.743,0.466,0.12143565511799685,0.010045261672585367,0.46897020834175257,-0.32348506695810636,-1.8527977512614486,0.042066586605974114
35.763,0.466,0.12370245039878737,0.009168419310119611,0.4700590229135951,-0.3219550365581406,-1.870883229349663,0.02628615005190226
35.783,0.466,0.12401999023562536,0.00739166692564632,0.46973731040388167,-0.31616713068127034,-1.8830215272371165,0.020973415893334114
35.803,0.466,0.12625178786546007,0.006097340470059858,0.47016379596941066,-0.31717162594086407,-1.8918000957079764,0.006041171636263095
35.823,0.466,0.12886450712739103,0.0049700632085823955,0.47015104047578554,-0.3140832701975901,-1.906340218907734,0.010880094914672001
35.843,0.466,0.12886450712739103,0.0049700632085823955,0.47015104047578554,-0.3140832701975901,-1.906340218907734,0.010880094914672001
35.863,0.466,0.12974625963482772,0.005131588236051027,0.47152916495858727,-0.3054812138038923,-1.9117195919275496,0.002863384901967341
35.883,0.466,0.1296874574175103,0.0033772912784382388,0.4698052391781769,-0.29720512100910695,-1.9127050492369595,-0.0036090567165365205
35.943,0.466,0.16656574439080496,-0.001187917958784181,0.46959682557391136,-0.3197404246602641,-2.037666875075612,0.043336618557323875
35.963,0.466,0.1836301582269762,-0.007886496652220545,0.465294438417816,-0.2998111434402008,-2.0996106754398083,0.04334812009046305
35.983,0.466,0.18212587188298957,-0.0015808499172415879,0.46749694811295583,-0.2755010009878694,-2.093278739457947,0.03624793801692684
36.003,0.466,0.18669647111034185,-0.0043798945794745105,0.4633428800197335,-0.2711678631520515,-2.1091082988214094,0.0672751618604721
36.023,0.466,0.18669647111034185,-0.0043798945794745105,0.4633428800197335,-0.2711678631520515,-2.1091082988214094,0.0672751618604721
36.043,0.466,0.1908387952611003,-0.00933607327724391,0.45974345788592114,-0.2604037801087165,-2.117660261811396,0.06134332331778578
36.063,0.466,0.1930791803974965,-0.008361854440037217,0.4601141600881106,-0.24771071387399715,-2.1161698858969595,0.057030871132315766
36.083,0.466,0.19151622276531832,-0.006500429108077684,0.46113756690262064,-0.22153044896727828,-2.093903568266006,0.05801487910787386
36.103,0.466,0.19732538751189013,-0.01195892778579795,0.4569709369461897,-0.21654845185229554,-2.08993627852525,0.046243581016206715
36.123,0.466,0.1955398430662081,-0.011179028029969144,0.4585837624026425,-0.18922709720894335,-2.061289268668974,0.028119846569562956
36.143,0.466,0.1955398430662081,-0.011179028029969144,0.4585837624026425,-0.18922709720894335,-2.061289268668974,0.028119846569562956
36.163,0.466,0.19771779739319043,-0.01201063879224807,0.4572872223454781,-0.17249523731667038,-2.0443008319274143,0.005725575786005536
36.183,0.466,0.1988096562443545,-0.01416302777853022,0.45507444605089215,-0.16037359820231245,-2.024533402354585,-0.006326262662620301
36.203,0.466,0.20298526802399067,-0.016896533359418386,0.4512633014755693,-0.15682004125653512,-2.0175081224702334,0.009988888346041842
36.223,0.466,0.20298526802399067,-0.016896533359418386,0.4512633014755693,-0.15682004125653512,-2.0175081224702334,0.009988888346041842
36.243,0.466,0.20591190275001522,-0.01677829721225669,0.44898369611710087,-0.14109009694774907,-2.004133617250948,0.024627256970805422
36.263,0.466,0.20969098780033854,-0.01697608051956003,0.4464524188168011,-0.12335993638092599,-1.9976474194449616,0.035841644580809934
36.283,0.466,0.21370174257270058,-0.017362176846403933,0.44449347930380034,-0.10320381079743385,-1.9914522878928507,0.03198070757350657
36.303,0.466,0.21834317016560212,-0.016790485947101155,0.44253369851615815,-0.08517040512311413,-1.9871205775671479,0.027489838473639547
36.323,0.466,0.22181469635151232,-0.014958984181765046,0.44189837438790475,-0.06702046125692028,-1.9832993993990564,0.03699583265418728
36.343,0.466,0.22181469635151232,-0.014958984181765046,0.44189837438790475,-0.06702046125692028,-1.9832993993990564,0.03699583265418728
36.363,0.466,0.22055005463794852,-0.014916670694130467,0.4397498558560061,-0.05791491699356246,-1.9688549587877036,0.05485816493231567
36.383,0.466,0.22102338340402145,-0.01289955383167046,0.4397996146644587,-0.040935636680668394,-1.9612543097906796,0.0648494438017652
36.403,0.466,0.22265591895540202,-0.012590118115316663,0.43919745520505277,-0.03876971787676892,-1.9595465332803226,0.06999605707197964
36.423,0.466,0.22265591895540202,-0.012590118115316663,0.43919745520505277,-0.03876971787676892,-1.9595465332803226,0.06999605707197964
36.443,0.466,0.22380091290370896,-0.012067542866682185,0.4396067435236048,-0.033794051929626714,-1.960048669377505,0.058668137849732765
36.463,0.466,0.22256933851366806,-0.014389986451985066,0.43884433016170127,-0.04248863368437906,-1.9540800028935794,0.039715612156871125
36.483,0.466,0.22201655850306537,-0.0161544065572238,0.439040200572432,-0.05482302240843985,-1.953972927037562,0.030222902343924777
36.503,0.466,0.22283983161210974,-0.01721461080864031,0.4400629883339002,-0.06579816349284923,-1.9613461504101177,0.01822097177003448
36.523,0.466,0.22283983161210974,-0.01721461080864031,0.4400629883339002,-0.06579816349284923,-1.9613461504101177,0.01822097177003448
36.543,0.466,0.22041685244271464,-0.018597140396940545,0.4414218600434995,-0.07813009905309483,-1.9601341123291607,0.0033028774940806844
36.563,0.466,0.21804292163097133,-0.020801206841186345,0.44268204943057043,-0.09601248406586817,-1.9565611699672167,-0.020157733493564065
36.583,0.466,0.2185873726706789,-0.02310780923260828,0.44348496225938755,-0.11491222214843447,-1.963942578604965,-0.04258343695548731
36.603,0.466,0.2157026061951982,-0.0243996807897801,0.444694172126855,-0.1292234880448713,-1.9602163911459511,-0.05939478828370647
36.623,0.466,0.21333973826329475,-0.025534133410409176,0.44556288955932327,-0.14430413885755408,-1.9573322770896884,-0.06880693886888051
36.643,0.466,0.21333973826329475,-0.025534133410409176,0.44556288955932327,-0.14430413885755408,-1.9573322770896884,-0.06880693886888051
36.663,0.466,0.21135095719431382,-0.025396025709581386,0.446560629391455,-0.1523470447874974,-1.9556897812563556,-0.07288530834934695
36.683,0.466,0.21039901046390572,-0.025425212514953038,0.4467041823841504,-0.16380877873395425,-1.9586639335693365,-0.0674736757929002
36.703,0.466,0.20932140880292893,-0.023881317383227064,0.4477866569089505,-0.16661522351288022,-1.9560862768515348,-0.07222887919157005
36.723,0.466,0.20932140880292893,-0.023881317383227064,0.4477866569089505,-0.16661522351288022,-1.9560862768515348,-0.07222887919157005
36.743,0.466,0.21099127346309343,-0.02279686812557136,0.44818516518528334,-0.16803640220239943,-1.9625543884499235,-0.0683000719984587
36.763,0.466,0.21015736281835976,-0.02101769282745765,0.4490351929887688,-0.16740230860396332,-1.9585521486496142,-0.06175558884258747
36.783,0.466,0.2103269645578339,-0.020251969353532514,0.4485771226422431,-0.16882253557159646,-1.9555432498823926,-0.05357619982243474
36.803,0.466,0.2107614780884526,-0.01976005834182522,0.44810474062635375,-0.17384281487348596,-1.9497560962364124,-0.046537755411710464
36.823,0.466,0.21033184949304162,-0.0201640569150383,0.447043243584592,-0.17770466644828392,-1.939474073418996,-0.04784743420997025
36.843,0.466,0.21033184949304162,-0.0201640569150383,0.447043243584592,-0.17770466644828392,-1.939474073418996,-0.04784743420997025
36.863,0.466,0.2115057991767478,-0.019617919036971885,0.44734428098327783,-0.17746303685605644,-1.929321630351218,-0.06254096628779945
36.883,0.466,0.21395853189845063,-0.021566724313195805,0.4457021949491998,-0.18128823793692914,-1.9242291199547306,-0.06993118105902923
36.903,0.466,0.2130412247625822,-0.02301523020391827,0.44422614786931236,-0.18447311775626582,-1.904626527533432,-0.07825929040622888
36.923,0.466,0.21734744466016018,-0.024859470683272218,0.4425131401237836,-0.19045040174470937,-1.9002695172827526,-0.08069292748365503
36.943,0.466,0.21734744466016018,-0.024859470683272218,0.4425131401237836,-0.19045040174470937,-1.9002695172827526,-0.08069292748365503
36.963,0.466,0.21770998993756613,-0.025496000202539143,0.4411628721888391,-0.18662101468657788,-1.8874349277579943,-0.07915173521560431
36.983,0.466,0.21777808680743116,-0.02639766563715867,0.4397979303535496,-0.18145239479372569,-1.8687701031105155,-0.09005333084820226
37.003,0.466,0.21996767122925123,-0.027260115202873757,0.4383199506556217,-0.17840902431152358,-1.8527097355831357,-0.10020623713588676
37.023,0.466,0.22105291406894875,-0.026632291515233136,0.4374001864663204,-0.16366324978185878,-1.83756105719904,-0.09439065057303574
37.043,0.466,0.22105291406894875,-0.026632291515233136,0.4374001864663204,-0.16366324978185878,-1.83756105719904,-0.09439065057303574
37.063,0.466,0.22254458098208232,-0.025843629999824588,0.4363299991834689,-0.15196092599878272,-1.8227935088322365,-0.08345435055642705
37.083,0.466,0.22295191327268835,-0.025197839680055276,0.43516235627522204,-0.1361713032511105,-1.8058752877176814,-0.06647242912622629
37.103,0.466,0.2234284174369784,-0.023641867731672515,0.43426198875046135,-0.12003762431156877,-1.7868898107952509,-0.0573591700964067
37.123,0.466,0.2265500096074977,-0.022443456732372333,0.43355254800205784,-0.0989300744132315,-1.7782815690230451,-0.050637943836967084
37.143,0.466,0.2265500096074977,-0.022443456732372333,0.43355254800205784,-0.0989300744132315,-1.7782815690230451,-0.050637943836967084
37.163,0.466,0.22798201478634794,-0.021007822301289693,0.4328364588462591,-0.08074157763252732,-1.7698213824313573,-0.03713745928052737
37.183,0.466,0.22640747237425424,-0.02027307643092791,0.4322000765793715,-0.06701818381094601,-1.7467379874388607,-0.031884653817354607
37.203,0.466,0.22409260523798166,-0.018945755733579255,0.43228693499014004,-0.04834902724034093,-1.7285008236218393,-0.01569800744359722
37.223,0.466,0.22481210287237566,-0.018586997416687383,0.4320993573173166,-0.03802506207553317,-1.7176598058266097,-0.011570860025239198
37.243,0.466,0.22481210287237566,-0.018586997416687383,0.4320993573173166,-0.03802506207553317,-1.7176598058266097,-0.011570860025239198
37.263,0.466,0.2247859508859647,-0.019620285709088685,0.43148250129771937,-0.032971509255438756,-1.7072907108364561,-0.01023627772705028
37.283,0.466,0.22494038836144412,-0.019660175527844923,0.4319092607343476,-0.025529319317145402,-1.6966362647981583,-0.013577378772393942
37.303,0.466,0.2227458413309604,-0.01918648010178667,0.4331804942330474,-0.019588216926180218,-1.6777782383198574,-0.021851558815773494
37.323,0.466,0.22072619765009246,-0.019288141943311764,0.43399197531690115,-0.01525394043330412,-1.6628638383233418,-0.026214028207171013
37.343,0.466,0.22072619765009246,-0.019288141943311764,0.43399197531690115,-0.01525394043330412,-1.6628638383233418,-0.026214028207171013
37.363,0.466,0.21810865449181208,-0.01959690290597746,0.4349345862571605,-0.014352387173214286,-1.6453632290877973,-0.02381654352269253
37.403,0.466,0.21361425214457455,-0.018248568701279624,0.4366769642974073,-0.008891920332096327,-1.6156698287678901,-0.02126288721440229
37.423,0.466,0.21365153723773536,-0.018176955146161758,0.43718069387982467,-0.012534882338633169,-1.610897308530791,-0.018008324069594614
37.443,0.466,0.21365153723773536,-0.018176955146161758,0.43718069387982467,-0.012534882338633169,-1.610897308530791,-0.018008324069594614
37.463,0.466,0.21044091015923602,-0.01739285648593796,0.4377608296567895,-0.011509658416606438,-1.596822855730487,-0.01434160978398332
37.483,0.466,0.2088653086696381,-0.01650185671483128,0.4383977819223399,-0.010502326277524081,-1.5873256733734729,-0.012340094032387028
37.503,0.466,0.20770452494112354,-0.01596316160999742,0.43910004955818327,-0.015618982888826512,-1.5829595268878007,0.002023602515734025
37.523,0.466,0.20283714078711376,-0.015042397593878518,0.44013494811802173,-0.02220409796826879,-1.5593676356052888,0.002971294833858171
37.543,0.466,0.20283714078711376,-0.015042397593878518,0.44013494811802173,-0.02220409796826879,-1.5593676356052888,0.002971294833858171
37.563,0.466,0.19737653082328124,-0.013621719466531722,0.44201567772593425,-0.024853208170728093,-1.5305115830898566,-0.002205951393666783
37.583,0.466,0.19397833422047947,-0.012710701215570875,0.4437355795134805,-0.028785054145794277,-1.5107574977063856,-0.0026712642161893178
37.603,0.466,0.1899954379783295,-0.012074154274861918,0.44520135695724067,-0.03698416644473062,-1.4855634912792237,-0.010748198278814724
37.623,0.466,0.18636780409818363,-0.01059407693526318,0.44712754469898514,-0.0392529732942709,-1.4655872413259283,-0.012377360330901914
37.643,0.466,0.18636780409818363,-0.01059407693526318,0.44712754469898514,-0.0392529732942709,-1.4655872413259283,-0.012377360330901914
37.663,0.466,0.1809319440969966,-0.010642692084229674,0.44807508415717423,-0.04852120629843534,-1.4310105521137106,-0.021649423255956667
37.683,0.466,0.17819833137509256,-0.009880384829767233,0.4488579810493436,-0.05381776078714327,-1.4087306744710166,-0.026388548673765132
37.703,0.466,0.174113903112785,-0.009469979028693091,0.44877744389878244,-0.06026898409516315,-1.3869037623815754,-0.022373257566479936
37.723,0.466,0.17620934161003216,-0.008604305673860755,0.44899554976874595,-0.06394321641023552,-1.380559151933557,-0.027941119997811827
37.743,0.466,0.17620934161003216,-0.008604305673860755,0.44899554976874595,-0.06394321641023552,-1.380559151933557,-0.027941119997811827
37.763,0.466,0.17595074316447143,-0.008095278485166224,0.448429979562364,-0.06711780642539826,-1.3711608824905273,-0.017879353696409864
37.783,0.466,0.17441228946048043,-0.007461368621319382,0.4483076130596926,-0.06652951669128264,-1.350299777941261,-0.014498291798497123
37.803,0.466,0.17222984147228762,-0.005888301026700202,0.4487354593720559,-0.0631810978026289,-1.3272236212086865,-0.0084485489795564
37.823,0.466,0.16766742743555577,-0.0054532058956826964,0.4489951168783684,-0.0626958620274003,-1.2911954749140022,-0.007918096410815556
37.843,0.466,0.16766742743555577,-0.0054532058956826964,0.4489951168783684,-0.0626958620274003,-1.2911954749140022,-0.007918096410815556
37.863,0.466,0.16615854979179687,-0.004472848833555532,0.4496086089465935,-0.05603572090303605,-1.2641473555969311,-0.009332715855487643
37.883,0.466,0.16281473710212238,-0.003297002092754239,0.4504181590560208,-0.04726258661811658,-1.230914235345878,-0.012564790950765738
37.903,0.466,0.15966926590840902,-0.002819015720543036,0.4507331640694533,-0.042912951422953115,-1.2004620221296698,-0.013660023184049713
37.923,0.466,0.15683021606189662,-0.0024334344094518443,0.45106511836546287,-0.03885745784878831,-1.1712277494528418,-0.01500597433139474
37.943,0.466,0.15683021606189662,-0.0024334344094518443,0.45106511836546287,-0.03885745784878831,-1.1712277494528418,-0.01500597433139474
37.963,0.466,0.15663873954641447,-0.0016562934612722317,0.45124377574207775,-0.02989709788313185,-1.1562313663983728,-0.013341232976089213
37.983,0.466,0.15535143881063082,-0.0027404097045106383,0.4504331911101418,-0.02485010851452672,-1.1374008922628802,-0.009665976823772971
38.003,0.466,0.15487465319326005,-0.002897342064738282,0.45024435733903206,-0.018215520453981254,-1.1219003125750477,-0.006339079235043303
38.023,0.466,0.1544613754493488,-0.0029709443773881044,0.45017903043236157,-0.008596334533771227,-1.1036477285158706,-0.006966770408430729
38.043,0.466,0.1544613754493488,-0.0029709443773881044,0.45017903043236157,-0.008596334533771227,-1.1036477285158706,-0.006966770408430729
38.063,0.466,0.1537920047057386,-0.002808100269940404,0.44993557371452664,-0.0009057296114985825,-1.0899035884098638,0.001114209969480448
38.083,0.466,0.15182314594015442,-0.002420653327191026,0.45023423731924866,0.010533269416687042,-1.0686202137139011,0.005558414424259454
38.103,0.466,0.148475212113914,-0.0008434661857000403,0.451556900335966,0.026296288298535635,-1.0404674385450732,0.007636534806961786
38.123,0.466,0.140659024076808,0.00014021880707919238,0.4529275590367337,0.03726890063844632,-0.9975470106912437,0.011839389195038769
38.143,0.466,0.140659024076808,0.00014021880707919238,0.4529275590367337,0.03726890063844632,-0.9975470106912437,0.011839389195038769
38.163,0.466,0.1341049786568113,0.0009499144524671342,0.45427916094252196,0.05091718215295396,-0.9592917402067983,0.013164017601253634
38.183,0.466,0.1293638811162812,0.0012427711903430388,0.4549063803362778,0.059150433803175945,-0.9312262429279364,0.015805677951323375
38.203,0.466,0.12478291328410751,0.0015494472644789258,0.45584395234876124,0.06815960182552232,-0.9024102642469954,0.011376569968778167
38.223,0.466,0.1200286573369201,0.0026928327705065206,0.45708529182234786,0.0746777534881248,-0.8750577061550587,0.009450710552617307
38.243,0.466,0.1200286573369201,0.0026928327705065206,0.45708529182234786,0.0746777534881248,-0.8750577061550587,0.009450710552617307
38.263,0.466,0.11586833868009642,0.0023957560510396887,0.4574967118928865,0.07660139325462978,-0.8522164827238725,0.01173412667952071
38.283,0.466,0.11056279237015218,0.0030521870482026108,0.45805527620120373,0.0794684751693875,-0.8267977020757327,0.014470774481321023
38.303,0.466,0.10745685723997746,0.004336682273344875,0.45894960411271657,0.08509257627378314,-0.8083943872760931,0.015557153832965324
38.323,0.466,0.10205807492616968,0.00585901824738862,0.4597018897613016,0.08859010614940677,-0.7822198698445572,0.018107436875250214
38.343,0.466,0.10205807492616968,0.00585901824738862,0.4597018897613016,0.08859010614940677,-0.7822198698445572,0.018107436875250214
38.363,0.466,0.09715207875997837,0.006784936589170965,0.4601069545229453,0.0904480946513785,-0.756066168109054,0.021021901546856816
38.383,0.466,0.09235089067050084,0.008158278812262023,0.4608119090239372,0.09454767399038216,-0.7263319372577853,0.01638986961402282
38.403,0.466,0.08741005435974879,0.009973812038876172,0.4614745856059937,0.09605226945831975,-0.7004310162963338,0.01959203427267852
38.423,0.466,0.08172956146708707,0.011301108051057772,0.46204038416418325,0.09704137118515915,-0.6695991598131059,0.017973289663879313
38.443,0.466,0.08172956146708707,0.011301108051057772,0.46204038416418325,0.09704137118515915,-0.6695991598131059,0.017973289663879313
38.463,0.466,0.07908313443869774,0.013351175611994148,0.46287981159461566,0.09818382669624534,-0.6491738800984282,0.010954893527021933
38.483,0.466,0.07663948173559818,0.013572388496520451,0.4625133863202372,0.09041289201798436,-0.6320642747700999,0.005840414813292869
38.503,0.466,0.07528464181140834,0.01427985502076649,0.4627224066794964,0.08743371795820323,-0.619884525226834,0.003384974138018999
38.523,0.466,0.07410053675560858,0.01469871550829529,0.4627476830128361,0.0829331480725617,-0.6080560596393164,0.0020475075712206967
38.543,0.466,0.07410053675560858,0.01469871550829529,0.4627476830128361,0.0829331480725617,-0.6080560596393164,0.0020475075712206967
38.563,0.466,0.07373218950074491,0.015541466045481294,0.462787327820774,0.0795788784165027,-0.5974199016114263,0.0018386718255158556
38.583,0.466,0.0723856004195633,0.0162267053389416,0.46245389906407647,0.07579805425845407,-0.5831217726941269,0.005847279490989796
38.603,0.466,0.07018310144291708,0.017507686040890067,0.4625508831166291,0.07771551173328008,-0.5663437490993624,0.00991005201654379
38.623,0.466,0.06961359272030813,0.018281607108451763,0.4626110429267286,0.07497347401581426,-0.5540386506074062,0.009042106266809943
38.643,0.466,0.06961359272030813,0.018281607108451763,0.4626110429267286,0.07497347401581426,-0.5540386506074062,0.009042106266809943
38.663,0.466,0.06824600138633904,0.018689714744203605,0.4624294994309455,0.07307855507497443,-0.5389337704729077,0.007746525743707029
38.683,0.466,0.06783202115372884,0.0195463941220496,0.46263989830554,0.07343526055611478,-0.527179574038247,0.003877887369259321
38.703,0.466,0.06736367338547565,0.019588103524455672,0.4627832298341352,0.07405830821607085,-0.5165137275192918,-0.0017762396356992274
38.723,0.466,0.06660306698387952,0.019133089805377836,0.4623906249352843,0.07012756872313883,-0.5071999606629404,-0.0012069599064367476
38.743,0.466,0.06660306698387952,0.019133089805377836,0.4623906249352843,0.07012756872313883,-0.5071999606629404,-0.0012069599064367476
38.763,0.466,0.0638343883242751,0.019088082388764447,0.46247186850417343,0.07381560032753529,-0.48950461862586425,-0.0035853180769670886
38.783,0.466,0.06399208676617349,0.02009446426999721,0.46297928350353057,0.08184735073455009,-0.4847721411117508,-0.0004203037543360962
38.803,0.466,0.06501778770023445,0.019252925938494862,0.46284336881114607,0.08289581091654195,-0.47696578747103,-0.00544114328100086
38.823,0.466,0.06424122246843911,0.02026653156729308,0.46300505520667357,0.08930057390327395,-0.47077962443169097,0.0050183019952079995
38.843,0.466,0.06424122246843911,0.02026653156729308,0.46300505520667357,0.08930057390327395,-0.47077962443169097,0.0050183019952079995
38.863,0.466,0.059794757561557006,0.02122812109004164,0.46347031329955996,0.09850397228797744,-0.4500494838744698,0.009816670011591923
38.883,0.466,0.0579875722225028,0.021708922553074907,0.4639664396339541,0.10821562397961666,-0.43643835222122607,0.007921377678698258
38.903,0.466,0.057383822616675975,0.01995361735206033,0.46331442764311725,0.10762083347865806,-0.4300183556072628,0.008077198241551278
38.923,0.466,0.056024878626363274,0.02002370440659192,0.46366102016784316,0.11430258621558972,-0.4237504777326366,0.008377210473268594
38.943,0.466,0.056024878626363274,0.02002370440659192,0.46366102016784316,0.11430258621558972,-0.4237504777326366,0.008377210473268594
38.963,0.466,0.053463325958833054,0.020279649612035995,0.46421320906487146,0.12195544021655993,-0.4096804125687852,0.0015208364803798197
38.983,0.466,0.05281048017986211,0.019453062921754603,0.46410458376527347,0.1244295856684269,-0.40491963898623246,3.9532732081606064e-05
39.003,0.466,0.051508083357308145,0.018864583151840954,0.4639696111316102,0.12894307772979627,-0.3992116359027821,0.002863141086972116
39.023,0.466,0.04862210547476783,0.019065935103473982,0.4640222447984621,0.1360390253829158,-0.38786373201021546,0.009871464234440989
39.043,0.466,0.04862210547476783,0.019065935103473982,0.4640222447984621,0.1360390253829158,-0.38786373201021546,0.009871464234440989
39.063,0.466,0.04689648409312841,0.020317215887791472,0.46467797275189865,0.14433917842594426,-0.37659356593785115,0.011785699604947712
39.083,0.466,0.044521252173348805,0.02033292354100092,0.46486087955310107,0.14938679704696767,-0.3640260932919841,0.012070099870288349
39.103,0.466,0.04206636492610524,0.020865200837335313,0.4652874360385928,0.1538084367451286,-0.35364338733005335,0.015744789680812332
39.123,0.466,0.04149357146433817,0.02052217076461518,0.4652081359623908,0.1556771233593412,-0.3483872845258455,0.012503131070313242
39.143,0.466,0.04149357146433817,0.02052217076461518,0.4652081359623908,0.1556771233593412,-0.3483872845258455,0.012503131070313242
39.163,0.466,0.039053748325550745,0.02079474662410411,0.46526839133633474,0.1553635932201736,-0.33718978961200224,0.008242155498597713
39.183,0.466,0.03620501784730763,0.02203348742629877,0.46611996807422235,0.16046166738350645,-0.3243247146578997,0.004239106413225037
39.203,0.466,0.03669326146755996,0.020987806254957837,0.4652271425180023,0.1523754233164648,-0.324550541577022,0.006080399833701783
39.223,0.466,0.03397866587873352,0.021040821323798076,0.4650058504992532,0.1516648908187549,-0.31093987158213166,0.00907780423980094
39.243,0.466,0.03397866587873352,0.021040821323798076,0.4650058504992532,0.1516648908187549,-0.31093987158213166,0.00907780423980094
39.263,0.466,0.03367567115484931,0.021997736513400656,0.46502038264126766,0.14926030503240345,-0.3036467995208834,0.01281859305829527
39.283,0.466,0.03311546577943774,0.022923041047667417,0.46516227388451376,0.14821123893042726,-0.29387240962986755,0.0161735894815366
39.303,0.466,0.030944156756871715,0.024205158883081217,0.4654502762372158,0.15074002060035685,-0.27884894138609356,0.01949447984458101
39.323,0.466,0.029734194192837234,0.024223660151999414,0.465068019859304,0.14574228665114966,-0.2643828209821616,0.014442607196090895
39.343,0.466,0.029734194192837234,0.024223660151999414,0.465068019859304,0.14574228665114966,-0.2643828209821616,0.014442607196090895
39.363,0.466,0.028182890589966796,0.025170536105735664,0.4654368582614638,0.1443474168452289,-0.25149644515907105,0.0119022113658345
39.383,0.466,0.028804500889320746,0.02604143087686917,0.46563967226417047,0.14081808202029633,-0.24676844426952338,0.007075046890864766
39.403,0.466,0.028285193629344726,0.026720877135341735,0.46569291108375277,0.1388905306962812,-0.23598409631795905,-0.0003330422045040338
39.423,0.466,0.030567035055362485,0.025941131596941412,0.46504334885167764,0.1301166026777582,-0.23604870756208426,-0.0016612684444309654
39.443,0.466,0.030567035055362485,0.025941131596941412,0.46504334885167764,0.1301166026777582,-0.23604870756208426,-0.0016612684444309654
39.463,0.466,0.029879903911043993,0.027179315764002825,0.46542654939941225,0.1304136501416551,-0.2245301049361318,0.00022308290673077907
39.483,0.466,0.028056495258362287,0.027080519983356463,0.4648568633400839,0.12571566082014682,-0.21165145324327111,0.011642295164237685
39.503,0.466,0.027631073686028778,0.02736840269890826,0.4648032613768574,0.12356372790629107,-0.20079947381131796,0.016170148479739258
39.523,0.466,0.029153932098327607,0.027031673659781416,0.4644634779468274,0.12183376826023293,-0.19826078834908506,0.018227312891310136
39.543,0.466,0.029153932098327607,0.027031673659781416,0.4644634779468274,0.12183376826023293,-0.19826078834908506,0.018227312891310136
39.563,0.466,0.027633273431991463,0.027549919757952464,0.4645503820451899,0.12329731058169634,-0.18370777242271363,0.015140203894328278
39.583,0.466,0.026488365071205024,0.02822068680818689,0.4651960293570157,0.12923088925367573,-0.17062146952754673,0.007768945514600127
39.603,0.466,0.02598502707447462,0.028753672275083974,0.46552007100510123,0.13216398809393434,-0.16055357313270996,-0.001807018014242183
39.623,0.466,0.02587927056176316,0.028048960527570214,0.4649056665630947,0.12863198331441744,-0.15562643636042775,-0.002943285056863804
39.643,0.466,0.02587927056176316,0.028048960527570214,0.4649056665630947,0.12863198331441744,-0.15562643636042775,-0.002943285056863804
39.663,0.466,0.02759638839853268,0.02792279580581425,0.46503483249384325,0.13153699330434818,-0.15598316462299572,-0.005083321945446732
39.683,0.466,0.02660717046615752,0.028345215357288754,0.4653611591237105,0.13753061717512557,-0.14918075157444244,0.000568749908547996
39.703,0.466,0.02598520706420522,0.02745730938594574,0.4650558228418357,0.14020230037466888,-0.14492940224403905,0.009224339499920109
39.723,0.466,0.02581075595416302,0.027321670315521004,0.4651304082634142,0.14435633903628536,-0.1426117841412227,0.016065700358595426
39.743,0.466,0.02581075595416302,0.027321670315521004,0.4651304082634142,0.14435633903628536,-0.1426117841412227,0.016065700358595426
39.763,0.466,0.02576832624971878,0.027068206608518476,0.4652867296277474,0.14775533053173562,-0.13875055225518731,0.01369746227611809
39.783,0.466,0.025201063437660282,0.026662941512816157,0.46505875142126213,0.1515140896859456,-0.13791347565277196,0.013792984956925174
39.803,0.466,0.02089453107424517,0.025363572241134655,0.4647816827590229,0.15114052975858477,-0.12267445620770497,0.007905150030340296
39.823,0.466,0.022575893360842297,0.02608816527023665,0.46567713623356216,0.16078751770357522,-0.12952064193847385,-0.0011171096889314078
39.843,0.466,0.022575893360842297,0.02608816527023665,0.46567713623356216,0.16078751770357522,-0.12952064193847385,-0.0011171096889314078
39.863,0.466,0.02108739793996877,0.02698949703849868,0.4665144590008218,0.16889283840258276,-0.1253630336219035,-0.006730729942240698
39.883,0.466,0.022554470909057128,0.02614185955322345,0.46605057616400947,0.1684093347587143,-0.13497125967360188,-0.003485463784667038
39.903,0.466,0.019726550943936678,0.025093959818256507,0.4655881235435711,0.1656964484108321,-0.13101095559633635,0.007541487652458265
39.923,0.466,0.020456203612746436,0.02520216192238793,0.46571094206078456,0.16768186004835603,-0.13743269334831376,0.01552817391643929
39.943,0.466,0.020456203612746436,0.02520216192238793,0.46571094206078456,0.16768186004835603,-0.13743269334831376,0.01552817391643929
39.963,0.466,0.022297166652420534,0.025278033506908965,0.46577944344854794,0.17060528520443125,-0.1470374759765105,0.01891279226807869
39.983,0.466,0.020690428008672265,0.02508241366274629,0.46575374041154377,0.1705236440255528,-0.1446160615271042,0.01862092826163955
40.003,0.466,0.019174040624529532,0.024624180170144103,0.4655682212448038,0.16960172669637819,-0.1444819006472666,0.01730170958174031
40.023,0.466,0.01933764790027341,0.025341036445811253,0.4659419749598545,0.17073808221743111,-0.14902795685109066,0.008801729661979955
40.043,0.466,0.01933764790027341,0.025341036445811253,0.4659419749598545,0.17073808221743111,-0.14902795685109066,0.008801729661979955
40.063,0.466,0.01889485497654629,0.02602587565625923,0.4661427339091308,0.17177208676538236,-0.1518809890744615,0.0026175379224774903
40.083,0.466,0.01776250889742368,0.02544223329001719,0.465838981768409,0.1668889079615539,-0.14974466789103635,-0.002246816641811068
40.103,0.466,0.018656716430818274,0.02606726359748892,0.46560230905647765,0.16229901635963373,-0.1577462551721726,0.003591950101127214
40.123,0.466,0.017942670025977398,0.02685597882108247,0.4661237158256443,0.16329092859967906,-0.15881364300346806,0.011652188241339562
40.143,0.466,0.017942670025977398,0.02685597882108247,0.4661237158256443,0.16329092859967906,-0.15881364300346806,0.011652188241339562
40.163,0.466,0.017411274649643323,0.026286390701089273,0.46552183371069916,0.1575491499205921,-0.15982680183387232,0.020868237147973135
40.183,0.466,0.017590685475580996,0.02639893182245047,0.4653226138014049,0.15308313844542903,-0.1617943815867478,0.02507593986624058
40.203,0.466,0.01840064637200657,0.026867549847703374,0.46547643438594094,0.15166140787329413,-0.16479892061332313,0.022782847817104008
40.223,0.466,0.017147241876614868,0.027053789002444664,0.4654414637964769,0.14796348033341994,-0.15836099265621595,0.015152710025905887
40.243,0.466,0.017147241876614868,0.027053789002444664,0.4654414637964769,0.14796348033341994,-0.15836099265621595,0.015152710025905887
40.263,0.466,0.01722036931571456,0.02837892010510025,0.4660440564642624,0.15004112432973307,-0.15780285820111037,0.00752518267621919
40.283,0.466,0.01614213382789245,0.02844064737966535,0.4659462054214497,0.14798540574306335,-0.15265594016179337,0.002169825070987674
40.303,0.466,0.01719813198246995,0.028301702975121894,0.4654917543604542,0.14351832695256933,-0.1531621347721246,-0.0006703562088822818
40.323,0.466,0.018137739734504225,0.02754403514095749,0.4648373925524112,0.13636916743160485,-0.15517468180446242,0.006417550339177878
40.343,0.466,0.018137739734504225,0.02754403514095749,0.4648373925524112,0.13636916743160485,-0.15517468180446242,0.006417550339177878
40.363,0.466,0.01828607986693054,0.02914355824464788,0.46566991040034017,0.14030339830370675,-0.15197447808986148,0.013482785892345505
40.383,0.466,0.018774280376938297,0.02903165615183436,0.46547507643956904,0.1397968818951937,-0.15156816818888666,0.022672463625817787
40.403,0.466,0.01763678490031245,0.028734786328794643,0.4655732567651824,0.13892588622406749,-0.14155818636429665,0.0220449630766436
40.423,0.466,0.019200835385662154,0.02907527007921878,0.46557094769804747,0.14064977326665032,-0.141940544356399,0.017587759217146712
40.443,0.466,0.019200835385662154,0.02907527007921878,0.46557094769804747,0.14064977326665032,-0.141940544356399,0.017587759217146712
40.463,0.466,0.02223956667899037,0.02871659650930611,0.4653314818987889,0.14018197306638164,-0.147397654008175,0.008376361457476387
40.483,0.466,0.022071587567726696,0.028396999617230172,0.4654081924610895,0.14303475755772235,-0.14141995840280608,-0.0005332073392924309
40.503,0.466,0.021063754389667542,0.028668606075380083,0.4656112909805314,0.14681249067125618,-0.1345995133299176,-0.0029193868006470213
40.523,0.466,0.020162110418515223,0.028788110565556087,0.46594143384075637,0.15127264713626973,-0.12759572052027568,-0.0010298613548460362
40.543,0.466,0.020162110418515223,0.028788110565556087,0.46594143384075637,0.15127264713626973,-0.12759572052027568,-0.0010298613548460362
40.563,0.466,0.02090863861051628,0.027351389831872193,0.4653413861796449,0.1490614076209925,-0.12707446846506218,0.005101982820856595
40.583,0.466,0.019833176786187647,0.028376152135306087,0.4660380331222788,0.1571840511403584,-0.12106901593062362,0.01244843443050594
40.603,0.466,0.019734960959544894,0.026759020123225317,0.46524944947738456,0.15328594072091803,-0.11766088582392638,0.016927164973581373
40.623,0.466,0.023274895979304204,0.026079322616215275,0.4652467013991011,0.15818095661856488,-0.1282474858805068,0.015612168510207877
40.643,0.466,0.023274895979304204,0.026079322616215275,0.4652467013991011,0.15818095661856488,-0.1282474858805068,0.015612168510207877
40.663,0.466,0.02220879658403971,0.026365510932578776,0.4653781406727,0.1594047867995721,-0.12353249063801632,0.012395500690765296
40.683,0.466,0.020867705735628427,0.025810487451268026,0.4652751505084086,0.16016251858351171,-0.11876878259801318,0.007034007329454304
40.703,0.466,0.019504343563875332,0.02539852746232276,0.46516185343866767,0.16262609339305548,-0.1141584143044376,0.0011736133575528595
40.723,0.466,0.019423680519980172,0.025899880139021905,0.465787854216622,0.1683179533221271,-0.11409817521151577,-0.0021596722163517088
40.743,0.466,0.019423680519980172,0.025899880139021905,0.465787854216622,0.1683179533221271,-0.11409817521151577,-0.0021596722163517088
40.763,0.466,0.01827151298559897,0.02591770066962001,0.46577225117314014,0.16894843257965658,-0.11170704767913518,0.0008498897246715269
40.783,0.466,0.018929513354922975,0.025609286874410643,0.46583029637795487,0.17047905413330056,-0.11835440946009512,0.009111756269187796
40.803,0.466,0.019571430973401648,0.02519834653792446,0.4653686123728981,0.16809158461171958,-0.12414575254679582,0.01419017852075431
40.823,0.466,0.01818009602772435,0.02530262985394425,0.46535417483298264,0.1659894680609964,-0.12316098786123755,0.018596466659401723
40.843,0.466,0.01818009602772435,0.02530262985394425,0.46535417483298264,0.1659894680609964,-0.12316098786123755,0.018596466659401723
40.863,0.466,0.02076233885592125,0.02523523625206946,0.46377879239338987,0.1630593239138765,-0.1299833646098039,0.014626179726915036
40.883,0.466,0.021340503434460437,0.024936940118909446,0.4650409500335964,0.16229818947554545,-0.12854255625497565,0.008543545564394
40.903,0.466,0.020846687705570948,0.025259888663239905,0.46525473848967236,0.16344563999909914,-0.12897919906113112,0.007476835066236331
40.923,0.466,0.016677804519810772,0.026634104967750018,0.4659621357391395,0.16259127592673817,-0.1315955975085238,0.0026254873895734405
40.943,0.466,0.016677804519810772,0.026634104967750018,0.4659621357391395,0.16259127592673817,-0.1315955975085238,0.0026254873895734405
40.963,0.466,0.017996500443168376,0.02674308823525219,0.46580787013269437,0.16252022305624989,-0.14110927658121433,0.003040824485183256
40.983,0.466,0.01682464087034957,0.025949706179772696,0.46501481818796564,0.1538984533286257,-0.14051103330538087,0.00636755914886528
41.003,0.466,0.016187679571504233,0.026303710439463474,0.46531437199245906,0.15319642933178468,-0.14164204637043112,0.010669224828801241
41.023,0.466,0.01646830245019912,0.027193972594990665,0.46549049923360264,0.1523250344518326,-0.14628208799543463,0.015597237083717413
41.043,0.466,0.01646830245019912,0.027193972594990665,0.46549049923360264,0.1523250344518326,-0.14628208799543463,0.015597237083717413
41.063,0.466,0.018243132708410232,0.028019754140804678,0.46580394486696186,0.15160129627809105,-0.15503484486734026,0.01608770877857858
41.083,0.466,0.013737725301020466,0.027548387057455714,0.46523377294203866,0.14652998371456288,-0.1434175464064085,0.020174459350853234
41.103,0.466,0.01561118280928114,0.028266653711783333,0.46572903979508834,0.14886646676740653,-0.14982662832712693,0.01340033989718968
41.123,0.466,0.016308294897426915,0.02852631661366338,0.46566656813014656,0.14613550706500442,-0.15315241263089346,0.011221572890754691
41.143,0.466,0.016308294897426915,0.02852631661366338,0.46566656813014656,0.14613550706500442,-0.15315241263089346,0.011221572890754691
41.163,0.466,0.015791023265942825,0.02979001695347779,0.4664119141467054,0.15025751272512733,-0.1500026035016427,0.0072152673332852016
41.183,0.466,0.015573220025191325,0.02870441270433162,0.4655516320627362,0.14420009356954475,-0.14857281190918445,0.00860116174818343
41.203,0.466,0.011435827434641914,0.028252926390159253,0.4658278261600197,0.14702014792741339,-0.13389615328817359,0.010112854241523266
41.223,0.466,0.012411085049391665,0.028651032570306663,0.4658477922279032,0.14692844414872216,-0.1373255066079128,0.012443672461923051
41.243,0.466,0.012411085049391665,0.028651032570306663,0.4658477922279032,0.14692844414872216,-0.1373255066079128,0.012443672461923051
41.263,0.466,0.015189028490845947,0.029131774581706495,0.46604145935022023,0.14888238445440932,-0.14490328073003836,0.012401513562492177
41.283,0.466,0.014967994645194481,0.028854574942036148,0.46581658782294466,0.14738465809514836,-0.14374742973174626,0.01298474494940275
41.303,0.466,0.01525899416771646,0.02850642113580173,0.4656108320384404,0.14642001463544374,-0.14338088229785378,0.012923711103569576
41.323,0.466,0.015566310514625686,0.028245426931622828,0.4654978214170538,0.1459206828747602,-0.14264109473283393,0.012719525445214262
41.343,0.466,0.015566310514625686,0.028245426931622828,0.4654978214170538,0.1459206828747602,-0.14264109473283393,0.012719525445214262
41.363,0.466,0.015198505520556268,0.028099631187582408,0.46543351919410664,0.14651217424877305,-0.13884225205422443,0.012658473511691264
41.383,0.466,0.015275564772879896,0.027392332901035828,0.4651284231106211,0.14714118000766488,-0.13558853845607388,0.010788816309606734
41.403,0.466,0.017545958989137925,0.027729401120691145,0.46511940435446364,0.15093210906250468,-0.14022125975679933,0.009787021981059272
41.423,0.466,0.020553153942891228,0.026683780767108912,0.46545423914884254,0.1573522968660825,-0.13046810675130488,0.007612977289222085
41.443,0.466,0.020553153942891228,0.026683780767108912,0.46545423914884254,0.1573522968660825,-0.13046810675130488,0.007612977289222085
41.463,0.466,0.0190049780689941,0.026739634928303006,0.4655410753188465,0.16023405128733956,-0.12235156220994614,0.011935671525145316
41.483,0.466,0.021361233276930947,0.025618705682245963,0.46522595315757537,0.15821684485794063,-0.1278666323270575,0.012181169925322912
41.503,0.466,0.01940059245448349,0.025987014271399683,0.4654995781472795,0.16263415332473144,-0.11744228673065563,0.011452968525175978
41.523,0.466,0.019370489588026993,0.025764665350268407,0.4654640478618753,0.1626629061420212,-0.11487532713575059,0.008885480629485255
41.543,0.466,0.019370489588026993,0.025764665350268407,0.4654640478618753,0.1626629061420212,-0.11487532713575059,0.008885480629485255
41.563,0.466,0.017079777145761164,0.025678085354968166,0.4653439802690212,0.16267583414012843,-0.10591900951139571,0.008789492100635142
41.583,0.466,0.019588754912651822,0.02595596413062992,0.46469881623170906,0.1609938773437379,-0.125300660898958,0.008585787429585243
41.603,0.466,0.019102348728258018,0.025823521326532324,0.4647321313063647,0.16118787788065578,-0.12167349545827022,0.007527561619477319
41.623,0.466,0.018676505728616302,0.025470396661060376,0.46514133326554125,0.16075871736163605,-0.1166429362966686,0.010340239294845305
41.643,0.466,0.018676505728616302,0.025470396661060376,0.46514133326554125,0.16075871736163605,-0.1166429362966686,0.010340239294845305
41.663,0.466,0.019018167268087454,0.02552732328362001,0.46523605928465533,0.16179415180734955,-0.11631653206615392,0.009932918395397472
41.683,0.466,0.019092938276094432,0.025635079544317763,0.46530904586788524,0.1623979510084035,-0.11594645267181708,0.009791898179051567
41.703,0.466,0.019095256159410663,0.025847149746230227,0.46547282226881986,0.1634322219343489,-0.11578138729897083,0.009257553127644477
41.723,0.466,0.019057033877051394,0.026184305731202877,0.4656052890140849,0.16385037274302755,-0.11612357408309837,0.008723108548271765
41.743,0.466,0.019057033877051394,0.026184305731202877,0.4656052890140849,0.16385037274302755,-0.11612357408309837,0.008723108548271765
41.763,0.466,0.019008340878215364,0.026457165489510125,0.4657621369817238,0.16409095407474006,-0.11687402591529282,0.008349253262992497
41.783,0.466,0.019244369824896516,0.026695627194557158,0.46579189659663195,0.16352693670948154,-0.11916665396381466,0.007327583188976613
41.803,0.466,0.016730232874398888,0.027479647736741324,0.465257564071912,0.16282857948502275,-0.11955261188311841,0.009595699336872099
41.823,0.466,0.016241433987335942,0.027833109524627715,0.465370805885365,0.16136487216549697,-0.12046915844873377,0.008882764914367677
41.843,0.466,0.016241433987335942,0.027833109524627715,0.465370805885365,0.16136487216549697,-0.12046915844873377,0.008882764914367677
41.863,0.466,0.018311316137644525,0.02727139737356973,0.46554730283257084,0.15248021800928843,-0.13927361595470816,0.008654647858893343
41.883,0.466,0.016416667157780136,0.0279834092107627,0.46568446487443294,0.15101877723974597,-0.13551649915919473,0.009938337406316689
41.903,0.466,0.0159851064427683,0.02808489073404093,0.4656524238647847,0.14922345702574277,-0.1392273460208678,0.015061635379347802
41.923,0.466,0.015061038548236504,0.028752360135782105,0.4658155309215206,0.14995079470552053,-0.13867863677623754,0.015622907699251095
41.943,0.466,0.015061038548236504,0.028752360135782105,0.4658155309215206,0.14995079470552053,-0.13867863677623754,0.015622907699251095
41.963,0.466,0.014994626326399028,0.028190428802753593,0.4650260095318945,0.15117825470424037,-0.1313596119154119,0.010693199818403349
41.983,0.466,0.015163956014167377,0.028353139389619322,0.4649221781711236,0.1499394587318163,-0.13546175015322418,0.012025888383633315
42.003,0.466,0.015251594398061718,0.02839084300396611,0.4648640629002902,0.14944519331111755,-0.13919881760601496,0.013220576772844432
42.023,0.466,0.01700683833337107,0.028386608549545746,0.4657970927184629,0.14889795073520898,-0.1421537145827656,0.010533258266860312
42.043,0.466,0.01700683833337107,0.028386608549545746,0.4657970927184629,0.14889795073520898,-0.1421537145827656,0.010533258266860312
42.063,0.466,0.016560718575836585,0.02827902766948821,0.4656308650998181,0.14767720244246693,-0.14287529732571186,0.011097452714402605
42.083,0.466,0.016004717514154592,0.02810057035894456,0.4654975455890262,0.14636131901158123,-0.14286497131524115,0.012041550062702208
42.103,0.466,0.01588277886513566,0.0280425343538849,0.4654123707133162,0.1462504196252159,-0.14380792413054272,0.012803858248366516
42.123,0.466,0.01598201173995544,0.02778354186049239,0.4652943086358422,0.1458747838723642,-0.14491126438706795,0.01285271055786571
42.143,0.466,0.01598201173995544,0.02778354186049239,0.4652943086358422,0.1458747838723642,-0.14491126438706795,0.01285271055786571
42.163,0.466,0.016106942533764348,0.02754375066309449,0.46514988602182317,0.145671268074918,-0.14560287916444958,0.013029184502865337
42.183,0.466,0.016077128134184323,0.02725817000348879,0.4650360743482503,0.1462123739811607,-0.1456139748855141,0.013618988684394793
42.203,0.466,0.018221030559748604,0.02789236225197762,0.46465918081828417,0.15208629142202804,-0.15318820206035993,0.0115939910699761
42.223,0.466,0.01772340803522187,0.0273521990901084,0.4646052802177623,0.15234601948123885,-0.14944826249292298,0.01251819497418915
42.243,0.466,0.01772340803522187,0.0273521990901084,0.4646052802177623,0.15234601948123885,-0.14944826249292298,0.01251819497418915
42.263,0.466,0.017599743101404455,0.02721205204643035,0.4647268579177402,0.15373961659587002,-0.1462934786307235,0.012530993534944586
42.283,0.466,0.017280628332735616,0.02698630298456656,0.4647971635335155,0.1553751152447708,-0.14261435269821052,0.014362611738527372
42.303,0.466,0.01679993824405598,0.026291363227203535,0.46481868439863194,0.15560428666813997,-0.13701571500743048,0.012903850149292139
42.323,0.466,0.01805408344167687,0.0267584562116378,0.4650021023549531,0.15926838170012458,-0.13841271113327291,0.010996036147232087
42.343,0.466,0.017085747016578896,0.026549651862941222,0.46512584127340406,0.15958998125501941,-0.1316891374173692,0.009476762180079226
42.363,0.466,0.017085747016578896,0.026549651862941222,0.46512584127340406,0.15958998125501941,-0.1316891374173692,0.009476762180079226
42.383,0.466,0.01753599287272622,0.025790482593799367,0.46553852112800537,0.16418895134119474,-0.11591369275740886,0.007871906168577737
42.403,0.466,0.015858834109055166,0.025971681152528195,0.4652303497991478,0.16125079176760293,-0.12124631708861922,0.010058850003042514
42.423,0.466,0.01647668690288275,0.02640267672677295,0.46567803210869296,0.16425823588258973,-0.12012618872791714,0.01167402572446282
42.443,0.466,0.01634115741716601,0.026588270130005833,0.4658108905260878,0.16579973894455238,-0.1166743375563559,0.01195606554264459
42.463,0.466,0.01634115741716601,0.026588270130005833,0.4658108905260878,0.16579973894455238,-0.1166743375563559,0.01195606554264459
42.483,0.466,0.016664275069562428,0.026694102625695527,0.4659101170160148,0.16667665617487884,-0.1147694331895784,0.011592033280107411
42.503,0.466,0.017086804111669143,0.02679375324329855,0.465962595007316,0.16707311592709068,-0.113698900763686,0.01097774168346713
42.523,0.466,0.01770426627769706,0.027015325049160023,0.4660696658849913,0.16726757777186524,-0.1136324969774881,0.009989869313035155
42.543,0.466,0.01777161798903292,0.027172182588920978,0.46609636029154733,0.16654922280065182,-0.11232975264217662,0.009171466926940514
42.563,0.466,0.01777161798903292,0.027172182588920978,0.46609636029154733,0.16654922280065182,-0.11232975264217662,0.009171466926940514
42.583,0.466,0.01789264964809067,0.027362688722785026,0.4661569520493492,0.1660369906776563,-0.11188787717420784,0.008699499511578411
42.603,0.466,0.015427073353190953,0.027369011078625508,0.4657804800375322,0.16254972037786525,-0.10688046389832896,0.006566534540625023
42.623,0.466,0.014369854453680215,0.027403751667876956,0.4657898599157987,0.16028644478216547,-0.10372220162554784,0.008848620036735115
42.643,0.466,0.017055583972610783,0.027279411835837274,0.4652594279396563,0.1504013300900992,-0.11876484082270465,0.015886779795008923
42.663,0.466,0.017055583972610783,0.027279411835837274,0.4652594279396563,0.1504013300900992,-0.11876484082270465,0.015886779795008923
42.683,0.466,0.01710256514098071,0.027339109666823867,0.46513227019675796,0.14894880884416645,-0.12087745333923787,0.01921813069975899
42.703,0.466,0.01869549971574727,0.027179596318476346,0.4649529006598821,0.14744539963974312,-0.12735859351151457,0.015710056632091032
42.723,0.466,0.01612061016333342,0.027740038280330212,0.46495185712357534,0.1542287625878155,-0.11605517968304084,0.011185600713717797
42.743,0.466,0.01621798099737067,0.02778840324362331,0.46475141338377685,0.15138323045636856,-0.11908086203848328,0.008983625864847003
42.763,0.466,0.01621798099737067,0.02778840324362331,0.46475141338377685,0.15138323045636856,-0.11908086203848328,0.008983625864847003
42.783,0.466,0.017595657192857314,0.028005586417777496,0.4644844440692979,0.15083600965121155,-0.12686045170652296,0.0038805585781687864
42.803,0.466,0.018316897850089144,0.028334136588590367,0.465676127094407,0.14939305885968207,-0.14131421583803264,0.0005589750644029812
42.823,0.466,0.016745125483667543,0.028694196566374966,0.46590513783742543,0.14966587920822985,-0.13910051161522521,0.004985270145465852
42.843,0.466,0.01677133171541329,0.028293589236989162,0.46572164666369825,0.15021971140957333,-0.14304245721436634,0.014473402091143952
42.863,0.466,0.01677133171541329,0.028293589236989162,0.46572164666369825,0.15021971140957333,-0.14304245721436634,0.014473402091143952
42.883,0.466,0.01952778285423514,0.026857423230061513,0.4663153025335353,0.1441580732926083,-0.14144653112327976,0.016273281650779608
42.903,0.466,0.019610223301742936,0.026850979057576923,0.46620220199870366,0.1441291297368104,-0.14358497685882682,0.016258102331636156
42.923,0.466,0.018842660915695277,0.027176913726002446,0.46496155385857213,0.14520158982972936,-0.14352072021510992,0.011325583119179515
42.943,0.466,0.018685595877289827,0.02709817526396646,0.4649054833910601,0.14535766517965856,-0.145414060664865,0.010731385331523584
42.963,0.466,0.018685595877289827,0.02709817526396646,0.4649054833910601,0.14535766517965856,-0.145414060664865,0.010731385331523584
42.983,0.466,0.014086567944898236,0.02847775491820883,0.4662274871042529,0.15469535775818277,-0.12905781665626856,0.00586241646751109
43.003,0.466,0.014950441444750067,0.027808242244780828,0.46614119507647955,0.15330302438410592,-0.1340845093150777,0.005823958205046479
43.023,0.466,0.014863529512248324,0.027313236417352334,0.46594762435092063,0.1540363088729551,-0.13461357633518106,0.007587287709520191
43.043,0.466,0.015341069119377363,0.026763504808765475,0.4657487961364961,0.15375614830942788,-0.13610047601799719,0.011360095638324895
43.063,0.466,0.015341069119377363,0.026763504808765475,0.4657487961364961,0.15375614830942788,-0.13610047601799719,0.011360095638324895
43.083,0.466,0.016651707257876187,0.026489139221534185,0.4655495844624384,0.16018035307081463,-0.14047084132599313,0.018966197863469127
43.103,0.466,0.01538608455119677,0.025636761164437458,0.46500565328515486,0.1592183303101629,-0.13183209354621303,0.02438516986952536
43.123,0.466,0.017164844285895667,0.026693426151857522,0.46585311506026833,0.16646257580806903,-0.13573395518653575,0.02390728725770109
43.143,0.466,0.016661819048322517,0.027140805215370926,0.46607124918384957,0.16709911653051068,-0.1291658482856049,0.014733988526849387
43.163,0.466,0.016661819048322517,0.027140805215370926,0.46607124918384957,0.16709911653051068,-0.1291658482856049,0.014733988526849387
43.183,0.466,0.016525311966111633,0.02660107560202562,0.4658456940726823,0.16602302138005628,-0.1252473358402144,0.004089604815770503
43.203,0.466,0.017034406771935382,0.027165085096567763,0.46634646465265206,0.16883335565177848,-0.12431896548846248,-0.003385272369414155
43.223,0.466,0.015548340574790643,0.026561871641912246,0.46570187322260215,0.16391082353438216,-0.13009956811063417,0.011112108548073834
43.243,0.466,0.014775854635225216,0.026680672344648635,0.46585262526666465,0.165860071345167,-0.1247983152563604,0.012012726128159314
43.263,0.466,0.014775854635225216,0.026680672344648635,0.46585262526666465,0.165860071345167,-0.1247983152563604,0.012012726128159314
43.283,0.466,0.01451075383130852,0.026863822380477118,0.4660205313461535,0.1671007691566953,-0.12097638971570686,0.0133979593268499
43.303,0.466,0.017688812780763504,0.026598709145331006,0.4660377390525983,0.16532282947784227,-0.12284809340029759,0.018272052041529808
43.323,0.466,0.01623036935783418,0.026659620133873418,0.46556412193955127,0.16037802386462324,-0.10763686984749647,0.025842700053572636
43.343,0.466,0.0167191461370758,0.026611358136557527,0.46562662008965344,0.1585515351447835,-0.10726924781194289,0.019501282594014086
43.363,0.466,0.0167191461370758,0.026611358136557527,0.46562662008965344,0.1585515351447835,-0.10726924781194289,0.019501282594014086
43.383,0.466,0.016078050594921636,0.027123303044696588,0.4655421092831672,0.15626515204438682,-0.10318122855709912,0.0075242031931887065
43.403,0.466,0.01607672505404191,0.028460977681530754,0.46625683309348664,0.15931234494211313,-0.1018233113904239,-0.0046489606884673905
43.423,0.466,0.01848938229497282,0.02762849046896483,0.4657009447850925,0.15460648861996018,-0.11209280865933681,-0.006783860687765506
43.443,0.466,0.018808231206657228,0.02802179543859557,0.4657891325129264,0.1546179282650505,-0.11483128215028113,-0.0022204714074071296
43.463,0.466,0.018808231206657228,0.02802179543859557,0.4657891325129264,0.1546179282650505,-0.11483128215028113,-0.0022204714074071296
43.483,0.466,0.013496402083111281,0.028821989196863757,0.4666779688985742,0.16308584238623147,-0.10189845583899089,0.009988261443420587
43.503,0.466,0.017715614586386264,0.028256982824984542,0.465800964812087,0.15211579914561252,-0.11374402763791429,0.021619755097993305
43.523,0.466,0.017167141162787888,0.02721956891261468,0.4649917872326705,0.14612623205666306,-0.1128128833170712,0.027158963675359287
43.543,0.466,0.022229808388493533,0.027351865631574084,0.46654152595254267,0.14929564094280068,-0.12444566870333323,0.014473081140918555
43.563,0.466,0.022229808388493533,0.027351865631574084,0.46654152595254267,0.14929564094280068,-0.12444566870333323,0.014473081140918555
43.583,0.466,0.02134097015173127,0.027931178337820155,0.4666803106708025,0.1501896839605855,-0.12233878095985037,0.007568258963083546
43.603,0.466,0.020291811407564336,0.028210860165552867,0.4667924080244961,0.15058741784769478,-0.12115196159088024,0.00382053787888999
43.623,0.466,0.019172257555461054,0.027732570998225382,0.46649917616250736,0.14919885535563282,-0.12016406222235122,0.0015777611657280908
43.643,0.466,0.018839515784331184,0.027640405939154778,0.4663420650179921,0.14857425519342776,-0.12129569417890883,0.0007677034993887547
43.663,0.466,0.018839515784331184,0.027640405939154778,0.4663420650179921,0.14857425519342776,-0.12129569417890883,0.0007677034993887547
43.683,0.466,0.018273520933938518,0.027157262618188727,0.4649878900064043,0.1477994008744729,-0.13458930893877782,0.00393638914416636
43.703,0.466,0.017919797725721765,0.027535401845369522,0.46536474601880984,0.14986535116877858,-0.13685383183813918,0.017788819377539837
43.723,0.466,0.014497272031897481,0.027894606217015967,0.4655207062376704,0.15192597896041526,-0.12723021107721982,0.027385035474415044
43.743,0.466,0.016356529261437436,0.026753452837311988,0.46521971496773795,0.15137465400217026,-0.13464562654117365,0.026379662038082556
43.763,0.466,0.016356529261437436,0.026753452837311988,0.46521971496773795,0.15137465400217026,-0.13464562654117365,0.026379662038082556
43.783,0.466,0.014602007331015313,0.02725326548750125,0.4654319734789901,0.15453713280939263,-0.13071295712345626,0.019735916891470032
43.803,0.466,0.014783470386748675,0.027309610931971436,0.46563207082530894,0.15677152276065523,-0.13257852067100195,0.0072900002361816485
43.823,0.466,0.015747751761433778,0.027945029526091462,0.4665058983499987,0.16613732904377904,-0.13694911964632533,-0.003881399245756693
43.843,0.466,0.015611217381066205,0.02705238082878046,0.4658696471420544,0.1630738217222583,-0.1395261206415077,-0.003565395105635502
43.863,0.466,0.015611217381066205,0.02705238082878046,0.4658696471420544,0.1630738217222583,-0.1395261206415077,-0.003565395105635502
43.883,0.466,0.016041566444245738,0.027267980134999273,0.46599875478517516,0.16495689322689386,-0.14120549054963086,0.0024315762212224557
43.903,0.466,0.015256462384825711,0.027477094270580416,0.4662671340821723,0.16772764598203665,-0.13706909871485462,0.011814070802676574
43.923,0.466,0.016770253871052538,0.02575034581137028,0.46533894708590795,0.16185600279384954,-0.1422440212491817,0.022974764946169294
43.943,0.466,0.01414875449447641,0.02707498538521023,0.46626834392937155,0.17011592082910126,-0.1302672535179408,0.025148007487947207
43.963,0.466,0.01414875449447641,0.02707498538521023,0.46626834392937155,0.17011592082910126,-0.1302672535179408,0.025148007487947207
43.983,0.466,0.015640184627434637,0.026030051450906685,0.4653751796537178,0.16124477226471326,-0.13440791172496844,0.02206091639357757
44.003,0.466,0.017099061860380946,0.026215355636244136,0.4644639765311521,0.1617817175340425,-0.1438484130689273,0.011842507443008304
44.023,0.466,0.014959731994738233,0.026091450108722984,0.46487379516944294,0.1615098335433308,-0.13568767072466378,0.006944366999266266
44.043,0.466,0.015095777331711467,0.0265814278052667,0.46579804060814944,0.1652816319017592,-0.13343990742637565,0.009372952663052958
44.063,0.466,0.015095777331711467,0.0265814278052667,0.46579804060814944,0.1652816319017592,-0.13343990742637565,0.009372952663052958
44.083,0.466,0.014128745056826585,0.027022973508162195,0.46604460377285833,0.16743773681645802,-0.12884091709848347,0.010748785412280606
44.103,0.466,0.01348826457529548,0.027219937942194877,0.4662447396590225,0.16875396837538212,-0.12434021378258281,0.011670652349611552
44.123,0.466,0.013860063030685366,0.02749242191228901,0.4662851756214053,0.16879759996526025,-0.12329631745344699,0.012606326650046637
44.143,0.466,0.018517073811351058,0.02681239521513477,0.4663075935347345,0.16449690723796398,-0.13120345990208676,0.015322752800586517
44.163,0.466,0.018517073811351058,0.02681239521513477,0.4663075935347345,0.16449690723796398,-0.13120345990208676,0.015322752800586517
44.183,0.466,0.017661406894966793,0.027080077475345594,0.4655721307221133,0.1591681122130365,-0.11973099466835434,0.021681144544426583
44.203,0.466,0.018004825876572813,0.027656882141530163,0.46583223817777697,0.15942724211831244,-0.11873994459169449,0.014247726519791263
44.223,0.466,0.018131329354152653,0.02737052585525384,0.46558688267619425,0.1570188195212699,-0.1171175562858919,0.0038300672127628823
44.243,0.466,0.01584293603138175,0.027696020465973546,0.4654813747525814,0.15412204000997692,-0.10729559296074861,-0.003107670148525896
44.263,0.466,0.01584293603138175,0.027696020465973546,0.4654813747525814,0.15412204000997692,-0.10729559296074861,-0.003107670148525896
44.283,0.466,0.01887988252436081,0.027978363537003566,0.4656821945085448,0.15470359997284847,-0.1165043749152109,-0.003963454157525444
44.303,0.466,0.016179173727021507,0.02752598180675843,0.4653494789005505,0.1507118647236855,-0.10673739861693328,0.004536722408250364
44.323,0.466,0.018933775861370083,0.02902549218635737,0.46596508374968937,0.15487163111502078,-0.11570155026560969,0.01346370786740682
44.343,0.466,0.017831261271808344,0.028067045502490496,0.46547448442449035,0.1499622329825663,-0.11106632052671712,0.020526652047464043
44.363,0.466,0.017831261271808344,0.028067045502490496,0.46547448442449035,0.1499622329825663,-0.11106632052671712,0.020526652047464043
44.383,0.466,0.018077054288894348,0.02761189071376263,0.4653098504860582,0.14971826167884353,-0.11308100770532135,0.022486429870965042
44.403,0.466,0.02052711462475304,0.028028662229828718,0.46653010980149423,0.15212314173195737,-0.11946194157932763,0.010879412300542797
44.423,0.466,0.018050224984046223,0.028459940015026466,0.46581610133656864,0.1536099077540382,-0.1135218914103141,0.007178953016985376
44.443,0.466,0.01793489700365049,0.02843791156472842,0.46579574526163287,0.15249397902422218,-0.11345025937282986,0.006848475363030412
44.463,0.466,0.01793489700365049,0.02843791156472842,0.46579574526163287,0.15249397902422218,-0.11345025937282986,0.006848475363030412
44.483,0.466,0.01787004703534749,0.028353056129563802,0.4657125759172538,0.15186167053985977,-0.11393568780081338,0.0074199441999853065
44.503,0.466,0.017503336949128208,0.028326639887404734,0.4656771679367561,0.1515376014555023,-0.11353253437929006,0.009088094136259516
44.523,0.466,0.0176213083956099,0.027981215737915337,0.4654797156719036,0.1504799999888238,-0.1152044980980396,0.010705947226848278
44.543,0.466,0.01753644598526462,0.027260936620003,0.46601745711130865,0.15034182508769325,-0.11500002957010043,0.01438485920805158
44.563,0.466,0.01753644598526462,0.027260936620003,0.46601745711130865,0.15034182508769325,-0.11500002957010043,0.01438485920805158
44.583,0.466,0.018689958292399892,0.027136251489670648,0.4650348763836394,0.148209633582607,-0.1218064399248199,0.011574689519543593
44.603,0.466,0.02129796543137316,0.02810054595469104,0.4637392216676583,0.15390877775053322,-0.13873824862875586,0.012800008848941771
44.623,0.466,0.021146820531523447,0.027605178282151033,0.46357412252790486,0.15375349670719615,-0.14092393896319735,0.008941799005647968
44.643,0.466,0.014970027042953887,0.026649419774155227,0.46543775680213606,0.15856828687868516,-0.12712767510013673,0.005330812375403493
44.663,0.466,0.014970027042953887,0.026649419774155227,0.46543775680213606,0.15856828687868516,-0.12712767510013673,0.005330812375403493
44.683,0.466,0.015461641375474443,0.02722376284125572,0.4658907125856398,0.16193887178415214,-0.12932685082632694,-0.0010845085098221989
44.703,0.466,0.016205466787932676,0.02663554505958658,0.4656519349193201,0.16251725767078995,-0.1342960364208866,0.002639731239000685
44.723,0.466,0.014255311073395966,0.02647766708128359,0.46542716933627387,0.16063732024835783,-0.12797930941777774,0.008588023677571116
44.743,0.466,0.013485293437225236,0.026913789382032614,0.46575913872093433,0.16427569279259788,-0.12675757403713145,0.015476832229382658
44.763,0.466,0.013485293437225236,0.026913789382032614,0.46575913872093433,0.16427569279259788,-0.12675757403713145,0.015476832229382658
44.783,0.466,0.01524744264602184,0.027239207620670492,0.46600738755068644,0.1667157248819486,-0.13287127446842423,0.016785758517889722
44.803,0.466,0.01985906187803074,0.02725836008643867,0.46420168654199284,0.1647382797705749,-0.15025558019497298,0.013757072719699016
44.823,0.466,0.01733314566249013,0.026076460036975297,0.4652768592810099,0.15969318410821565,-0.13845323399452117,0.011017154257367361
44.843,0.466,0.01680266771162601,0.026114873784982392,0.4653621734214806,0.1607914232273554,-0.13774629575426636,0.009879803991142688
44.863,0.466,0.01680266771162601,0.026114873784982392,0.4653621734214806,0.1607914232273554,-0.13774629575426636,0.009879803991142688
44.883,0.466,0.01605208071974335,0.02648249756523666,0.4656093541027826,0.16294669763771327,-0.13579777919918112,0.009707774038692633
44.903,0.466,0.015274610917755947,0.02685223733184282,0.4658282312096129,0.16471955074821365,-0.13308099315484043,0.009898800326055609
44.923,0.466,0.014671484650790143,0.02709171078738728,0.465989182546279,0.16568039045309743,-0.13094511313035753,0.011374334930247596
44.943,0.466,0.014338018204128309,0.027422524617786728,0.46616434589360867,0.1667962611515846,-0.12899497793355377,0.012153289517894477
44.963,0.466,0.014338018204128309,0.027422524617786728,0.46616434589360867,0.1667962611515846,-0.12899497793355377,0.012153289517894477
44.983,0.466,0.01476754505316557,0.02769103581200242,0.4662639419161365,0.16691028323009507,-0.12944287544040256,0.012043842441238628
45.003,0.466,0.018452782393915897,0.027004329984312125,0.46649696336946633,0.1622957041130429,-0.13653262163834298,0.013563319996713693
45.023,0.466,0.016365914642578548,0.027230059769848523,0.4655525050169784,0.15633965484786935,-0.12302422071679693,0.011963565051218723
45.043,0.466,0.017820939215320145,0.0276739440850812,0.4656464478843837,0.1557100394023366,-0.12621001020719408,0.007439703649721925
45.063,0.466,0.017820939215320145,0.0276739440850812,0.4656464478843837,0.1557100394023366,-0.12621001020719408,0.007439703649721925
45.083,0.466,0.016588453331821434,0.027577876316333162,0.4655039306018325,0.15375652773825868,-0.11975621258646324,0.005422882232965038
45.103,0.466,0.018614202835225493,0.028081017891478672,0.4657208829929306,0.15355875253905008,-0.12401287688249116,0.005381342987060556
45.123,0.466,0.01742947210837601,0.028310173324926986,0.46554334701229494,0.15199112643291934,-0.11808251776505102,0.009942564808732858
45.143,0.466,0.017756073506700224,0.027747295045921064,0.4654101382356499,0.15168640456434923,-0.1147803064383022,0.009875974473445815
45.163,0.466,0.017756073506700224,0.027747295045921064,0.4654101382356499,0.15168640456434923,-0.1147803064383022,0.009875974473445815
45.183,0.466,0.012252675272045635,0.02805529815166878,0.4661996059361452,0.15506210084947455,-0.10420157674400808,0.010520839482623714
45.203,0.466,0.012690359837423212,0.027612106956962375,0.4657884089353756,0.15166003713775217,-0.10358837950334888,0.011490116773025546
45.223,0.466,0.013081309221567925,0.027286200534563803,0.46541994074818493,0.14932843221767927,-0.10349535346358395,0.00968875106302303
45.243,0.466,0.016673265034640592,0.02829561381565468,0.4657648483008541,0.15381360360188978,-0.11374265527190182,0.00861964590037619
45.263,0.466,0.016673265034640592,0.02829561381565468,0.4657648483008541,0.15381360360188978,-0.11374265527190182,0.00861964590037619
45.283,0.466,0.016389006839761407,0.028050863366107705,0.4656224055540696,0.15228138044716727,-0.11147305336860365,0.00885439674720304
45.303,0.466,0.016427934893360002,0.02787477443747807,0.4655297462044898,0.15163393063633682,-0.11055099367031386,0.009057530362789569
45.323,0.466,0.016448324821074885,0.02765054245725208,0.4653931314674618,0.15079208131621735,-0.1098547400131706,0.010120147388925924
45.343,0.466,0.016555816277121143,0.02726210780664777,0.46517809568910834,0.1496147769044867,-0.10984912327875522,0.011069021791455476
45.363,0.466,0.016555816277121143,0.02726210780664777,0.46517809568910834,0.1496147769044867,-0.10984912327875522,0.011069021791455476
45.383,0.466,0.017005411541911375,0.02691291366403214,0.46504418575271284,0.14893452205543511,-0.1112126757713962,0.011120751591349402
45.403,0.466,0.017827815259094458,0.026538922545318817,0.46485439882623336,0.14812191938883051,-0.11444240400703183,0.010857975473190116
45.423,0.466,0.018257692788573757,0.026371432553061815,0.46479370101271383,0.1488026057405837,-0.11679413301052875,0.010452441255708418
45.443,0.466,0.018103909220149317,0.02609694966329271,0.4646974757207005,0.14876055888880094,-0.1175225835939923,0.010067439656223025
45.463,0.466,0.018103909220149317,0.02609694966329271,0.4646974757207005,0.14876055888880094,-0.1175225835939923,0.010067439656223025
45.483,0.466,0.016102798223943976,0.02649973657453229,0.46539474282597354,0.15791213578980587,-0.12136326853991981,0.008233511530002013
