sensor type:,gyro
timestamp (s),arclength (m),data
0.03198,0.233,0.0006483584638957967,3.159647783782839e-05,-0.001992584229360191
0.04089,0.233,-0.000878804631599242,-0.0005792687603601862,-0.0010762863720631677
0.0498,0.233,0.000495642154346292,-0.0005792687603601862,-0.003214314705756222
0.05871,0.233,0.0006483584638957967,-0.0013428503081077056,0.003505202914421945
0.06762,0.233,0.000495642154346292,-0.0014955666176572095,0.0027416213666744266
0.07653,0.233,0.0006483584638957967,3.159647783782839e-05,-0.001992584229360191
0.08544,0.233,-0.000878804631599242,-0.0005792687603601862,-0.0010762863720631677
0.09434999999999999,0.233,0.000495642154346292,-0.0005792687603601862,-0.003214314705756222
0.10326,0.233,0.0006483584638957967,-0.0013428503081077056,0.003505202914421945
0.11217,0.233,0.000495642154346292,-0.0014955666176572095,0.0027416213666744266
0.14781,0.233,0.0006483584638957967,-0.0005792687603601862,-0.0021453005389096974
0.15672,0.233,3.74932256977812e-05,0.0012533269542338594,0.002283472438025916
0.16563,0.233,0.0003429258447967907,0.0007951780255853478,0.0013671745807288926
0.17454,0.233,-0.000878804631599242,0.002780490049728898,0.001978039818926908
0.18345,0.233,3.74932256977812e-05,0.0012533269542338594,-0.0013817189911621754
0.19235999999999998,0.233,-0.0010315209411487433,0.0021696248115308826,-0.0013817189911621754
0.20127,0.233,-0.00042065570295072956,0.0011006106446843564,-0.001992584229360191
0.21018,0.233,-0.00042065570295072956,0.0011006106446843564,0.0016726071998278986
0.21909,0.233,3.74932256977812e-05,0.0014060432637833624,0.0007563093425308771
0.228,0.233,-0.00026793939340122655,0.0012533269542338594,0.0012144582711793878
0.23691,0.233,3.74932256977812e-05,0.000337029096936837,-0.001992584229360191
0.24581999999999998,0.233,-0.00011522308385172007,-0.00042655245081068324,-0.0018398679198106862
0.25473,0.233,-0.00042065570295072956,0.00048974540648634,-0.0006181374434146569
0.26364,0.233,-0.00011522308385172007,-0.000731985069909691,0.002283472438025916
0.27255,0.233,-0.00011522308385172007,-0.00027383614126117936,0.0016726071998278986
0.28146000000000004,0.233,-0.00011522308385172007,-0.0019537155463057207,0.0013671745807288926
0.29037,0.233,0.00019020953524728594,-0.000884701379459194,-0.001992584229360191
0.29928,0.233,-0.00026793939340122655,-0.0019537155463057207,-0.0003127048243156492
0.30819,0.233,3.74932256977812e-05,-0.00027383614126117936,0.0001454441043328633
0.31710000000000005,0.233,0.0003429258447967907,-0.0016482829272067134,0.002283472438025916
0.32600999999999997,0.233,0.0006483584638957967,-0.00027383614126117936,0.0006035930329813741
0.33492,0.233,-0.00011522308385172007,-0.0013428503081077056,0.0001454441043328633
0.34382999999999997,0.233,-0.00011522308385172007,-0.000884701379459194,-0.0018398679198106862
0.35274,0.233,-0.00026793939340122655,0.00048974540648634,-0.0013817189911621754
0.36164999999999997,0.233,3.74932256977812e-05,-0.00027383614126117936,0.0009090256520803818
0.37056,0.233,-0.00026793939340122655,0.001558759573332868,0.0013671745807288926
0.37947,0.233,3.74932256977812e-05,-0.00012111983171167462,0.0007563093425308771
0.38838,0.233,-0.00042065570295072956,0.0021696248115308826,-0.0010762863720631677
0.39729000000000003,0.233,0.0008010747734453014,0.0007951780255853478,-0.0024507331580087034
0.4062,0.233,-0.0007260883220497373,0.001711475882882371,-0.0003127048243156492
0.41511000000000003,0.233,3.74932256977812e-05,0.0012533269542338594,0.001825323509377405
0.42402,0.233,-0.00042065570295072956,0.001711475882882371,0.0007563093425308771
0.43293,0.233,-0.00042065570295072956,0.00048974540648634,0.0012144582711793878
0.44183999999999996,0.233,3.74932256977812e-05,3.159647783782839e-05,-0.0027561657771077094
0.45075,0.233,-0.000878804631599242,3.159647783782839e-05,0.0001454441043328633
0.45965999999999996,0.233,0.0009537910829948044,-0.0011901339985582026,-0.0022980168484591987
0.46857,0.233,-0.0007260883220497373,3.159647783782839e-05,0.004421500771718968
0.47748,0.233,0.0011065073925443092,-0.0013428503081077056,-0.0007708537529641617
0.48639,0.233,-0.00026793939340122655,-0.0005792687603601862,0.002588905057124922
0.4953,0.233,0.0008010747734453014,-0.002564580784503736,-0.0053523430394492744
0.5042099999999999,0.233,3.74932256977812e-05,3.159647783782839e-05,0.001825323509377405
0.51312,0.233,0.0008010747734453014,-0.0014955666176572095,-7.272205216641431e-06
0.52203,0.233,0.0003429258447967907,3.159647783782839e-05,0.0041160681526199614
0.5309400000000001,0.233,3.74932256977812e-05,-0.0010374176890086979,0.0004508767234318693
0.53985,0.233,3.74932256977812e-05,-0.000731985069909691,-0.001687151610261185
0.54876,0.233,-0.00042065570295072956,-0.00027383614126117936,-0.0021453005389096974
0.55767,0.233,-0.00026793939340122655,-0.0011901339985582026,-0.001992584229360191
0.5665800000000001,0.233,-0.0010315209411487433,0.001558759573332868,0.00365791922397145
0.5754900000000001,0.233,0.000495642154346292,-0.0005792687603601862,0.0002981604138823646
0.5844,0.233,-0.0013369535602477528,0.0024750574306298904,0.0027416213666744266
0.5933099999999999,0.233,3.74932256977812e-05,-0.000884701379459194,-0.005505059348998779
0.60222,0.233,-0.0017951024888962653,0.0023223411210803865,-7.272205216641431e-06
0.61113,0.233,3.74932256977812e-05,3.159647783782839e-05,-0.0029088820866572124
0.6200399999999999,0.233,-0.0014896698697972558,0.002933206359278403,0.0051850823194664886
0.62895,0.233,-0.00011522308385172007,0.000337029096936837,-0.00015998851476614444
0.63786,0.233,-0.000878804631599242,0.0012533269542338594,0.0010617419616298866
0.64677,0.233,0.0006483584638957967,0.0006424617160358439,-0.006115924587196795
0.6556799999999999,0.233,-0.0007260883220497373,-0.00027383614126117936,-0.0006181374434146569
0.66459,0.233,-0.00011522308385172007,0.0006424617160358439,0.0004508767234318693
0.6735,0.233,-0.00026793939340122655,-0.0010374176890086979,0.00487964970036748
0.68241,0.233,-0.00042065570295072956,0.0007951780255853478,0.0024361887475754206
0.69132,0.233,0.0006483584638957967,-0.0019537155463057207,-0.0012290026816126742
0.70023,0.233,-0.00042065570295072956,0.000337029096936837,-0.0033670310153057267
0.70914,0.233,0.0008010747734453014,-0.0024118644749542327,-0.0006181374434146569
0.71805,0.233,0.00019020953524728594,-0.00012111983171167462,0.002588905057124922
0.72696,0.233,0.000495642154346292,-0.0013428503081077056,0.0038106355335209546
0.73587,0.233,-0.00026793939340122655,3.159647783782839e-05,-0.00015998851476614444
0.74478,0.233,-0.00042065570295072956,-0.0011901339985582026,-0.0018398679198106862
0.75369,0.233,0.0009537910829948044,-0.00012111983171167462,-0.004130612563053247
0.7626000000000001,0.233,-0.00026793939340122655,0.000337029096936837,0.0013671745807288926
0.77151,0.233,0.0008010747734453014,0.00018431278738733226,0.002283472438025916
0.78042,0.233,-0.00042065570295072956,0.0014060432637833624,0.004421500771718968
0.7893300000000001,0.233,-0.00011522308385172007,0.0006424617160358439,0.0001454441043328633
0.7982400000000001,0.233,3.74932256977812e-05,0.0011006106446843564,-0.0035197473248552297
0.8071499999999999,0.233,-0.0005733720125002326,0.00048974540648634,-0.0012290026816126742
0.8160599999999999,0.233,0.00019020953524728594,0.0011006106446843564,-0.0007708537529641617
0.82497,0.233,-0.0007260883220497373,0.0009478943351348508,0.007475826962709046
0.83388,0.233,0.000495642154346292,0.0006424617160358439,0.0006035930329813741
0.8427899999999999,0.233,-0.0007260883220497373,0.001558759573332868,0.001978039818926908
0.8517,0.233,0.0008010747734453014,-0.0005792687603601862,-0.0068795061349443114
0.86061,0.233,-0.00026793939340122655,0.00018431278738733226,0.0006035930329813741
0.86952,0.233,0.0008010747734453014,-0.00012111983171167462,-0.0012290026816126742
0.8784299999999999,0.233,-0.00042065570295072956,0.0006424617160358439,0.008086692200907061
0.88734,0.233,0.0008010747734453014,-0.000884701379459194,0.0001454441043328633
0.89625,0.233,-0.001184237250698248,-0.0011901339985582026,0.0002981604138823646
0.90516,0.233,0.000495642154346292,-0.0010374176890086979,-0.00519962672989977
0.9140699999999999,0.233,3.74932256977812e-05,-0.0011901339985582026,-0.0003127048243156492
0.92298,0.233,0.0008010747734453014,-0.0005792687603601862,0.0028943376762239313
0.93189,0.233,0.000495642154346292,-0.0013428503081077056,0.0038106355335209546
0.9408,0.233,3.74932256977812e-05,-0.0005792687603601862,0.0007563093425308771
0.94971,0.233,0.0003429258447967907,-0.0016482829272067134,-0.0036724636344047344
0.95862,0.233,0.0003429258447967907,0.00018431278738733226,-0.0021453005389096974
0.96753,0.233,0.0006483584638957967,-0.000884701379459194,-0.0007708537529641617
0.97644,0.233,-0.00042065570295072956,0.0012533269542338594,0.0050323660099169856
0.9853500000000001,0.233,-0.00011522308385172007,0.0007951780255853478,0.0024361887475754206
0.99426,0.233,-0.0007260883220497373,0.0011006106446843564,0.0010617419616298866
1.00317,0.233,0.0003429258447967907,0.000337029096936837,-0.0053523430394492744
1.01208,0.233,-0.0005733720125002326,0.0012533269542338594,-0.001992584229360191
1.02099,0.233,-0.00042065570295072956,-0.00042655245081068324,-0.0004654211338651539
1.0299,0.233,-0.001184237250698248,0.001558759573332868,0.005795947557664504
1.03881,0.233,0.0011065073925443092,3.159647783782839e-05,0.0007563093425308771
1.04772,0.233,-0.000878804631599242,0.0006424617160358439,0.0006035930329813741
1.05663,0.233,0.0011065073925443092,-0.000731985069909691,-0.005810491968097789
1.06554,0.233,-0.00011522308385172007,3.159647783782839e-05,-7.272205216641431e-06
1.0744500000000001,0.233,-0.00011522308385172007,-0.00012111983171167462,0.0001454441043328633
1.0833599999999999,0.233,-0.0010315209411487433,0.000337029096936837,0.005643231248115
1.09227,0.233,3.74932256977812e-05,-0.00027383614126117936,0.0002981604138823646
1.10118,0.233,0.00019020953524728594,-0.0013428503081077056,-0.0012290026816126742
1.11009,0.233,0.000495642154346292,-0.00012111983171167462,-0.004436045182152253
1.119,0.233,0.00019020953524728594,-0.0014955666176572095,-0.0024507331580087034
1.1279100000000002,0.233,-0.00011522308385172007,0.0009478943351348508,0.0028943376762239313
1.13682,0.233,0.0011065073925443092,-0.0016482829272067134,0.002130756128476411
1.14573,0.233,3.74932256977812e-05,0.0014060432637833624,0.0028943376762239313
1.15464,0.233,0.0011065073925443092,-0.0018009992367562177,-0.004894194110800767
1.1635499999999999,0.233,-0.00026793939340122655,0.0012533269542338594,-0.0027561657771077094
1.17246,0.233,0.0011065073925443092,-0.0014955666176572095,-0.0022980168484591987
1.1813699999999998,0.233,-0.000878804631599242,0.0024750574306298904,0.00487964970036748
1.19028,0.233,0.000495642154346292,-0.00012111983171167462,0.0013671745807288926
1.19919,0.233,-0.0005733720125002326,0.0006424617160358439,0.0024361887475754206
1.2081,0.233,0.00019020953524728594,0.00018431278738733226,-0.0053523430394492744
1.21701,0.233,-0.0005733720125002326,0.00018431278738733226,-0.0015344353007116802
1.2259200000000001,0.233,3.74932256977812e-05,0.0011006106446843564,-0.0012290026816126742
1.2348299999999999,0.233,-0.001184237250698248,-0.00027383614126117936,0.005795947557664504
1.24374,0.233,-0.0007260883220497373,0.001864192192431874,0.002283472438025916
1.25265,0.233,-0.0005733720125002326,0.00018431278738733226,0.0010617419616298866
1.26156,0.233,-0.00042065570295072956,0.00048974540648634,-0.004283328872602748
1.27047,0.233,-0.0005733720125002326,-0.0005792687603601862,-0.0021453005389096974
1.27938,0.233,-0.00011522308385172007,0.000337029096936837,0.0012144582711793878
1.28829,0.233,0.0003429258447967907,-0.00027383614126117936,0.003963351843070458
1.2972000000000001,0.233,3.74932256977812e-05,-0.00027383614126117936,0.002283472438025916
1.3061099999999999,0.233,-0.00011522308385172007,-0.000731985069909691,-0.0004654211338651539
1.31502,0.233,0.001259223702093814,-0.00027383614126117936,-0.0036724636344047344
1.32393,0.233,-0.00026793939340122655,-0.000884701379459194,-0.0022980168484591987
1.33284,0.233,0.000495642154346292,0.00018431278738733226,0.001825323509377405
1.34175,0.233,-0.0005733720125002326,-0.00042655245081068324,0.004421500771718968
1.35066,0.233,-0.00011522308385172007,0.00048974540648634,0.002130756128476411
1.35957,0.233,0.0011065073925443092,-0.00042655245081068324,-0.0022980168484591987
1.36848,0.233,-0.000878804631599242,-0.0005792687603601862,-0.004588761491701758
1.3773900000000001,0.233,-0.00011522308385172007,-0.00042655245081068324,-0.001687151610261185
1.3862999999999999,0.233,-0.00026793939340122655,0.0006424617160358439,0.0013671745807288926
1.39521,0.233,0.0003429258447967907,0.000337029096936837,0.004268784462169465
1.4041199999999998,0.233,-0.00042065570295072956,0.0006424617160358439,0.0016726071998278986
1.41303,0.233,-0.00026793939340122655,-0.00012111983171167462,-0.0038251799439542374
1.42194,0.233,0.00019020953524728594,0.0007951780255853478,-0.0033670310153057267
1.43085,0.233,0.000495642154346292,0.000337029096936837,-0.0013817189911621754
1.43976,0.233,3.74932256977812e-05,0.0009478943351348508,0.005490514938565497
1.4486700000000001,0.233,-0.00042065570295072956,0.0009478943351348508,0.0024361887475754206
1.4575799999999999,0.233,-0.0007260883220497373,0.00018431278738733226,0.001978039818926908
1.46649,0.233,0.0008010747734453014,0.00018431278738733226,-0.006115924587196795
1.4754,0.233,-0.000878804631599242,-0.0005792687603601862,-0.0018398679198106862
1.48431,0.233,0.0006483584638957967,0.0006424617160358439,-0.0018398679198106862
1.49322,0.233,3.74932256977812e-05,-0.00027383614126117936,0.006559529105412023
1.50213,0.233,0.0006483584638957967,0.000337029096936837,0.0013671745807288926
1.51104,0.233,0.0003429258447967907,-0.0011901339985582026,0.0007563093425308771
1.5199500000000001,0.233,0.00019020953524728594,-0.00012111983171167462,-0.005046910420350268
1.5288599999999999,0.233,0.000495642154346292,-0.0011901339985582026,-0.0027561657771077094
1.53777,0.233,0.00019020953524728594,0.00018431278738733226,-0.0004654211338651539
1.54668,0.233,0.0011065073925443092,0.0009478943351348508,-0.0012290026816126742
1.55559,0.233,-0.00026793939340122655,3.159647783782839e-05,0.0004508767234318693
1.5645,0.233,-0.00011522308385172007,0.000337029096936837,-0.0013817189911621754
1.57341,0.233,0.000495642154346292,-0.00027383614126117936,0.0006035930329813741
1.58232,0.233,0.00019020953524728594,0.00018431278738733226,-0.0004654211338651539
1.59123,0.233,-0.00042065570295072956,-0.000731985069909691,0.0009090256520803818
1.60014,0.233,-0.000878804631599242,0.00048974540648634,-0.00015998851476614444
1.6090499999999999,0.233,3.74932256977812e-05,-0.000731985069909691,-0.0013817189911621754
1.61796,0.233,-0.0010315209411487433,-0.00012111983171167462,0.0004508767234318693
1.64469,0.233,-0.00011522308385172007,-0.000731985069909691,-0.0003127048243156492
1.68132,0.233,-0.0005733720125002326,0.00018431278738733226,0.001978039818926908
1.71696,0.233,0.000495642154346292,-0.0005792687603601862,-0.0009235700625136629
1.7506199999999998,0.233,-0.00042065570295072956,0.00018431278738733226,0.002130756128476411
1.78626,0.233,0.00019020953524728594,-0.0005792687603601862,-0.001992584229360191
1.82289,0.233,-0.00026793939340122655,-0.00012111983171167462,0.0015198908902783973
1.85952,0.233,3.74932256977812e-05,-0.00012111983171167462,-0.001992584229360191
1.89615,0.233,3.74932256977812e-05,3.159647783782839e-05,0.002283472438025916
1.92882,0.233,-0.00011522308385172007,3.159647783782839e-05,-0.0010762863720631677
1.9654500000000001,0.233,-0.00026793939340122655,0.0006424617160358439,0.0001454441043328633
2.00208,0.233,0.0003429258447967907,0.0007951780255853478,-0.001992584229360191
2.03772,0.233,-0.0005733720125002326,-0.00012111983171167462,0.0009090256520803818
2.07435,0.233,0.000495642154346292,0.0006424617160358439,-0.0004654211338651539
2.11098,0.233,-0.00011522308385172007,-0.0005792687603601862,0.0007563093425308771
2.14365,0.233,-0.00011522308385172007,0.0006424617160358439,-0.0009235700625136629
2.18028,0.233,-0.00011522308385172007,-0.00012111983171167462,0.0002981604138823646
2.21691,0.233,0.0006483584638957967,0.00048974540648634,0.0006035930329813741
2.25354,0.233,0.00019020953524728594,-0.0010374176890086979,-7.272205216641431e-06
2.28918,0.233,-0.00011522308385172007,0.000337029096936837,0.0015198908902783973
2.32581,0.233,0.0008010747734453014,-0.0005792687603601862,0.0001454441043328633
2.36244,0.233,-0.00042065570295072956,0.0006424617160358439,0.0012144582711793878
2.3951100000000003,0.233,0.0008010747734453014,-0.00027383614126117936,-0.0013817189911621754
2.4317399999999996,0.233,-0.00011522308385172007,0.00048974540648634,0.0001454441043328633
2.4683699999999997,0.233,-0.00011522308385172007,-0.00012111983171167462,-0.0012290026816126742
2.5040099999999996,0.233,0.0003429258447967907,0.00048974540648634,0.0010617419616298866
2.54064,0.233,0.0003429258447967907,3.159647783782839e-05,-0.0018398679198106862
2.57727,0.233,-0.0007260883220497373,-0.00012111983171167462,0.0010617419616298866
2.60994,0.233,3.74932256977812e-05,-0.00012111983171167462,-0.001687151610261185
2.64657,0.233,-0.00042065570295072956,0.00018431278738733226,0.0013671745807288926
2.6832,0.233,0.000495642154346292,-0.0005792687603601862,-0.0013817189911621754
2.71884,0.233,-0.00026793939340122655,-0.00012111983171167462,0.002130756128476411
2.75547,0.233,3.74932256977812e-05,0.000337029096936837,-0.0009235700625136629
2.7921,0.233,0.00019020953524728594,-0.00042655245081068324,0.001978039818926908
2.82477,0.233,0.0009537910829948044,0.00048974540648634,-0.0012290026816126742
2.8614,0.233,-0.00011522308385172007,-0.00027383614126117936,0.0016726071998278986
2.8980300000000003,0.233,0.0003429258447967907,0.0006424617160358439,-0.0010762863720631677
2.93466,0.233,3.74932256977812e-05,-0.00027383614126117936,0.0015198908902783973
2.9703000000000004,0.233,-0.0007260883220497373,-0.00012111983171167462,0.0002981604138823646
3.0069299999999997,0.233,0.0009537910829948044,-0.0005792687603601862,-0.0007708537529641617
3.0396,0.233,-0.00011522308385172007,0.000337029096936837,0.0007563093425308771
3.07623,0.233,0.0006483584638957967,3.159647783782839e-05,-0.0021453005389096974
3.11286,0.233,-0.00026793939340122655,0.0006424617160358439,0.0016726071998278986
3.1494899999999997,0.233,0.00019020953524728594,-0.00027383614126117936,-0.001992584229360191
3.18513,0.233,-0.0007260883220497373,3.159647783782839e-05,0.001825323509377405
3.2217599999999997,0.233,0.00019020953524728594,-0.0005792687603601862,-0.0033670310153057267
3.2544299999999997,0.233,-0.00011522308385172007,0.000337029096936837,0.0015198908902783973
3.29106,0.233,3.74932256977812e-05,-0.00027383614126117936,-0.0027561657771077094
3.32769,0.233,-0.00042065570295072956,-0.00012111983171167462,0.0015198908902783973
3.36432,0.233,-0.00011522308385172007,-0.00042655245081068324,-0.0021453005389096974
3.39996,0.233,-0.00042065570295072956,-0.000884701379459194,0.001825323509377405
3.4365900000000003,0.233,0.0011065073925443092,0.00048974540648634,-0.0021453005389096974
3.46926,0.233,-0.00026793939340122655,-0.000731985069909691,0.0016726071998278986
3.50589,0.233,0.000495642154346292,0.0011006106446843564,-0.0004654211338651539
3.54252,0.233,0.0003429258447967907,-0.000731985069909691,0.001825323509377405
3.5791500000000003,0.233,-0.00042065570295072956,0.0006424617160358439,-0.00015998851476614444
3.6157799999999995,0.233,-0.00011522308385172007,-0.000884701379459194,-0.0004654211338651539
3.65142,0.233,-0.0010315209411487433,0.000337029096936837,0.0001454441043328633
3.6840900000000003,0.233,0.0003429258447967907,0.00018431278738733226,-0.0012290026816126742
3.7207199999999996,0.233,-0.00042065570295072956,0.000337029096936837,0.001825323509377405
3.7573499999999997,0.233,0.0006483584638957967,0.00018431278738733226,-0.0003127048243156492
3.79398,0.233,-0.0005733720125002326,-0.00012111983171167462,0.002283472438025916
3.83061,0.233,3.74932256977812e-05,0.00018431278738733226,-0.001687151610261185
3.86625,0.233,-0.0005733720125002326,0.00048974540648634,0.001825323509377405
3.89892,0.233,-0.00042065570295072956,-0.00027383614126117936,-0.001687151610261185
3.93555,0.233,-0.0007260883220497373,0.0009478943351348508,0.0024361887475754206
3.97218,0.233,3.74932256977812e-05,-0.00012111983171167462,-0.0015344353007116802
4.0088099999999995,0.233,0.000495642154346292,3.159647783782839e-05,0.0015198908902783973
4.04544,0.233,0.0011065073925443092,-0.00027383614126117936,-0.001992584229360191
4.08207,0.233,-0.001184237250698248,0.00048974540648634,0.0013671745807288926
4.114739999999999,0.233,0.001259223702093814,0.000337029096936837,-0.0006181374434146569
4.15038,0.233,-0.0007260883220497373,-0.00027383614126117936,0.0013671745807288926
4.18701,0.233,0.000495642154346292,-0.00012111983171167462,-0.0009235700625136629
4.2236400000000005,0.233,3.74932256977812e-05,3.159647783782839e-05,0.0001454441043328633
4.260269999999999,0.233,3.74932256977812e-05,0.0006424617160358439,-0.0009235700625136629
4.2969,0.233,0.00019020953524728594,-0.000884701379459194,-7.272205216641431e-06
4.33254,0.233,-0.000878804631599242,0.0006424617160358439,0.0006035930329813741
4.36521,0.233,0.0003429258447967907,-0.000731985069909691,-0.0004654211338651539
4.40184,0.233,-0.0007260883220497373,-0.00012111983171167462,0.0002981604138823646
4.438470000000001,0.233,3.74932256977812e-05,-0.0005792687603601862,-0.002603449467558208
4.4751,0.233,-0.00011522308385172007,0.0007951780255853478,0.0007563093425308771
4.511729999999999,0.233,-0.00026793939340122655,3.159647783782839e-05,-0.0003127048243156492
4.5443999999999996,0.233,-0.00026793939340122655,0.00018431278738733226,0.0015198908902783973
4.58103,0.233,3.74932256977812e-05,-0.0011901339985582026,-0.0018398679198106862
4.61667,0.233,0.0003429258447967907,3.159647783782839e-05,0.0001454441043328633
4.6533,0.233,0.0003429258447967907,-0.0011901339985582026,-0.001687151610261185
4.68993,0.233,-0.0007260883220497373,0.00018431278738733226,0.0012144582711793878
4.72656,0.233,0.0003429258447967907,3.159647783782839e-05,0.0001454441043328633
4.75923,0.233,-0.000878804631599242,0.00018431278738733226,0.0015198908902783973
4.795859999999999,0.233,0.0003429258447967907,-0.00027383614126117936,-0.0013817189911621754
4.8315,0.233,-0.0005733720125002326,-0.00027383614126117936,0.0013671745807288926
4.86813,0.233,0.00019020953524728594,0.00018431278738733226,-0.0015344353007116802
4.9047600000000005,0.233,-0.00026793939340122655,-0.00012111983171167462,0.0010617419616298866
4.94139,0.233,3.74932256977812e-05,0.00018431278738733226,-0.0004654211338651539
4.974060000000001,0.233,-0.00042065570295072956,-0.00027383614126117936,0.0015198908902783973
5.010689999999999,0.233,-0.00042065570295072956,-0.00042655245081068324,-0.001687151610261185
5.04633,0.233,0.0003429258447967907,0.00018431278738733226,0.0002981604138823646
5.08296,0.233,0.0003429258447967907,0.00048974540648634,-0.0007708537529641617
5.1195900000000005,0.233,0.0003429258447967907,0.000337029096936837,0.001978039818926908
5.15622,0.233,0.00019020953524728594,0.00018431278738733226,0.0004508767234318693
5.19285,0.233,-0.00011522308385172007,-0.00027383614126117936,0.0004508767234318693
5.2255199999999995,0.233,0.0008010747734453014,-0.00012111983171167462,-0.0006181374434146569
5.262149999999999,0.233,0.0008010747734453014,-0.0005792687603601862,-0.0003127048243156492
5.29779,0.233,-0.00011522308385172007,0.0009478943351348508,0.0006035930329813741
5.33442,0.233,0.000495642154346292,0.00018431278738733226,0.0002981604138823646
5.37105,0.233,-0.0010315209411487433,0.0007951780255853478,0.0016726071998278986
5.40768,0.233,0.0006483584638957967,-0.00027383614126117936,-0.0021453005389096974
5.4403500000000005,0.233,0.00019020953524728594,3.159647783782839e-05,0.0009090256520803818
5.476979999999999,0.233,0.0008010747734453014,0.00018431278738733226,-0.0018398679198106862
5.51262,0.233,-0.00026793939340122655,0.0012533269542338594,0.002130756128476411
5.54925,0.233,0.000495642154346292,-0.00042655245081068324,-0.00015998851476614444
5.58588,0.233,-0.00042065570295072956,-0.0013428503081077056,0.0006035930329813741
5.62251,0.233,0.00019020953524728594,-0.0010374176890086979,-0.0024507331580087034
5.6551800000000005,0.233,-0.00011522308385172007,0.0007951780255853478,-7.272205216641431e-06
5.69181,0.233,0.0006483584638957967,0.001711475882882371,0.0006035930329813741
5.72844,0.233,-0.00011522308385172007,0.0012533269542338594,0.003505202914421945
5.76408,0.233,0.00019020953524728594,-0.0005792687603601862,-0.0013817189911621754
5.8007100000000005,0.233,-0.0014896698697972558,-0.003328162332251256,-0.0013817189911621754
5.83734,0.233,0.0003429258447967907,-0.0016482829272067134,-0.0035197473248552297
5.870010000000001,0.233,-0.00011522308385172007,0.001864192192431874,0.0013671745807288926
5.90664,0.233,0.00019020953524728594,0.004613085764322943,0.005643231248115
5.943269999999999,0.233,-0.00011522308385172007,0.0023223411210803865,0.005337798629015992
5.9799,0.233,-0.000878804631599242,-0.0024118644749542327,-0.0035197473248552297
6.01554,0.233,3.74932256977812e-05,-0.0031754460227017517,-0.01161371173097893
6.05217,0.233,-0.00042065570295072956,-0.000884701379459194,-0.005505059348998779
6.08484,0.233,-0.00026793939340122655,0.0033913552879269136,0.007017678034060534
6.12147,0.233,0.000495642154346292,0.0035440715974764166,0.01877683386937233
6.1581,0.233,-0.0005733720125002326,-0.00027383614126117936,0.004726933390817977
6.19473,0.233,0.0006483584638957967,-0.006535204832790836,-0.012682725897825457
6.23037,0.233,-0.0005733720125002326,-0.0034808786418007594,-0.02505274697133527
6.267,0.233,-0.00011522308385172007,-0.002564580784503736,-0.0012290026816126742
6.30363,0.233,-0.0005733720125002326,0.008736426122159547,0.019845848036218857
6.3363000000000005,0.233,3.74932256977812e-05,-0.000731985069909691,0.02885611029963958
6.37293,0.233,3.74932256977812e-05,0.0011006106446843564,0.0012144582711793878
6.40956,0.233,0.00019020953524728594,-0.00867323316648389,-0.031619548281963936
6.44619,0.233,0.000495642154346292,0.0024750574306298904,-0.02887065471007287
6.4818299999999995,0.233,0.0006483584638957967,0.003238638978377409,-0.0004654211338651539
6.51846,0.233,-0.001184237250698248,0.009041858741258556,0.042295145539995915
6.55113,0.233,-0.0005733720125002326,0.0007951780255853478,0.031910436490629655
6.58776,0.233,-0.00042065570295072956,-0.004244460189548278,-0.008712101849538361
6.62439,0.233,0.000495642154346292,-0.005618906975493813,-0.05055637066610241
6.66102,0.233,0.001259223702093814,0.0011006106446843564,-0.03604832125889955
6.69666,0.233,-0.0021005351079952713,0.009041858741258556,0.022900174227208935
6.73329,0.233,-0.0005733720125002326,0.004765802073872449,0.05542874816125325
6.76596,0.233,-0.002711400346193287,-0.00042655245081068324,0.035270195300718746
6.80259,0.233,0.0006483584638957967,-0.009589531023780913,-0.0381863495925926
6.83922,0.233,-0.000878804631599242,-0.002564580784503736,-0.05971934923907264
6.875850000000001,0.233,0.000495642154346292,0.0006424617160358439,-0.025663612209533282
6.91149,0.233,-0.000878804631599242,0.00934729136035756,0.05084725887476814
6.94416,0.233,-0.000878804631599242,0.001711475882882371,0.06566074090107
6.98079,0.233,-0.0005733720125002326,-0.0036335949513502637,0.013889911963788207
7.01742,0.233,-0.00026793939340122655,-0.010047679952429424,-0.05987206554862215
7.05405,0.233,0.00232823786894034,-0.004091743879998775,-0.06903504412159238
7.09068,0.233,-0.0005733720125002326,0.004154936835674432,0.001978039818926908
7.12731,0.233,-0.001184237250698248,0.005834816240718974,0.06886778340160958
7.1629499999999995,0.233,-0.0016423861793467606,0.001864192192431874,0.07054766280665413
7.19562,0.233,0.0006483584638957967,-0.008215084237835377,-0.018944094589355115
7.23225,0.233,0.00156465632119282,-0.005771623285043317,-0.07804530638501311
7.26888,0.233,0.002633670488039346,-0.00027383614126117936,-0.06536985269240429
7.30551,0.233,-0.00026793939340122655,0.009041858741258556,0.03618649315801577
7.3421400000000006,0.233,-0.0021005351079952713,0.00720926302666451,0.0890263362621441
7.37778,0.233,-0.0017951024888962653,-0.0019537155463057207,0.053748868756208705
7.41045,0.233,-0.00042065570295072956,-0.007909651618736371,-0.05208353376159745
7.44708,0.233,0.0021755215593908354,-0.005618906975493813,-0.09621854722140405
7.48371,0.233,-0.00042065570295072956,0.005987532550268479,-0.03665918649709757
7.52034,0.233,-0.0007260883220497373,0.008278277193511034,0.06779876923476306
7.556970000000001,0.233,-0.0031695492748417984,0.00720926302666451,0.10002191054970837
7.5936,0.233,-0.00026793939340122655,-0.006077055904142325,0.016486089226129774
7.62627,0.233,-0.0005733720125002326,-0.005771623285043317,-0.08384852614789426
7.66191,0.233,0.0027863867975888527,-0.0034808786418007594,-0.09591311460230505
7.69854,0.233,-0.0014896698697972558,0.007972844574412028,0.0038106355335209546
7.73517,0.233,-0.00026793939340122655,0.006598397788466492,0.09864746376376282
7.7718,0.233,-0.003780414513039813,0.0014060432637833624,0.08841547102394608
7.80843,0.233,0.000495642154346292,-0.008520516856934387,-0.02642719375728081
7.8411,0.233,0.0011065073925443092,-0.006535204832790836,-0.11057388031905742
7.87674,0.233,0.0027863867975888527,-0.00042655245081068324,-0.07422739864627552
7.91337,0.233,-0.0021005351079952713,0.006292965169367485,0.04901466316017409
7.95,0.233,-0.0013369535602477528,0.005529383621619966,0.11620983936195578
7.98663,0.233,-0.002405967727094279,-0.0024118644749542327,0.055734180780352256
8.02326,0.233,0.0027863867975888527,-0.007298786380538355,-0.06995134197888941
8.05593,0.233,0.0011065073925443092,-0.006229772213691829,-0.11698796532013656
8.092559999999999,0.233,0.001717372630742323,0.001558759573332868,-0.03345214399655798
8.1282,0.233,-0.002558684036643783,0.006751114098015997,0.08841547102394608
8.16483,0.233,-0.0014896698697972558,0.004765802073872449,0.11269736424231719
8.201459999999999,0.233,-0.0010315209411487433,-0.0028700134036027444,0.010682869463248626
8.23809,0.233,0.00156465632119282,-0.007298786380538355,-0.10263263222248323
8.270760000000001,0.233,0.00156465632119282,-0.0027172970940532405,-0.10263263222248323
8.30739,0.233,-0.00011522308385172007,0.0036967879070259214,0.011141018391897139
8.34303,0.233,-0.002558684036643783,0.009041858741258556,0.11376637840916372
8.37966,0.233,-0.0017951024888962653,0.004154936835674432,0.0893317688812431
8.416289999999998,0.233,-0.00011522308385172007,-0.003022729713152248,-0.034521158163404515
8.45292,0.233,0.0027863867975888527,-0.007451502690087859,-0.12019500782067616
8.48559,0.233,0.0003429258447967907,-0.002106431855855225,-0.07331110078897848
8.522219999999999,0.233,-0.00026793939340122655,0.005682099931169471,0.05588689708990176
8.55885,0.233,-0.002558684036643783,0.008736426122159547,0.12124947757708941
8.59449,0.233,-0.0019478187984457666,0.0012533269542338594,0.056039613399451266
8.631120000000001,0.233,0.00156465632119282,-0.005160758046845302,-0.07560184543222104
8.66775,0.233,0.0008010747734453014,-0.007604218999637363,-0.1180569794869831
8.704379999999999,0.233,0.0008010747734453014,-0.0014955666176572095,-0.03635375387799855
8.73705,0.233,-0.002405967727094279,0.006445681478916989,0.09055349935763914
8.77368,0.233,-0.0019478187984457666,0.008278277193511034,0.11117020114682215
8.80932,0.233,0.0014119400116433152,0.00720926302666451,0.014500777201986222
8.84595,0.233,0.0018700889402918277,-0.008520516856934387,-0.10034188757924066
8.88258,0.233,0.003855400964435377,-0.011727559357473966,-0.09713484507870108
8.91921,0.233,-0.00011522308385172007,-0.01661448126305809,0.010682869463248626
8.95188,0.233,-0.0013369535602477528,-0.01783621173945412,0.11010118697997562
8.98851,0.233,-0.0007260883220497373,-0.014171020310266028,0.08444484697565897
9.025139999999999,0.233,0.0003429258447967907,-0.01111669411927595,-0.03788091697349359
9.060780000000001,0.233,0.0035499683453363694,-0.009589531023780913,-0.10782498674716637
9.09741,0.233,0.001717372630742323,0.0006424617160358439,-0.06827146257384487
9.134039999999999,0.233,-0.00286411665574279,0.007056546717115005,0.0615374005432334
9.166709999999998,0.233,-0.0014896698697972558,0.012096184932248632,0.1087267401940301
9.20334,0.233,-0.0031695492748417984,0.011638036003600118,0.045196755421436495
9.23997,0.233,0.002939103107138354,0.009958156598555578,-0.0821686467428497
9.27561,0.233,-0.000878804631599242,0.013470631718194164,-0.11103202924770594
9.31224,0.233,-0.00026793939340122655,0.01591409267098623,-0.022914718637642217
9.348870000000002,0.233,-0.004696712370336837,0.022480893981614892,0.08963720150034211
9.38154,0.233,-0.0030168329652922954,0.016983106837832756,0.10032734316880737
9.41817,0.233,-0.00286411665574279,0.014997794813689208,-0.005810491968097789
9.454799999999999,0.233,0.0006483584638957967,0.00446036945477344,-0.10080003650788918
9.491430000000001,0.233,-0.00011522308385172007,0.0033913552879269136,-0.08858273174392886
9.52707,0.233,-0.0017951024888962653,0.002780490049728898,0.022442025298560424
9.5637,0.233,-0.003474981893940807,0.0026277737401793934,0.10368710197889647
9.59637,0.233,-0.0010315209411487433,-0.0022591481654047293,0.07176939328305017
9.633,0.233,0.0003429258447967907,-0.012338424595671981,-0.03711733542574607
9.66963,0.233,0.0035499683453363694,-0.01585089971531057,-0.1020217669842852
9.70626,0.233,0.001259223702093814,-0.018752509596751142,-0.05101451959475092
9.7419,0.233,0.001259223702093814,-0.012185708286122478,0.054054301375307715
9.77853,0.233,0.00019020953524728594,-0.013102006143419501,0.10017462685925788
9.811200000000001,0.233,0.0014119400116433152,-0.011574843047924463,0.03710279101531279
9.84783,0.233,0.004466266202633391,-0.01661448126305809,-0.06246824281096372
9.884459999999999,0.233,0.003855400964435377,-0.014323736619815532,-0.08797186650573086
9.92109,0.233,0.0035499683453363694,-0.010353112571528433,-0.019860392446652143
9.95673,0.233,-0.00011522308385172007,-0.0005792687603601862,0.07192210959259968
9.993360000000001,0.233,-0.00011522308385172007,0.004307653145223937,0.07757261304593131
10.02603,0.233,0.0003429258447967907,0.004918518383421951,0.0041160681526199614
10.06266,0.233,0.0014119400116433152,0.004154936835674432,-0.07468554757492402
10.09929,0.233,0.0003429258447967907,0.005682099931169471,-0.06689701578789932
10.13592,0.233,-0.002253251417544776,0.012248901241798137,0.009308422677303092
10.17255,0.233,-0.0033222655843913014,0.017135823147382257,0.07085309542575313
10.20819,0.233,-0.00362769820349031,0.019732000409723824,0.05161084042251565
10.244819999999999,0.233,-0.002405967727094279,0.013776064337293174,-0.023067434947191726
10.27749,0.233,-0.001184237250698248,0.010874454455852601,-0.06857689519294387
10.31412,0.233,-0.0030168329652922954,0.005682099931169471,-0.041393392093132184
10.35075,0.233,-0.004085847132138822,0.010874454455852601,0.029008826609189083
10.387379999999999,0.233,-0.004085847132138822,0.008583709812610045,0.06352271256737696
10.423020000000001,0.233,-0.0014896698697972558,0.005376667312070461,0.02885611029963958
10.45569,0.233,-0.00011522308385172007,-0.004244460189548278,-0.034521158163404515
10.49232,0.233,0.0014119400116433152,-0.009284098404681905,-0.0581921861435776
10.52895,0.233,0.0014119400116433152,-0.010200396261978929,-0.016653349946112554
10.56558,0.233,0.0009537910829948044,-0.007909651618736371,0.03878267042035733
10.60221,0.233,0.001717372630742323,-0.007604218999637363,0.05390158506575821
10.63884,0.233,0.0032445357262373634,-0.012796573524320492,0.007323110653159542
10.674479999999999,0.233,0.004160833583534387,-0.016461764953508585,-0.039255363759439124
10.70715,0.233,0.004313549893083888,-0.01737806281080561,-0.044600434593671766
10.743780000000001,0.233,0.0033972520357868647,-0.011269410428825455,0.0027416213666744266
10.78041,0.233,0.0027863867975888527,-0.005924339594592821,0.043364159706842445
10.817039999999999,0.233,0.0008010747734453014,-0.0036335949513502637,0.03817180518215932
10.85367,0.233,0.0011065073925443092,-0.004855325427746294,-0.007643087682691835
10.88535,0.233,0.001717372630742323,-0.003328162332251256,-0.04475315090322127
10.92198,0.233,-0.0010315209411487433,-0.0014955666176572095,-0.02780164054322634
10.95861,0.233,-0.00011522308385172007,0.009805440289006075,0.012210032558743665
10.995239999999999,0.233,-0.005460293918084356,0.01117988707495161,0.04641848589783252
11.031870000000001,0.233,-0.0017951024888962653,0.013470631718194164,0.019387699107570346
11.0685,0.233,-0.005002144989435844,0.010721738146303096,-0.020623973994399664
11.105129999999999,0.233,-0.0010315209411487433,0.00720926302666451,-0.04490586721277077
11.137799999999999,0.233,-0.002558684036643783,0.011638036003600118,-0.015431619469716532
11.173440000000001,0.233,-0.0031695492748417984,0.011638036003600118,0.024121904703604966
11.21007,0.233,-0.004849428679886341,0.009805440289006075,0.04015711720630287
11.2467,0.233,-0.0007260883220497373,0.005682099931169471,0.006712245414961527
11.28333,0.233,-0.0017951024888962653,3.159647783782839e-05,-0.030092385186468902
11.319959999999998,0.233,0.002939103107138354,0.0026277737401793934,-0.034979307092053026
11.35263,0.233,-0.00011522308385172007,-0.0010374176890086979,-0.00015998851476614444
11.38926,0.233,0.0027863867975888527,-0.00042655245081068324,0.034048464824322715
11.4249,0.233,0.0003429258447967907,-0.003939027570449271,0.024885486251352482
11.46153,0.233,0.0035499683453363694,-0.01264385721477099,-0.007795803992241336
11.49816,0.233,0.0021755215593908354,-0.011269410428825455,-0.031008683043765924
11.53479,0.233,0.005229847750380913,-0.014323736619815532,-0.01558433577926603
11.567459999999999,0.233,0.00019020953524728594,3.159647783782839e-05,0.01633337291658027
11.60409,0.233,0.005077131440831408,-0.00867323316648389,0.03145228756198115
11.63973,0.233,-0.00286411665574279,-0.0034808786418007594,0.0096138552964021
11.67636,0.233,0.004160833583534387,-0.014934601858013546,-0.019249527208454124
11.71299,0.233,-0.00286411665574279,-0.004397176499097783,-0.030855966734216422
11.74962,0.233,0.0020228052498413324,-0.004244460189548278,0.0002981604138823646
11.78229,0.233,-0.0031695492748417984,0.00720926302666451,0.0256490677991
11.81892,0.233,-0.000878804631599242,0.004918518383421951,0.03389574851477321
11.85456,0.233,-0.002253251417544776,0.001711475882882371,-0.008864818159087863
11.89119,0.233,-0.00286411665574279,0.0009478943351348508,-0.03146683197241443
11.92782,0.233,-0.001184237250698248,0.004154936835674432,-0.03528473971115202
11.964450000000001,0.233,-0.003474981893940807,0.01560866005188722,0.01847140125027332
11.99712,0.233,-0.002253251417544776,0.012248901241798137,0.03695007470576329
12.03375,0.233,-0.002253251417544776,0.011790752313149622,0.03023055708558512
12.070379999999998,0.233,-0.0013369535602477528,0.00018431278738733226,-0.030550534115117413
12.106020000000001,0.233,0.0018700889402918277,0.002933206359278403,-0.04658574661781532
12.14265,0.233,-0.0005733720125002326,0.005834816240718974,-0.02490003066178577
12.17928,0.233,0.001259223702093814,0.010110872908105082,0.03771365625351081
12.21195,0.233,-0.0010315209411487433,0.007361979336214011,0.05497059923260474
12.24858,0.233,0.0021755215593908354,-0.005924339594592821,0.012668181487392176
12.28521,0.233,0.0009537910829948044,-0.007604218999637363,-0.0458221650700678
12.32184,0.233,0.004466266202633391,-0.014781885548464045,-0.059413916619973625
12.357479999999999,0.233,0.00019020953524728594,0.0012533269542338594,-0.001687151610261185
12.394110000000001,0.233,0.0021755215593908354,-0.0027172970940532405,0.056345046018550275
12.42678,0.233,-0.0016423861793467606,3.159647783782839e-05,0.06489715935332249
12.46341,0.233,0.00232823786894034,-0.019363374834949158,-0.007643087682691835
12.500039999999998,0.233,-0.00026793939340122655,-0.014018304000716523,-0.06781331364519634
12.53667,0.233,0.002939103107138354,-0.011727559357473966,-0.05987206554862215
12.57231,0.233,-0.0014896698697972558,0.0021696248115308826,0.021373011131713894
12.60894,0.233,0.00019020953524728594,0.004918518383421951,0.08536114483295601
12.64557,0.233,-0.0017951024888962653,-0.000884701379459194,0.054512450303956225
12.67824,0.233,-0.0005733720125002326,-0.005771623285043317,-0.03543745602070154
12.71487,0.233,0.0020228052498413324,-0.008825949476033393,-0.09545496567365655
12.7515,0.233,0.0009537910829948044,0.003849504216575426,-0.04475315090322127
12.788129999999999,0.233,3.74932256977812e-05,0.01331791540864466,0.05069454256521863
12.82377,0.233,-0.002253251417544776,0.01667767421873375,0.10032734316880737
12.8604,0.233,-0.0013369535602477528,0.0035440715974764166,0.035728344229367257
12.89307,0.233,0.0014119400116433152,0.0007951780255853478,-0.07163122138393394
12.9297,0.233,3.74932256977812e-05,-0.0014955666176572095,-0.10247991591293372
12.96633,0.233,0.0011065073925443092,0.011790752313149622,-0.02596904482863229
13.00197,0.233,-0.002558684036643783,0.014081496956392183,0.09116436459583714
13.0386,0.233,-0.0005733720125002326,0.013928780646842678,0.09925832900196084
13.07127,0.233,-0.0013369535602477528,0.0012533269542338594,0.008544841129555572
13.107899999999999,0.233,0.00156465632119282,-0.009284098404681905,-0.10477066055617629
13.144530000000001,0.233,0.0011065073925443092,-0.00470260911819679,-0.09591311460230505
13.18116,0.233,0.0008010747734453014,0.0014060432637833624,0.010988302082347634
13.217789999999999,0.233,-0.002405967727094279,0.009805440289006075,0.11514082519510925
13.25343,0.233,-0.0013369535602477528,-0.0027172970940532405,0.09406597447727773
13.290059999999999,0.233,-0.0007260883220497373,-0.011574843047924463,-0.029634236257820384
13.32273,0.233,0.0035499683453363694,-0.020737821620894693,-0.12034772413022568
13.35936,0.233,0.00156465632119282,-0.008978665785582898,-0.08445939138609226
13.39599,0.233,0.0008010747734453014,0.000337029096936837,0.05283257089891169
13.432619999999998,0.233,-0.000878804631599242,0.005682099931169471,0.12781627888771807
13.46925,0.233,-0.001184237250698248,-0.003328162332251256,0.07299112375944619
13.50489,0.233,0.0021755215593908354,-0.013407438762518509,-0.07147850507438444
13.53756,0.233,0.0024809541784898415,-0.012949289833869998,-0.13103786579869092
13.57419,0.233,0.003702684654885876,-0.005618906975493813,-0.054068845785741004
13.61082,0.233,-0.0017951024888962653,0.012554333860897143,0.08765188947619855
13.647450000000001,0.233,-0.0016423861793467606,0.008736426122159547,0.13132875400735666
13.68408,0.233,-0.002405967727094279,0.005529383621619966,0.034812046372070235
13.719719999999999,0.233,0.0021755215593908354,-0.007451502690087859,-0.1055342421039238
13.75239,0.233,0.0006483584638957967,-0.00042655245081068324,-0.12905255377454738
13.78902,0.233,-0.00042065570295072956,0.009805440289006075,-0.01573705208881554
13.82565,0.233,-0.003780414513039813,0.018204837314228787,0.12109676126753989
13.86228,0.233,-0.004543996060787332,0.01453964588504069,0.11865330031474783
13.898909999999999,0.233,-0.002253251417544776,0.001558759573332868,-0.008406669230439352
13.93554,0.233,0.00019020953524728594,-0.003328162332251256,-0.13271774520373547
13.96722,0.233,0.0006483584638957967,-0.004091743879998775,-0.10858856829491387
14.00385,0.233,-0.0016423861793467606,0.009500007669907069,0.031146854942882142
14.040479999999999,0.233,-0.0030168329652922954,0.008889142431709051,0.13881185317528233
14.077110000000001,0.233,-0.0021005351079952713,0.004765802073872449,0.09498227233457474
14.11374,0.233,0.001717372630742323,-0.010811261500176944,-0.053457980547542985
14.150369999999999,0.233,0.00232823786894034,-0.013560155072068012,-0.14020084437166117
14.183039999999998,0.233,0.002633670488039346,-0.009589531023780913,-0.07728172483726559
14.21868,0.233,-0.000878804631599242,0.001558759573332868,0.07619816625998577
14.25531,0.233,-0.0005733720125002326,0.0020169085019813796,0.1414080304376239
14.29194,0.233,0.00019020953524728594,-0.005771623285043317,0.05741406018539679
14.32857,0.233,0.004313549893083888,-0.013865587691167022,-0.09392780257816148
14.365200000000002,0.233,0.004466266202633391,-0.014018304000716523,-0.13607750401382457
14.39787,0.233,0.002939103107138354,-0.004549892808647286,-0.033146711377458976
14.43351,0.233,-0.0013369535602477528,0.005529383621619966,0.10796315864628257
14.470139999999999,0.233,-0.0016423861793467606,0.006598397788466492,0.12735812995906956
14.506770000000001,0.233,3.74932256977812e-05,-0.000884701379459194,0.008392124820006069
14.5434,0.233,0.00232823786894034,-0.006077055904142325,-0.12019500782067616
14.58003,0.233,0.001259223702093814,-0.003022729713152248,-0.11607166746283956
14.6127,0.233,-0.0013369535602477528,0.00720926302666451,0.014042628273337712
14.649329999999999,0.233,-0.004543996060787332,0.013470631718194164,0.12659454841132203
14.68497,0.233,-0.004085847132138822,0.01117988707495161,0.09834203114466382
14.7216,0.233,-0.0019478187984457666,0.001864192192431874,-0.03513202340160252
14.75823,0.233,0.0011065073925443092,-0.0014955666176572095,-0.1298161353222949
14.79486,0.233,-0.00026793939340122655,0.0009478943351348508,-0.07911432055185962
14.83149,0.233,-0.0021005351079952713,0.007972844574412028,0.054665166613505733
14.86416,0.233,-0.0033222655843913014,0.010110872908105082,0.12827442781636658
14.899799999999999,0.233,-0.0019478187984457666,0.004154936835674432,0.05787220911404531
14.93643,0.233,0.00156465632119282,-0.004855325427746294,-0.07239480293168146
14.97306,0.233,0.002633670488039346,-0.008062367928285874,-0.12263846877346823
15.00969,0.233,0.0014119400116433152,-0.004244460189548278,-0.03574288863980054
15.04632,0.233,3.74932256977812e-05,0.0020169085019813796,0.08597201007115403
15.07899,0.233,-0.00042065570295072956,0.0006424617160358439,0.11285008055186671
15.11562,0.233,0.0011065073925443092,-0.004855325427746294,0.015722507678382253
15.15126,0.233,0.002939103107138354,-0.01142212673837496,-0.09469138412590902
15.18789,0.233,0.002633670488039346,-0.00989496364287992,-0.0978984266264486
15.22452,0.233,0.00156465632119282,-0.005008041737295798,0.006101380176763511
15.261149999999999,0.233,-0.000878804631599242,0.0014060432637833624,0.1010909247165549
15.29382,0.233,3.74932256977812e-05,0.0011006106446843564,0.08169595340376791
15.33045,0.233,0.00019020953524728594,-0.0024118644749542327,-0.022151137089894697
15.36609,0.233,0.00232823786894034,-0.006229772213691829,-0.10171633436518619
15.402719999999999,0.233,-0.00011522308385172007,-0.002564580784503736,-0.06430083852555776
15.439350000000001,0.233,-0.0017951024888962653,0.004154936835674432,0.03893538672990683
15.47598,0.233,-0.004085847132138822,0.008430993503060539,0.09834203114466382
15.50865,0.233,-0.002253251417544776,0.006445681478916989,0.04580762065963451
15.54528,0.233,-0.0007260883220497373,0.001864192192431874,-0.05269439899979547
15.58191,0.233,0.0003429258447967907,0.0021696248115308826,-0.0936223699590625
15.61755,0.233,0.0011065073925443092,0.00446036945477344,-0.027954356852775843
15.65418,0.233,-0.0066820243944803875,0.006292965169367485,0.05939937220954035
15.690809999999999,0.233,0.004008117273984882,0.006751114098015997,0.08704102423800053
15.72348,0.233,-0.006529308084930883,0.004765802073872449,0.006254096486313016
15.760110000000001,0.233,0.006909727155425453,-0.000884701379459194,-0.06414812221600825
15.79674,0.233,-0.0019478187984457666,-0.000731985069909691,-0.07178393769348344
15.832379999999999,0.233,0.00232823786894034,0.0007951780255853478,0.009308422677303092
15.86901,0.233,-0.00011522308385172007,0.004154936835674432,0.06550802459152051
15.90168,0.233,-0.000878804631599242,-0.003328162332251256,0.055734180780352256
15.93831,0.233,0.0009537910829948044,-0.007451502690087859,-0.021234839232597676
15.97494,0.233,0.0027863867975888527,-0.007604218999637363,-0.06246824281096372
16.01157,0.233,-0.0007260883220497373,-0.004549892808647286,-0.03986622899763714
16.04721,0.233,0.004160833583534387,-0.0005792687603601862,0.03649192577711477
16.08384,0.233,-0.006376591775381379,-0.0013428503081077056,0.06001023744773836
16.12047,0.233,0.005382564059930416,-0.005771623285043317,0.024274621013154467
16.15314,0.233,-0.005154861298985349,-0.004244460189548278,-0.044447718284122265
16.18977,0.233,0.005229847750380913,-0.006535204832790836,-0.05666502304808256
16.226399999999998,0.233,-0.0033222655843913014,0.006598397788466492,-0.0029088820866572124
16.26303,0.233,0.00156465632119282,-0.0010374176890086979,0.05130540780341664
16.29867,0.233,-0.0042385634416883256,0.005834816240718974,0.05054182625566913
16.3353,0.233,0.000495642154346292,-0.006993353761439348,-0.0181805130416076
16.36797,0.233,-0.0019478187984457666,0.005071234692971455,-0.05529057626213704
16.4046,0.233,0.002633670488039346,0.001558759573332868,-0.0380336332830431
16.44123,0.233,-0.004085847132138822,0.010721738146303096,0.034812046372070235
16.47786,0.233,0.00156465632119282,0.003849504216575426,0.05695591125674829
16.514490000000002,0.233,-0.0042385634416883256,0.0036967879070259214,0.019387699107570346
16.55013,0.233,0.0035499683453363694,3.159647783782839e-05,-0.047960193403760856
16.5828,0.233,-0.0014896698697972558,0.0020169085019813796,-0.05803946983402811
16.61943,0.233,0.00232823786894034,0.005834816240718974,-0.0009235700625136629
16.65606,0.233,-0.00026793939340122655,0.005834816240718974,0.05558146447080275
16.69269,0.233,-0.000878804631599242,0.003849504216575426,0.054817882923055235
16.72932,0.233,0.0009537910829948044,-0.010811261500176944,-0.014515321612419503
16.76496,0.233,0.0009537910829948044,-0.005008041737295798,-0.06033021447727065
16.79763,0.233,0.0020228052498413324,-0.000884701379459194,-0.052388966380696456
16.834259999999997,0.233,0.0006483584638957967,0.007667411955313022,0.0372555073248623
16.87089,0.233,-0.0017951024888962653,-0.0005792687603601862,0.06734062030611455
16.90752,0.233,-0.00011522308385172007,-0.0091313820951324,0.04030983351585237
16.94415,0.233,-0.0005733720125002326,-0.011269410428825455,-0.056054157809884556
16.97979,0.233,0.0011065073925443092,-0.010200396261978929,-0.07254751924123097
17.01246,0.233,0.0014119400116433152,0.004307653145223937,-0.018638661970256112
17.04909,0.233,-0.00011522308385172007,0.0033913552879269136,0.06963136494935711
17.085720000000002,0.233,-0.0013369535602477528,0.0023223411210803865,0.0772671804268323
17.122349999999997,0.233,-0.0010315209411487433,-0.01142212673837496,-0.007184938754043321
17.15898,0.233,0.0011065073925443092,-0.007146070070988851,-0.08048876733780516
17.195610000000002,0.233,0.0027863867975888527,-0.00042655245081068324,-0.07728172483726559
17.23125,0.233,-0.000878804631599242,0.012554333860897143,0.032215869109728665
17.26392,0.233,-0.00026793939340122655,0.009500007669907069,0.09391325816772822
17.300549999999998,0.233,-0.0019478187984457666,0.001558759573332868,0.06734062030611455
17.33718,0.233,0.0020228052498413324,-0.0053134743563948055,-0.05620687411943405
17.373810000000002,0.233,0.0018700889402918277,-0.000884701379459194,-0.10721412150896834
17.410439999999998,0.233,0.001259223702093814,0.006140248859817983,-0.04750204447511234
17.44311,0.233,-0.000878804631599242,0.014692362194590195,0.07436557054539172
17.47875,0.233,-0.0033222655843913014,0.008430993503060539,0.11544625781420825
17.51538,0.233,-0.0017951024888962653,-0.000731985069909691,0.021678443750812904
17.55201,0.233,3.74932256977812e-05,-0.009589531023780913,-0.093469653649513
17.588639999999998,0.233,0.0021755215593908354,-0.004091743879998775,-0.11775154686788408
17.62527,0.233,0.0003429258447967907,0.005834816240718974,0.0009090256520803818
17.661900000000003,0.233,-0.00286411665574279,0.008736426122159547,0.11147563376592115
17.693579999999997,0.233,-0.002405967727094279,0.0007951780255853478,0.11101748483727264
17.73021,0.233,-0.00042065570295072956,-0.01111669411927595,-0.022914718637642217
17.76684,0.233,0.0021755215593908354,-0.01264385721477099,-0.12828897222679986
17.80347,0.233,0.001717372630742323,-0.006535204832790836,-0.09576039829275555
17.8401,0.233,0.00019020953524728594,0.004307653145223937,0.04870923054107508
17.87673,0.233,-0.0017951024888962653,0.00522395100252096,0.14201889567582193
17.9094,0.233,-0.001184237250698248,-0.0024118644749542327,0.07650359887908478
17.945040000000002,0.233,0.0014119400116433152,-0.011574843047924463,-0.07147850507438444
17.981669999999998,0.233,0.004008117273984882,-0.01065854519062744,-0.14646221306319082
18.0183,0.233,0.0018700889402918277,0.00048974540648634,-0.05422156209529051
18.05493,0.233,-0.000878804631599242,0.009194575050808057,0.09391325816772822
18.09156,0.233,-0.002711400346193287,0.008278277193511034,0.14629495234320805
18.12423,0.233,0.00019020953524728594,-0.000884701379459194,0.030688706014233624
18.16086,0.233,0.001717372630742323,-0.006840637451889843,-0.11500265329599302
18.1965,0.233,0.0020228052498413324,-0.0027172970940532405,-0.13958997913346313
18.233130000000003,0.233,-0.0005733720125002326,0.006292965169367485,-0.005657775658548284
18.269759999999998,0.233,-0.003780414513039813,0.012096184932248632,0.13132875400735666
18.30639,0.233,-0.00759832225177741,-0.00027383614126117936,0.12338750591078246
18.33906,0.233,-0.002711400346193287,-0.0091313820951324,-0.017875080422508592
18.37569,0.233,-0.00286411665574279,-0.011269410428825455,-0.1455459152058938
18.41133,0.233,-0.007445605942227906,-0.013254722452969006,-0.10278534853203272
18.44796,0.233,-0.011416229990515005,-0.00470260911819679,0.04412774125458996
18.48459,0.233,-0.016303151896099127,-0.006535204832790836,0.1562215124639258
18.52122,0.233,-0.031116633922401,-0.024708445669181792,0.10170178995475292
18.55389,0.233,-0.020884641182584242,-0.030817098051161947,-0.053610696857092494
18.59052,0.233,-0.0192047617775397,-0.04043822555278069,-0.1496692555637304
18.62616,0.233,-0.017677598682044663,-0.030358949122513433,-0.0656752853115033
18.66279,0.233,-0.022717236897178292,-0.028526353407919387,0.08856818733349558
18.69942,0.233,-0.02470254892132184,-0.034329573170800536,0.17500561853851476
18.73605,0.233,-0.02836774035050993,-0.043492551743770765,0.07238025852124817
18.768720000000002,0.233,-0.01996834332528722,-0.05021206936394894,-0.07926703686140912
18.805349999999997,0.233,-0.017830314991594168,-0.0485321899589044,-0.14768394353958686
18.84198,0.233,-0.020884641182584242,-0.04563058007746382,-0.04933464018970638
18.87762,0.233,-0.048068144282395926,-0.05723701960322611,0.09177522983403516
18.91425,0.233,-0.04348665499591081,-0.04944848781620141,0.1614138669886089
18.95088,0.233,-0.020884641182584242,-0.041049090790978696,0.042447861849545424
18.98355,0.233,-0.026229712016816877,-0.04807404103025588,-0.07270023555078046
19.02018,0.233,-0.04180677559086627,-0.053571828174038015,-0.13821553234751763
19.056810000000002,0.233,-0.06181261214185128,-0.06166579258016173,-0.009475683397285882
19.093439999999998,0.233,-0.059216434879509706,-0.058000601150973635,0.10689414447943604
19.12908,0.233,-0.047151846425098905,-0.0648728350807013,0.13560481067474275
19.16571,0.233,-0.06043816535590574,-0.06945432436718642,0.01007200422505061
19.19838,0.233,-0.06211804476095028,-0.07785372139240913,-0.11011573139040891
19.23501,0.233,-0.09663193071913814,-0.11007686270735444,-0.08445939138609226
19.271639999999998,0.233,-0.090828710956257,-0.11404748675564154,0.03893538672990683
19.30827,0.233,-0.07570979631085611,-0.07235593424862699,0.09895289638286184
19.344900000000003,0.233,-0.059827300117707725,-0.09175090556141398,0.06199554947188191
19.38054,0.233,-0.06303434261824731,-0.0769374235351121,-0.04948735649925589
19.41321,0.233,-0.06746311559518291,-0.0969432600860971,-0.051930817452047945
19.449840000000002,0.233,-0.09143957619445502,-0.09648511115744858,0.0001454441043328633
19.48647,0.233,-0.07815325726364818,-0.12336318163816126,0.043211443397292944
19.5231,0.233,-0.07693152678725215,-0.1001503025866367,0.03878267042035733
19.55973,0.233,-0.10304601572021731,-0.11175674211239897,-0.010086548635483894
19.59537,0.233,-0.12717519262903892,-0.16642918093112136,0.005337798629015992
19.632,0.233,-0.10503132774436086,-0.11420020306519105,-0.02688534268592932
19.664669999999997,0.233,-0.12213555441390528,-0.13894024521221066,0.011446451010996147
19.7013,0.233,-0.1453484334654299,-0.17146881914625497,0.013584479344689199
19.73793,0.233,-0.16947761037425146,-0.1810899466478737,-0.0015344353007116802
19.77456,0.233,-0.209946559740244,-0.23515152022839808,-0.0053523430394492744
19.810200000000002,0.233,-0.1939122199021721,-0.2049136909375963,-0.021234839232597676
19.846829999999997,0.233,-0.20185346799874632,-0.20980061284318044,-0.006115924587196795
19.8795,0.233,-0.20719941149760493,-0.2264458179194504,0.03664464208666428
19.916130000000003,0.233,-0.23484019086143912,-0.24920142070695242,-0.014057172683770993
19.952759999999998,0.233,-0.2339238930041421,-0.28569974602465786,-0.005505059348998779
19.98939,0.233,-0.2342293256232411,-0.2276675483958464,-0.04429500197457276
20.025029999999997,0.233,-0.2725619919847926,-0.27012442777986045,-0.01085013018323141
20.06166,0.233,-0.2426295953130898,-0.2934891504763085,0.045196755421436495
20.09433,0.233,-0.17848787263767224,-0.14642334438013635,-0.062010093882315195
20.130959999999998,0.233,-0.19620383721004064,-0.20354011681627676,0.0010617419616298866
20.16759,0.233,-0.18184763144776128,-0.23454065499020008,0.03695007470576329
20.20422,0.233,-0.16046734811083077,-0.13771851473581465,0.06031567006683738
20.24085,0.233,-0.19543938299766717,-0.22033716553747024,-0.014515321612419503
20.276490000000003,0.233,-0.24033797800522125,-0.2563782145911532,-0.11454450436734451
20.30916,0.233,-0.2007835811672738,-0.17727203890913612,-0.20663156636106936
20.34579,0.233,-0.13862891584525172,-0.12336318163816126,-0.08201593043330022
20.38242,0.233,-0.11785949774651917,-0.10671710389726537,0.06672975506791654
20.41905,0.233,-0.14962449013281598,-0.15573903926265606,0.09880018007331234
20.45568,0.233,-0.1343528591778656,-0.15436459247671055,0.06031567006683738
20.491319999999998,0.233,-0.18444380871010285,-0.13512233747347305,-0.1018690506747357
20.52399,0.233,-0.17604441168488016,-0.16856720926481442,-0.05742860459583009
20.56062,0.233,-0.1903988721179075,-0.13878752890266116,-0.16433002128048277
20.59725,0.233,-0.16046734811083077,-0.12534849366230483,-0.10522880948482477
20.63388,0.233,-0.16749229835010793,-0.14123098985545324,-0.043378704117275735
20.67051,0.233,-0.18413837609100386,-0.21590926522516063,0.12659454841132203
20.70714,0.233,-0.16886674513605346,-0.16994165605075992,0.11025390328952511
20.739810000000002,0.233,-0.189330730615687,-0.13863481259311167,-0.08339037721924573
20.77545,0.233,-0.16443797215911785,-0.14657606068968587,-0.16295644715916321
20.812079999999998,0.233,-0.15985648287263274,-0.07800643770195863,-0.2330523605777595
20.84871,0.233,-0.09739551226688566,-0.1009138841343842,-0.030245101496018403
20.88534,0.233,-0.10258786679156878,-0.10564808973041882,0.07146396066395115
20.92197,0.233,-0.04150134297176726,-0.1244321958050078,0.185390327587881
20.95761,0.233,-0.04654098118690089,-0.01462916923891454,0.032979450657476185
20.99028,0.233,-0.047151846425098905,-0.07479939520141905,-0.09606583091185456
21.02691,0.233,-0.03172749916059902,-0.04593601269656283,-0.1099630150808594
21.06354,0.233,0.0003429258447967907,0.002933206359278403,-0.12416563186896326
21.10017,0.233,0.05913870502135577,-0.012796573524320492,0.12781627888771807
21.1368,0.233,0.06906526514207352,-0.06517826769980031,0.125067385315827
21.17343,0.233,0.11365842753052866,0.0386688227938623,0.16614807258464354
21.20511,0.233,0.07303588919036062,0.17519633086649272,-0.29032010399419744
21.24174,0.233,0.10388458371936038,0.07394629029979768,-0.0578867535244786
21.27837,0.233,0.11243669705413262,0.1967302031775988,-0.1021744832938347
21.315,0.233,0.17856373175369375,0.1541223528132872,0.27747738958160584
21.35163,0.233,0.16756815746612946,0.15748211162337628,0.15942855496446537
21.38826,0.233,0.1335115477719641,0.23536830215824922,0.021678443750812904
21.420930000000002,0.233,0.12037794515070681,0.16878311853003958,-0.15211271651652247
21.45756,0.233,0.07334132180945963,0.21658332341903425,-0.10064732019833968
21.4932,0.233,0.07685379692909822,0.07104468041835711,0.08108508816556989
21.529829999999997,0.233,0.06937069776117252,0.08448371565871346,0.105366981383941
21.56646,0.233,0.02233407441992534,0.1414468991206784,-0.15440346115976503
21.60309,0.233,0.030580755135598554,0.06676862375097099,-0.08827729912482986
21.635759999999998,0.233,-0.005918442846732867,0.039737836960708824,0.04840379792197607
21.67239,0.233,0.04295077620910836,-0.0685380265098894,0.2199042135460689
21.708029999999997,0.233,0.01179664906100958,0.011638036003600118,0.06046838637638688
21.74466,0.233,0.004466266202633391,-0.0013428503081077056,-0.045364016141419286
21.781290000000002,0.233,0.018821599300286755,-0.11221489104104748,0.17118771079977715
21.817919999999997,0.233,0.005229847750380913,-0.10305191246807727,0.12827442781636658
21.85059,0.233,0.039132868470370764,-0.08075533127384969,-0.006421357206295804
21.887220000000003,0.233,0.006604294536326447,0.06707405637007001,-0.23885558034064064
21.923849999999998,0.233,0.08494776133522192,-0.023333998883236257,0.015722507678382253
21.959490000000002,0.233,0.1832970646851024,-0.06701086341439436,0.2748820849838903
21.996119999999998,0.233,0.17352322087393413,0.06020182244034235,0.165689923655995
22.03275,0.233,0.21002154619163954,0.10036621185186183,-0.018333229351157103
22.06542,0.233,0.21643737652197073,0.20299244453375442,-0.025663612209533282
22.10205,0.233,0.3111214884426631,0.31554349200711274,-0.08003061840915665
22.13868,0.233,0.26255595667666887,0.3266909099396006,-0.15501432639796306
22.174319999999998,0.233,0.23903939033529725,0.3066859460532415,-0.1379100997284186
22.21095,0.233,0.24102382969481478,0.2214702453246184,0.027328947204144544
22.24758,0.233,0.20513462428605544,0.18435930943946297,0.08307040018971343
22.28025,0.233,0.10541174681485543,0.27324194692652615,-0.10843585198536437
22.31688,0.233,0.12480671812764242,0.2804187408107268,-0.027954356852775843
22.35351,0.233,0.21139686564221108,0.18817808984282658,0.26617812800419455
22.38915,0.233,0.22544676612076542,0.2526243724727172,0.21776618521237584
22.42578,0.233,0.067996250975227,0.14847184935995555,0.08398669804701046
22.46241,0.233,0.049059428591088514,0.07944407744357983,0.11452995995691122
22.495079999999998,0.233,0.16313851182456784,0.15335877126553968,0.21562815687868278
22.53171,0.233,0.13946748384439478,0.11716500590230726,0.23578670973921728
22.56834,0.233,0.15504454741844417,0.15152617555094564,0.1337722149601487
22.60497,0.233,0.14359082420223138,0.21215542310672464,0.07329655637854521
22.640610000000002,0.233,0.43207280560587014,0.2326176632571062,0.18401588080193548
22.67724,0.233,0.4180229051273158,0.5240003818775595,0.0012144582711793878
22.71387,0.233,0.34410821130535585,0.20131169246408387,-0.06033021447727065
22.74654,0.233,0.3393731330446953,0.40641056885369353,-0.26955068589546494
22.78317,0.233,0.4033621394105634,0.4713141277476066,-0.2690934096314424
22.8198,0.233,0.39709989805440776,0.2646898335917539,-0.10370164638932976
22.855439999999998,0.233,0.4548266630641202,0.41816885202437926,-0.1857103046174133
22.89207,0.233,0.4348199538485092,0.4560424967926563,-0.09270607210176547
22.92474,0.233,0.3787739409084673,0.2908034498600932,0.045349471730985996
22.96137,0.233,0.2955426795393617,0.2749209536669447,0.04809836530287707
22.998,0.233,0.36655663614450695,0.1857346288900345,0.1621774485363564
23.03463,0.233,0.4598654286146278,0.21291813198984616,0.2406736316448014
23.07027,0.233,0.16848270999417453,0.3415052646305283,-0.1453931988963443
23.106900000000003,0.233,0.06540007371288542,0.10708572947204002,-0.06246824281096372
23.13957,0.233,0.10235742062386537,0.2384226283492393,-0.10385436269887925
23.1762,0.233,0.24438358850490394,0.11365253078266868,0.15316718627293568
23.212829999999997,0.233,0.015614556799747171,0.33173142081936013,-0.12095858936842366
23.24946,0.233,0.13305339884331563,-0.00867323316648389,0.19959381704061085
23.28609,0.233,0.12159967562710285,0.3069913786723405,0.035270195300718746
23.32173,0.233,0.12312683872259787,0.1935222880124332,0.10399253459799547
23.354400000000002,0.233,0.11029866872043956,0.2306332238975886,0.015417075059283246
23.391029999999997,0.233,0.20803710683212198,0.18176400484174743,0.17760179580085633
23.42766,0.233,0.18436520618732288,0.27629627311751626,-0.01115556280233042
23.464290000000002,0.233,0.16252764658636984,0.29905013057576635,-0.031314115662864926
23.500919999999997,0.233,0.21826997223656475,0.2294114934211926,-0.055596008881236045
23.53656,0.233,0.2602660846980523,0.39632954709417423,-0.2361066867687496
23.57319,0.233,0.17107975992114205,0.3170706551026078,-0.18464041778594079
23.60586,0.233,0.2500349646228615,0.24895918104352907,-0.1139336391291465
23.642490000000002,0.233,0.2732478436743861,0.2552196770704328,-0.07514369650357253
23.679119999999998,0.233,0.16848270999417453,0.3660934631326245,-0.23626027574292507
23.71575,0.233,0.19917956087825078,0.2998128394588879,-0.12844168853634935
23.75139,0.233,0.2972234316090322,0.1784042460316583,0.0038106355335209546
23.78802,0.233,0.16833086634925098,0.24911102468845261,-0.08262679567149822
23.82069,0.233,0.05303005263937561,0.19596574896522526,-0.14081170960985917
23.85732,0.233,0.08128256990603383,0.17718251555526227,-0.11301734127184948
23.89395,0.233,0.07135600978531607,0.1306040411426636,-0.10064732019833968
23.93058,0.233,0.013629244775603623,0.031338439935486115,-0.031314115662864926
23.967209999999998,0.233,-0.03921059832852471,0.06493602803637696,-0.04429500197457276
24.00285,0.233,-0.06578323619013837,0.06050725505944135,0.04733478375512955
24.03552,0.233,0.06188759859324682,-0.029595367574765913,0.14354605877131696
24.07215,0.233,0.02202864180082633,-0.03860562983818664,0.265413673791821
24.10878,0.233,-0.0428757897577128,-0.013102006143419501,0.21349012854498972
24.14541,0.233,0.028748159421004504,0.08173482208682238,0.09788388221601532
24.18204,0.233,0.058222407164058736,-0.03341327531350351,0.15897040603581683
24.21768,0.233,0.0757847827622517,0.05424588636791169,0.06657703875836704
24.250349999999997,0.233,0.07838096002459326,0.011332603384501115,-0.04047709423583516
24.28698,0.233,-0.0312693502319505,0.21352899722804417,-0.2449642327226208
24.323610000000002,0.233,0.05684796037811322,0.12403723983203493,-0.18296141104552224
24.360239999999997,0.233,0.22193516366575283,0.07638975125258976,-0.1576105036603046
24.39687,0.233,0.12282140610349888,0.14221048066842587,-0.16081754616084418
24.4335,0.233,0.02309765596767286,0.18420746579453945,-0.21060393573860842
24.46518,0.233,0.13396969670061265,0.14648653733581202,-0.15150185127832444
24.501810000000003,0.233,0.11762905157881574,0.08188753839637188,-0.07896160424231012
24.538439999999998,0.233,0.06326204537919237,0.04630463827133749,-0.05681773935763207
24.57507,0.233,-0.002558684036643783,0.04187586529440188,-0.041546108402681685
24.6117,0.233,-0.0005733720125002326,-0.033107842694404505,-0.029481519948270883
24.648329999999998,0.233,-0.033865527494292065,-0.07205050162952799,0.013279046725590191
24.681,0.233,-0.06822669714293043,-0.10595352234951783,0.06260641471007994
24.716639999999998,0.233,-0.06792126452383142,-0.1284028198532949,0.12262392436303493
24.75327,0.233,-0.09128685988490551,-0.12718108937689887,0.14858569698645058
24.789900000000003,0.233,-0.10090798738652425,-0.13787123104536414,0.1936370083035542
24.826529999999998,0.233,-0.059216434879509706,-0.13115171342518595,0.17805994472950482
24.86316,0.233,-0.09938082429102921,-0.092667203418711,0.16233016484590593
24.895829999999997,0.233,-0.058300137022212685,-0.0770901398446616,0.10322895305024794
24.93246,0.233,-0.033865527494292065,-0.01814164435855313,0.0575667764949463
24.9681,0.233,-0.07173917226256903,0.012554333860897143,-0.004436045182152253
25.00473,0.233,-0.004696712370336837,0.02187002874341688,-0.012682725897825457
25.04136,0.233,0.030886187754697557,0.03637807815061974,-0.04734932816556282
25.077989999999996,0.233,-0.008667336418623937,0.06951751732286207,-0.07468554757492402
25.11066,0.233,0.05700067668766271,0.05424588636791169,-0.11286462496229997
25.14729,0.233,0.02340308858677187,0.0663104748223225,-0.12844168853634935
25.18293,0.233,0.02004332977668278,0.04981711339097608,-0.11988957520157717
25.21956,0.233,0.05532079728261818,0.005834816240718974,-0.07972518579005765
25.25619,0.233,0.0027863867975888527,0.002933206359278403,-0.07147850507438444
25.29282,0.233,0.019432464538484767,-0.035398587337647065,-0.00749037137314233
25.32549,0.233,0.005077131440831408,-0.032496977456206486,0.003199770295322939
25.362119999999997,0.233,-0.010652648442767487,-0.07159235270087948,0.04993096101747111
25.39875,0.233,-0.006376591775381379,-0.06548370031889933,0.03313216696702569
25.43439,0.233,-0.03921059832852471,-0.08380965746483979,0.04260057815909493
25.47102,0.233,-0.03004761975555447,-0.07220321793907748,0.0038106355335209546
25.50765,0.233,-0.06532508726148985,-0.07602112567781509,0.012973614106491184
25.54428,0.233,-0.05432951297392558,-0.06563641662844882,0.0002981604138823646
25.57695,0.233,-0.09067599464670749,-0.04685231055385985,0.0004508767234318693
25.61358,0.233,-0.025466130469069356,-0.09648511115744858,0.018318684940723817
25.64922,0.233,-0.12977136989138047,0.0014060432637833624,-0.03696461911619657
25.68585,0.233,-0.036156272137534626,-0.10763340175456237,0.013279046725590191
25.72248,0.233,-0.058911002260410704,-0.0170726301917066,-0.021845704470795695
25.75911,0.233,-0.10365688095841531,-0.0799917497261022,0.03588106053891676
25.79178,0.233,-0.04791542797284642,-0.046241445315661836,0.02442733732270397
25.828409999999998,0.233,-0.059063718569960205,-0.0769374235351121,0.09742573328736681
25.86504,0.233,-0.048679009520593945,-0.0848786716316863,0.0493200957792731
25.90068,0.233,-0.1274806252481379,-0.05738973591277561,0.03129957125243164
25.93731,0.233,-0.06624138511878688,-0.1445907486655423,-0.006574073515845305
25.97394,0.233,-0.07280818642941554,-0.07495211151096856,-0.0009235700625136629
26.006610000000002,0.233,-0.0625761936895988,-0.1245849121145573,-0.022456569708993707
26.043239999999997,0.233,-0.14473756822723188,-0.06731629603349336,-0.050861803285201415
26.07987,0.233,-0.1148051715555291,-0.1997213364129132,0.03862995411080783
26.115509999999997,0.233,-0.044555669162757335,-0.1676509114075174,0.012362748868293168
26.15214,0.233,-0.17573897906578115,-0.13542777009257206,0.011141018391897139
26.18877,0.233,0.0047716988217324004,-0.272108867139378,-0.017416931493860074
26.221439999999998,0.233,-0.1419886746553408,-0.1366495005689681,0.05497059923260474
26.25807,0.233,-0.15970376656308324,-0.3295301995299914,0.1093376054322281
26.294700000000002,0.233,-0.07754239202545017,-0.2811200020674247,0.21074123497309863
26.331329999999998,0.233,-0.10808565393535093,-0.3275457601704739,0.17027141294248013
26.366970000000002,0.233,-0.21620880109639967,-0.24797969023055638,0.0028943376762239313
26.403599999999997,0.233,-0.1462647313227269,-0.2580589666608236,0.027328947204144544
26.43627,0.233,-0.07311361904851454,-0.2744004844472465,0.07833619459367881
26.472900000000003,0.233,-0.10946010072129646,-0.21804729355885363,0.010377436844149619
26.509529999999998,0.233,-0.08059671821644024,-0.24492536403956636,-0.06872961150249336
26.54616,0.233,-0.0668522503569849,-0.11313118889834452,-0.08507025662429028
26.581799999999998,0.233,-0.024855265230871344,-0.14153642247455223,-0.012224576969176946
26.61843,0.233,0.012407514299207589,-0.06578913293799832,0.013431763035139696
26.6511,0.233,-0.011874378919163518,0.013623348027743669,-0.012377293278726454
26.68773,0.233,0.011491216441910567,0.02431348969620894,-0.046433030308265816
26.72436,0.233,0.021875925491276822,0.04615192196178799,-0.07575456174177055
26.76099,0.233,-0.025313414159519855,0.086774460301956,-0.21090762302845548
26.79762,0.233,-0.057841988093564174,0.05516218422520871,-0.17807448913993812
26.83326,0.233,-0.04272307344816329,0.06676862375097099,-0.08079419995690418
26.86593,0.233,-0.057383839164915657,0.03668351076971875,0.11239193162321817
26.90256,0.233,-0.0671576829760839,0.04569377303313947,0.14247704460447044
26.93919,0.233,-0.07143373964347001,0.04172314898485237,0.1490438459150991
26.97582,0.233,-0.10457317881571233,-0.05708430329367661,0.19546960401814828
27.01245,0.233,-0.1586347523962367,-0.02348671519278576,0.09116436459583714
27.04809,0.233,-0.20200531164366983,-0.12290503270951277,-0.031619548281963936
27.080759999999998,0.233,-0.19605024823586517,-0.09388893389510702,-0.05666502304808256
27.11739,0.233,-0.1786405889472217,-0.1531428620003145,0.014042628273337712
27.15402,0.233,-0.15939833394398426,-0.1563499045008541,0.0971203006682678
27.19065,0.233,-0.11663776727012314,-0.12168330223311673,0.032674018038377176
27.22728,0.233,-0.12793877417678642,-0.17452314533724503,0.0616901168527829
27.26391,0.233,-0.10274058310111829,-0.21148136491285097,0.06871506709206009
27.29559,0.233,-0.0706701580957225,-0.23118089618011098,0.019387699107570346
27.33222,0.233,-0.09342488821859855,-0.19437713824330655,-0.16570359540180232
27.36885,0.233,-0.09388303714724706,-0.19697244284102214,-0.18418314152191825
27.40548,0.233,-0.026382428326366385,-0.16994165605075992,-0.07682357590861708
27.44211,0.233,-0.003933130822589319,-0.15925151438229465,0.05390158506575821
27.47874,0.233,-0.026229712016816877,-0.14550704652283933,-0.014515321612419503
27.514380000000003,0.233,-0.058911002260410704,-0.19071194681411846,-0.05269439899979547
27.54705,0.233,-0.0752516473822076,-0.16933079081256192,-0.052999831618894475
27.58368,0.233,-0.09999168952922724,-0.20598357776906884,0.0335903158956742
27.62031,0.233,-0.11343072476958356,-0.15161569890481946,0.02855067768054058
27.65694,0.233,-0.13710175274975667,-0.1482559400947304,0.0215257274412634
27.69357,0.233,-0.20170162435382277,-0.171163386527156,0.12048589602934189
27.7302,0.233,-0.21590336847730063,-0.11740724556573062,-0.01695878256521157
27.76287,0.233,-0.2262880775266669,-0.14672877699923534,0.02885611029963958
27.798509999999997,0.233,-0.27683804865217865,-0.12275231639996324,0.008086692200907061
27.83514,0.233,-0.2856938492767979,-0.20720530824546488,0.10368710197889647
27.87177,0.233,-0.3119610545193126,-0.20292925157807876,0.10139635733565391
27.9084,0.233,-0.2789743316566197,-0.1290136850914929,-0.04933464018970638
27.94503,0.233,-0.3341057920686166,-0.17162153545580447,-0.19212438961849246
27.977700000000002,0.233,-0.329983324375406,-0.2650839169001008,-0.10309078115113172
28.01334,0.233,-0.3127255087316861,-0.2713461582562565,0.12537281793492602
28.049970000000002,0.233,-0.3047842606351119,-0.309982511907655,0.16920239877563362
28.086599999999997,0.233,-0.346628529451676,-0.3756505250139417,0.011751883630095154
28.12323,0.233,-0.2681323463432309,-0.25439377523163553,-0.26634451605955134
28.159860000000002,0.233,-0.23224488626372353,-0.24324635729914776,-0.20357724017007928
28.192529999999998,0.233,-0.25347158062647857,-0.3944337584239046,0.044891322802337486
28.22817,0.233,-0.15588585882434566,-0.310593377145853,0.1641627605605
28.2648,0.233,-0.13374199393966757,-0.21453569110384105,0.01877683386937233
28.30143,0.233,-0.1462647313227269,-0.29623804404819964,-0.05162538483294894
28.338060000000002,0.233,-0.1548168446574991,-0.26370859744952935,-0.1420334400862552
28.374689999999998,0.233,-0.12213555441390528,-0.2227806264902623,-0.09988373865059215
28.40736,0.233,-0.10655849083985588,-0.22736386110599935,0.032826734347926684
28.44399,0.233,-0.11052911488814299,-0.1997213364129132,-0.0035197473248552297
28.47963,0.233,-0.14259953989353882,-0.19223736458036153,-0.034521158163404515
28.51626,0.233,-0.2256772122884689,-0.26309773221133126,-0.06124651233456768
28.552889999999998,0.233,-0.2707293962701985,-0.3194509230997242,0.034506613752971226
28.58952,0.233,-0.1780297237090237,-0.11099316056465147,-0.04933464018970638
28.62219,0.233,-0.2618701049870753,-0.11297847258879501,-0.1812824043051037
28.65882,0.233,-0.290277083892535,-0.269054540948388,-0.05513785995258752
28.69446,0.233,-0.30554871484748536,-0.11114587687420095,-0.14768394353958686
28.731090000000002,0.233,-0.33532752254501264,-0.20506553458251983,0.020914862203065383
28.76772,0.233,-0.40236910977261886,-0.3005141007155857,0.053443436137109696
28.80435,0.233,-0.38648661357947045,-0.17910463462373016,-0.2539753676506675
28.83702,0.233,-0.36938238690992603,-0.1604732448586907,-0.22679011922160386
28.87365,0.233,-0.42894349296348444,-0.26981724983150945,-0.25015658724730394
28.91028,0.233,-0.33288406159222056,-0.27027627142478394,0.033284883276575195
28.945919999999997,0.233,-0.3392981465932997,-0.21102234331957645,-0.08888816436302788
28.98255,0.233,-0.2951640057981191,-0.233318924513804,0.035270195300718746
29.01918,0.233,-0.30310525389469334,-0.2528666121361405,-0.12263846877346823
29.051849999999998,0.233,-0.23957526912209973,-0.193612684030933,-0.13974269544301265
29.08848,0.233,-0.17024119192199902,-0.12992998294878993,-0.19655403526005408
29.12511,0.233,-0.11404159000778158,-0.1561971881913046,-0.06552256900195379
29.16075,0.233,-0.04180677559086627,-0.13160986235383448,0.11468267626646073
29.197380000000003,0.233,-0.05234420094978204,-0.13390060699707704,0.12384565483943097
29.234009999999998,0.233,-0.006223875465831875,-0.1604732448586907,0.10842130757493107
29.26668,0.233,-0.02867317296960894,-0.06319295567565676,-0.23519038891145255
29.30331,0.233,0.04539423716190042,-0.04181267233872622,-0.18464041778594079
29.33994,0.233,0.04737954918604397,0.004154936835674432,-0.13302317782283452
29.37558,0.233,0.07899182526279126,-0.053571828174038015,0.1298015909118616
29.412209999999998,0.233,0.08678035704981597,-0.02302856626413725,0.1362156759129408
29.44884,0.233,0.06326204537919237,0.03958512065115932,-0.019402243518003633
29.48151,0.233,0.028595443111455003,0.001864192192431874,-0.024747314352236267
29.51814,0.233,-0.039516030947623716,-0.04181267233872622,-0.05742860459583009
29.55477,0.233,-0.04852629321104444,-0.034176856861251034,-0.02459459804268676
29.59041,0.233,-0.11327800846003407,-0.04028550924323118,-0.1088940009140129
29.62704,0.233,-0.14061422786939526,-0.062429374127909235,-0.10354893007978025
29.66367,0.233,-0.14947177382326648,-0.053113679245389504,-0.11149017817635444
29.69634,0.233,-0.17176835501749405,-0.06410925353295377,-0.0022980168484591987
29.73297,0.233,-0.19192778054265452,-0.1279446709246464,0.06978408125890662
29.769599999999997,0.233,-0.15680215668164266,-0.06914889174808742,0.006712245414961527
29.80623,0.233,-0.15802388715803867,-0.02027967269224618,-0.06979862566933989
29.84187,0.233,-0.13618545489245965,-0.05937504793691916,-0.03146683197241443
29.8785,0.233,-0.10472589512526183,-0.02348671519278576,0.001825323509377405
29.91513,0.233,-0.0547876619025741,0.02003743302882283,0.021373011131713894
29.9478,0.233,-0.017372166062945657,0.03530906398377322,0.08230681864196593
29.98443,0.233,0.002633670488039346,0.03821067386521378,0.021373011131713894
30.021060000000002,0.233,0.01469825894245015,0.06111812029763937,-0.10721412150896834
30.057689999999997,0.233,0.03149705299289557,0.086469027682857,-0.252294615580997
30.093329999999998,0.233,0.05532079728261818,0.07730604910988677,-0.2051061485948263
30.12996,0.233,0.10144112276656833,0.06585232589367397,-0.0053523430394492744
30.16263,0.233,0.13396969670061265,0.07379357399024818,0.16095571805996042
30.19926,0.233,0.11411657645917715,0.007514695645763516,0.23288422719315074
30.235889999999998,0.233,0.08800208752621198,-0.005008041737295798,0.08780460578574806
30.27252,0.233,0.03638397489847969,0.0033913552879269136,-0.1371465181806711
30.30816,0.233,0.0324133508501926,-0.023639431502335266,-0.09576039829275555
30.34479,0.233,-0.00042065570295072956,-0.043492551743770765,-0.01588976839836504
30.37746,0.233,0.013018379537405608,-0.08915472829907241,0.16782795198968806
30.41409,0.233,-0.019815627015737716,-0.06624728186664683,0.05970480482863936
30.45072,0.233,-0.01279067677646054,-0.0607494947228647,0.03939353565855534
30.48735,0.233,-0.04654098118690089,-0.053571828174038015,0.016180656607030764
30.523979999999998,0.233,-0.048984442139692955,-0.09908128841979018,0.08016879030827287
30.55566,0.233,-0.033712811184742564,-0.04807404103025588,0.03236858541927817
30.592290000000002,0.233,-0.04318122237681181,0.02416077338665943,-0.09835657555509712
30.628919999999997,0.233,-0.003780414513039813,-0.010811261500176944,0.06001023744773836
30.66555,0.233,-0.028978605588707948,0.02706238326810001,0.015111642440184238
30.702180000000002,0.233,-0.0007260883220497373,0.02064829826702085,0.01007200422505061
30.73881,0.233,-0.01844118022979218,0.08356741780141642,-0.19105624811627192
30.77445,0.233,-0.020884641182584242,0.07715333280033726,-0.1545561774693145
30.807119999999998,0.233,3.74932256977812e-05,0.033323751959629666,-0.02887065471007287
30.84375,0.233,-0.015539570348351609,0.06814307053691654,-0.023220151256741227
30.880380000000002,0.233,0.004313549893083888,0.02354990814846142,0.009002990058204085
30.917009999999998,0.233,-0.022869953206727793,0.04340302838989692,-0.03757548435439459
30.95364,0.233,-0.01844118022979218,0.0020169085019813796,0.04275329446864443
30.99027,0.233,-0.013401542014658555,-0.014323736619815532,0.07421285423584223
31.02195,0.233,-0.028978605588707948,-0.0034808786418007594,-0.0009235700625136629
31.05858,0.233,0.0032445357262373634,-0.009436814714231408,0.026565365656397024
31.095209999999998,0.233,-0.017066733443846648,-0.006840637451889843,-0.009628399706835386
31.13184,0.233,0.027831861563707476,-0.04944848781620141,0.1533199025824852
31.168470000000003,0.233,0.016836287276143204,-0.00042655245081068324,0.0028943376762239313
31.205099999999998,0.233,0.0443252229950539,3.159647783782839e-05,0.0375609399439613
31.23678,0.233,0.049364861210187516,0.016372241599634737,-0.03971351268808764
31.27341,0.233,0.04707411656694496,0.025535220172604973,0.017707819702525805
31.31004,0.233,0.0637201943078409,0.006140248859817983,0.012668181487392176
31.34667,0.233,0.050128442757935036,0.040195985889357334,-0.04918192388015688
31.3833,0.233,0.0643310595460389,0.032865603030981155,-0.03329942768700848
31.41993,0.233,0.05440449942532114,0.03759980862701578,0.022136592679461414
31.452599999999997,0.233,0.04707411656694496,0.01652495790918424,0.1093376054322281
31.488239999999998,0.233,0.03195520192154408,0.011485319694050616,0.06871506709206009
31.52487,0.233,0.0059934292981284314,0.031491156245035616,-0.041087959474033174
31.5615,0.233,-0.007445605942227906,0.019273851481075313,-0.06491170376375577
31.59813,0.233,-0.02119007380168325,-0.00012111983171167462,-0.014515321612419503
31.63476,0.233,-0.004543996060787332,0.001711475882882371,0.05237442197026317
31.66743,0.233,-0.010194499514118976,0.044013893628094936,0.05848307435224333
31.704060000000002,0.233,-0.01401240725285657,0.0033913552879269136,0.08688830792845104
31.7397,0.233,-0.01874661284889119,0.0006424617160358439,0.04687663482648104
31.776329999999998,0.233,-0.03157478285104951,0.04172314898485237,-0.12095858936842366
31.81296,0.233,-0.004696712370336837,0.041265000056203864,-0.08705556864843383
31.84959,0.233,-0.0019478187984457666,0.047068219819085017,-0.041851541021780694
31.88226,0.233,0.019432464538484767,0.02507707124395646,0.11972231448159436
31.91889,0.233,0.014392826323351144,0.025535220172604973,0.0334375995861247
31.95453,0.233,0.017294436204791715,0.03775252493656527,-0.04902920757060737
31.99116,0.233,0.007673308703172973,0.0346981987455752,-0.133481326751483
32.02779,0.233,0.026762847396860953,0.007820128264862523,-0.01069741387368191
32.06442,0.233,0.02279222334857385,0.01117988707495161,0.054512450303956225
32.10105,0.233,0.0443252229950539,-0.012491140905221486,0.11376637840916372
32.133720000000004,0.233,0.0602077191882023,0.019121135171525805,0.0691732160207086
32.17035,0.233,0.04157632942316282,0.012401617551347638,0.05313800351801069
32.20599,0.233,0.08494776133522192,0.010263589217654585,0.11514082519510925
32.24262,0.233,0.05593166252081618,0.055925765772956236,0.05848307435224333
32.27925,0.233,0.06830168359432601,-0.00012111983171167462,0.045349471730985996
32.31192,0.233,0.053793634187123136,0.04157043267530287,-0.056054157809884556
32.348549999999996,0.233,0.07410490335720715,0.06172898553583739,-0.06475898745420627
32.38518,0.233,0.08723850597846448,0.054856751606109706,0.06031567006683738
32.42181,0.233,0.07486848490495467,0.06493602803637696,0.09223337876268367
32.45745,0.233,0.11289484598278113,0.07944407744357983,0.11834786769564883
32.49408,0.233,0.051197456924781566,0.09517385732717872,-0.033146711377458976
32.52675,0.233,0.058222407164058736,0.043250312080347415,-0.0068795061349443114
32.56338,0.233,0.02233407441992534,0.0748625881570947,-0.06720244840699832
32.60001,0.233,0.011185783822811565,0.04462475886629295,-0.03864449852124112
32.63664,0.233,0.004008117273984882,0.04523562410449097,-0.03238312982971146
32.67228,0.233,-0.034781825351589093,0.08769075815925303,-0.15104370234967593
32.70891,0.233,-0.013248825705109052,-0.0018009992367562177,-0.0004654211338651539
32.74554,0.233,-0.013706974633757564,-0.0091313820951324,0.056192329709000774
32.77821,0.233,0.040201882637217294,-0.058000601150973635,0.2962623683208208
32.81484,0.233,0.04249262728045984,-0.043797984362869774,0.27915814165127634
32.85147,0.233,0.000495642154346292,0.005376667312070461,-0.016653349946112554
32.8881,0.233,-0.0016423861793467606,-0.0036335949513502637,-0.21671258812058858
32.923739999999995,0.233,0.013781961085153125,0.02721509957764951,-0.2403827434361357
32.960370000000005,0.233,0.06631637157018246,0.02813139743494654,0.11575169043330726
32.99304,0.233,0.05700067668766271,0.03301831934053066,0.23013707895051164
33.029669999999996,0.233,0.0365366912080292,0.05424588636791169,-0.009017534468637367
33.066300000000005,0.233,0.04142361311361332,0.02400805707710993,-0.23076248859914292
33.10293,0.233,0.018210734062088736,0.012707050170446647,-0.24633780684394035
33.13857,0.233,0.06662180418928146,-0.06548370031889933,0.18661205806427703
33.1752,0.233,0.02431938644406889,0.0020169085019813796,0.1499601437723961
33.20787,0.233,0.03378779763613813,0.019732000409723824,0.006559529105412023
33.2445,0.233,0.006604294536326447,-0.012949289833869998,-0.11454450436734451
33.28113,0.233,-0.024091683683123824,-0.06120764365151321,-0.05849761876267662
33.31776,0.233,0.015309124180648162,-0.07464667889186954,0.07222754221169868
33.3534,0.233,-0.02103735749213375,-0.04975392043530043,-0.10141090174608719
33.390029999999996,0.233,-0.00882005272817344,-0.10213561461078025,-0.0856811218624883
33.4227,0.233,-0.02119007380168325,-0.10167746568213172,-0.08140506519510218
33.45933,0.233,0.02263950703902435,-0.15955694700139367,0.13499394543654475
33.49596,0.233,0.03485681180298465,-0.16856720926481442,0.13438308019834674
33.53259,0.233,0.026151982158662934,-0.13558048640212159,-0.041393392093132184
33.56922,0.233,0.017294436204791715,-0.14260543664139874,-0.20556342485884882
33.60486,0.233,0.028137294182806485,-0.14199457140320074,-0.15180728389742348
33.63753,0.233,0.06601093895108344,-0.172690549622651,0.08749917316664906
33.67415999999999,0.233,0.07700651323864771,-0.18628230117255684,0.22020964616516792
33.71079,0.233,0.07654836430999921,-0.1994159037938142,0.15652694508302478
33.74742,0.233,0.06524735740333593,-0.1807845140287747,-0.04719661185601332
33.78405,0.233,0.048295847043340986,-0.1441325997368938,-0.1383682486570671
33.81969,0.233,0.058222407164058736,-0.14214728771275023,-0.0823213630523992
33.85236,0.233,0.06601093895108344,-0.1444380323559928,0.04122613137314939
33.88899,0.233,0.05241918740117759,-0.1322207275920325,0.05008367732702061
33.92562,0.233,0.027679145254157975,-0.13542777009257206,0.026412649346847523
33.96225,0.233,0.06341476168874188,-0.18780946426805187,0.10002191054970837
33.99888,0.233,0.0368421238271282,-0.18735044267477738,0.17027141294248013
34.03451999999999,0.233,0.03378779763613813,-0.2154502436318861,0.1298015909118616
34.067190000000004,0.233,0.013629244775603623,-0.1807845140287747,-0.05697045566718158
34.10382,0.233,-0.017372166062945657,-0.08747484889402787,-0.28970923875599947
34.140449999999994,0.233,0.037300272755776714,-0.11007686270735444,-0.12569279496445832
34.177080000000004,0.233,-0.027756875112311917,-0.0028700134036027444,-0.07605999436086955
34.21371,0.233,-0.011874378919163518,-0.01264385721477099,0.06092653530503538
34.250339999999994,0.233,0.02340308858677187,-0.1404674083077057,0.22906719211903911
34.282019999999996,0.233,-0.04440295285320783,-0.1250430610432058,0.10689414447943604
34.31865,0.233,-0.03707256999483165,-0.10641167127816636,-0.043225987807726234
34.35528,0.233,-0.005002144989435844,-0.07205050162952799,-0.2806998491572047
34.391909999999996,0.233,0.07349403811900913,-0.15909879807274516,-0.1539453122311165
34.42854,0.233,-0.008209187489975425,-0.08579496948898332,-0.16524631913777982
34.46517,0.233,-0.04501381809140585,-0.05845875007962214,-0.1255400786549088
34.500809999999994,0.233,0.016530854657044194,-0.08533682056033481,-0.004436045182152253
34.533480000000004,0.233,0.11686547003106822,-0.2615723144450882,0.3306226653048332
34.57011,0.233,-0.04623554856780188,-0.15161569890481946,0.10460339983619349
34.606739999999995,0.233,-0.05936915118905921,-0.1045790755635723,-0.14707307830138885
34.643370000000004,0.233,0.13855118598709776,-0.26737378887871743,-0.020929406613498673
34.68,0.233,0.12083609407935532,-0.2510340164215465,0.01282089779694168
34.716629999999995,0.233,0.016072705728395684,-0.16581831569292335,-0.1333286104419335
34.749300000000005,0.233,0.08937653431215752,-0.26294588856640777,-0.032993995067909475
34.78494,0.233,0.0957906193132367,-0.2882967959516254,0.05787220911404531
34.82157,0.233,0.06509464109378642,-0.21010604546227943,0.13804827162753483
34.8582,0.233,0.04142361311361332,-0.15421187616716106,0.12842714412591608
34.89483,0.233,0.12526486705629092,-0.23621966173061862,0.17882352627725237
34.93146,0.233,0.10754977514854848,-0.1807845140287747,0.21944519195279438
34.96413,0.233,0.017447152514341216,-0.05112836722124595,0.010377436844149619
34.99977,0.233,0.13060993789052355,-0.10244104722987925,0.13820098793708432
35.0364,0.233,0.037911137993974726,0.003849504216575426,-0.011766428040528439
35.073029999999996,0.233,0.059444137640454774,-0.028373637098369885,0.11239193162321817
35.10966,0.233,0.03348236501703912,-0.01264385721477099,0.15209817210608917
35.14629,0.233,-0.026076995707267375,0.0021696248115308826,0.07848891090322833
35.17896,0.233,-0.02958947082690596,0.03683622707926825,0.04275329446864443
35.21559,0.233,0.04646325132874694,-0.036620317814043096,0.12873257674501512
35.25123000000001,0.233,-0.04089047773356925,-0.007909651618736371,-0.028259789471874852
35.28786,0.233,-0.06578323619013837,-0.022570417335488736,-0.19578958104768054
35.32449,0.233,-0.005154861298985349,-0.03768933198088961,-0.17700634763771758
35.36112,0.233,-0.034781825351589093,0.041265000056203864,-0.2677180901808709
35.39379,0.233,-0.00362769820349031,-0.023181282573686755,-0.13653565294247308
35.43042,0.233,-0.06899027869067795,-0.02547202721692931,-0.16814705635459437
35.46705,0.233,-0.07570979631085611,-0.02684647400287485,-0.04704389554646382
35.50269,0.233,-0.07326633535806405,0.010263589217654585,-0.043378704117275735
35.53932,0.233,-0.02882588927915844,-0.008520516856934387,-0.004588761491701758
35.57595,0.233,-0.07235003750076704,0.04645735458088699,-0.1484475250873344
35.60862,0.233,0.007826025012722478,-0.016003616024860074,-0.01161371173097893
35.64525,0.233,-0.05539852714077211,0.025535220172604973,-0.1818932695433017
35.68188,0.233,0.07196687502351409,-0.07831187032105763,-0.06750788102609734
35.71751999999999,0.233,0.20757808523884747,-0.06624728186664683,-0.12752539067905233
35.75415,0.233,0.21536748969049818,0.16465977817220298,-0.3483523016230089
35.79078,0.233,0.29386367279894315,-0.06975975698628542,-0.193499709069064
35.823449999999994,0.233,0.23094455326454758,0.01560866005188722,-0.18647301350053486
35.86008,0.233,0.29844516208542826,0.08937063756429757,-0.08186321412375071
35.89671,0.233,0.33387534590091317,0.09379941054123318,0.010682869463248626
35.933339999999994,0.233,0.5559248599858918,-0.08655855103673085,0.13025973984051012
35.96898,0.233,0.3804529476488858,0.5965415015781997,0.24571239719530905
36.00561,0.233,0.23094455326454758,0.5058280137057944,-0.11851512841563161
36.04224,0.233,0.76575706930691,-0.07968631710700318,0.6957682341023228
36.074909999999996,0.233,0.4516204932282066,0.44153357472082744,-0.2417580628867072
36.11154,0.233,0.5485944771275155,0.44733853981296046,0.36544198388212
36.14817,0.233,0.467502989421355,0.6487704794441301,-0.19930118350269316
36.18381,0.233,0.5820384762542308,0.5302626232337151,0.18676564703845253
36.22044,0.233,0.3792312171724898,0.5931817427681108,0.033743032205223705
36.25311,0.233,0.2967644100157577,0.7174928187414069,0.444243599609664
36.289739999999995,0.233,0.3158548213740717,0.6108968346758531,0.29855398562868934
36.326370000000004,0.233,0.3094407363729926,0.46077757505331685,0.39919316095718643
36.363,0.233,0.2604196736722278,0.46031855346004247,0.3510883961137186
36.39864,0.233,0.09273629312224661,0.34165885360470394,0.2240284265685315
36.435269999999996,0.233,0.16329122813411737,0.1900106855574206,0.056650478637649285
36.4719,0.233,0.11289484598278113,0.07470987184754521,-0.31093767844800646
36.50457,0.233,0.14160551217808784,-0.05723701960322611,-0.4266966410865303
36.541199999999996,0.233,0.03531496073163316,-0.10824426699276038,-0.6539385096961919
36.57783,0.233,0.05745882561631122,-0.23438706601602455,-0.6201873326211257
36.61446,0.233,-0.013096109395559549,-0.21514655634203905,-0.6812738564409273
36.6501,0.233,-0.06593595249968787,-0.232097194037408,-0.3996649816316422
36.68277,0.233,-0.12366271750940032,-0.1166436640179831,-0.3004011257537167
36.7194,0.233,-0.1392397810834497,-0.08747484889402787,-0.10141090174608719
36.756029999999996,0.233,-0.16840859620740495,0.018662986242877294,-0.027038058995478828
36.79266,0.233,-0.14947177382326648,0.0705865314897086,0.04076798244450088
36.82929,0.233,-0.0868580869079699,0.17809881341255931,-0.07743444114681508
36.86493,0.233,0.019890613467133278,0.2901925846218951,-0.13455034091832951
36.901559999999996,0.233,0.06188759859324682,0.345324045033892,-0.2469486720821384
36.93423000000001,0.233,0.09044554847900406,0.3919016467818647,-0.194110574307262
36.97086,0.233,0.11778176788836527,0.4852121845812375,-0.13928454651436414
37.00749,0.233,0.17184421413351555,0.523848538232636,-0.04551673245096879
37.04412,0.233,0.14023106539214228,0.4945270067991313,0.10399253459799547
37.08075,0.233,0.11808720050746425,0.5430907932358734,0.326653786585798
37.11243,0.233,0.12022522884115731,0.4876556455340295,0.41156405469532226
37.14906,0.233,0.15687714313303822,0.4619993055297129,0.3891138845269191
37.18569,0.233,0.17779927754132022,0.387473746469555,0.39644426738529526
37.222319999999996,0.233,0.1370240228916027,0.2837784996208159,0.2570151494312243
37.25895,0.233,0.168025433730152,0.24376682651884596,0.18172513615869293
37.29558,0.233,0.18894844080306,0.09807546720861929,-0.053763413166642
37.33122,0.233,0.15718257575213723,0.0624925670835849,-0.10278534853203272
37.36389,0.233,0.05638981144946469,0.033476468269179174,-0.06811874626429534
37.40052,0.233,-0.0066820243944803875,0.012096184932248632,0.020914862203065383
37.43715,0.233,-0.06517237095194035,-0.004549892808647286,0.020609429583966374
37.47378,0.233,-0.10640577453030639,-0.022875849954587746,-0.00749037137314233
37.51040999999999,0.233,-0.15496956096704861,-0.053724544483587516,0.0006035930329813741
37.54605,0.233,-0.18612281545052142,-0.014476452929365035,-0.08125234888555269
37.578720000000004,0.233,-0.18902529799658796,-0.08380965746483979,-0.2089231836689379
37.61535,0.233,-0.1794041704949692,-0.03494043840899855,-0.29169542344476895
37.65198,0.233,-0.19177419156847902,-0.00012111983171167462,-0.28131071439540273
37.68861,0.233,-0.1856655391864989,0.058980091963946296,-0.19517871580948254
37.72524,0.233,-0.1827639293050583,0.1622163172194109,-0.14233887270535422
37.76187,0.233,-0.15298424894290505,0.21154455786852663,-0.06934047674069138
37.79355,0.233,-0.150235355371014,0.2147507277044402,0.01679152184522878
37.83018,0.233,-0.09770094488598466,0.27308835795235065,0.0612319679241344
37.86681,0.233,-0.059063718569960205,0.264382655643403,0.022289308989010916
37.90344,0.233,0.0020228052498413324,0.27675354938153884,-0.002603449467558208
37.94007,0.233,0.05898598871180626,0.306532357079066,-0.04628031399871631
37.976699999999994,0.233,0.09181999526494959,0.3037852088364269,0.04855651423152558
38.009370000000004,0.233,0.12205782455575136,0.3324958750317337,0.03954625196810485
38.046,0.233,0.12404313657989492,0.25094362040304663,0.1800452567536484
38.08164,0.233,0.14068921432079082,0.2717130385017792,0.165995356275094
38.118269999999995,0.233,0.128930058485479,0.14465394162121797,0.19592862561142274
38.154900000000005,0.233,0.128319193247281,0.06142355291673837,0.15011286008194563
38.19153,0.233,0.11778176788836527,0.05928552458304531,0.041378847682698894
38.224199999999996,0.233,0.09670691717053373,0.04905353184322856,0.009308422677303092
38.26083,0.233,0.06249846383144484,0.008889142431709051,-0.027038058995478828
38.29647,0.233,0.011949365370559082,-0.01142212673837496,0.0016726071998278986
38.3331,0.233,-0.03050576868420298,0.030574858387738595,-0.012530009588275956
38.369730000000004,0.233,-0.08258203024058378,-0.0018009992367562177,0.02671808196594653
38.40636,0.233,-0.12381543381894983,0.025229787553505963,0.04122613137314939
38.439029999999995,0.233,-0.13282569608237055,0.0033913552879269136,-0.11347549020049799
38.47566,0.233,-0.16046734811083077,0.07241912720430266,-0.12080587305887416
38.511300000000006,0.233,-0.15695487299119218,0.10342053804285192,-0.14768394353958686
38.54793,0.233,-0.17131020608884553,0.16404891293400495,-0.08186321412375071
38.584559999999996,0.233,-0.15909290132488524,0.12510625399888148,0.004574217081268474
38.621190000000006,0.233,-0.1581766034675882,0.1513734592413961,0.03542291161026825
38.65386,0.233,-0.11388887369823207,0.19886823151129182,-0.007795803992241336
38.69049,0.233,-0.08029128559734124,0.1336583673336537,-0.06949319305024089
38.72712,0.233,-0.022411804278079282,0.15687124638517827,-0.06491170376375577
38.76276,0.233,0.013781961085153125,0.13579639566734672,-0.08461210769564176
38.79939,0.233,0.04127089680406382,0.08952335387384708,0.09376054185817873
38.83602,0.233,0.0718141587139646,0.09853361613726781,0.06459172673422349
38.86869,0.233,0.10052482490927131,0.03408733350737718,0.14919656222464858
38.90532,0.233,0.1364131576534047,0.02797868112539703,0.02778709613279306
38.94195,0.233,0.15275380277520162,0.012096184932248632,-0.032993995067909475
38.97759,0.233,0.15000490920331055,-0.029595367574765913,-0.014209888993320501
39.01422,0.233,0.13412241301016212,0.00965272397945657,0.011141018391897139
39.05085,0.233,0.10495359788620691,-0.053113679245389504,0.12903800936411408
39.087480000000006,0.233,0.07563206645270219,-0.032038828527557975,0.10781044233673306
39.12015,0.233,0.05303005263937561,-0.007146070070988851,0.012973614106491184
39.15678,0.233,0.018821599300286755,-0.01630904864395908,-0.06460627114465677
39.19340999999999,0.233,-0.012332527847812028,0.04966439708142658,-0.12324933401166624
39.22905,0.233,-0.05998001642725723,0.01515051112323871,-0.00596320827764729
39.26568,0.233,-0.0990753916719302,0.054856751606109706,0.08887361995259459
39.30231,0.233,-0.12809149048633595,0.07409900660934718,0.09009535042899063
39.33498,0.233,-0.14015607894074675,0.07532073708574322,0.014042628273337712
39.371610000000004,0.233,-0.13633817120200917,0.12709156602302502,-0.15547247532661154
39.40824,0.233,-0.13267297977282105,0.14831913305040603,-0.12324933401166624
39.44388,0.233,-0.12732790893858842,0.19337044436750966,-0.033910292925206496
39.48051,0.233,-0.1106818311976925,0.18405562214961593,0.12247120805348544
39.51714,0.233,-0.09128685988490551,0.16389619662445543,0.1527090373442872
39.54981,0.233,-0.049137158449242456,0.16053643781436636,-0.001992584229360191
39.58644,0.233,-0.014470556181505083,0.09196681482663914,-0.11484993698644352
39.62307,0.233,0.025541116920464922,0.11243080030627264,-0.15898495044625013
39.659699999999994,0.233,0.053335485258474626,0.10571128268609448,-0.029939668876919394
39.695339999999995,0.233,0.0802135557391873,0.06844850315601554,0.13025973984051012
39.731970000000004,0.233,0.10098297383791983,0.047068219819085017,0.15469434936843074
39.76464,0.233,0.11610188848332069,0.008430993503060539,0.06230098209098092
39.801269999999995,0.233,0.12312683872259787,-0.023639431502335266,-0.12233303615436922
39.837900000000005,0.233,0.12297412241304838,-0.04563058007746382,-0.17486657397477257
39.87453,0.233,0.10984051979179105,-0.0610549273419637,-0.06704973209744881
39.91017,0.233,0.08693307335936547,-0.0605967784133152,0.12354022222033197
39.9468,0.233,0.05898598871180626,-0.08365694115529028,0.2093676608517791
39.97947,0.233,0.029511740968752018,-0.0967905437765476,0.09803659852556483
40.0161,0.233,0.003702684654885876,-0.1245849121145573,-0.09682941245960208
40.052730000000004,0.233,-0.026993293564564397,-0.11771267818482962,-0.18067153906690564
40.08936,0.233,-0.0509697541638365,-0.09892857211024066,-0.08140506519510218
40.125989999999994,0.233,-0.07891683881139569,-0.06945432436718642,0.1258309668635745
40.161629999999995,0.233,-0.09434118607589559,-0.044103416981968784,0.2020372779934029
40.194300000000005,0.233,-0.10289329941066781,-0.03173339590845897,0.10704686078898554
40.23093,0.233,-0.0990753916719302,-0.01676719757260759,-0.10110546912698819
40.267559999999996,0.233,-0.08930154786076194,0.0026277737401793934,-0.19395698533308653
40.304190000000006,0.233,-0.07738967571590065,0.03607264553152073,-0.09560768198320604
40.34082,0.233,-0.06227076107049978,0.07348814137114916,0.09101164828628763
40.37646,0.233,-0.03921059832852471,0.09761731827997078,0.1898199732294426
40.40913,0.233,-0.01202709522871302,0.10510041744789647,0.08337583280881244
40.44576,0.233,0.017599868823890724,0.09853361613726781,-0.09652397984050308
40.48239,0.233,0.04142361311361332,0.09578472256537675,-0.19746858778809914
40.525949999999995,0.233,0.06112401704549931,0.09700645304177276,-0.10049460388879018
40.55565,0.233,0.0728831728808111,0.09685373673222325,0.07528186840268875
40.59129,0.233,0.0841841797874744,0.08891248863564905,0.16339917901275244
40.62396,0.233,0.08754393859756349,0.05913280827349582,0.08627744269025303
40.66059,0.233,0.08784937121666249,0.02813139743494654,-0.08140506519510218
40.69722,0.233,0.07777009478639524,-0.009436814714231408,-0.16051211354174516
40.73385,0.233,0.06173488228369733,-0.027304622931523356,-0.08522297293383979
40.770480000000006,0.233,0.039591017399019275,-0.0450197148392658,0.06840963447296108
40.80711,0.233,0.015919989418846182,-0.05738973591277561,0.15041829270104465
40.83879,0.233,-0.005154861298985349,-0.07770100508285961,0.0891790525716936
40.87542,0.233,-0.026229712016816877,-0.09908128841979018,-0.03849178221169161
40.91205,0.233,-0.04409752023410883,-0.11129859318375045,-0.1062978236516713
40.94868,0.233,-0.06074359797500475,-0.11160402580284948,-0.05544329257168654
40.98531,0.233,-0.071128307024371,-0.09602696222880008,0.05909393959044133
41.02194,0.233,-0.07738967571590065,-0.08060261496430018,0.1175842861479013
41.05758,0.233,-0.07235003750076704,-0.05876418269872115,0.07238025852124817
41.09025,0.233,-0.06471422202329184,-0.04807404103025588,-0.02887065471007287
41.12688,0.233,-0.05051160523518799,-0.028068204479270876,-0.0890408806725774
41.16351,0.233,-0.03630898844708413,-0.003786311260899767,-0.06017749816772115
41.20014,0.233,-0.018135747610693174,0.028589546363595043,0.026259933037298018
41.23677,0.233,0.0014119400116433152,0.06035453874989184,0.07299112375944619
41.26944,0.233,0.02263950703902435,0.07990222637222834,0.04596033696918401
41.30607,0.233,0.03989645001811828,0.08982878649294608,-0.03360486030610748
41.34171,0.233,0.053793634187123136,0.0944102757794312,-0.07819802269456261
41.378339999999994,0.233,0.06173488228369733,0.09899176506591632,-0.0615519449536667
41.414970000000004,0.233,0.06509464109378642,0.10112979339960937,0.004726933390817977
41.4516,0.233,0.06417834323648941,0.09685373673222325,0.04428045756413947
41.48823,0.233,0.0605131518073013,0.08799619077835204,0.03908810303945634
41.520900000000005,0.233,0.049212144900638015,0.05424588636791169,-0.006574073515845305
41.55654,0.233,0.03348236501703912,0.031033007316387105,-0.04750204447511234
41.59317,0.233,0.018210734062088736,0.0036967879070259214,-0.04872377495150836
41.6298,0.233,-0.00011522308385172007,-0.014476452929365035,-0.0018398679198106862
41.66643,0.233,-0.016455868205648632,-0.031580679598909464,0.04061526613495138
41.70306,0.233,-0.034170960113391075,-0.05738973591277561,0.0616901168527829
41.735730000000004,0.233,-0.046846413805999895,-0.07678470722556259,0.02855067768054058
41.771370000000005,0.233,-0.05524581083122261,-0.09541609699060208,-0.011766428040528439
41.808,0.233,-0.056314824998069134,-0.09358350127600802,-0.03635375387799855
41.844629999999995,0.233,-0.05768927178401467,-0.09556881330015157,-0.006726789825394814
41.881260000000005,0.233,-0.05142790309248502,-0.0890020119895229,0.034048464824322715
41.91789,0.233,-0.04593011594870287,-0.08136619651204771,0.04855651423152558
41.950559999999996,0.233,-0.02882588927915844,-0.05891689900827065,0.024885486251352482
41.987190000000005,0.233,-0.010347215823668479,-0.0489903388875529,-0.02734349161457783
42.02283,0.233,0.0011065073925443092,-0.024555729359632288,-0.021692988161246193
42.05946,0.233,0.018821599300286755,-0.0053134743563948055,-0.021082122923048174
42.09609,0.233,0.028442726801905495,0.014234213265941684,0.02320560684630794
42.12876,0.233,0.04631053501919744,0.041265000056203864,0.0001454441043328633
42.16539,0.233,0.05638981144946469,0.0626452833931344,-0.004283328872602748
42.20202,0.233,0.056695244068563695,0.08906520494519857,-0.02490003066178577
42.23865,0.233,0.057764258235410225,0.08524729720646096,-0.01161371173097893
42.27429,0.233,0.04325620882820737,0.09288311268393615,0.007475826962709046
42.310919999999996,0.233,0.04340892513775687,0.07898592851493132,-0.020776690303949165
42.347550000000005,0.233,0.0246248190631679,0.07791691434808479,-0.017722364112959084
42.38022,0.233,0.016225422037945185,0.07425172291889669,-0.03482659078250352
42.41685,0.233,-0.003474981893940807,0.06829578684646605,0.030841422323783133
42.453480000000006,0.233,-0.015539570348351609,0.05577304946340673,0.035728344229367257
42.48912,0.233,-0.035239974280237604,0.021717312433867375,0.034812046372070235
42.52575,0.233,-0.047304562734648406,-0.01676719757260759,-0.03681190280664707
42.56238,0.233,-0.049289874758791964,-0.03509315471854805,-0.0615519449536667
42.59901,0.233,-0.0509697541638365,-0.04013279293368168,-0.018944094589355115
42.63168,0.233,-0.05035888892563848,-0.03998007662413217,0.07176939328305017
42.66831,0.233,-0.05066432154473749,-0.06410925353295377,0.11376637840916372
42.70494,0.233,-0.04211220820996528,-0.08533682056033481,0.03465933006252073
42.74058,0.233,-0.02882588927915844,-0.10686982020681486,-0.07987790209960716
42.77721,0.233,-0.007751038561326914,-0.09816499056249314,-0.12538736234535927
42.80988,0.233,0.0087423228700195,-0.06899617543853791,-0.025663612209533282
42.84651,0.233,0.018821599300286755,-0.04578329638701332,0.12018046341024288
42.88314,0.233,0.030275322516499538,-0.036162168885394586,0.15362533520158422
42.91977,0.233,0.037758421684425225,-0.04578329638701332,0.026565365656397024
42.95540999999999,0.233,0.05486264835396965,-0.033565991623053015,-0.1562360568743591
42.99204,0.233,0.05791697454495973,-0.004091743879998775,-0.18204511318822522
43.02471,0.233,0.0609713007359498,0.03591992922197123,-0.025663612209533282
43.061339999999994,0.233,0.04478337192370241,0.06905936839421357,0.1722567249666237
43.097970000000004,0.233,0.03745298906532622,0.06860121946556506,0.19149897996986118
43.1346,0.233,0.025541116920464922,0.06524146065547597,0.0001454441043328633
43.17024,0.233,0.017599868823890724,0.05317687220106516,-0.21060393573860842
43.20687,0.233,0.0024809541784898415,0.07333542506159967,-0.21472640343181904
43.23954,0.233,-0.014623272491054586,0.08707989292105503,0.0024361887475754206
43.27617,0.233,-0.033407378565643554,0.09563200625582724,0.22616470957297255
43.3128,0.233,-0.047304562734648406,0.06875393577511456,0.21547631323375924
43.34943,0.233,-0.05051160523518799,0.033629184578728676,-0.023067434947191726
43.38606,0.233,-0.05234420094978204,0.007972844574412028,-0.24343706962712575
43.421699999999994,0.233,-0.05005345630653948,-0.0013428503081077056,-0.20434169438245275
43.458330000000004,0.233,-0.05066432154473749,0.0020169085019813796,0.0493200957792731
43.491,0.233,-0.047304562734648406,-0.00989496364287992,0.2719796024378237
43.527629999999995,0.233,-0.036461704756633635,-0.033260559003954006,0.20585431306751453
43.564260000000004,0.233,-0.02027377594438623,-0.07143963639132997,-0.05956663292952313
43.60089,0.233,0.0024809541784898415,-0.08625311841763184,-0.27031514010783847
43.63653,0.233,0.016836287276143204,-0.08274064329799326,-0.18922365240167788
43.673159999999996,0.233,0.027984577873256984,-0.06166579258016173,0.09376054185817873
43.70583,0.233,0.03485681180298465,-0.05189194876899348,0.2736603545074942
43.74246,0.233,0.04615781870964794,-0.05830603377007263,0.1800452567536484
43.77909,0.233,0.05440449942532114,-0.0648728350807013,-0.11500265329599302
43.81572,0.233,0.06112401704549931,-0.05723701960322611,-0.27764552296621464
43.85235,0.233,0.0562370951399152,-0.026999190312424353,-0.15791593627940362
43.887989999999995,0.233,0.046615967638296445,0.007514695645763516,0.1249146690062775
43.92066,0.233,0.03149705299289557,0.029200411601793062,0.2686215889569866
43.95729,0.233,0.02004332977668278,0.03454548243602569,0.12995430722141113
43.993919999999996,0.233,0.011949365370559082,0.033476468269179174,-0.1490583903255324
44.030550000000005,0.233,-0.00286411665574279,0.040501418508456344,-0.2620684593921652
44.06718,0.233,-0.01844118022979218,0.06188170184538688,-0.11011573139040891
44.10282,0.233,-0.03829430047122768,0.07974951006267883,0.15454163305888122
44.13549,0.233,-0.048679009520593945,0.08387285042051543,0.2437279578357915
44.17212,0.233,-0.05402408035482657,0.06936480101331258,0.07711446411728279
44.20875,0.233,-0.05112247047338601,0.04859538291458004,-0.16677348223327482
44.24538,0.233,-0.05005345630653948,0.03683622707926825,-0.22297308414749226
44.28201,0.233,-0.047151846425098905,0.03210202148323363,-0.04475315090322127
44.31864,0.233,-0.044861101781856344,0.028589546363595043,0.17729636318175732
44.35131,0.233,-0.03218564808924752,0.012859766479996152,0.20325900846979894
44.38695,0.233,-0.01599771927700012,-0.012338424595671981,0.02198387636991191
44.42358,0.233,0.005229847750380913,-0.03814748090953813,-0.17135497151975995
44.46021,0.233,0.019127031919385758,-0.050975650911696445,-0.17135497151975995
44.49684,0.233,0.028900875730554006,-0.054335409721785535,0.007323110653159542
44.53347,0.233,0.037300272755776714,-0.053419111864488514,0.1698132640138316
44.56614,0.233,0.04600510240009844,-0.05784788484142413,0.14385149139041598
44.60178,0.233,0.05593166252081618,-0.0650255513902508,-0.028259789471874852
44.63840999999999,0.233,0.05791697454495973,-0.06731629603349336,-0.16264926921081224
44.67504,0.233,0.05440449942532114,-0.06029134579421618,-0.11530808591509203
44.71167,0.233,0.04050731525631629,-0.04165995602917672,0.04748750006467904
44.7483,0.233,0.029817173587851027,-0.025013878288280802,0.14843298067690108
44.78097,0.233,0.017447152514341216,-0.01065854519062744,0.0893317688812431
44.81661,0.233,0.00950590441776702,-0.0011901339985582026,-0.06139922864411719
44.85324,0.233,-0.005765726537183363,0.009958156598555578,-0.1299688516318444
44.88987,0.233,-0.02103735749213375,0.02477163862485745,-0.05910848400087462
44.9265,0.233,-0.03707256999483165,0.04355574469944642,0.07207482590214917
44.96313,0.233,-0.044555669162757335,0.05516218422520871,0.11330822948051521
44.9958,0.233,-0.048984442139692955,0.062339850774035394,0.031910436490629655
45.03243,0.233,-0.0469991301155494,0.06142355291673837,-0.07712900852771608
45.06807,0.233,-0.04760999535374742,0.05943824089259482,-0.094080518887711
