sensor type:,gyro
timestamp (s),arclength (m),data
-0.067,0.466,0.0003919718611770581,-0.002427944322410028,0.00675543112594036
-0.031,0.466,0.0010028370993750754,-0.001206213846013996,0.0014147236148377108
-0.022,0.466,-0.0002188933770209591,0.00032094924948104266,0.002025588853035727
-0.013,0.466,0.0008501207898255706,-0.0005953486078159806,-0.00423577983849393
-0.004,0.466,-0.0008297586152189729,-0.0010534975364644922,-0.0007233047188553434
0.005,0.466,0.0005446881707265629,0.00016823293993153791,0.0004984257575406884
0.014,0.466,0.00023925555162755512,0.0006263818685800495,0.0038581845676297724
0.023,0.466,-0.0005243259961199634,0.0020008286545255844,0.002331021472134734
0.032,0.466,0.0003919718611770581,0.0013899634163275693,-0.001792318885701868
0.041,0.466,-0.0011351912343179806,0.001237247106778065,-0.0010287373379543503
0.05,0.466,8.653924207805037e-05,0.0006263818685800495,-0.0019450351952513727
0.059,0.466,-0.0017460564725159961,0.001848112344976081,0.002331021472134734
0.068,0.466,-0.0005243259961199634,0.0010845307972285612,0.002025588853035727
0.077,0.466,8.653924207805037e-05,0.0032225591309216154,0.0015674399243872155
0.086,0.466,-0.0009824749247684741,0.00016823293993153791,-0.002403184123899885
0.095,0.466,-0.0005243259961199634,0.0006263818685800495,-0.003472198290746413
0.104,0.466,-0.0006770423056694681,-0.0022752280128605223,0.002331021472134734
0.113,0.466,0.0014609860280235861,-0.0007480649173654853,0.0012620073052882078
0.122,0.466,-0.0012879075438674854,-0.00013719967916746897,0.005232631353575308
0.131,0.466,0.0005446881707265629,1.5516630382034907e-05,-0.003472198290746413
0.14,0.466,-0.0008297586152189729,-0.0010534975364644922,-0.0002651557902068318
0.149,0.466,0.0005446881707265629,-0.0031915258701575465,-0.004541212457592938
0.158,0.466,0.0008501207898255706,-0.0010534975364644922,0.004774482424926795
0.167,0.466,-6.61770674714509e-05,-0.0021225117033110193,0.003094603019882254
0.176,0.466,0.0008501207898255706,0.0009318144876790573,0.0029418867103327495
0.185,0.466,-0.0005243259961199634,0.0006263818685800495,-0.0020977515048008774
0.194,0.466,-0.0002188933770209591,-0.0009007812269149883,-0.00423577983849393
0.203,0.466,-0.0002188933770209591,-0.0009007812269149883,0.0018728725434862224
0.212,0.466,-0.0008297586152189729,-0.0016643627746625077,0.0017201562339367194
0.221,0.466,-0.0002188933770209591,0.002306261273624592,0.007370659687268361
0.23,0.466,-6.61770674714509e-05,0.0006263818685800495,-0.0036249146002959145
0.239,0.466,-0.002051489091615004,0.0044442896073176455,-0.00011243948065732621
0.248,0.466,0.00023925555162755512,-0.00013719967916746897,-0.0074428223390335104
0.257,0.466,-0.0008297586152189729,0.001237247106778065,0.0041636171867287805
0.266,0.466,-6.61770674714509e-05,-0.0016643627746625077,0.0018728725434862224
0.275,0.466,-6.61770674714509e-05,0.0026116938927235995,0.00614892921087233
0.284,0.466,-6.61770674714509e-05,0.002306261273624592,-0.003472198290746413
0.293,0.466,-0.0012879075438674854,0.0007790981781295543,-0.003777630909845419
0.302,0.466,-0.0003716096865704621,0.00047366555903054566,-0.003777630909845419
0.311,0.466,-6.61770674714509e-05,-0.002580660631959531,0.004010900877179277
0.32,0.466,0.0006974044802760659,0.00047366555903054566,0.00614892921087233
0.329,0.466,0.0005446881707265629,-0.0016643627746625077,0.003094603019882254
0.338,0.466,-0.0005243259961199634,0.0009318144876790573,-0.004083063528944425
0.347,0.466,0.0006974044802760659,-0.0018170790842120107,-0.0046939287671424424
0.356,0.466,0.00023925555162755512,-0.0010534975364644922,-0.0020977515048008774
0.365,0.466,-0.0002188933770209591,-0.0028860932510585387,0.006912510758619849
0.374,0.466,0.0019191349566720969,-0.001358930155563499,0.003705468258080269
0.383,0.466,0.00023925555162755512,0.0007790981781295543,0.002636454091233742
0.392,0.466,-6.61770674714509e-05,0.00032094924948104266,-0.0074428223390335104
0.401,0.466,-0.0009824749247684741,1.5516630382034907e-05,-0.0020977515048008774
0.41,0.466,-6.61770674714509e-05,-0.001206213846013996,-0.0008760210284048464
0.419,0.466,-6.61770674714509e-05,1.5516630382034907e-05,0.008439673854114888
0.428,0.466,0.0010028370993750754,0.001237247106778065,0.004621766115377292
0.437,0.466,-0.0008297586152189729,0.0007790981781295543,-0.0011814536475038542
0.446,0.466,-0.0003716096865704621,0.0020008286545255844,-0.005152077695790953
0.455,0.466,8.653924207805037e-05,0.00016823293993153791,-0.005152077695790953
0.464,0.466,-0.0015933401629664914,0.00047366555903054566,0.005690780282223818
0.473,0.466,0.0006974044802760659,-0.0005953486078159806,0.003705468258080269
0.482,0.466,-0.0006770423056694681,0.0027644102022731033,0.006607078139520842
0.491,0.466,-6.61770674714509e-05,0.00047366555903054566,-0.007290106029484009
0.5,0.466,-0.0011351912343179806,0.0015426797258770724,-0.003472198290746413
0.509,0.466,8.653924207805037e-05,-0.0010534975364644922,-0.005457510314889961
0.518,0.466,0.0010028370993750754,-0.00013719967916746897,0.008592390163664391
0.527,0.466,0.0008501207898255706,-0.0016643627746625077,0.003705468258080269
0.536,0.466,0.0006974044802760659,0.00016823293993153791,0.0029418867103327495
0.545,0.466,0.00023925555162755512,0.00047366555903054566,-0.007137389719934503
0.554,0.466,-0.0008297586152189729,-0.0015116464651130047,-0.0036249146002959145
0.563,0.466,0.0011555534089245766,-0.002427944322410028,-0.00011243948065732621
0.572,0.466,0.0005446881707265629,-0.002733376941509035,0.008439673854114888
0.581,0.466,0.0014609860280235861,-0.0007480649173654853,0.0041636171867287805
0.59,0.466,-6.61770674714509e-05,0.00032094924948104266,-0.0005705884093058378
0.599,0.466,-0.0005243259961199634,0.00032094924948104266,-0.008053687577231523
0.608,0.466,8.653924207805037e-05,-0.0009007812269149883,-0.003777630909845419
0.617,0.466,0.0014609860280235861,-0.0004426322982664767,0.0017201562339367194
0.626,0.466,8.653924207805037e-05,-0.0007480649173654853,0.007828808615916873
0.635,0.466,0.0005446881707265629,0.0007790981781295543,0.002636454091233742
0.644,0.466,0.00023925555162755512,0.002153544964075088,-0.003777630909845419
0.653,0.466,-0.0012879075438674854,0.0026116938927235995,-0.007137389719934503
0.662,0.466,-0.0011351912343179806,0.00032094924948104266,-0.0022504678143503805
0.671,0.466,-0.0002188933770209591,0.001237247106778065,0.005232631353575308
0.68,0.466,-0.0005243259961199634,-0.0007480649173654853,0.007065227068169353
0.689,0.466,-6.61770674714509e-05,0.0026116938927235995,0.0018728725434862224
0.698,0.466,-0.0009824749247684741,0.00016823293993153791,-0.005152077695790953
0.707,0.466,-0.0002188933770209591,0.001237247106778065,-0.005762942933988969
0.716,0.466,-0.0003716096865704621,-0.001206213846013996,-0.0002651557902068318
0.725,0.466,0.0003919718611770581,-0.0009007812269149883,0.005996212901322826
0.734,0.466,0.0006974044802760659,-0.001206213846013996,0.005232631353575308
0.743,0.466,0.00023925555162755512,-0.0004426322982664767,-0.0010287373379543503
0.752,0.466,8.653924207805037e-05,0.0006263818685800495,-0.006068375553087975
0.761,0.466,0.0008501207898255706,-0.001206213846013996,-0.0033194819811969067
0.77,0.466,0.0008501207898255706,-0.0009007812269149883,0.0009565746861891992
0.779,0.466,0.00023925555162755512,-0.0030388095606080417,0.008592390163664391
0.788,0.466,0.0011555534089245766,-0.0004426322982664767,0.00217830516258523
0.797,0.466,0.0006974044802760659,0.0006263818685800495,0.0008038583766396962
0.806,0.466,0.0003919718611770581,0.0010845307972285612,-0.008359120196330533
0.815,0.466,-0.0006770423056694681,-0.0002899159887169737,0.0006511420670901923
0.824,0.466,0.0006974044802760659,-0.0016643627746625077,-0.00011243948065732621
0.833,0.466,0.0006974044802760659,-0.0016643627746625077,0.00966140433051092
0.842,0.466,0.0011555534089245766,0.0013899634163275693,-0.00011243948065732621
0.851,0.466,-0.002051489091615004,0.0010845307972285612,-0.0007233047188553434
0.86,0.466,-0.0011351912343179806,0.002153544964075088,-0.008206403886781032
0.869,0.466,-0.0005243259961199634,0.0006263818685800495,-0.00011243948065732621
0.878,0.466,0.0006974044802760659,0.0009318144876790573,0.003705468258080269
0.887,0.466,-0.0005243259961199634,-0.0021225117033110193,0.006912510758619849
0.896,0.466,-0.0009824749247684741,0.001848112344976081,0.0018728725434862224
0.905,0.466,0.0008501207898255706,0.002153544964075088,-0.006068375553087975
0.914,0.466,-0.0003716096865704621,0.0026116938927235995,-0.003930347219394924
0.923,0.466,-0.0006770423056694681,-0.0021225117033110193,-0.002403184123899885
0.932,0.466,-0.0002188933770209591,-0.0015116464651130047,0.008286957544565383
0.941,0.466,0.0013082697184740814,-0.0016643627746625077,0.003705468258080269
0.95,0.466,-0.0005243259961199634,0.001848112344976081,0.0015674399243872155
0.959,0.466,-0.0005243259961199634,-0.00013719967916746897,-0.008206403886781032
0.968,0.466,0.0006974044802760659,0.00032094924948104266,-0.0036249146002959145
0.977,0.466,0.0003919718611770581,-0.002733376941509035,-0.0002651557902068318
0.986,0.466,0.0013082697184740814,-0.0016643627746625077,0.007828808615916873
0.995,0.466,0.00023925555162755512,-0.001358930155563499,0.0038581845676297724
1.004,0.466,-0.0008297586152189729,0.0010845307972285612,-0.0007233047188553434
1.013,0.466,8.653924207805037e-05,0.0010845307972285612,-0.008359120196330533
1.022,0.466,-0.0017460564725159961,-0.0005953486078159806,-0.0031667656716474037
1.031,0.466,0.0010028370993750754,-0.0016643627746625077,0.003094603019882254
1.04,0.466,0.0010028370993750754,-0.0004426322982664767,0.007676092306367369
1.049,0.466,-0.0005243259961199634,0.00016823293993153791,0.003094603019882254
1.058,0.466,-0.0009824749247684741,0.001237247106778065,-0.0036249146002959145
1.067,0.466,-0.0017460564725159961,0.001237247106778065,-0.007900971267682022
1.076,0.466,-0.0005243259961199634,1.5516630382034907e-05,-0.0013341699570533572
1.085,0.466,8.653924207805037e-05,-0.00013719967916746897,0.004621766115377292
1.094,0.466,-0.0002188933770209591,-0.0009007812269149883,0.007523375996817865
1.103,0.466,0.0005446881707265629,0.002458977583174096,-0.0004178720997563348
1.112,0.466,-0.0006770423056694681,0.00047366555903054566,-0.0046939287671424424
1.121,0.466,-0.0011351912343179806,0.0010845307972285612,-0.008359120196330533
1.13,0.466,-0.0005243259961199634,-0.002427944322410028,0.0018728725434862224
1.139,0.466,0.0017664186471225956,0.0006263818685800495,0.005996212901322826
1.148,0.466,8.653924207805037e-05,-0.001206213846013996,0.007217943377718857
1.157,0.466,-0.0005243259961199634,0.0007790981781295543,-0.0020977515048008774
1.166,0.466,-0.0017460564725159961,-0.0007480649173654853,-0.007137389719934503
1.175,0.466,-0.0003716096865704621,-0.0002899159887169737,-0.004541212457592938
1.184,0.466,0.0016137023375730909,-0.0018170790842120107,0.0027891704007832457
1.193,0.466,8.653924207805037e-05,-0.001206213846013996,0.009508688020961414
1.202,0.466,0.0008501207898255706,-0.0005953486078159806,0.002483737781684239
1.211,0.466,0.0006974044802760659,0.001237247106778065,-0.002708616742998891
1.22,0.466,-0.0009824749247684741,-0.0010534975364644922,-0.009580850672726564
1.229,0.466,-0.0011351912343179806,1.5516630382034907e-05,0.0003457094479911854
1.238,0.466,-6.61770674714509e-05,-0.0005953486078159806,0.0038581845676297724
1.247,0.466,0.0006974044802760659,0.0010845307972285612,0.009508688020961414
1.256,0.466,8.653924207805037e-05,-0.0002899159887169737,-0.0004178720997563348
1.265,0.466,-0.0018987727820654974,0.0020008286545255844,-0.00423577983849393
1.274,0.466,-0.0011351912343179806,-0.0007480649173654853,-0.008206403886781032
1.283,0.466,0.0003919718611770581,0.0010845307972285612,0.002331021472134734
1.292,0.466,-0.0003716096865704621,-0.0009007812269149883,0.005079915044025803
1.301,0.466,-0.0005243259961199634,0.0007790981781295543,0.007523375996817865
1.31,0.466,0.0010028370993750754,0.0013899634163275693,-0.002708616742998891
1.319,0.466,-0.0017460564725159961,1.5516630382034907e-05,-0.0049993613862414485
1.328,0.466,-0.0006770423056694681,0.00032094924948104266,-0.0049993613862414485
1.337,0.466,-0.0003716096865704621,-0.001206213846013996,0.004469049805827787
1.346,0.466,0.0006974044802760659,0.00016823293993153791,0.0055380639726743145
1.355,0.466,0.0008501207898255706,-0.0009007812269149883,0.004621766115377292
1.364,0.466,-0.0008297586152189729,-0.00013719967916746897,-0.0049993613862414485
1.373,0.466,8.653924207805037e-05,-0.0007480649173654853,-0.0059156592435384734
1.382,0.466,0.0005446881707265629,0.00032094924948104266,-0.0022504678143503805
1.391,0.466,0.0005446881707265629,-0.0015116464651130047,0.00614892921087233
1.4,0.466,0.0011555534089245766,0.0007790981781295543,0.0067597944490703455
1.409,0.466,-0.0005243259961199634,-0.0009007812269149883,0.002331021472134734
1.418,0.466,0.00023925555162755512,0.0006263818685800495,0.0001929931384416798
1.427,0.466,0.0003919718611770581,-0.0002899159887169737,0.0014147236148377108
1.436,0.466,0.0010028370993750754,0.00032094924948104266,-0.001792318885701868
1.445,0.466,-0.0005243259961199634,-0.0004426322982664767,-0.001486886266602862
1.454,0.466,-0.0005243259961199634,-0.0009007812269149883,0.002331021472134734
1.463,0.466,0.00023925555162755512,0.0006263818685800495,0.0001929931384416798
1.472,0.466,0.0003919718611770581,-0.0002899159887169737,0.0014147236148377108
1.481,0.466,0.0010028370993750754,0.00032094924948104266,-0.001792318885701868
1.49,0.466,-0.0005243259961199634,-0.0004426322982664767,-0.001486886266602862
1.499,0.466,-6.61770674714509e-05,0.0007790981781295543,0.0003457094479911854
1.508,0.466,0.0006974044802760659,-0.0009007812269149883,0.0009565746861891992
1.517,0.466,0.0003919718611770581,0.00016823293993153791,0.002025588853035727
1.526,0.466,0.0005446881707265629,-0.0004426322982664767,-0.0010287373379543503
1.535,0.466,-0.0003716096865704621,0.00016823293993153791,-0.00011243948065732621
1.544,0.466,0.0003919718611770581,-0.0005953486078159806,-0.002708616742998891
1.571,0.466,-0.0003716096865704621,0.00032094924948104266,0.00217830516258523
1.608,0.466,8.653924207805037e-05,-0.00013719967916746897,-0.0011814536475038542
1.641,0.466,-6.61770674714509e-05,-0.0004426322982664767,0.003400035638981261
1.678,0.466,-0.0003716096865704621,-0.0004426322982664767,-0.0020977515048008774
1.714,0.466,-0.0003716096865704621,0.00047366555903054566,0.0015674399243872155
1.751,0.466,0.00023925555162755512,0.00032094924948104266,-0.0030140493620979007
1.788,0.466,-0.0008297586152189729,-0.0007480649173654853,0.002636454091233742
1.825,0.466,-0.0002188933770209591,0.00032094924948104266,-0.0011814536475038542
1.858,0.466,-0.0002188933770209591,-0.0009007812269149883,0.00217830516258523
1.895,0.466,-6.61770674714509e-05,0.0009318144876790573,-0.0022504678143503805
1.932,0.466,8.653924207805037e-05,0.00047366555903054566,0.0006511420670901923
1.968,0.466,8.653924207805037e-05,0.0007790981781295543,-0.0013341699570533572
2.005,0.466,-0.0002188933770209591,-0.0004426322982664767,0.002331021472134734
2.042,0.466,0.0006974044802760659,0.00016823293993153791,0.0001929931384416798
2.075,0.466,-0.0003716096865704621,-0.001358930155563499,0.0008038583766396962
2.112,0.466,0.0005446881707265629,0.00047366555903054566,-0.0011814536475038542
2.149,0.466,-0.0006770423056694681,-0.0005953486078159806,0.0003457094479911854
2.185,0.466,0.00023925555162755512,0.0006263818685800495,0.0004984257575406884
2.222,0.466,8.653924207805037e-05,-0.00013719967916746897,0.0006511420670901923
2.259,0.466,-0.0005243259961199634,-0.0002899159887169737,0.0015674399243872155
2.296,0.466,-0.0002188933770209591,-0.0005953486078159806,0.0003457094479911854
2.329,0.466,-0.0008297586152189729,0.00047366555903054566,0.0003457094479911854
2.366,0.466,-0.0008297586152189729,-0.00013719967916746897,-0.0008760210284048464
2.403,0.466,-0.0003716096865704621,0.00016823293993153791,0.0015674399243872155
2.439,0.466,-6.61770674714509e-05,-0.0007480649173654853,-0.0002651557902068318
2.476,0.466,-0.0003716096865704621,-0.0002899159887169737,0.0017201562339367194
2.513,0.466,8.653924207805037e-05,-0.0002899159887169737,-0.0019450351952513727
2.546,0.466,8.653924207805037e-05,0.00032094924948104266,0.0017201562339367194
2.583,0.466,-0.0002188933770209591,-0.0004426322982664767,-0.001486886266602862
2.62,0.466,8.653924207805037e-05,0.001237247106778065,0.00217830516258523
2.656,0.466,0.00023925555162755512,-0.0007480649173654853,-0.0010287373379543503
2.693,0.466,-0.0009824749247684741,-0.00013719967916746897,0.002636454091233742
2.73,0.466,0.0008501207898255706,0.00047366555903054566,-0.0022504678143503805
2.763,0.466,-0.0002188933770209591,-0.00013719967916746897,0.0015674399243872155
2.8,0.466,0.0005446881707265629,0.00032094924948104266,-0.0019450351952513727
2.837,0.466,-0.0008297586152189729,-0.0004426322982664767,0.0027891704007832457
2.874,0.466,8.653924207805037e-05,0.0007790981781295543,-0.0005705884093058378
2.91,0.466,0.0005446881707265629,-0.00013719967916746897,0.0006511420670901923
2.947,0.466,-0.0005243259961199634,0.0007790981781295543,-0.0008760210284048464
2.98,0.466,-0.0005243259961199634,-0.0009007812269149883,-0.0007233047188553434
3.017,0.466,-0.0008297586152189729,0.0006263818685800495,0.0006511420670901923
3.054,0.466,-0.0003716096865704621,-0.0015116464651130047,0.0004984257575406884
3.091,0.466,-0.0008297586152189729,0.00032094924948104266,0.0018728725434862224
3.127,0.466,0.00023925555162755512,-0.0005953486078159806,-0.0007233047188553434
3.164,0.466,-0.0006770423056694681,0.00032094924948104266,0.0004984257575406884
3.197,0.466,-0.0006770423056694681,-0.001358930155563499,-0.0010287373379543503
3.234,0.466,0.0003919718611770581,0.00032094924948104266,0.0014147236148377108
3.271,0.466,-0.0005243259961199634,-0.0009007812269149883,-0.0007233047188553434
3.308,0.466,-0.0005243259961199634,0.0009318144876790573,0.0014147236148377108
3.344,0.466,-0.0002188933770209591,1.5516630382034907e-05,-0.002403184123899885
3.381,0.466,0.0005446881707265629,1.5516630382034907e-05,0.0014147236148377108
3.414,0.466,0.0011555534089245766,-0.0004426322982664767,-0.001486886266602862
3.451,0.466,-0.0008297586152189729,-0.0002899159887169737,0.0038581845676297724
3.488,0.466,0.0006974044802760659,0.0007790981781295543,-0.0013341699570533572
3.525,0.466,-0.0005243259961199634,-0.0007480649173654853,0.003094603019882254
3.562,0.466,0.00023925555162755512,0.00047366555903054566,-0.004083063528944425
3.598,0.466,-0.0008297586152189729,-0.001206213846013996,0.0015674399243872155
3.631,0.466,0.0010028370993750754,0.00047366555903054566,-0.0022504678143503805
3.668,0.466,8.653924207805037e-05,0.00016823293993153791,0.002483737781684239
3.705,0.466,-0.0008297586152189729,1.5516630382034907e-05,-0.0002651557902068318
3.742,0.466,8.653924207805037e-05,1.5516630382034907e-05,0.0003457094479911854
3.779,0.466,-6.61770674714509e-05,-0.0002899159887169737,-0.001792318885701868
3.815,0.466,-0.0002188933770209591,-0.0005953486078159806,-0.00011243948065732621
3.848,0.466,-6.61770674714509e-05,0.00047366555903054566,0.001109290995738704
3.885,0.466,0.00023925555162755512,0.00016823293993153791,0.001109290995738704
3.922,0.466,0.0013082697184740814,0.0015426797258770724,-0.00011243948065732621
3.959,0.466,-0.0006770423056694681,-0.0009007812269149883,-0.0016396025761523667
3.996,0.466,0.0006974044802760659,0.0006263818685800495,-0.0007233047188553434
4.033,0.466,8.653924207805037e-05,-0.0007480649173654853,-0.001486886266602862
4.066,0.466,0.0005446881707265629,0.0010845307972285612,0.0008038583766396962
4.102,0.466,0.0006974044802760659,0.00047366555903054566,-0.001792318885701868
4.139,0.466,8.653924207805037e-05,-0.0004426322982664767,0.0003457094479911854
4.176,0.466,0.0010028370993750754,0.00032094924948104266,-0.0030140493620979007
4.213,0.466,0.00023925555162755512,-0.00013719967916746897,0.0014147236148377108
4.25,0.466,0.0006974044802760659,-0.00013719967916746897,-0.0008760210284048464
4.286,0.466,-6.61770674714509e-05,1.5516630382034907e-05,0.0029418867103327495
4.319,0.466,8.653924207805037e-05,0.0007790981781295543,-0.0030140493620979007
4.356,0.466,-0.0002188933770209591,-0.00013719967916746897,0.0009565746861891992
4.393,0.466,-0.0002188933770209591,-0.0002899159887169737,-0.0030140493620979007
4.43,0.466,0.0003919718611770581,0.0010845307972285612,0.002025588853035727
4.467,0.466,-0.0002188933770209591,0.0006263818685800495,-0.0016396025761523667
4.5,0.466,-6.61770674714509e-05,0.001237247106778065,0.00217830516258523
4.537,0.466,-6.61770674714509e-05,1.5516630382034907e-05,-0.00255590043344939
4.573,0.466,-6.61770674714509e-05,-0.00013719967916746897,0.0003457094479911854
4.61,0.466,0.0003919718611770581,0.00047366555903054566,-0.001486886266602862
4.647,0.466,-0.0008297586152189729,-0.00013719967916746897,0.002331021472134734
4.684,0.466,0.0011555534089245766,0.0015426797258770724,0.0001929931384416798
4.717,0.466,0.0011555534089245766,0.00016823293993153791,4.02768288921768e-05
4.754,0.466,0.0006974044802760659,0.0009318144876790573,-0.002403184123899885
4.79,0.466,8.653924207805037e-05,-0.0010534975364644922,-0.0008760210284048464
4.827,0.466,0.0005446881707265629,0.001237247106778065,0.0001929931384416798
4.864,0.466,0.0006974044802760659,0.00032094924948104266,0.0003457094479911854
4.901,0.466,0.00023925555162755512,0.0010845307972285612,-0.0005705884093058378
4.934,0.466,-0.0006770423056694681,-0.00013719967916746897,-0.0013341699570533572
4.971,0.466,0.00023925555162755512,1.5516630382034907e-05,-0.0007233047188553434
5.007,0.466,0.00023925555162755512,-0.0005953486078159806,0.0001929931384416798
5.044,0.466,0.00023925555162755512,0.00047366555903054566,0.0006511420670901923
5.081,0.466,0.0003919718611770581,1.5516630382034907e-05,0.0003457094479911854
5.118,0.466,0.0006974044802760659,0.001237247106778065,4.02768288921768e-05
5.155,0.466,-6.61770674714509e-05,-0.0002899159887169737,-0.001486886266602862
5.188,0.466,-0.0002188933770209591,0.00032094924948104266,0.0004984257575406884
5.225,0.466,0.0008501207898255706,1.5516630382034907e-05,-0.0004178720997563348
5.261,0.466,-0.0002188933770209591,0.0009318144876790573,0.0027891704007832457
5.298,0.466,0.0010028370993750754,0.0009318144876790573,-0.0019450351952513727
5.335,0.466,-0.0002188933770209591,0.00047366555903054566,0.0009565746861891992
5.372,0.466,0.0003919718611770581,-0.00013719967916746897,-0.003930347219394924
5.405,0.466,0.00023925555162755512,0.0006263818685800495,0.0012620073052882078
5.442,0.466,8.653924207805037e-05,0.00032094924948104266,-0.0002651557902068318
5.478,0.466,0.0011555534089245766,0.002458977583174096,0.002483737781684239
5.515,0.466,8.653924207805037e-05,0.0020008286545255844,-0.0019450351952513727
5.552,0.466,-0.0006770423056694681,-0.002427944322410028,-0.0008760210284048464
5.589,0.466,-0.0008297586152189729,-0.006551284680246632,-0.0016396025761523667
5.622,0.466,0.0003919718611770581,-0.002427944322410028,0.004774482424926795
5.659,0.466,0.002071851266221598,0.007345899488758219,0.002483737781684239
5.696,0.466,0.00023925555162755512,0.008873062584253258,0.0009565746861891992
5.732,0.466,-0.0018987727820654974,0.001237247106778065,-0.006984673410384998
5.769,0.466,-0.002051489091615004,-0.012049071824028767,-0.004083063528944425
5.806,0.466,0.0023772838853206076,-0.013423518609974303,0.00217830516258523
5.839,0.466,0.0028354328139691184,-0.0002899159887169737,0.012410297902401987
5.876,0.466,0.0003919718611770581,0.01895233901452051,0.006607078139520842
5.913,0.466,-0.0012879075438674854,0.021243083657763066,-0.008511836505880038
5.95,0.466,-0.00235692171071401,-0.001206213846013996,-0.018285680317048282
5.986,0.466,0.00023925555162755512,-0.023808227659340566,-0.008511836505880038
6.023,0.466,0.0008501207898255706,-0.02319736242114255,0.018060801355733628
6.056,0.466,0.002224567575771103,0.005513303774164173,0.02630748207140684
6.093,0.466,0.0019191349566720969,0.03086421115938181,0.007828808615916873
6.13,0.466,-0.002051489091615004,0.024755558777401654,-0.029433970914162066
6.167,0.466,-0.0026623543298130176,-0.012812653371776287,-0.03218286448605314
6.203,0.466,-0.0028150706393625224,-0.03602553242330087,-0.0008760210284048464
6.24,0.466,0.0014609860280235861,-0.030375028969969232,0.042953559812302755
6.277,0.466,0.008638652576850267,0.025213707706050165,0.040662815169060194
6.31,0.466,8.653924207805037e-05,0.037736445089109484,-0.008817269124979047
6.347,0.466,-0.004953098973055577,0.027504452349292725,-0.054937594608929205
6.384,0.466,-0.007396559925847637,-0.02823700063627618,-0.04546918341685997
6.42,0.466,0.005126177457211676,-0.0372472628996969,0.022947723261317752
6.457,0.466,0.009249517815048283,-0.012659937062226786,0.06967891398346593
6.494,0.466,0.002988149123518623,0.0342239699694709,0.04249541088365424
6.527,0.466,-0.006632978378100117,0.04140163651829758,-0.03722250270118676
6.564,0.466,-0.006174829449451606,0.0044442896073176455,-0.08334282818513691
6.601,0.466,-0.0008297586152189729,-0.03281848992276128,-0.030655701390558097
6.638,0.466,0.006958773171805722,-0.03465108563735533,0.05440728302851554
6.674,0.466,0.004057163290365149,0.009942076751099784,0.09441895613048555
6.711,0.466,0.002071851266221598,0.041248920208748076,0.017755368736634622
6.744,0.466,-0.006174829449451606,0.03010062961163429,-0.07585972901721122
6.781,0.466,-0.005716680520803093,-0.019684887301503962,-0.09617099818729524
6.818,0.466,-0.00235692171071401,-0.04488307837717209,-0.0020977515048008774
6.855,0.466,0.008333219957751258,-0.020143036230152473,0.10037489220291622
6.891,0.466,0.011387546148741332,0.027504452349292725,0.08876845267715391
6.924,0.466,-0.0015933401629664914,0.04399781378063915,-0.017369382459751257
6.961,0.466,-0.010756318735936722,0.006429601631461196,-0.12060560771521586
6.998,0.466,-0.008771006711793171,-0.034803801946904835,-0.07708145949360726
7.035,0.466,0.008333219957751258,-0.04427221313897408,0.04432800659824828
7.072,0.466,0.01306742555378588,0.0016953960354265767,0.13534692708975257
7.109,0.466,0.004209879599914654,0.03651471461271345,0.06112680064869371
7.145,0.466,-0.00754927623539714,0.03651471461271345,-0.07433256592171619
7.178,0.466,-0.010909035045486225,-0.01128549027628125,-0.1393897137898048
7.215,0.466,0.00023925555162755512,-0.04045430540023647,-0.041498559368572864
7.252,0.466,0.0100130993627958,-0.025488107064385108,0.10587267934669833
7.289,0.466,0.01047124829144431,0.020326785800466044,0.13702680649479712
7.326,0.466,-6.61770674714509e-05,0.04552497687613418,0.014090177307446529
7.362,0.466,-0.011061751355035728,0.012996402942089862,-0.13267019616962664
7.395,0.466,-0.010909035045486225,-0.02991688004132072,-0.12763055795449305
7.432,0.466,0.0028354328139691184,-0.04228690111483053,0.019893397070327678
7.469,0.466,0.013220141863335382,0.002153544964075088,0.152756586378396
7.506,0.466,0.009860383053246295,0.040485338661000556,0.11198133172867851
7.543,0.466,-0.006632978378100117,0.036667430922262954,-0.05906093496676581
7.58,0.466,-0.014726942784223821,-0.01159092289538026,-0.16519877010367098
7.612,0.466,-0.006174829449451606,-0.04289776635302854,-0.087313452233424
7.649,0.466,0.0100130993627958,-0.024877241826187096,0.09762599863102513
7.686,0.466,0.014289156030181905,0.021853948895961085,0.16986081304794046
7.723,0.466,0.0028354328139691184,0.042317934375594606,0.05562901350491157
7.76,0.466,-0.011061751355035728,0.013301835561188868,-0.13037945152638408
7.797,0.466,-0.011978049212332753,-0.03129132682726625,-0.165809635341869
7.83,0.466,0.0019191349566720969,-0.03892714230474144,-0.01568950305470672
7.866,0.466,0.013525574482434384,-0.005024121584751591,0.15886523876037617
7.903,0.466,0.01077668091054332,0.03346038842172337,0.15229843744974753
7.94,0.466,-0.0012879075438674854,0.03147507639757982,-0.028059524128216527
7.977,0.466,-0.014116077546025806,-0.0059404194420486145,-0.17604250074631173
8.014,0.466,-0.008465574092694163,-0.036483681351949376,-0.12808870688314153
8.047,0.466,0.005126177457211676,-0.026098972302583123,0.07135879338851048
8.084,0.466,0.01520545388747893,0.012080105084792838,0.18558972026691337
8.12,0.466,0.008027787338652248,0.036209281993614444,0.09701513339282712
8.157,0.466,-0.00800742516404565,0.017883324847673982,-0.10930460080855257
8.194,0.466,-0.016406822189268363,-0.0172414263487119,-0.18657905344060152
8.231,0.466,-0.005563964211253592,-0.03174947575591476,-0.057839204490369785
8.264,0.466,0.011387546148741332,-0.008994745633038693,0.1399284163762377
8.301,0.466,0.013983723411082902,0.021548516276862075,0.17856564269226216
8.337,0.466,0.002224567575771103,0.03101692746893131,0.015922773022040575
8.374,0.466,-0.013963361236476303,0.008109481036505738,-0.16474062117502244
8.411,0.466,-0.01350521230782779,-0.022586497182944535,-0.1619917276031314
8.448,0.466,0.0014609860280235861,-0.023502795040241553,0.024933035285461303
8.481,0.466,0.01444187233973141,-0.0045659726561030805,0.18253539407592329
8.518,0.466,0.011692978767840341,0.02490827508695116,0.13733223911389614
8.554,0.466,-0.00510581528260508,0.018799622704971004,-0.06364242425325092
8.591,0.466,-0.015337808022421837,0.00032094924948104266,-0.1900924012248661
8.628,0.466,-0.00800742516404565,-0.022433780873395027,-0.10533397676026546
8.665,0.466,0.007875071029102747,-0.021517483016098005,0.09655698446417861
8.702,0.466,0.01459458864928091,-0.013270802300424801,0.18925491169610142
8.735,0.466,0.0006974044802760659,-0.025793539683484114,0.06555557362562932
8.772,0.466,-0.012436198140981264,-0.03587281611375137,-0.12396536652530493
8.808,0.466,-0.013810644926926798,-0.04014887278113747,-0.17604250074631173
8.845,0.466,0.002071851266221598,-0.014187100157721823,-0.021340006508038363
8.882,0.466,0.018412496388018514,0.0342239699694709,0.15122942328290095
8.919,0.466,0.016732616982973972,0.05209177818676284,0.1561163451884851
8.952,0.466,-0.0002188933770209591,0.01971592056226803,-0.01859111293614729
8.989,0.466,-0.015337808022421837,-0.017852291586909916,-0.16810125264973752
9.026,0.466,-0.010756318735936722,-0.04305048266257804,-0.12182733819161187
9.062,0.466,0.009402234124597784,-0.011896355514479266,0.06127951695824321
9.099,0.466,0.012151127696488856,0.02567185663469868,0.1803982384068562
9.136,0.466,0.006653340552706713,0.04583040949523319,0.08739400589120837
9.169,0.466,-0.011367183974134738,0.027962601277941236,-0.0989198917591863
9.206,0.466,-0.010145453497738707,0.0016953960354265767,-0.17955410320132434
9.243,0.466,-0.005869396830352598,0.0010845307972285612,-0.05356314782298367
9.279,0.466,0.004973461147662171,0.014218133418485893,0.12618394851678233
9.316,0.466,0.008027787338652248,0.03758372877955998,0.1642103095946088
9.353,0.466,0.0008501207898255706,0.029031615444787762,0.014090177307446529
9.386,0.466,-0.010603602426387217,0.013759984489837378,-0.15007985545827007
9.423,0.466,-0.014879659093773326,-0.0056349868229496084,-0.14519293355268598
9.46,0.466,-0.00235692171071401,-0.00410782372745457,0.02203142540402073
9.497,0.466,0.012151127696488856,0.0027644102022731033,0.1605451181654207
9.533,0.466,0.009860383053246295,-0.0002899159887169737,0.11931171458705468
9.57,0.466,-0.0026623543298130176,-0.009605610871236705,-0.052952282584785654
9.603,0.466,-0.014421510165124813,-0.02304464611159305,-0.15924283403124032
9.64,0.466,-0.004189517425308058,-0.018005007896459417,-0.08654987068567649
9.677,0.466,0.009249517815048283,-0.01632512849141488,0.08296523291427277
9.714,0.466,0.014747304958830419,-0.01357623491952381,0.15657449411713362
9.75,0.466,0.006042475314508701,-0.024113660278439576,0.05654531136220859
9.787,0.466,-0.005869396830352598,-0.023808227659340566,-0.09724001235414177
9.82,0.466,-0.005258531592154583,-0.015103398015018844,-0.14061144426620084
9.857,0.466,0.0011555534089245766,1.5516630382034907e-05,-0.021798155436686867
9.894,0.466,0.01077668091054332,0.0029171265118226077,0.10999601970453494
9.931,0.466,0.0100130993627958,-0.002427944322410028,0.12267147339714377
9.967,0.466,0.0016137023375730909,-0.006398568370697127,-0.0046939287671424424
10.004,0.466,-0.008771006711793171,0.001848112344976081,-0.11663498366692875
10.037,0.466,-0.010298169807288211,0.019105055324070017,-0.09907260806873579
10.074,0.466,-0.0014406238534169866,0.028268033897040246,0.025849333142758325
10.111,0.466,0.005889759004959196,0.023533828301005623,0.11503565791966858
10.148,0.466,0.00375173067126614,0.00826219734605524,0.07196965862670848
10.184,0.466,-0.007243843616298133,0.005971452702812684,-0.046538197583706496
10.221,0.466,-0.013810644926926798,0.012843686632540357,-0.11037361497539908
10.258,0.466,-0.008923723021342676,0.0267408708015452,-0.052188701037038134
10.291,0.466,0.0013082697184740814,0.020326785800466044,0.05837790707680264
10.328,0.466,0.007569638410003738,0.007040466869659211,0.09838958017877265
10.365,0.466,-0.0014406238534169866,-0.011438206585830755,0.031957985524738476
10.402,0.466,-0.005716680520803093,-0.011132773966731745,-0.06929292770658256
10.438,0.466,-0.0077019925449466455,-0.00578770313249911,-0.08395369342333492
10.471,0.466,0.0016137023375730909,-0.0022752280128605223,-0.012329744244617632
10.508,0.466,0.009554950434147285,-0.008078447775741671,0.0763984316036441
10.545,0.466,0.01077668091054332,-0.01922673837285545,0.07303867279355501
10.582,0.466,0.004209879599914654,-0.02289192980204354,-0.0031667656716474037
10.619,0.466,-0.0018987727820654974,-0.022586497182944535,-0.0747907148503647
10.655,0.466,-0.002051489091615004,-0.01601969587231587,-0.05646475770442424
10.692,0.466,0.00634790793360771,-0.01052190872853373,0.021878709094471226
10.725,0.466,0.010165815672345304,-0.008078447775741671,0.0765511479131936
10.762,0.466,0.006653340552706713,-0.006856717299345638,0.04600788600329283
10.799,0.466,-0.00235692171071401,-0.007773015156642659,-0.035389906986592716
10.836,0.466,-0.006785694687649621,-0.0028860932510585387,-0.07005650925433007
10.873,0.466,-0.0025096380202635146,0.002458977583174096,-0.034473609129295694
10.905,0.466,-0.0002188933770209591,0.007651332107857226,0.0489094958847334
10.942,0.466,0.003599014361716642,0.013607268180287874,0.06112680064869371
10.979,0.466,-0.004494950044407064,0.008414913655604745,0.01974068076077817
11.016,0.466,-0.00831285778314466,0.010094793060649287,-0.05906093496676581
11.053,0.466,-0.009992737188189202,0.009942076751099784,-0.056770190323523255
11.09,0.466,-0.0017460564725159961,0.01498171496623341,-0.004541212457592938
11.127,0.466,0.00711148948135523,0.01818875746677299,0.06051593541049569
11.16,0.466,-0.004494950044407064,0.007193183179208714,0.04539702076509482
11.196,0.466,-0.006785694687649621,-0.0009007812269149883,-0.012940609482815647
11.233,0.466,0.0005446881707265629,0.003375275440471119,-0.05951908389541432
11.27,0.466,0.0019191349566720969,0.005513303774164173,-0.03432089281974619
11.307,0.466,0.005126177457211676,0.015592580204431425,0.023405872189966266
11.344,0.466,-0.0006770423056694681,0.0032225591309216154,0.05440728302851554
11.377,0.466,0.007416922100454236,-0.01052190872853373,0.0208096949276247
11.413,0.466,0.005889759004959196,-0.021212050396999003,-0.0309611340096571
11.45,0.466,-0.00312050325846153,-0.030527745279518726,-0.04440016925001344
11.487,0.466,-0.002051489091615004,-0.019379454682404953,-0.008359120196330533
11.524,0.466,0.004973461147662171,-0.0018170790842120107,0.04692418386058985
11.561,0.466,0.01520545388747893,0.015287147585332419,0.03424873016798103
11.594,0.466,0.002988149123518623,0.007345899488758219,-0.0007233047188553434
11.631,0.466,-0.010756318735936722,-0.02304464611159305,-0.059366367585864825
11.667,0.466,-0.00907643933089218,-0.029764163731771213,-0.02103457388893935
11.704,0.466,0.007416922100454236,-0.019379454682404953,0.015006475164743554
11.741,0.466,0.008333219957751258,0.02017406949091654,0.06723545303067387
11.778,0.466,-0.003425935877560536,0.028726182825688756,0.011952148973753476
11.811,0.466,-0.011061751355035728,0.028268033897040246,-0.034931758057944205
11.848,0.466,-0.006480262068550615,-0.009605610871236705,-0.06746033199198852
11.884,0.466,-0.0008297586152189729,-0.02319736242114255,-0.006068375553087975
11.921,0.466,0.002071851266221598,-0.009911043490335718,0.05654531136220859
11.958,0.466,0.0017664186471225956,0.03116964377848082,0.06173766588689172
11.995,0.466,-0.0008297586152189729,0.05285535973451037,-0.0020977515048008774
12.028,0.466,-0.0038840848062090486,0.025519140325149178,-0.07983035306549832
12.065,0.466,-0.006327545759001111,-0.018463156825107928,-0.056312041394874744
12.102,0.466,0.0003919718611770581,-0.03953800754293946,0.01561734040294157
12.138,0.466,0.00527889376676118,-0.005024121584751591,0.09609883553553009
12.175,0.466,0.011692978767840341,0.03269680687397586,0.05150567314707497
12.212,0.466,-0.0014406238534169866,0.03987447342280254,-0.04058226151127585
12.245,0.466,-0.009534588259540691,-0.005482270513400104,-0.10243236687882488
12.282,0.466,-0.004494950044407064,-0.051144447068701755,-0.04546918341685997
12.319,0.466,0.008333219957751258,-0.05022814921140473,0.07151150969805997
12.356,0.466,0.01627446805432546,-0.0021225117033110193,0.10831614029949041
12.392,0.466,0.0013082697184740814,0.040179906041901546,0.03745577266852062
12.429,0.466,-0.010145453497738707,0.01986863687181753,-0.09953075699738431
12.462,0.466,-0.012130765521882256,-0.02777885170762767,-0.10823558664170603
12.499,0.466,0.0025300001948701124,-0.06443076599950859,-0.013246042101914653
12.536,0.466,0.009860383053246295,-0.036330965042399875,0.1246567854212873
12.573,0.466,0.007416922100454236,0.019410487943169023,0.11121775018093098
12.609,0.466,-0.0008297586152189729,0.05422980652045589,-0.01675851722155324
12.646,0.466,-0.011978049212332753,0.024450126158302648,-0.14015329533755236
12.683,0.466,-0.00907643933089218,-0.02884786587447419,-0.10808287033215654
12.716,0.466,0.0019191349566720969,-0.048242837187261176,0.04967307743248092
12.753,0.466,0.014136439720632407,-0.007620298847093158,0.15382560054524252
12.79,0.466,0.009554950434147285,0.05468795544910441,0.09487710505913406
12.826,0.466,-0.00907643933089218,0.05545153699685193,-0.08441184235198343
12.863,0.466,-0.013657928617377295,0.01986863687181753,-0.16657321688961652
12.9,0.466,-0.007243843616298133,-0.037399979209246405,-0.07433256592171619
12.933,0.466,0.009707666743696794,-0.029153298493573194,0.11457750899102005
12.97,0.466,0.014136439720632407,0.007345899488758219,0.171540692452985
13.007,0.466,0.0039044469808156446,0.05224449449631234,0.04325899243140176
13.043,0.466,-0.010298169807288211,0.04445596270928765,-0.14381848676674042
13.08,0.466,-0.016406822189268363,-0.009605610871236705,-0.17344545081934418
13.113,0.466,-0.0018987727820654974,-0.04900641873500869,-0.0109552974586721
13.15,0.466,0.013525574482434384,-0.04182875218618202,0.1672646357855989
13.187,0.466,0.013678290791983893,0.01177467246569383,0.16573747269010386
13.224,0.466,0.0003919718611770581,0.038041877708208494,-0.024088900079929428
13.261,0.466,-0.01549052433197134,0.022312097824609592,-0.18810621653609655
13.297,0.466,-0.009840020878639699,-0.03205490837501377,-0.14946899022007207
13.334,0.466,0.006195191624058205,-0.05236617754509778,0.05883605600545116
13.367,0.466,0.018565212697568022,-0.02838971694582568,0.20498556424432632
13.404,0.466,0.012761992934686868,0.022159381515060087,0.1243513528021883
13.441,0.466,-0.006785694687649621,0.03391853735037189,-0.09388025354405267
13.478,0.466,-0.015948673260619852,0.00383342436911963,-0.2146788543977102
13.515,0.466,-0.007091127306748629,-0.030680461589068234,-0.09235309044855763
13.551,0.466,0.01459458864928091,-0.036941830280597894,0.12771111161227738
13.584,0.466,0.018107063768919504,0.007651332107857226,0.21628657115098962
13.621,0.466,0.0025300001948701124,0.037278296160460966,0.0568507439813076
13.658,0.466,-0.014421510165124813,0.039721757113253035,-0.16015913188853736
13.695,0.466,-0.016864971117916874,-0.0018170790842120107,-0.2097919324921261
13.732,0.466,-0.002051489091615004,-0.02686255385033064,-0.018285680317048282
13.768,0.466,0.012456560315587858,-0.014492532776820832,0.18742231598150738
13.801,0.466,0.012151127696488856,0.022464814134159097,0.1913946853590465
13.838,0.466,-0.0011351912343179806,0.04552497687613418,-0.02317260222263241
13.875,0.466,-0.01869756683251092,0.02093765103866406,-0.20902922360900453
13.912,0.466,-0.017628552665664394,-0.012659937062226786,-0.16657321688961652
13.949,0.466,0.003140865433068128,-0.030985894208167244,0.06250124743463925
13.986,0.466,0.019328794245315535,-0.005329554203850599,0.2239223866284648
14.018,0.466,0.010165815672345304,0.016661594371277955,0.13504149447065358
14.055,0.466,-0.010298169807288211,0.024297409848753143,-0.10090520378332986
14.092,0.466,-0.017170403737015883,-0.0042605400370040744,-0.22765886804479205
14.129,0.466,-0.0038840848062090486,-0.027167986469429643,-0.09647643080639424
14.166,0.466,0.014747304958830419,-0.029000582184023693,0.13824853697119316
14.203,0.466,0.018412496388018514,-0.004871405275202088,0.2228524997969923
14.236,0.466,0.006042475314508701,0.013301835561188868,0.05730889290995612
14.272,0.466,-0.010909035045486225,0.006429601631461196,-0.16764223105646303
14.309,0.466,-0.01426879385557531,-0.014187100157721823,-0.206737606301136
14.346,0.466,0.0006974044802760659,-0.023808227659340566,-0.012482460554167137
14.383,0.466,0.016885333292523473,-0.01128549027628125,0.1920055505972445
14.42,0.466,0.015052737577929428,0.008414913655604745,0.18345343726247226
14.453,0.466,-0.00312050325846153,0.01574529651398093,-0.029128538295063056
14.489,0.466,-0.0177812689752139,0.005055154845515661,-0.20444598899326746
14.526,0.466,-0.011825332902783248,-0.0071621499184446455,-0.15298146533971066
14.563,0.466,0.004362595909464159,-0.003802391108355562,0.06983163029301544
14.6,0.466,0.014289156030181905,0.009636644132000776,0.20819173408023992
14.637,0.466,0.005889759004959196,0.019257771633619518,0.11732640256291113
14.67,0.466,-0.009840020878639699,0.013759984489837378,-0.106708423546211
14.707,0.466,-0.01900299945160993,0.0007790981781295543,-0.20429414534834398
14.743,0.466,-0.006938410997199126,-0.0021225117033110193,-0.0787613388986518
14.78,0.466,0.008944085195949273,0.004749722226416653,0.1365686575661486
14.817,0.466,0.014136439720632407,0.010400225679748295,0.19001936590847496
14.854,0.466,0.0005446881707265629,0.007040466869659211,0.03730305635897111
14.891,0.466,-0.012283481831431759,-0.003344242179707051,-0.15603579153070074
14.924,0.466,-0.011061751355035728,-0.008231164085291173,-0.16932298312613356
14.96,0.466,0.0023772838853206076,-0.005176837894301098,0.0041636171867287805
14.997,0.466,0.014747304958830419,0.001237247106778065,0.17123525983388596
15.034,0.466,0.012914709244236372,0.0009318144876790573,0.14344089149587627
15.071,0.466,-0.0017460564725159961,-0.008842029323489188,-0.03920781472533031
15.108,0.466,-0.011061751355035728,-0.01357623491952381,-0.17344545081934418
15.141,0.466,-0.006938410997199126,-0.01052190872853373,-0.1100681823563001
15.178,0.466,0.007875071029102747,0.0016953960354265767,0.07349682172220352
15.214,0.466,0.014289156030181905,0.003069842821372111,0.1710825435243365
15.251,0.466,0.006500624243157215,-0.002733376941509035,0.07716201315139162
15.288,0.466,-0.008771006711793171,-0.01128549027628125,-0.0986144591400873
15.325,0.466,-0.012894347069629775,-0.0071621499184446455,-0.15741023831664627
15.358,0.466,-0.004342233734857559,0.003986140678669134,-0.041498559368572864
15.395,0.466,0.007875071029102747,0.012996402942089862,0.11763183518201013
15.431,0.466,0.0100130993627958,0.01024750937019879,0.13931755113803967
15.468,0.466,-0.0017460564725159961,-0.0009007812269149883,0.006912510758619849
15.505,0.466,-0.012436198140981264,-0.006856717299345638,-0.13007401890728507
15.542,0.466,-0.009381871949991186,0.001237247106778065,-0.11709313259557727
15.575,0.466,0.0005446881707265629,0.019410487943169023,0.024474886356812792
15.612,0.466,0.008944085195949273,0.017883324847673982,0.12984913994597044
15.649,0.466,0.00375173067126614,0.00047366555903054566,0.091822778868144
15.685,0.466,-0.0028150706393625224,-0.009605610871236705,-0.05127240317974112
15.722,0.466,-0.005716680520803093,-0.013118085990875297,-0.12365993390620592
15.759,0.466,-0.006174829449451606,0.012538254013441351,-0.059824516514513336
15.792,0.466,0.007416922100454236,0.012996402942089862,0.06891533243571842
15.829,0.466,0.010929397220092821,0.016661594371277955,0.11427207637192105
15.866,0.466,0.006806056862256217,-0.012049071824028767,0.026765631000055346
15.902,0.466,-0.010450886116837713,-0.031138610517716752,-0.07921948782730032
15.939,0.466,-0.008160141473595157,-0.029153298493573194,-0.09724001235414177
15.972,0.466,0.002988149123518623,0.003375275440471119,0.005232631353575308
16.009,0.466,0.014747304958830419,0.03010062961163429,0.09197549517769349
16.046,0.466,0.00375173067126614,0.01696702699037696,0.07364953803175303
16.083,0.466,-0.00800742516404565,-0.018157724206008925,-0.03157199924785512
16.119,0.466,-0.006022113139902103,-0.036789113971048386,-0.09158950890081011
16.156,0.466,-0.0014406238534169866,-0.022586497182944535,-0.04623276496460749
16.193,0.466,0.006042475314508701,0.017119743299926462,0.059599637553198664
16.226,0.466,0.004057163290365149,0.036667430922262954,0.08296523291427277
16.263,0.466,0.0003919718611770581,0.024450126158302648,0.02279500695176825
16.3,0.466,-0.0037313684966595456,-0.018310440515558427,-0.08486999128063195
16.337,0.466,-0.009687304569090194,-0.036941830280597894,-0.06807119723018654
16.373,0.466,0.0013082697184740814,-0.01128549027628125,0.004316333496278284
16.41,0.466,0.005889759004959196,0.036667430922262954,0.09976402696471819
16.443,0.466,0.008333219957751258,0.0461358421143322,0.05089480790887695
16.48,0.466,-0.005563964211253592,0.015287147585332419,-0.037986084248934286
16.517,0.466,-0.008923723021342676,-0.029764163731771213,-0.10121063640242886
16.554,0.466,-0.003273219568011035,-0.032513057303662274,-0.03325187865289966
16.59,0.466,0.004057163290365149,-0.00410782372745457,0.07013706291211444
16.627,0.466,0.010623964600993812,0.0345294025885699,0.09426623982093604
16.66,0.466,-0.0015933401629664914,0.0342239699694709,0.013173879450149506
16.697,0.466,-0.007243843616298133,-0.001358930155563499,-0.09693457973504276
16.734,0.466,-0.008771006711793171,-0.048548269806360185,-0.08044121830369634
16.771,0.466,0.0039044469808156446,-0.04228690111483053,0.00966140433051092
16.808,0.466,0.011845695077389846,0.01543986389488192,0.12221332446849525
16.844,0.466,0.007416922100454236,0.051633629258114336,0.06494470838743131
16.877,0.466,-0.00861829040224367,0.02093765103866406,-0.04623276496460749
16.914,0.466,-0.01151990028368424,-0.037858128137894916,-0.1312957493836811
16.951,0.466,-0.005563964211253592,-0.06412533338040957,-0.04394202032136493
16.988,0.466,0.011540262458290837,-0.022433780873395027,0.08922660160580242
17.025,0.466,0.011998411386939347,0.039416324494154026,0.13076543780326746
17.061,0.466,0.002071851266221598,0.05865857949739151,0.0209624112371742
17.094,0.466,-0.010909035045486225,0.0105529419892978,-0.127019692716295
17.131,0.466,-0.012130765521882256,-0.05389334064059281,-0.11968930985791881
17.168,0.466,0.005737042695409691,-0.056794950522033386,0.013326595759699012
17.205,0.466,0.01306742555378588,0.006582317941010699,0.15932338768902468
17.242,0.466,0.010623964600993812,0.06705797652261422,0.10465094887030231
17.279,0.466,-0.006785694687649621,0.05667326747324796,-0.055701176156676725
17.315,0.466,-0.013352495998278287,-0.012354504443127776,-0.1775679185125548
17.348,0.466,-0.007091127306748629,-0.055573220045637355,-0.08349554449468642
17.385,0.466,0.00711148948135523,-0.03862170968564243,0.10236020422705976
17.422,0.466,0.015816319125676943,0.03239137425487685,0.18268898305009876
17.459,0.466,0.005126177457211676,0.06553081342711918,0.053338268861669015
17.496,0.466,-0.012283481831431759,0.03544570044586692,-0.14580379879088398
17.529,0.466,-0.01900299945160993,-0.03602553242330087,-0.18077583367772038
17.565,0.466,-0.0012879075438674854,-0.06198730504671651,-0.01645308460245424
17.602,0.466,0.01627446805432546,-0.02044846884925148,0.18238355043099974
17.639,0.466,0.012609276625137366,0.039110891875055016,0.17001352935748992
17.676,0.466,-0.004647666353956569,0.051633629258114336,-0.028364956747315536
17.713,0.466,-0.016406822189268363,0.00016823293993153791,-0.2062785847078615
17.749,0.466,-0.009992737188189202,-0.049159135044558204,-0.14763639450547802
17.782,0.466,0.007569638410003738,-0.051297163378251256,0.07868917624688665
17.819,0.466,0.016885333292523473,-0.0004426322982664767,0.22208979091387077
17.856,0.466,0.010929397220092821,0.0421652180660451,0.11808998411065866
17.893,0.466,-0.006938410997199126,0.03376582104082238,-0.12381265021575544
17.93,0.466,-0.01823941790386241,-0.014797965395919838,-0.22506356344707648
17.967,0.466,-0.00480038266350607,-0.046562957782216634,-0.07891405520820131
18.0,0.466,0.015816319125676943,-0.025488107064385108,0.16573747269010386
18.036,0.466,0.018870645316667024,0.02139579996731257,0.21949448631615517
18.073,0.466,0.0014609860280235861,0.0426233669946936,0.032721567072485996
18.11,0.466,-0.015337808022421837,0.018494190085871998,-0.1987963582045618
18.147,0.466,-0.015948673260619852,-0.021059334087449498,-0.2024615496337499
18.184,0.466,0.002224567575771103,-0.02762613539807816,0.01561734040294157
18.217,0.466,0.01459458864928091,-0.0019697953937615163,0.21857644312960617
18.254,0.466,0.013831007101533397,0.035903849374515434,0.17673304697766812
18.29,0.466,-0.00754927623539714,0.04079077128009956,-0.06547501996784495
18.327,0.466,-0.02999857373917421,0.00032094924948104266,-0.23193492471217816
18.364,0.466,-0.02511165183359008,-0.03587281611375137,-0.14534564986223547
18.401,0.466,-0.0025096380202635146,-0.04289776635302854,0.11473022530056956
18.434,0.466,0.007875071029102747,-0.012354504443127776,0.24209650012948172
18.471,0.466,-0.005411247901704087,0.018036041157223487,0.10999601970453494
18.507,0.466,-0.025875233381337598,0.013912700799386883,-0.14412391938583943
18.544,0.466,-0.02709696385773363,-0.017699575277360408,-0.2326993789245517
18.581,0.466,-0.018392134213411914,-0.0531297590928453,-0.07066737449252809
18.618,0.466,-0.005411247901704087,-0.05068629814005324,0.17398415340577705
18.651,0.466,-0.02221004195214951,-0.022586497182944535,0.23064190424864298
18.688,0.466,-0.012894347069629775,0.012690970322990852,0.05165838945662447
18.724,0.466,-0.03137302052511974,-0.003344242179707051,-0.1833728836046879
18.761,0.466,-0.023279056118996035,-0.047937404568162166,-0.2111655066134456
18.798,0.466,-0.022668190880798023,-0.07710621969211741,-0.008969985434528548
18.835,0.466,-0.010298169807288211,-0.02777885170762767,0.17383143709622753
18.868,0.466,-0.020072013618456456,0.028878899135238258,0.19475269883988358
18.905,0.466,-0.06848308374564917,0.005360587464614669,0.008286957544565383
18.942,0.466,-0.06099998457772348,-0.05465692218834033,-0.19024424486978958
18.978,0.466,-0.024042637666743555,-0.09359958112346382,-0.14366577045719092
19.015,0.466,0.0014609860280235861,-0.037858128137894916,0.03745577266852062
19.052,0.466,-0.0376343892166494,0.026282721872896694,0.19979320971964318
19.085,0.466,-0.0932231258926688,0.06721069283216373,0.1199225798252527
19.122,0.466,-0.09413942374996581,0.016661594371277955,-0.0708200908020776
19.159,0.466,-0.027555112786382143,1.5516630382034907e-05,-0.1790968269373018
19.195,0.466,0.07415394937358741,0.08828554354999524,-0.0705146581829786
19.232,0.466,0.047734027821523244,0.11042940843467332,0.12267147339714377
19.269,0.466,-0.03870340338349593,0.11195657153016834,0.13549964339930207
19.302,0.466,-0.11949033113518347,0.03116964377848082,-0.01706394984065225
19.339,0.466,-0.0892525018443817,-0.06259817028491453,-0.087618884852523
19.376,0.466,0.003140865433068128,-0.05267161016419679,-0.047454495441003525
19.413,0.466,0.03444770889071642,0.040485338661000556,0.051352956837525464
19.449,0.466,-0.021904609333050502,0.14372156391646515,0.03470687909662955
19.486,0.466,-0.0929176932735698,0.10722236593413373,0.0012620073052882078
19.519,0.466,-0.11139636672905975,0.06262920354567861,-0.03966596365397883
19.556,0.466,-0.09184867910672326,-0.029000582184023693,-0.034626325438845196
19.593,0.466,-0.07169012624618876,-0.11162010565030528,0.004774482424926795
19.63,0.466,-0.10818932422852018,-0.081229560049954,0.0006511420670901923
19.667,0.466,-0.1697339969769702,-0.08184042528815202,0.017908085046184127
19.703,0.466,-0.21692333662776694,-0.05648951790293438,-0.04180399198767188
19.74,0.466,-0.22364285424794508,-0.06763780850004816,-0.05341043151343417
19.773,0.466,-0.1697339969769702,-0.12429555934291409,-0.021492722817587864
19.81,0.466,-0.14346679173445556,-0.13223680743948826,0.025391184214109817
19.847,0.466,-0.18439476269372257,-0.19851655844859892,0.03119440397699096
19.884,0.466,-0.25586686822751636,-0.13177865851083975,-0.02210358805578588
19.92,0.466,-0.2775508388542939,-0.0971120562431024,-0.10961003342765158
19.957,0.466,-0.26594439932853164,-0.1172706091036369,-0.011871595315969125
19.99,0.466,-0.22318383265467057,-0.023502795040241553,-0.035389906986592716
20.027,0.466,-0.19096156400435124,-0.1375818782737209,-0.0150786378165087
20.064,0.466,-0.19936008836494798,-0.2580741738436535,-0.03416817651019669
20.101,0.466,-0.1775225287639949,-0.12261567993786954,-0.02103457388893935
20.137,0.466,-0.13231850113734175,-0.05862754623662744,0.10144390636976273
20.174,0.466,-0.15033902566418322,0.007040466869659211,0.0722750912458075
20.207,0.466,-0.17889697554994044,0.18098434344654407,-0.16794766367556202
20.244,0.466,-0.1924887270998463,0.15242639356078685,-0.3153197750554593
20.281,0.466,-0.1897398335279552,0.048273870448025245,-0.2188030674201728
20.318,0.466,-0.12040662899248049,-0.050075432901855225,0.002483737781684239
20.355,0.466,-0.13018047280364872,-0.18950542352055222,0.19185196162306903
20.391,0.466,-0.14056518185301498,-0.14338509803660207,0.04356442505050077
20.424,0.466,-0.201499862027893,-0.13223680743948826,-0.058908218657216314
20.461,0.466,-0.21127370583906127,0.04353966485199063,-0.13343377771737416
20.498,0.466,-0.181187720193183,0.0861475152163022,-0.17772150748673027
20.535,0.466,-0.13644184149517835,0.006735034250560204,-0.18459461408108394
20.572,0.466,-0.10956377101446571,-0.10917664469751319,-0.1419858910521464
20.608,0.466,-0.11643600494419339,-0.07588448921572137,0.14283002625767827
20.641,0.466,-0.16286176304724254,-0.01693599372961289,0.14115014685263375
20.678,0.466,-0.18851810305155917,0.029184331754337264,0.040204666240411684
20.715,0.466,-0.1773698124544454,0.10141914617125258,-0.29500763322074924
20.752,0.466,-0.10421870018023308,0.011469239846594821,-0.3189849664846473
20.789,0.466,-0.045270204694124586,-0.03159675944636526,-0.1584792524834928
20.826,0.466,-0.036565375049802874,-0.05099173075915224,0.10373465101300529
20.858,0.466,-0.06038911933952546,0.08874369247864376,0.24759428727326388
20.895,0.466,-0.055349481124391836,0.09500506117017343,0.1237404875639903
20.932,0.466,0.01230384400603836,0.24634692393373173,-0.042262140916320384
20.969,0.466,0.12607749462041873,0.399216822457411,-0.27881970440850185
21.006,0.466,0.1886911815357153,0.4102123967449753,-0.03203014817650363
21.043,0.466,0.2135848126569104,0.5223044226250592,0.0489094958847334
21.079,0.466,0.22809198939948724,0.7090773418687283,0.39664540539357956
21.112,0.466,0.27482318012163554,0.6757851863869365,0.1970443161477521
21.149,0.466,0.29040024369568485,0.46396853770640073,-0.07005650925433007
21.186,0.466,0.3084207682225263,0.6518078531230383,-0.3718230642595238
21.223,0.466,0.23084088297137836,0.556820053912499,0.09167006255859449
21.26,0.466,0.1656301461291142,0.5163493592172544,0.2767622297325931
21.296,0.466,0.1734195505807649,0.5801847766089472,0.4261187804720078
21.329,0.466,0.20640627344345772,0.40120126181692867,0.10190205529841123
21.366,0.466,0.2792510804339451,0.5623178410562811,-0.20016993232588137
21.403,0.466,0.276196754242955,0.5484197842226503,-0.11251164330909215
21.44,0.466,0.2621468537644007,0.8072748015736855,0.23323720884635854
21.477,0.466,0.22244061328152967,0.8336938504611234,0.21033150774318493
21.514,0.466,0.1735713942256884,0.5840018116830586,-0.06623860151559248
21.547,0.466,0.1925082166098269,0.5160439265981555,-0.26476980392994753
21.584,0.466,0.12668835985861673,0.34484981625778766,0.2080398904353164
21.62,0.466,0.10072658723520107,0.46366135975804973,0.36991917855779044
21.657,0.466,0.041625375439543096,0.3036146673501697,0.11075960125228247
21.694,0.466,0.0738485167544884,0.39402272260347593,-0.0425675735354194
21.731,0.466,0.1407382603371711,0.6643323358353498,0.22667128020035585
21.764,0.466,0.18365241598520762,0.7168667463203792,0.46857391452676994
21.801,0.466,0.3088797898158008,0.732290220920253,-0.037527935320285775
21.837,0.466,0.3273575906066648,0.5189464091442221,-0.24461125106941292
21.874,0.466,0.32995289520438037,0.7658878090211437,0.14206644470993074
21.911,0.466,0.26306489695094964,0.9552560328625286,0.6275524654324295
21.948,0.466,0.296203463458566,0.8897416087304174,0.43589262428317616
21.981,0.466,0.4854198436550272,1.0690288108122827,0.02218414171357023
22.018,0.466,0.46831561698548285,0.9404434235008526,0.15855980614127715
22.054,0.466,0.47808946079665104,0.7475618518752034,0.13244531720831199
22.091,0.466,0.4863343961830723,0.48733326040284874,-0.03203014817650363
22.128,0.466,0.4640395603180967,0.49099845183203683,0.0487567795751839
22.165,0.466,0.3840162141141567,0.7577947172796462,0.36747571760499836
22.198,0.466,0.336215136560536,0.8399543464880271,0.22850387591494992
22.235,0.466,0.3472107108481003,0.6985407891744386,-0.21391614551458868
22.271,0.466,0.2671873646441603,0.7611527307604832,-0.06532230365829546
22.308,0.466,-0.034121914097010805,0.5766714288246826,0.4960628502456806
22.345,0.466,-0.05733479314853539,0.3402665816420506,0.33082380331311745
22.382,0.466,0.042694389606389625,0.3657710780014437,0.08876845267715391
22.415,0.466,0.11355475723735939,0.6467690875725307,0.13901211851894069
22.452,0.466,0.038876481867652024,0.8277370417240668,0.43406002856858206
22.489,0.466,0.11706723235699798,0.9564777633389246,0.39145130553964447
22.525,0.466,0.31330769012811044,0.975109153103964,0.07074792815031246
22.562,0.466,0.274671336476712,0.9593802458849912,0.3007395629964912
22.599,0.466,0.22030433027708854,0.7090773418687283,0.32945022919179795
22.632,0.466,0.2010603299445991,0.43678328927733695,0.47132280809866095
22.669,0.466,0.42891306379245886,0.3953980420540475,0.08632499172436184
22.706,0.466,0.553529572384854,0.177930017255554,-0.04806536067920153
22.742,0.466,0.49962158777850507,0.2843741576761841,0.14450990566272282
22.779,0.466,0.39485819942754546,0.4784757144489775,0.4427639855482778
22.816,0.466,0.5269586798524923,0.4632040834940272,0.03852478683536714
22.853,0.466,0.38676336235679576,0.5273449335048188,0.20406926638702932
22.886,0.466,0.2123630821805144,0.47175619682879943,0.2810382863999792
22.923,0.466,0.17876549407962353,0.4344934172987205,0.2969207825931276
22.96,0.466,0.04101451020134508,0.759320135045889,0.6903179959926495
22.996,0.466,0.02284126936495412,0.5328427206486009,0.5224836444623707
23.033,0.466,0.39730166038033754,0.49741253683311604,-0.07341626806441917
23.066,0.466,0.42983110697900784,0.4280793322976413,-0.2108618193235986
23.103,0.466,0.04834489305972126,0.575908719941561,0.5124026227028515
23.14,0.466,0.06804529699160725,0.24008468257757606,0.1605451181654207
23.177,0.466,0.19892404694015803,0.39646618355626806,0.0731913891031045
23.213,0.466,0.057660587942241,0.6440201940006397,0.2923392933066425
23.25,0.466,0.0698778927062013,0.5494896710541228,0.23736142186882112
23.283,0.466,0.28933210219346434,0.5520849756518384,-0.1254925296208
23.32,0.466,0.06697628282476073,0.7063284482968373,0.35755003014890663
23.357,0.466,0.036280304605310454,0.5615533868439077,0.33952776029281323
23.394,0.466,0.2409201594016456,0.38409703514738425,0.09151734624904498
23.431,0.466,0.2813908540968901,0.48107276437594515,0.21002432979483396
23.467,0.466,0.2920792504361034,0.4641203813513242,0.2239223866284648
23.5,0.466,0.5063411053986834,0.2620758311527046,-0.05020338901289458
23.537,0.466,0.4283021985542609,0.4540411049210569,0.16924994780974242
23.574,0.466,0.22671666994891576,0.6835728455093352,0.5240090622286139
23.611,0.466,0.42769133331606285,0.5215417137419377,0.08739400589120837
23.648,0.466,0.6330956423247714,0.33950387275892907,-0.2484282861435246
23.684,0.466,0.1850259901065272,0.6577646618600951,0.39755995792162463
23.721,0.466,0.06270022615737463,0.5328427206486009,0.45925734697962417
23.754,0.466,0.44403285110248575,0.2938408235390015,-0.1346555081937702
23.791,0.466,0.35515195894467455,0.16739259189663824,-0.12350721759665642
23.828,0.466,0.07613926139773095,0.10157186248080208,0.14649521768686635
23.865,0.466,0.0894255803285378,0.08828554354999524,0.11900628196795567
23.901,0.466,0.10286461556889412,0.16739259189663824,0.027834645166901876
23.938,0.466,0.1363094873602355,-0.0009007812269149883,-0.18260842939231442
23.971,0.466,-0.11338167875320329,0.1414308192732226,0.04616060231284233
24.008,0.466,-0.3381800864100729,0.34072560323532514,0.3346408383872291
24.045,0.466,-0.21967223019965795,0.354927347358803,0.15474189840253957
24.082,0.466,0.040556361272696566,0.1095131105773763,-0.20047711027423232
24.119,0.466,-0.15507323126021785,0.2445143282191377,0.1359577923279506
24.155,0.466,-0.1891289682897572,0.3912755743608369,0.4120688799934535
24.188,0.466,0.1735713942256884,0.5701055001786798,0.2075808688420419
24.225,0.466,0.5213073037345346,0.21137401638226938,-0.24797100987950207
24.262,0.466,0.5498643809556658,-0.04549394361537011,-0.2956184984589473
24.299,0.466,0.021314106269459086,0.22435577535860315,0.4111525821361565
24.336,0.466,0.057660587942241,0.20801600290143224,0.35052333458037743
24.372,0.466,0.5715518422409475,0.022464814134159097,-0.27072661266700415
24.405,0.466,0.3754641007793845,0.12157769903178708,-0.08151023247054287
24.442,0.466,0.08148433223196358,0.13150425915250483,0.16741735209514838
24.479,0.466,0.0495666235361173,0.10615335176728721,0.13061272149371797
24.516,0.466,0.14776321057644826,-0.031138610517716752,-0.08563357282837947
24.553,0.466,0.028949921746934275,-0.013423518609974303,-0.008511836505880038
24.59,0.466,-0.05015712659970871,-0.025029958135736597,0.013173879450149506
24.622,0.466,-0.08879435291573319,-0.008994745633038693,-0.013398758411464158
24.659,0.466,-0.12895874232725268,0.037431012470010475,-0.04638548127415699
24.696,0.466,-0.19722380536050688,0.09592135902747044,-0.008969985434528548
24.733,0.466,-0.17523178412075235,0.03758372877955998,-0.09724001235414177
24.77,0.466,-0.31237015743158075,0.13715476260583648,0.06494470838743131
24.807,0.466,-0.1960020748841109,0.06217105461703009,-0.042414857225869886
24.84,0.466,-0.11246538089590628,0.10279359295719812,-0.05020338901289458
24.876,0.466,-0.09581930315501036,0.13791834415358398,0.023405872189966266
24.913,0.466,0.09813040997285952,-0.0015116464651130047,-0.1462619477195325
24.95,0.466,0.06743443175340924,-0.035414667185102854,-0.08105208354189435
24.987,0.466,-0.07153740993663925,0.02704630342064421,0.12083887768254971
25.024,0.466,0.15585717498257196,-0.101235396600939,-0.0906732110435131
25.057,0.466,0.11752538128564649,-0.006704000989796133,0.009508688020961414
25.094,0.466,0.19877045796598253,-0.037858128137894916,-0.04470560186911245
25.13,0.466,0.19067562089523282,-0.07451004242977582,-0.03981867996352833
25.167,0.466,0.0539953965130529,-0.030375028969969232,0.06662458779247586
25.204,0.466,0.06300565877647363,-0.054198773259691815,0.018060801355733628
25.241,0.466,0.04406883639233515,-0.0569476668315829,-0.024852481627676944
25.274,0.466,-0.06466517600691157,0.0035279917500206227,0.0566980276717581
25.311,0.466,-0.024806219214491075,-0.06336175183266204,-0.05096697056064211
25.347,0.466,-0.14468852221085157,-0.004413256346553576,0.0722750912458075
25.384,0.466,-0.029693141120075196,-0.09634847469535489,-0.07509614746946372
25.421,0.466,-0.09963721089374795,-0.04274505004347904,0.024474886356812792
25.458,0.466,0.006653340552706713,-0.12689173660525566,-0.10441767890296844
25.491,0.466,-0.055349481124391836,-0.11131467303120626,-0.03737521901073627
25.528,0.466,-0.015795956951070347,-0.2333358770258858,-0.10594484199846349
25.565,0.466,-0.13888530244797045,-0.10444243910147857,0.034096013858431536
25.601,0.466,0.040709077582246074,-0.3119839037792543,-0.17130742248565112
25.638,0.466,-0.0498516939806097,-0.1326949563681368,-0.057839204490369785
25.675,0.466,-0.09887362934600044,-0.14414867958434957,0.0001929931384416798
25.712,0.466,0.04758131151197375,-0.20355532399910659,-0.20444598899326746
25.745,0.466,-0.12071206161157948,-0.14796658732308718,-0.024699765318127443
25.782,0.466,-0.18286759959822757,-0.12964063017714672,0.024016737428164278
25.818,0.466,-0.1254462672076141,-0.07710621969211741,-0.008969985434528548
25.855,0.466,0.051704651869810346,-0.23608302526852487,-0.21773318058870028
25.892,0.466,-0.05046255921880772,-0.13376397053498332,-0.06547501996784495
25.929,0.466,-0.07398087088943131,-0.18660294097448568,-0.014009623649662174
25.962,0.466,-0.004342233734857559,-0.1852293668531661,-0.09174222521035962
25.999,0.466,0.11218031045141386,-0.4468315324468402,-0.29806195941173935
26.036,0.466,-0.13888530244797045,-0.3634501727620631,-0.05921365127631532
26.072,0.466,-0.2715957754464893,-0.4504967238760283,0.0067597944490703455
26.109,0.466,0.0008501207898255706,-0.6598716569330241,-0.364340837756224
26.146,0.466,-0.2978629806890039,-0.458591560946778,-0.09220037413900814
26.179,0.466,-0.26151649901622204,-0.7551666340919143,-0.28996712234098965
26.216,0.466,-0.3059578177597536,-0.6650640114577072,-0.2224682588493609
26.253,0.466,-0.6481941947955657,-0.4691298589703197,0.21368952122402207
26.289,0.466,-0.39117177315912477,-0.4650056459478571,-0.07708145949360726
26.326,0.466,-0.05168428969520375,-0.7402004357560631,-0.5020909489698764
26.363,0.466,-0.29343333504744235,-0.735313513850479,-0.15328689795880965
26.396,0.466,-0.5273947212772823,-0.7886123785478818,0.1704716782861385
26.433,0.466,-0.24624486806127166,-0.7114897695607564,-0.055090310918478706
26.47,0.466,-0.0813112537478075,-0.5144857302418964,-0.15282874903016117
26.507,0.466,-0.026791531238634623,-0.49386815578808735,-0.19299313844168067
26.543,0.466,-0.09413942374996581,-0.27915076989073695,-0.017369382459751257
26.58,0.466,-0.20027813155149699,-0.5205943826238766,-0.025463346865874956
26.613,0.466,-0.19355861393131882,-0.8008296833118421,-0.15343961426835917
26.65,0.466,-0.24181696774896205,-0.7893750874310033,-0.004846645076691947
26.687,0.466,-0.15980743685625248,-0.7154603936090433,-0.03203014817650363
26.724,0.466,0.04101451020134508,-0.6743805790048529,-0.2809577327421949
26.76,0.466,0.07965173651736955,-0.46958713523434226,-0.3183741012464493
26.797,0.466,-0.15110260721193075,-0.43553227086942886,-0.09617099818729524
26.83,0.466,-0.3113020159293603,-0.44240363213453054,-0.028670389366414546
26.867,0.466,-0.4635610492148415,-0.6646067351936846,-0.047454495441003525
26.904,0.466,-0.4492039707879362,-0.5642712471550345,-0.04730177913145401
26.941,0.466,-0.45042570126433223,-0.49280001428586684,0.05639259505265909
26.977,0.466,-0.2897681436182542,-0.48913482285667875,-0.13312834509827517
27.014,0.466,-0.1373581393524754,-0.438890284350266,-0.306156796482489
27.047,0.466,-0.20394332298068507,-0.5917601828739453,-0.24079421599530137
27.084,0.466,-0.3186323987877364,-0.6441410043847992,-0.07005650925433007
27.121,0.466,-0.4130110780893298,-0.8477127176789138,-0.049439807465147076
27.158,0.466,-0.43408592880716135,-0.981492204844279,-0.1100681823563001
27.195,0.466,-0.39086808586927774,-0.8797831426843095,-0.04455288555956294
27.231,0.466,-0.29465506552383836,-0.6071854028030712,0.09502982136868357
27.264,0.466,-0.1640834935236386,-0.5664092754887277,-0.07417984961216668
27.301,0.466,-0.059778254101327456,-0.7490579817099343,-0.3835830927594615
27.338,0.466,-0.14041246554346548,-0.9694284890544944,-0.28767725036237307
27.375,0.466,-0.31099658331026125,-1.1294751814623745,0.07716201315139162
27.412,0.466,-0.35177271062460475,-1.1667379609924533,0.1243513528021883
27.448,0.466,-0.23173594598944283,-0.8855863624471908,-0.06791848092063703
27.481,0.466,-0.12559898351716361,-0.5793892891358094,-0.2024615496337499
27.518,0.466,-0.12071206161157948,-0.37245956236085775,-0.08028850199414683
27.555,0.466,-0.16286176304724254,-0.38452327815064263,-0.0747907148503647
27.592,0.466,-0.23570831536698186,-0.5583161837472299,-0.05020338901289458
27.629,0.466,-0.2757182431396999,-0.583208069539173,-0.06348970794370142
27.665,0.466,-0.32626821426521163,-0.6178737991422844,-0.09510198402044871
27.702,0.466,-0.34153984522016195,-0.5769458281830174,-0.2644643713108485
27.735,0.466,-0.38811744696813466,-0.5677828496100471,-0.2656861017872445
27.772,0.466,-0.442180765877911,-0.5549546796078888,-0.058755502347666806
27.809,0.466,-0.4405000138082405,-0.4654646675411317,0.012868446831050498
27.846,0.466,-0.47058425412486676,-0.6649104224835316,-0.043331155083166914
27.883,0.466,-0.48845293500678466,-0.9037587306189556,-0.3927460713324317
27.919,0.466,-0.45821510571598295,-0.8228208318869707,-0.41534808514575833
27.952,0.466,-0.4725704388136363,-0.7162231024921649,-0.09617099818729524
27.989,0.466,-0.46325387126649054,-0.5415156443675326,0.2445399610822738
28.026,0.466,-0.40171007118266655,-0.29396337925241284,0.03379058123933252
28.063,0.466,-0.31588350521584535,-0.28266237234574954,-0.4005337304548304
28.1,0.466,-0.26365452734991507,-0.5473206094596657,-0.5085050339709556
28.137,0.466,-0.2780098604475684,-0.6421565650252816,-0.1114426291422456
28.17,0.466,-0.2842703564744721,-0.6210817143074501,0.171846125072084
28.206,0.466,-0.2925187825193973,-0.6696455007441923,0.1203807287539012
28.243,0.466,-0.3125237464057563,-0.5383094745316189,-0.10533397676026546
28.28,0.466,-0.23830361996469746,-0.3669617752170757,-0.3089039447251281
28.317,0.466,-0.15812755745120793,-0.3768892080024194,-0.19054967748888862
28.354,0.466,-0.08848892029663419,-0.34649778973744216,-0.049439807465147076
28.387,0.466,-0.1419396286389605,-0.4124712354628278,0.053338268861669015
28.423,0.466,-0.20867665591209372,-0.4037672784831321,-0.10441767890296844
28.46,0.466,-0.2925187825193973,-0.29549054234790784,-0.17863780534402732
28.497,0.466,-0.3137454768821523,-0.058474829927077934,-0.09678186342549325
28.534,0.466,-0.25311622932637334,-0.04045430540023647,-0.12625611116854749
28.571,0.466,-0.2578513075870339,-0.3280199889465782,-0.11907844461972081
28.604,0.466,-0.24655030068037065,-0.2718203870323608,-0.3302842280620586
28.641,0.466,-0.27220664068468725,-0.36008866862272204,-0.25438509488058125
28.677,0.466,-0.4279772764251812,-0.39063193053262285,-0.010038999601375078
28.714,0.466,-0.5095277857246162,-0.16125290625389402,-0.086702586995226
28.751,0.466,-0.49318626793819326,-0.17255304049593131,-0.21742774796960126
28.788,0.466,-0.37803991586711944,-0.29075720941649924,-0.5373675438111858
28.821,0.466,-0.3374156321976994,-0.3629911511687886,-0.30325431393642244
28.858,0.466,-0.30137458314401655,-0.3057216624230987,-0.25346879702328423
28.894,0.466,-0.40155648220849105,-0.4080433351505182,-0.022714453293983892
28.931,0.466,-0.4508847228576067,-0.36971066878896675,-0.08273196294693891
28.968,0.466,-0.3772754616547459,-0.2796080461547594,-0.18627362082150248
29.005,0.466,-0.2689987255195217,-0.3174816909230364,-0.24644384678400702
29.038,0.466,-0.17095572745336624,-0.4118603702246298,-0.323107434177858
29.075,0.466,-0.12055934530203,-0.3500111375217067,-0.1749726139148392
29.111,0.466,-0.12452996935031707,-0.29151991829962076,0.02004611337987718
29.148,0.466,-0.1335402316137378,-0.19897383471262145,0.32242353362326875
29.185,0.466,-0.06008368672042646,-0.015561546943667359,0.07532941743679757
29.222,0.466,0.019176077935766027,0.006276885321911692,-0.17772150748673027
29.255,0.466,0.11233302676096338,0.06278191985522812,-0.421610326501914
29.292,0.466,0.10194831771159711,-0.013118085990875297,-0.1552722099829532
29.329,0.466,0.05506441067989943,0.006582317941010699,0.1762748980490196
29.365,0.466,0.005431610076310689,-0.024724525516637588,0.16283586280866327
29.402,0.466,-0.037481672907099896,-0.1522426439904733,0.05303283624257001
29.439,0.466,-0.021446460404401988,-0.13620743148777537,-0.1425967562903444
29.472,0.466,-0.00312050325846153,-0.030375028969969232,-0.04378930401181543
29.509,0.466,-0.03030400635827321,0.023991977229654134,-0.06975107663523107
29.546,0.466,-0.08971065077303021,0.02170123258641158,-0.0783031899700033
29.582,0.466,-0.15018630935463373,-0.03236034099411278,-0.20872204566065358
29.619,0.466,-0.17202474162021278,-0.11116195672165675,-0.16657321688961652
29.656,0.466,-0.1848529116223711,-0.20553976335862414,-0.03905509841578081
29.689,0.466,-0.18439476269372257,-0.15147906244272577,0.07945275779463418
29.726,0.466,-0.21432803203005132,-0.16003117577749798,-0.023936183770379926
29.763,0.466,-0.22700261305803415,-0.1922543170924433,-0.10915188449900307
29.799,0.466,-0.17553721673985137,-0.08611648195553812,-0.09021506211486459
29.836,0.466,-0.1252935508980646,-0.0845893188600431,-0.03325187865289966
29.873,0.466,-0.08680904089158964,-0.10306799231553304,0.023864021118614773
29.906,0.466,-0.035496360882956345,-0.023350078730692052,0.11396664375282205
29.943,0.466,0.03704388615305799,0.13364228748619789,0.1077052750612924
29.98,0.466,0.10882055164132479,0.23504591702706842,-0.1514543022442156
30.017,0.466,0.15066482045788884,0.2507765695752933,-0.3399062282283034
30.053,0.466,0.1495958062910423,0.23061801671475882,-0.27317007361979617
30.09,0.466,0.11202759414186436,0.11592719557845545,-0.006373808172186986
30.127,0.466,0.05338453127485488,-0.023350078730692052,0.3253260161693353
30.16,0.466,0.062394793538275616,0.0026116938927235995,0.35296679553316956
30.197,0.466,0.06926702746800328,0.007040466869659211,0.07013706291211444
30.234,0.466,0.06773986437250824,0.011316523537045318,-0.19971265606185884
30.271,0.466,0.04131994282044409,-0.015103398015018844,-0.23835075504250927
30.307,0.466,0.01230384400603836,-0.036330965042399875,0.11228676434777751
30.344,0.466,-0.02740239647683264,-0.08611648195553812,0.1883403591680564
30.377,0.466,-0.06313801291141653,-0.1852293668531661,0.1283219768504754
30.414,0.466,-0.08482372886744609,-0.22860079876522524,-0.08441184235198343
30.451,0.466,-0.08940521815393121,-0.19744667161712645,0.06708273672112436
30.488,0.466,-0.057182076838985886,-0.018463156825107928,0.13504149447065358
30.524,0.466,-0.07230099148438678,-0.10764948160201818,-0.06196254484820638
30.561,0.466,-0.057487509458084896,-0.11772875803228543,-0.07815047366045379
30.594,0.466,-0.01747583635611489,0.003986140678669134,-0.004388496148043435
30.631,0.466,0.020092375793063055,0.09592135902747044,0.1891030680511779
30.668,0.466,0.03872376555810252,0.15899319487141553,-0.11205349438044364
30.705,0.466,0.038112900319904504,0.10386260712404465,-0.24247322273571992
30.742,0.466,0.05506441067989943,0.18281693916113814,-0.19803364932144024
30.774,0.466,0.04131994282044409,0.17884631511285104,-0.0011814536475038542
30.811,0.466,0.008027787338652248,0.07194489842819835,0.06677730410202536
30.848,0.466,-0.021599176713951493,0.014676282347134403,-0.08059393461324584
30.885,0.466,-0.044353906836827564,-0.07359374457247882,-0.0049993613862414485
30.922,0.466,-0.04221587850313451,-0.011896355514479266,0.05440728302851554
30.959,0.466,-0.05214243862385226,-0.03892714230474144,0.1077052750612924
30.995,0.466,-0.0536696017193473,-0.06641607802365213,-0.02072914126984034
31.028,0.466,-0.056418495291238366,-0.13132050958219127,-0.05753377187127077
31.065,0.466,-0.025417084452689087,-0.07221929778653328,0.12404592018308928
31.102,0.466,-0.002051489091615004,-0.04091245432888499,0.09640426815462912
31.139,0.466,0.01444187233973141,-0.06229273766581553,0.08953203422490143
31.176,0.466,0.04559599948783019,0.006429601631461196,-0.07433256592171619
31.213,0.466,0.06499097080061716,0.0264354381824462,0.003705468258080269
31.245,0.466,0.09141089235268134,0.10065556462350507,0.0528801199330205
31.282,0.466,0.097366828425112,0.11149842260151983,-0.002861333052548396
31.319,0.466,0.08346964425610713,0.06797427437991124,-0.05799192079991928
31.356,0.466,0.060409481514132064,0.02567185663469868,-0.08410640973288443
31.393,0.466,0.040709077582246074,0.006429601631461196,0.14099743054308422
31.43,0.466,0.02696460972279073,0.023991977229654134,0.15535276364073758
31.462,0.466,0.011540262458290837,0.013149119251639363,0.06295939636328776
31.499,0.466,-0.006480262068550615,-0.015408830634117857,-0.14229132367124542
31.536,0.466,-0.01701768742746638,0.007345899488758219,-0.07524886377901321
31.573,0.466,-0.03259475100151577,0.017119743299926462,0.03592860957302558
31.61,0.466,-0.0654287575546591,-0.09069797124202325,0.05822519076725314
31.647,0.466,-0.06833036743609967,-0.1326949563681368,0.11396664375282205
31.68,0.466,-0.02877684326277817,0.029337048063886772,0.1252676506594853
31.716,0.466,-0.01823941790386241,0.03636199830316395,-0.03783336793938478
31.753,0.466,-0.012283481831431759,0.051480912948564835,-0.2012398191573539
31.79,0.466,-0.002967786948912027,0.04155435282784708,-0.14106959319484935
31.827,0.466,0.013372858172884883,0.04766300520982723,0.11320306220507452
31.864,0.466,0.030629801151978817,0.06690526021306471,0.17352600447712854
31.897,0.466,0.037654751391256,0.06125475675973308,-0.00011243948065732621
31.934,0.466,0.030782517461528325,0.0462885584238817,-0.1919249969394601
31.97,0.466,0.0341422762716174,0.07240304735684686,-0.11174806176134461
32.007,0.466,0.020245092102612564,0.015134431275782914,0.03241613445338699
32.044,0.466,0.006806056862256217,-0.04381406421032556,0.1797873731686582
32.081,0.466,-0.0022042054011645086,-0.07710621969211741,0.08708857327210937
32.114,0.466,-0.014726942784223821,-0.1496464667281317,0.07303867279355501
32.151,0.466,0.01306742555378588,-0.039232574923840455,0.08388153077156979
32.187,0.466,0.02543744662729569,-0.04182875218618202,0.13458334554200505
32.224,0.466,0.061325779371429086,0.03193322532622834,0.11595195577696558
32.261,0.466,0.08713483568529523,0.09057628819323782,-0.06547501996784495
32.298,0.466,0.07522296354043394,0.038805459255956014,-0.08425912604243392
32.335,0.466,0.07293221889719137,0.06766884176081224,-0.04394202032136493
32.368,0.466,0.06407467294332014,0.04338694854244113,0.19796061400504916
32.405,0.466,0.06758714806295874,0.07438835938099041,0.1562690614980346
32.441,0.466,0.058882318418637024,0.02139579996731257,0.05486543195716405
32.478,0.466,0.06957246008710229,0.09195073497918335,-0.05127240317974112
32.515,0.466,0.05582799222764696,0.11440003248296042,-0.07127823973072611
32.548,0.466,0.031851531628374855,0.08370405426351014,-0.003930347219394924
32.585,0.466,0.01596903543522645,0.07744268557198049,-0.07509614746946372
32.622,0.466,-0.025264368143139586,-0.1688887217313692,-0.08135751616099336
32.659,0.466,-0.03946698493124344,-0.20691508280919566,-0.14870540867232457
32.695,0.466,-0.06481789231646108,-0.200349154163193,0.02248957433266924
32.732,0.466,-0.059320105172678946,-0.06779052480959766,0.2973780588571501
32.765,0.466,-0.026333382309986112,0.0899654229550398,0.43619805690227514
32.802,0.466,0.02055052472171156,0.03101692746893131,0.24606537884851687
32.839,0.466,0.06667085020566171,0.02735173603974322,-0.37228208585279826
32.875,0.466,0.06728171544385973,-0.001206213846013996,-0.444364183960164
32.912,0.466,0.0341422762716174,-0.00410782372745457,0.02569661683320882
32.949,0.466,0.03246239686657287,-0.05068629814005324,0.4849136869839408
32.986,0.466,0.07888815496962204,-0.08825451028923118,0.2275875780576529
33.019,0.466,0.11431833878510692,-0.03266577361321178,-0.44237974460064644
33.056,0.466,0.08392779318475566,0.025519140325149178,-0.41947055283896895
33.093,0.466,0.02284126936495412,0.1374601952249355,0.07716201315139162
33.129,0.466,-0.029540424810525694,-0.11772875803228543,0.4879680131749309
33.166,0.466,-0.01900299945160993,-0.38131710831472904,0.06693002041157486
33.203,0.466,0.022077687817206607,-0.39246452624721684,-0.3556368807765283
33.236,0.466,0.023910283531800657,-0.3164135494208159,-0.0309611340096571
33.273,0.466,-0.05351688540979779,-0.29304708139511587,0.08983746684400043
33.31,0.466,-0.08512916148654509,-0.4469851214210157,0.01653363826023859
33.347,0.466,-0.020988311475753477,-0.5212052478620746,-0.24247322273571992
33.383,0.466,0.03933463079630054,-0.561981375176418,-0.1340446429555722
33.42,0.466,0.0338368436525184,-0.5166237585755894,0.1359577923279506
33.453,0.466,8.653924207805037e-05,-0.45141476706257727,0.2793592796595607
33.49,0.466,-0.015795956951070347,-0.575877686680797,0.0038581845676297724
33.527,0.466,0.0219249715076571,-0.6711726638396872,-0.3435714196574915
33.564,0.466,0.05979861627593406,-0.7617343080671692,-0.30584961853413806
33.6,0.466,0.07552839615953294,-0.7724227044063823,0.10144390636976273
33.637,0.466,0.08209519747016161,-0.7296621377325212,0.3792340007756842
33.67,0.466,0.08896743139988929,-0.6972862801080264,0.1994877771005442
33.707,0.466,0.08789841723304276,-0.6901094862238258,-0.12503438069215148
33.744,0.466,0.0775137081836765,-0.7979272007657755,-0.2571339884524723
33.781,0.466,0.05750787163269149,-0.8388551717250425,-0.12747784164494352
33.818,0.466,0.05262094972710737,-0.8315247888666664,0.04707690017013935
33.854,0.466,0.060256765204582556,-0.9695803326994179,0.06754088564977287
33.887,0.466,0.09232719020997837,-1.015395225564269,-0.034473609129295694
33.924,0.466,0.09828312628240901,-0.8519887743462998,0.02218414171357023
33.961,0.466,0.10790425378402776,-0.6925529471766179,0.212467790747626
33.998,0.466,0.0894255803285378,-0.4558426673748868,0.22514411710486082
34.035,0.466,0.009096801505498775,-0.480125433257884,-0.16336617438907694
34.071,0.466,-0.06848308374564917,-0.6462807780477442,-0.44634862331968156
34.104,0.466,-0.07459173612762933,-0.7241643505887391,-0.2998945551263334
34.141,0.466,-0.013352495998278287,-1.1873537901170106,0.011494000045104964
34.178,0.466,0.04254167329684012,-1.1430660603476541,0.08632499172436184
34.215,0.466,0.11126401259411683,-0.7948728745747855,0.1361105086375001
34.252,0.466,0.1453197496236562,-0.7437120382110756,0.19276825948036602
34.288,0.466,-0.024806219214491075,-0.9092565177627377,-0.10395952997431993
34.321,0.466,-0.21890777598728448,-0.7915131157646963,-0.39671669538071885
34.358,0.466,-0.23127866972542024,-0.6387968062151925,-0.3012698745769049
34.395,0.466,-0.07535531767537684,-0.8852809298280917,-0.09449111878225071
34.432,0.466,-0.03060943897737222,-1.2673771363209503,-0.23025591797175957
34.469,0.466,0.021772255198107597,-1.049298246284259,-0.11587140211918122
34.506,0.466,0.2088497343962498,-0.7220280675842982,0.34120851236248373
34.538,0.466,0.21373665630183392,-1.1256564010590107,0.12389320387353978
34.575,0.466,-0.03106758790602073,-1.2820379020377028,-0.40679597181098603
34.612,0.466,-0.10742574268077265,-0.8327465193430622,-0.21269441503819267
34.649,0.466,-0.008465574092694163,-0.8732154687090548,0.060668651720045194
34.686,0.466,-0.036565375049802874,-1.0839639758873703,-0.18902251439339357
34.723,0.466,-0.023737205047644545,-0.761427130118818,-0.3035597465555215
34.759,0.466,0.15112296938653733,-0.6273439556636057,-0.06730761568243902
34.792,0.466,0.255275492499299,-0.6946909755103109,0.09838958017877265
34.829,0.466,0.22137247177930908,-0.7493634143290332,-0.06761304830153803
34.866,0.466,0.23145174820957637,-0.4657683548309787,-0.018743829245696793
34.903,0.466,0.2508475921869894,-0.4362949797525505,0.03944108469266416
34.94,0.466,0.1612022458168046,-0.5262440134125822,-0.10731928878440901
34.977,0.466,0.07171048842079533,-0.3796363562450585,-0.11526053688098321
35.01,0.466,0.08301149532745862,-0.4714197309489363,-0.16412975593682444
35.046,0.466,0.18166623129643808,-0.36314299481371204,0.04967307743248092
35.083,0.466,0.20243564939517064,-0.31916069766345495,0.021725992784921724
35.12,0.466,0.14119640926581958,-0.5343388504833319,-0.06562773627739447
35.157,0.466,0.03521129043846393,-0.5975634026368265,-0.043483871392716415
35.194,0.466,0.0933962043768249,-0.30129376211078907,0.25232762020467253
35.227,0.466,-0.06451245969736208,-0.3077078471118682,-0.09265852306765664
35.263,0.466,-0.2660979883027071,-0.3602422575968975,-0.2360591377346407
35.3,0.466,-0.3171052356922414,-0.4324779446784388,-0.09708729604459225
35.337,0.466,-0.29541951973621183,-0.458591560946778,0.009508688020961414
35.374,0.466,-0.27892615830486545,-0.3449706266419471,-0.09250580675810714
35.411,0.466,-0.15415693340292083,-0.2967122728243039,-0.10915188449900307
35.444,0.466,-0.02862412695322867,-0.44423622784912464,0.07166422600760948
35.481,0.466,-0.0012879075438674854,-0.4520256323007753,0.1205334450634507
35.517,0.466,-0.1327766500659903,-0.5227324109575696,-0.09632371449684474
35.554,0.466,-0.17966055709768797,-0.7179038545618356,-0.1613808623649334
35.591,0.466,-0.053211452790698784,-0.7973163355275775,0.03577589326347608
35.628,0.466,-0.15629496173661386,-1.0040942186576058,-0.12824142319269105
35.661,0.466,-0.15889113899895543,-0.6722408053419078,0.0018728725434862224
35.698,0.466,-0.2706794775891922,-0.7203473155146276,-0.18627362082150248
35.734,0.466,-0.4617284535002475,-0.7524177405200234,-0.3988547237144119
35.771,0.466,-0.3395554058606444,-0.401934682768538,-0.3415869802979739
35.808,0.466,-0.13598369256652987,-0.34298444195317757,-0.2465956904289305
35.845,0.466,-0.00800742516404565,-0.29854486853889795,-0.2600347256692869
35.878,0.466,-0.012130765521882256,-0.6446000259780736,-0.39396780180882773
35.915,0.466,-0.1375108556620249,-2.0979967806375717,0.0731913891031045
35.952,0.466,0.04635958103557772,-1.134819379631981,-0.8577681065752969
35.988,0.466,0.5657468771488142,-0.2573114649605319,-0.026532361032721493
36.025,0.466,0.05155193556026085,-0.23165512495621526,-0.3686168944236101
36.062,0.466,0.276503932191306,0.5421592881957467,-0.3808341991875704
36.095,0.466,-0.09978992720329746,0.9259345014290238,-0.6774092723327069
36.132,0.466,-0.2775508388542939,0.8289587722004628,-0.686877683524776
36.169,0.466,-0.023279056118996035,0.6650950447184713,-0.40542065236041464
36.205,0.466,0.6462292449460288,0.5079508348566577,-0.03920781472533031
36.242,0.466,0.48068476539436666,0.41967906260779253,-0.2736273498838187
36.279,0.466,0.25756710980716757,0.49863426730951205,-0.5776846495322547
36.316,0.466,0.4389940855519781,0.4314390911077304,-0.28844170457474655
36.349,0.466,0.6007197847002766,0.2632975616291007,-0.0900623458053151
36.386,0.466,0.27100614504752385,0.20404363352389318,-0.04104041043992436
36.423,0.466,-0.30794225711927115,0.05514610437775292,-0.18902251439339357
36.459,0.466,-0.5049462964381312,-0.003802391108355562,-0.003472198290746413
36.496,0.466,-0.6158183371710709,-0.058322113617528426,0.14237187732902976
36.529,0.466,-0.8502387449941854,-0.08947624076562721,0.11014873601408444
36.566,0.466,-0.8868906592860661,-0.09359958112346382,0.05379641779031752
36.603,0.466,-0.5932163233577443,-0.11375813398399832,0.18604874186018788
36.64,0.466,-0.26227920789934356,-0.09894465195769646,0.22682486917453137
36.676,0.466,-0.1088001894667182,-0.0850474677886916,0.19444901155003655
36.713,0.466,-0.011367183974134738,-0.022586497182944535,0.10465094887030231
36.75,0.466,0.16272940891229964,0.0305587785402828,0.2543138048934421
36.783,0.466,0.1387529483130275,0.21641452726202895,0.20009864233874222
36.82,0.466,-0.18011870602633648,0.32087248299388954,0.03073625504834245
36.857,0.466,-0.35696331982003593,0.4100588077707999,-0.07326355175486965
36.894,0.466,-0.23127866972542024,0.4410593459447231,0.0768565805322926
36.93,0.466,-0.11811588434923792,0.5342180400991724,0.05486543195716405
36.963,0.466,-0.1761480819780494,0.5551393018428286,-0.13633538759881475
37.0,0.466,0.07262678627809237,0.6704409882173299,-0.1569520893879978
37.037,0.466,0.4863343961830723,0.717781298848424,-0.025768779484973973
37.074,0.466,0.6624171737582761,0.7490890149706984,-0.06516958734874595
37.111,0.466,0.6221000680372072,0.7500053128279953,-0.24400038583121494
37.147,0.466,0.5668167639802867,0.6603599664578106,-0.21177637185164366
37.184,0.466,0.5849908774813039,0.6466172439276073,-0.12793599057359203
37.217,0.466,0.35377663949410293,0.5453654580316601,-0.10243236687882488
37.254,0.466,0.0897310129476368,0.5679674718449867,-0.1668786495087155
37.291,0.466,-0.08971065077303021,0.6298167045479098,-0.1569520893879978
37.328,0.466,-0.06726135326925314,0.6475317964556523,-0.0900623458053151
37.364,0.466,0.09247990651952787,0.6356216696400431,0.10327650208435676
37.397,0.466,0.057813304251790494,0.4541946938952324,0.060668651720045194
37.434,0.466,0.07644469401682996,0.3508048796655923,0.13244531720831199
37.471,0.466,0.10255918294979512,0.37646121966990903,0.2410266132980092
37.508,0.466,-0.013352495998278287,0.5974408469234149,0.2842462015651448
37.545,0.466,-0.2079122016997202,0.8810359064214696,0.1719988413816335
37.582,0.466,-0.37712187268057046,1.059713988594389,0.10037489220291622
37.618,0.466,-0.38353770301090157,1.014204528348637,0.13534692708975257
37.651,0.466,-0.27251207330378624,0.8798141759450737,0.2320154783699625
37.688,0.466,-0.200888996789695,0.5760605635864845,0.1872704723365839
37.725,0.466,-0.08283841684330254,0.4923720259533565,0.21628657115098962
37.762,0.466,0.08392779318475566,0.7600845892582625,0.24056759170473474
37.799,0.466,0.10836240271267626,0.9364710541233136,0.1932272810736405
37.835,0.466,0.11828896283339402,1.2417518295773977,0.04982579374203043
37.868,0.466,0.04788674413107275,1.2700034741794297,-0.04516375079776096
37.905,0.466,0.07873543866007253,1.1380565827286586,-0.0311138503192066
37.942,0.466,0.0940070696150229,0.8346101483184205,-0.05310499889433517
37.979,0.466,0.20289292565919312,0.6771605058375081,0.030583538738792944
38.016,0.466,0.30338200267201865,0.7104509159900478,-0.012024311625518622
38.053,0.466,0.35454109370647646,0.7848246314052822,0.010424985878258438
38.085,0.466,0.3979125256185356,1.234880468312296,-0.0062210918626374795
38.122,0.466,0.3690482704490533,1.6130060507568675,-0.03722250270118676
38.159,0.466,0.23924115266122706,1.3828616996011391,-0.11785671414332478
38.196,0.466,0.1259247783108692,1.080635250338045,-0.10395952997431993
38.233,0.466,0.12363403366762665,1.0433724708079661,0.04585516969374333
38.27,0.466,0.10515536021213669,0.9467039195277563,0.05578172981446107
38.303,0.466,0.07094690687304783,0.8422459637958957,0.04829863064653538
38.339,0.466,0.07568111246908243,1.0717794497134259,0.04952036112293142
38.376,0.466,0.01108211352964233,1.2422108511706722,0.008286957544565383
38.413,0.466,-0.09872091303645093,1.0768182152639334,0.030430822429243443
38.45,0.466,-0.20363614503233407,0.8567548858677247,-0.11770399783377528
38.487,0.466,-0.25174265520505373,0.5061182391420638,-0.043483871392716415
38.52,0.466,-0.2129527125794798,0.40700448157980973,0.044022573979149285
38.557,0.466,-0.1092583383953667,0.6368434001164391,0.17719119590631663
38.593,0.466,-0.055349481124391836,0.5785040245392765,0.09105919732039647
38.63,0.466,-0.08283841684330254,0.4917611607151584,0.002483737781684239
38.667,0.466,-0.08757262243933715,0.5763677415348356,-0.07112552342117662
38.704,0.466,-0.1046768491088816,0.38547060926870375,-0.07891405520820131
38.737,0.466,0.005126177457211676,0.41051608403482237,0.0012620073052882078
38.774,0.466,0.13554590581248793,0.4741996577815914,0.011341283735555461
38.81,0.466,0.24030929416344757,0.5187928201700466,0.1237404875639903
38.847,0.466,0.25115127947683635,0.5914857835156104,0.009814120640060422
38.884,0.466,0.1894538904188368,0.45129221134916586,-0.013704191030563171
38.921,0.466,0.1508175367674383,0.3839451915024607,-0.12992130259773557
38.954,0.466,0.17082424598304932,0.3211779156129886,-0.08914604794801806
38.991,0.466,0.21098776272994285,0.3031573910861472,0.027376496238253365
39.028,0.466,0.24855597487912082,0.5087135437397793,0.1251149343499358
39.064,0.466,0.17693289836502946,0.4250250061066512,0.10052760851246571
39.101,0.466,0.06865616222980526,0.38669233974509976,-0.03920781472533031
39.138,0.466,-0.035190928263857335,0.23855926481133302,-0.16535148641322048
39.171,0.466,-0.07947865803321344,0.15593886868042545,-0.08441184235198343
39.208,0.466,-0.04297946005088203,0.34240635530499564,0.07059521184076295
39.245,0.466,-0.03839797076439692,0.4259413039639483,0.21491125170041808
39.281,0.466,-0.0693993816029462,0.5884314573246202,0.12297690601624277
39.318,0.466,-0.1576694085225594,0.5977480248717661,-0.06730761568243902
39.355,0.466,-0.2216584148884275,0.4289956301549383,-0.19635289725176977
39.392,0.466,-0.20348430138741055,0.2632975616291007,-0.1511488696251166
39.425,0.466,-0.13506739470923285,0.17686100308870747,0.11121775018093098
39.462,0.466,-0.05855652362493142,0.32591299387364925,0.2564500878978831
39.498,0.466,-0.034732779335208824,0.4073099141989087,0.1756640328108216
39.535,0.466,-0.04313217636043154,0.5268876572407963,-0.08028850199414683
39.572,0.466,-0.030456722667822716,0.5319264227913039,-0.2794305696466999
39.609,0.466,0.01703804960207298,0.2910936752963623,-0.18062224470354488
39.642,0.466,0.09874127521105752,0.17411210951681638,0.04753504909878787
39.679,0.466,0.157078905458968,0.14906663475069779,0.27172171885283347
39.716,0.466,0.1670054655796857,0.14998293260799483,0.20208308169825975
39.752,0.466,0.1459306148618542,0.1922853503532074,-0.0665440341346915
39.789,0.466,0.1172199486665475,0.12814450034241576,-0.29516122219492474
39.826,0.466,0.11477648771375543,0.00383342436911963,-0.2520934775727127
39.859,0.466,0.12821552295411176,-0.14674485684669114,0.041731829335906724
39.896,0.466,0.12607749462041873,-0.18736739518685916,0.3002805414032167
39.933,0.466,0.08316421163700813,-0.1290297649389487,0.2738614925157785
39.97,0.466,0.013525574482434384,-0.04809012087771167,-0.013398758411464158
40.006,0.466,-0.044353906836827564,-0.018768589444206937,-0.2800414348848979
40.043,0.466,-0.07260642410348578,-0.08321487207409756,-0.23773988980431127
40.076,0.466,-0.06649777172150563,-0.14353781434615157,0.05837790707680264
40.113,0.466,-0.07138469362708975,-0.1581985800629039,0.3141785982368476
40.15,0.466,-0.09154324648762426,-0.0772589360016669,0.2897439887089269
40.187,0.466,-0.1294168912559012,0.021548516276862075,-0.01675851722155324
40.223,0.466,-0.14636840161589615,0.0859947989067527,-0.2687404279782346
40.26,0.466,-0.12620984875536162,0.08660566414495072,-0.2586611515479673
40.293,0.466,-0.07764606231861941,0.05377165759180739,0.03440144647753054
40.33,0.466,-0.030456722667822716,0.04583040949523319,0.2778303712348137
40.367,0.466,-0.00907643933089218,0.08400948688260913,0.24591353520359335
40.404,0.466,-0.0008297586152189729,0.14769218796475223,-0.04867622591739955
40.441,0.466,0.010165815672345304,0.19564510916329644,-0.28950984607696717
40.477,0.466,0.04361068746368664,0.18281693916113814,-0.25728757742664776
40.51,0.466,0.08728755199484473,0.1334895711766484,0.007676092306367369
40.547,0.466,0.117983530214295,0.0662943949748667,0.2365987129856996
40.584,0.466,0.12103785640528508,0.04063805497055005,0.20009864233874222
40.621,0.466,0.09996300568745355,0.04384509747108964,-0.04378930401181543
40.658,0.466,0.077971857112325,0.06491994818892118,-0.25010903821319513
40.694,0.466,0.0659072686579142,0.04460867901883715,-0.21360896756623768
40.727,0.466,0.06102034675233008,-0.018768589444206937,0.026154765761857334
40.764,0.466,0.04941390722656778,-0.09863921933859744,0.22010535155435318
40.801,0.466,0.016732616982973972,-0.14979918303768122,0.1984178902690717
40.838,0.466,-0.028013261715030654,-0.13895632505966646,-0.002861333052548396
40.875,0.466,-0.0658869064833076,-0.10383157386328057,-0.1629080254604284
40.911,0.466,-0.07902050910456494,-0.07618992183482037,-0.12869957212133956
40.944,0.466,-0.07825692755681742,-0.09527946052850836,0.04463343921734729
40.981,0.466,-0.07062111207934223,-0.12399012672381507,0.18360528090739578
41.018,0.466,-0.07520260136582735,-0.13559656624957736,0.16023968554632173
41.055,0.466,-0.08360199839105005,-0.08336758838364705,0.005690780282223818
41.092,0.466,-0.08008952327141147,-0.0022752280128605223,-0.13083760045503262
41.129,0.466,-0.05687664421988688,0.05774228164009449,-0.11938387723881982
41.161,0.466,-0.023737205047644545,0.06705797652261422,0.004774482424926795
41.198,0.466,0.009096801505498775,0.04445596270928765,0.11885356565840616
41.235,0.466,0.029102638056483783,0.04079077128009956,0.09609883553553009
41.272,0.466,0.040556361272696566,0.08095516069161907,-0.025310630556325462
41.309,0.466,0.050177488774315306,0.14463786177376217,-0.12808870688314153
41.346,0.466,0.06300565877647363,0.176402854160059,-0.11556596950008222
41.382,0.466,0.07720827556457747,0.14845576951249978,-0.024547049008577942
41.415,0.466,0.08270606270835962,0.09256160021738136,0.0647919920778818
41.452,0.466,0.0775137081836765,0.04201250175649559,0.06616643886382734
41.489,0.466,0.06438010556241916,0.06369821771252512,0.0015674399243872155
41.526,0.466,0.0375020350817065,0.07835898342927751,-0.0783031899700033
41.563,0.466,0.01520545388747893,0.07240304735684686,-0.086397154376127
41.596,0.466,0.0003919718611770581,0.012690970322990852,-0.026226928413622484
41.633,0.466,-0.013352495998278287,-0.062140021356266034,0.06754088564977287
41.669,0.466,-0.029234992191426685,-0.09848650302904793,0.09823686386922315
41.706,0.466,-0.05137885707610474,-0.10917664469751319,0.0566980276717581
41.743,0.466,-0.07092654469844123,-0.09390501374256283,-0.019049261864795802
41.78,0.466,-0.08192211898600552,-0.09787563779084993,-0.0505088216319936
41.817,0.466,-0.06756678588835216,-0.09436316267121132,-0.017827531388399768
41.85,0.466,-0.05153157338565424,-0.101235396600939,0.05608716243356009
41.886,0.466,-0.03885611969304543,-0.10459515541102808,0.08617227541481234
41.923,0.466,-0.0419104458840355,-0.12337926148561706,0.034096013858431536
41.96,0.466,-0.03198388576331775,-0.06931768790509271,-0.01645308460245424
41.997,0.466,-0.0022042054011645086,-0.021059334087449498,-0.05768648818082026
42.034,0.466,0.033531411033419396,0.03788916139865899,-0.0111080137682216
42.067,0.466,0.05216280079845887,0.059574877354688534,0.0055380639726743145
42.103,0.466,0.04742859520242424,0.03682014723181246,0.020656978618075195
42.14,0.466,0.050177488774315306,0.017883324847673982,-0.02027099234119183
42.177,0.466,0.06499097080061716,0.05468795544910441,-0.028059524128216527
42.214,0.466,0.07522296354043394,0.14906663475069779,-0.012329744244617632
42.251,0.466,0.07201592103989435,0.19472881130599942,-0.02317260222263241
42.284,0.466,0.04376340377323615,0.1815952086847421,-0.02240902067488489
42.321,0.466,0.017648914840270993,0.07805355081017849,-0.06471143842009744
42.357,0.466,0.0011555534089245766,-0.0002899159887169737,-0.006526524481736487
42.394,0.466,-0.0017460564725159961,-0.0005953486078159806,0.03531774433482756
42.431,0.466,-0.009229155640441682,0.07591552247648545,0.08372881446202028
42.464,0.466,-0.02892955957232768,0.13715476260583648,0.010424985878258438
42.501,0.466,-0.058098374696282915,0.08752196200224774,-0.07647059425540922
42.538,0.466,-0.08558731041519362,-0.061223723498969,-0.10136335271197836
42.575,0.466,-0.07886779279501543,-0.1801906013026585,0.011799432664203972
42.611,0.466,-0.04908811243286218,-0.16690340970722567,0.15855980614127715
42.648,0.466,-0.024042637666743555,-0.046104808853568116,0.16543204007100484
42.685,0.466,-0.03167845314421875,0.0345294025885699,0.014395609926545538
42.718,0.466,-0.05198972231430275,-0.011743639204929764,-0.1769570532743568
42.755,0.466,-0.04221587850313451,-0.15392252339551785,-0.1743617486766412
42.792,0.466,0.004057163290365149,-0.23822279893146994,0.029056375643297907
42.828,0.466,0.06010404889503305,-0.16018389208704747,0.24347007425080128
42.865,0.466,0.07690284294547847,0.00978936044155028,0.21674384741501215
42.902,0.466,0.05643885746584496,0.1176070749835,-0.06211526115775589
42.939,0.466,0.02375756722225115,0.06415636664117363,-0.29882641362411283
42.972,0.466,0.03505857412891443,-0.056794950522033386,-0.2516362013086902
43.009,0.466,0.07537567984998343,-0.09543217683805785,0.07930004148508467
43.046,0.466,0.10026843830655255,-0.0019697953937615163,0.31753661171768466
43.082,0.466,0.0738485167544884,0.1629638189197026,0.23339079782053404
43.119,0.466,0.011692978767840341,0.21824712297662302,-0.13541908974151773
43.152,0.466,-0.03015129004872371,0.15471713820402944,-0.38908087990324364
43.189,0.466,-0.03152573683466924,0.016661594371277955,-0.25392607328730676
43.226,0.466,-0.0018987727820654974,-0.01571426325321686,0.15520004733118808
43.263,0.466,0.0005446881707265629,0.04521954425703517,0.4074873907069684
43.299,0.466,-0.03610722612115436,0.15059379784619284,0.22942017377224697
43.336,0.466,-0.09001608339212921,0.1534954077276334,-0.19360400367987868
43.369,0.466,-0.1088001894667182,0.04796843782892624,-0.42802266617374113
43.406,0.466,-0.07550803398492635,-0.06641607802365213,-0.186120031847327
43.443,0.466,-0.026791531238634623,-0.10871849576886469,0.253092074417046
43.48,0.466,-0.004647666353956569,-0.048700986115909686,0.45498129031223805
43.516,0.466,-0.025722517071788097,0.0009318144876790573,0.17780206114451466
43.553,0.466,-0.04496477207502558,-0.0015116464651130047,-0.27683526504898426
43.586,0.466,-0.032442034691966264,-0.08397845362184507,-0.4287871203861146
43.623,0.466,0.024979297698647172,-0.14246880017930505,-0.1302267352168346
43.66,0.466,0.07339036782583988,-0.14277423279840404,0.3233415768098178
43.697,0.466,0.08850928247124076,-0.080618694811756,0.4279513761866019
43.734,0.466,0.06361652401467165,-0.024266376587989073,0.08174350243787673
43.77,0.466,0.03597487198621145,-0.019379454682404953,-0.34998550465857065
43.807,0.466,0.03719660246260749,-0.0372472628996969,-0.4145836309333848
43.84,0.466,0.06208936091917661,-0.05038086552095423,-0.043331155083166914
43.877,0.466,0.08377507687520615,-0.014492532776820832,0.3598399021275232
43.914,0.466,0.0662127012770132,0.029642480682985774,0.36457323505893185
43.951,0.466,0.016732616982973972,0.06659982759396571,-0.012787893173266146
43.987,0.466,-0.03305289993016428,0.07301391259504487,-0.3799179013302734
44.024,0.466,-0.04695008409916913,0.0704177353327033,-0.343112398064217
44.057,0.466,-0.029540424810525694,0.07408292676189139,0.050283942670678934
44.094,0.466,-0.016406822189268363,0.08523121735900518,0.37221079586565897
44.131,0.466,-0.034885495644758326,0.08813282724044574,0.29096571918532294
44.168,0.466,-0.07657704815177288,0.07240304735684686,-0.10090520378332986
44.205,0.466,-0.10314968601338655,0.059116728426040016,-0.36296726363490445
44.241,0.466,-0.08635089196294111,0.049190168305322274,-0.23117221582905664
44.274,0.466,-0.03931426862169394,0.050106466162619295,0.1487859623301089
44.311,0.466,-0.006174829449451606,0.022922963062807607,0.35006605831635496
44.348,0.466,-0.00800742516404565,-0.015408830634117857,0.18696503971748488
44.385,0.466,-0.026791531238634623,-0.05343519171194431,-0.16871211788793553
44.422,0.466,-0.019613864689807945,-0.05603136897428587,-0.31409804457906326
44.458,0.466,0.022383120436305616,-0.03877442599519194,-0.12136918926296339
44.491,0.466,0.0698778927062013,-0.03388750408960782,0.18940850067027692
44.528,0.466,0.08606582151844872,-0.06381990076131057,0.2824136058505507
44.565,0.466,0.06514368711016669,-0.10749676529246867,0.06662458779247586
44.602,0.466,0.0419308080586421,-0.11635431124633987,-0.20322425851687145
44.639,0.466,0.0420835243681916,-0.0769535033825679,-0.24400038583121494
44.676,0.466,0.060409481514132064,-0.017852291586909916,-0.02240902067488489
44.709,0.466,0.06819801330115674,0.002153544964075088,0.20239025964661078
44.745,0.466,0.04635958103557772,-0.0172414263487119,0.1939899899567621
44.782,0.466,0.0039044469808156446,-0.04977000028275621,-0.017674815078850267
44.819,0.466,-0.026333382309986112,-0.030833177898617743,-0.1894815359866681
44.856,0.466,-0.033969197787461304,0.030253345921183793,-0.14824725974367603
44.893,0.466,-0.02877684326277817,0.0943941959319754,0.052727403623470996
44.926,0.466,-0.032442034691966264,0.10309902557629712,0.17688576328721764
44.962,0.466,-0.052906020171599774,0.06247648723612911,0.10342921839390629
44.999,0.466,-0.0741335871989808,0.02536642401559967,-0.07769232473180528
45.036,0.466,-0.07535531767537684,0.03682014723181246,-0.1514543022442156
45.073,0.466,-0.057945658386733406,0.08538393366855468,-0.05325771520388467
45.11,0.466,-0.03687080766890188,0.1177597912930495,0.09793143125012413
45.143,0.466,-0.022820907190347524,0.08981270664549029,0.12587851589768334
45.179,0.466,-0.020377446237555462,0.021853948895961085,0.012715730521500995
45.216,0.466,-0.011825332902783248,-0.030680461589068234,-0.10823558664170603
45.253,0.466,0.008944085195949273,-0.02365551134979106,-0.09525470032999821
45.29,0.466,0.03582215567666194,0.008414913655604745,0.020198829689426684
45.327,0.466,0.05246823341755787,0.02139579996731257,0.1035819347034558
45.36,0.466,0.055369843298998446,-0.023808227659340566,0.052727403623470996
45.397,0.466,0.05109378663161234,-0.08397845362184507,-0.05661747401397375
45.433,0.466,0.05002477246476581,-0.11574344600814189,-0.10075248747378035
