sensor type:,vicon
timestamp (s),arclength (m),data
0.0,0.1165,-0.0023246371684896724,-0.0007407084425262909,0.11881966309569833,0.015836270351554917,-0.03336972822344299,-0.007879119467692678
0.06,0.1165,-0.002062479495948851,-0.0014325450722338117,0.11850208276635082,0.008435711858031514,-0.037246307180445165,-0.012617371891289099
0.12,0.1165,-0.0019932130125613922,-0.001472753538216002,0.11825357460946496,0.006525589315479385,-0.03868303501050713,-0.01284863502390548
0.176,0.1165,-0.00229491841953564,-0.000887017536630772,0.11876236845758738,0.013509213148686628,-0.033896197045457016,-0.008497919076044911
0.23,0.1165,-0.002307315077794091,-0.0008331522006177958,0.1186704222103461,0.014958796815027604,-0.03371796122703712,-0.0075888502173959045
0.286,0.1165,-0.001995168536662574,-0.001661533480600396,0.11829284809410082,0.0036186286334424383,-0.0381800912216519,-0.013436203607560164
0.346,0.1165,-0.0020267772026477267,-0.001374738374902351,0.11850787161268281,0.009121695837969155,-0.03729500554583855,-0.012436368738850963
0.4,0.1165,-0.0021630556793981984,-0.0009176375506850214,0.11851395866579849,0.014459222630941201,-0.033059781538223074,-0.008090583448972349
0.456,0.1165,-0.0021509915902520422,-0.0008660180899506098,0.11850840798594793,0.01585894848885524,-0.03372476578349543,-0.006928751485534151
0.51,0.1165,-0.0020507277189365783,-0.001572728420327308,0.1183056617948798,0.005503412708627217,-0.03725793477891528,-0.012743908363139817
0.57,0.1165,-0.002163337735145098,-0.0008855370107626191,0.11849510540226817,0.0163996065856817,-0.03393370550260704,-0.007664141913679348
0.63,0.1165,-0.002151975998141026,-0.0013198219631338289,0.11833715074767207,0.007257015097832141,-0.03692705720412542,-0.011228349078255527
0.69,0.1165,-0.0023579266486833724,-0.0009064440431333067,0.11924869571259965,0.01619564785652061,-0.033503390171477465,-0.008022701195749897
0.75,0.1165,-0.002313333273550164,-0.0005831773916257548,0.11989923162290678,0.01433342009098876,-0.03544737886702105,-0.011565735885682082
0.816,0.1165,-0.0019410000370169152,-0.0018748019969876692,0.11860326844033796,0.005758177674931764,-0.03890978900291964,-0.01307578135794458
0.87,0.1165,-0.0023890137139223207,-7.262856936851082e-05,0.11965116247640577,0.018244336230120558,-0.03405362962051463,-0.008386776954438822
0.93,0.1165,-0.0021154476957446658,-0.001799553322548627,0.119103267959265,0.007926332931813038,-0.0359353349580287,-0.012242246558517618
0.99,0.1165,-0.00220792071841205,-7.879085390125053e-05,0.11925063093237137,0.018167627597534146,-0.032799629528335136,-0.00837501605797457
1.05,0.1165,-0.0020970723859078653,-0.0018452231910366062,0.11919670998857099,0.007506779282370702,-0.037736200013291046,-0.01317623585095207
1.11,0.1165,-0.0022830304994767847,-0.0001093270057852035,0.11940032334634784,0.01775452307081487,-0.03442766126630252,-0.007797654720202244
1.17,0.1165,-0.0018798564710601942,-0.0020825988474412445,0.1187749348731768,0.00495278606665577,-0.03842403113449185,-0.012429490434549138
1.226,0.1165,-0.002540324934589607,1.1624877168339528e-05,0.11971889195816408,0.020567763424742803,-0.03248952699874645,-0.006901846016991707
1.28,0.1165,-0.0021345699609865263,-0.0017481825325940086,0.11885203361246137,0.008241938515437643,-0.03645166750743082,-0.010867691052970188
1.34,0.1165,-0.002127669428645641,-0.001198837092170063,0.11816662190285433,0.007711727045076064,-0.03726116497495462,-0.012513892484883243
1.4,0.1165,-0.002083882587934323,-0.0017353563637422533,0.11871370606605527,0.006217874310981353,-0.03812135126843683,-0.011717504599212026
1.456,0.1165,-0.0021788938808519997,-0.0007728678360669258,0.11840732532583606,0.014780190030486839,-0.03369654422341528,-0.007706821977620627
1.51,0.1165,-0.0022274875082446393,-0.0011066706701323272,0.11861261687862468,0.013058149144227075,-0.033855496837667864,-0.007806051124544887
1.57,0.1165,-0.0020695023176099843,-0.0013951165431382677,0.11854430768729854,0.0076616160274645215,-0.0381287531561791,-0.012074064239019045
1.63,0.1165,-0.002091616587579917,-0.0015458708904415722,0.11840491311245838,0.0052608768472018385,-0.03871527604784318,-0.011837790541893902
1.696,0.1165,-0.0022351853339442223,-0.0009646290014445232,0.11842812111226908,0.014754201379227928,-0.03396963475858142,-0.007433950991541919
1.756,0.1165,-0.0022267656479162366,-0.000715673768425129,0.11877867818416396,0.015616520976894041,-0.03391224542306403,-0.008511727004175825
1.81,0.1165,-0.002227286850220783,-0.0012936088486211815,0.11886797054010136,0.00982577944253498,-0.03596869121932431,-0.01148972794014323
1.87,0.1165,-0.0020928673240084394,-0.0014351499181061928,0.11840045713140748,0.006565841262723648,-0.03734110747893025,-0.011697166467060508
1.93,0.1165,-0.002341222202968322,-0.001063705602188161,0.1185870734760315,0.01301262618237837,-0.03485606659465438,-0.008011308680633301
1.99,0.1165,-0.002188079135023194,-0.0009290307434333015,0.11836934711206051,0.013415981270479249,-0.03402330483770476,-0.007808126709429594
2.05,0.1165,-0.0023754676626295728,-0.0009319843088638307,0.118682165632098,0.014165763480649326,-0.03305235976123772,-0.00832436787790228
2.106,0.1165,-0.002040705406353954,-0.0013650697096984636,0.11845842923977289,0.007286733410071237,-0.03767217673984644,-0.012535626893709434
2.16,0.1165,-0.0022301574940863855,-0.0010734377880143595,0.11853550075761865,0.013864813157956528,-0.035391991991019355,-0.007916522066325236
2.216,0.1165,-0.00227982410256186,-0.0007665431316752119,0.11871301168479235,0.015534969293127969,-0.033554433121732126,-0.007827301263801637
2.27,0.1165,-0.0022538210526429066,-0.000996977033074254,0.11872195236633633,0.013731625368827527,-0.033578987174360864,-0.007826051309640135
2.33,0.1165,-0.0022688498334039564,-0.0008803034001154719,0.11855219207348094,0.013000280577966782,-0.03402720540923677,-0.00833578410579366
2.39,0.1165,-0.0020003586615246786,-0.001701102904647724,0.11840101535351599,0.004543677430874795,-0.039081118685594725,-0.012991415126291773
2.45,0.1165,-0.0022521579522986747,-0.0010390318161558043,0.11824679412631284,0.011180702676010621,-0.034568087981248476,-0.008229037760465158
2.506,0.1165,-0.002311329365249838,-0.0012155348882822278,0.11882492719501515,0.011765968844497085,-0.035251218862038976,-0.010624264428266219
2.56,0.1165,-0.0021127708882163867,-0.0014382393101937858,0.11847658469769162,0.005781140088416952,-0.03678864351630575,-0.012571633308333361
2.62,0.1165,-0.002031651531571707,-0.0015663110969484926,0.11834223854274023,0.00724936653412413,-0.036632475868229,-0.012120362504451709
2.68,0.1165,-0.00215203327612801,-0.0014041147176722076,0.11844206553406733,0.007300298538686798,-0.035979624012741795,-0.01151912671244087
2.74,0.1165,-0.002251846792577317,-0.0010356838348588935,0.11873619035057369,0.013595384630167646,-0.033381374048560536,-0.007898995181082443
2.796,0.1165,-0.002022081207217404,-0.001277745944261436,0.11870312519043226,0.009080456802989465,-0.03676360578410783,-0.011918330794421231
2.85,0.1165,-0.0022713571945013463,-0.001150469867977455,0.11844528214142201,0.012492228998871164,-0.03461139757341859,-0.007778385901858904
2.91,0.1165,-0.0021800515394808633,-0.0009214915245657442,0.11840330316354486,0.01339138502763955,-0.03477352591385374,-0.008115575959699856
2.97,0.1165,-0.0022973554742597613,-0.0010000442208536226,0.11871032341618125,0.014170497413116972,-0.03314198904121258,-0.0074637538056775135
3.03,0.1165,-0.002384293567559967,-0.0007181295824686477,0.11887859486588188,0.015277691967054089,-0.033354103834397866,-0.007599538831348895
3.09,0.1165,-0.0021641205116624575,-0.0013568430507316835,0.11866498926116702,0.009201156934151643,-0.03718696201282566,-0.012343309547715215
3.15,0.1165,-0.0021236755044703377,-0.001396515411735195,0.11853473982213457,0.007113145629025423,-0.03827734586131782,-0.01251162875446007
3.21,0.1165,-0.0020334128705604615,-0.0015995606339815887,0.11840642714298501,0.006266356009485492,-0.03772943187692994,-0.012192141540988993
3.276,0.1165,-0.002290030032495959,-0.0007746864187746656,0.11856882897215142,0.014655093211797374,-0.032925173371264736,-0.007557099975507845
3.33,0.1165,-0.002251409227764995,-0.0009154992565152183,0.11866412574455705,0.015062836140485333,-0.033224795300094014,-0.00808545867921983
3.39,0.1165,-0.0021487075458871186,-0.0012436164930829277,0.1188138004421371,0.008874924732284316,-0.036560385180812255,-0.01181341294012425
3.446,0.1165,-0.001974674656827655,-0.001609931512098707,0.1184261808117751,0.005511151605170434,-0.03826745730470441,-0.013127562701599189
3.5,0.1165,-0.0022415475080101014,-0.0008764840040308807,0.11870089681474713,0.013810236778334409,-0.03446334163418544,-0.008535160659449292
3.56,0.1165,-0.002350107710898783,-0.000899065283489905,0.11891416943561917,0.014321076414451727,-0.0327092221264304,-0.007408185716661923
3.626,0.1165,-0.0020510447028904704,-0.0012158518477367324,0.11878299158437519,0.010039492978497168,-0.03679976577967164,-0.012067154370511654
3.68,0.1165,-0.002023083718018153,-0.0014825654505783222,0.1185796446955462,0.007340808982938866,-0.03848593889961121,-0.012955835216701942
3.736,0.1165,-0.002244991254953706,-0.0007868261976932436,0.11876957886260352,0.015861100434630293,-0.03374257804903179,-0.008337426906281597
3.796,0.1165,-0.0023234051143301757,-0.0008044795605214275,0.11870244028940598,0.015118143315576645,-0.034223400808452174,-0.007839115735824924
3.85,0.1165,-0.0020381775694243557,-0.0011593132670351734,0.11887611708731963,0.010701951675812404,-0.03647186996595747,-0.011895413091734839
3.916,0.1165,-0.002158005281309152,-0.0010964659191167925,0.11844513381610167,0.012556875561129036,-0.03488690419306286,-0.008664383200821087
3.97,0.1165,-0.0019597425922720053,-0.0015528979687794659,0.11826594282956229,0.006050760313846973,-0.03767683007920577,-0.011226393752142757
4.026,0.1165,-0.002195574208337659,-0.0009361956641795201,0.11868791205005236,0.01397503989484239,-0.03347075240985556,-0.008693956946331904
4.08,0.1165,-0.002298453205349148,-0.0007591478817227466,0.11884461359769445,0.016380725242685513,-0.03324995431421741,-0.0072501308225105055
4.136,0.1165,-0.0020968651002657023,-0.0014894487482135942,0.11860267815850999,0.006862077229606379,-0.0373569733326145,-0.012806647300601432
4.19,0.1165,-0.0020949684711739558,-0.001456384633453239,0.11860319459510234,0.007000136527295538,-0.0378564994985642,-0.011903554916614488
4.25,0.1165,-0.002262933467708001,-0.0008830026841963621,0.11873070557417964,0.014323236890273592,-0.03430888632078862,-0.007866852115048454
4.306,0.1165,-0.002168088436496109,-0.0012800069360562316,0.11868261473866376,0.010249401324206977,-0.03459067731153342,-0.011064137770415653
4.366,0.1165,-0.002058034777790779,-0.0016108111967173837,0.11840601190923213,0.0042840838245019434,-0.03918596026108255,-0.013823751904382167
4.426,0.1165,-0.002014273143339817,-0.001522753078000091,0.1183752846104292,0.006418449801574429,-0.03860157869092248,-0.012406966873697108
4.48,0.1165,-0.0022533615464596013,-0.0009229812106102667,0.11870468592884066,0.013854627095885495,-0.03347495925989065,-0.007905800629540006
4.54,0.1165,-0.0021670310552644144,-0.0012198388256865179,0.11843492009891046,0.009646377701450753,-0.03639512773509939,-0.01212147948338568
4.606,0.1165,-0.00226440095498843,-0.0008434308574013609,0.11872806257824885,0.015422690541272516,-0.03392382251593274,-0.007948281312337449
4.66,0.1165,-0.0021383407838719043,-0.0010751073154782213,0.118404332925081,0.013203417887450625,-0.03451059667239593,-0.007730815302459825
4.72,0.1165,-0.00223464298560115,-0.0009007499791466141,0.11840481122011123,0.015107704302041218,-0.034289381580407556,-0.008011708795857704
4.78,0.1165,-0.0021970924984796303,-0.0010227585269107417,0.11815600434562908,0.012593849842580784,-0.03444723856405875,-0.00860857740974627
4.84,0.1165,-0.0022426922184230775,-0.0007921856945671258,0.11883617575938331,0.015996072659959056,-0.033843091598757646,-0.007673324207854823
4.9,0.1165,-0.0020868965210436947,-0.0014089039941857953,0.11853472564813534,0.006750718024123407,-0.03741566442202616,-0.012121753367758331
4.96,0.1165,-0.0021501183302718835,-0.0014067314696295447,0.11847570386130515,0.00797193713765698,-0.03724685080707655,-0.012543372843579575
5.02,0.1165,-0.0020746859505637,-0.001296726106519543,0.11865299933446734,0.009957344837319932,-0.03692542193231701,-0.011728497759594243
5.08,0.1165,-0.0020352015896014757,-0.001254811988938511,0.11880444237948927,0.00976380150337474,-0.036792960095337425,-0.012079284951482094
5.136,0.1165,-0.001971571243494196,-0.0014152114717201835,0.1184921049749015,0.007764642958805712,-0.037344660338803945,-0.012605477867694621
5.19,0.1165,-0.0021766558196808714,-0.0015077721433905216,0.11839667780025018,0.006456958326367544,-0.03626672846348534,-0.011626980379335284
5.256,0.1165,-0.002146245073209172,-0.0009531032170137613,0.11844699733619632,0.014367970580586588,-0.034761689667550145,-0.0071851676999781355
5.31,0.1165,-0.0022614881669626202,-0.0009718954880735818,0.11871285047128856,0.012957137744295964,-0.03364479230949114,-0.008159235571080503
5.37,0.1165,-0.0021225131291245677,-0.0009540881415312233,0.11855831066761648,0.013675419626089038,-0.03464235124872499,-0.008581645523286802
5.43,0.1165,-0.0019840222206237946,-0.0014925761387967228,0.11839968841416106,0.006807942852113494,-0.03742508256460036,-0.012553143676469258
5.49,0.1165,-0.0021201209352714264,-0.001368560465856507,0.11858389414988801,0.008478368577564038,-0.037005236376504845,-0.011920775086130606
5.546,0.1165,-0.002105762749092319,-0.0013358776216031228,0.11876128811970844,0.008292427113978526,-0.036405787826089706,-0.012046311383790866
5.6,0.1165,-0.002160356834105685,-0.0009974369451369702,0.11864483027679858,0.012578630721680608,-0.034386356741750716,-0.008358622201687373
5.66,0.1165,-0.0022862212791561684,-0.000807555588247125,0.11873084736069446,0.01537637784223184,-0.033781486408203824,-0.007681126710466962
5.72,0.1165,-0.0021304074492191037,-0.0013769575754157134,0.1185722345274814,0.007892328661211388,-0.03735261539433091,-0.01147386173799134
5.78,0.1165,-0.0021470030037545333,-0.0014908803727030813,0.11848500046635778,0.0059864398983187645,-0.037119176779206696,-0.012153863330353206
5.846,0.1165,-0.0019922645213687478,-0.0015079344278846815,0.11846558488216948,0.007099423066862778,-0.03733964052554711,-0.01132130113490786
5.9,0.1165,-0.0022552346165390096,-0.0008857096848933746,0.1187463724479833,0.014354504672792952,-0.03360934168915194,-0.007539971430795959
5.96,0.1165,-0.002247302911371265,-0.0008543741375016873,0.11873419308194184,0.014069459434488243,-0.03429886884696784,-0.007471594763198015
6.02,0.1165,-0.0021528151282861987,-0.0014648272347173165,0.11852080386449754,0.007905482341692662,-0.035712860218420815,-0.01223091714145102
6.076,0.1165,-0.0020067575214644793,-0.0014282132879611684,0.11856211769683725,0.007690278513306886,-0.037527862765047985,-0.012525077734511317
6.13,0.1165,-0.0020312496416596713,-0.0014472091430836325,0.11850740911382154,0.007346831750084893,-0.03690620078797884,-0.011503935941950245
6.196,0.1165,-0.0023065700473111927,-0.0008691300748565531,0.11879921088927288,0.014688530458185838,-0.03311046767371566,-0.007412886648802535
6.25,0.1165,-0.0022717299652288817,-0.0008455684298446819,0.11877371636072366,0.014908572302750972,-0.033375052630940524,-0.007820988356750038
6.306,0.1165,-0.0020981166089082417,-0.0015529235569777255,0.11850792368057315,0.005059373392908622,-0.03772564866238157,-0.0122882690626324
6.36,0.1165,-0.0021633881808567697,-0.0010201731269636276,0.1186159137914763,0.012687544743533128,-0.033917063612044815,-0.0077785087450509905
6.42,0.1165,-0.0022614988889022762,-0.000858189250396186,0.11867776035753498,0.014727539642449532,-0.03355024410019275,-0.008248705641190724
6.48,0.1165,-0.002146910246495104,-0.0013307445574050193,0.11879329305713225,0.008961874867230647,-0.03472809190344914,-0.011411713600487112
6.54,0.1165,-0.001968492038376857,-0.0014189908557670306,0.11869697283099898,0.00807462848729773,-0.03746498615985174,-0.011077117322761572
6.6,0.1165,-0.002054352808274212,-0.001508423314813841,0.11835043994320277,0.006770119524504424,-0.03926339321544703,-0.01269838280769121
6.66,0.1165,-0.002258766248947797,-0.0009414941975077875,0.11864248855667718,0.014188287317678284,-0.032904515427468944,-0.008566184257747148
6.72,0.1165,-0.002228320821350009,-0.000736440413149539,0.11887552960063655,0.015718138766123633,-0.033640948434509564,-0.007315470204440868
6.78,0.1165,-0.002304102918447467,-0.0008004974819637765,0.11873653485652028,0.01593870573420372,-0.03470082209610001,-0.007523261796640508
6.84,0.1165,-0.002014722694149735,-0.00131496145097128,0.11854688492410398,0.009829925194822812,-0.03716306382542892,-0.013564044523661285
6.9,0.1165,-0.0018848534282893733,-0.0015913581726642034,0.11831451235356458,0.005602022202707056,-0.03691864965826647,-0.012844006550904688
6.96,0.1165,-0.0020555410336339053,-0.0013720392373763079,0.11855011107841454,0.008403944490817742,-0.03706679489194786,-0.010491217945685832
7.02,0.1165,-0.002273027345426837,-0.0007739907030907662,0.11870042598075667,0.016492987953580004,-0.032910410758439174,-0.008173261924753381
7.076,0.1165,-0.0019375551279304766,-0.0013260795918686678,0.11875003904194299,0.009280496785508408,-0.03703854631512899,-0.013165561446691383
7.13,0.1165,-0.0019534417623863322,-0.0014959310601285313,0.11838004642955957,0.0070139949691271,-0.0382235536311427,-0.011108475809352694
7.19,0.1165,-0.0021877194483632323,-0.0009002862446357246,0.11867406617434231,0.014573770857222008,-0.035424805468728046,-0.007206491098099212
7.25,0.1165,-0.0022325227501341412,-0.0008484257864538374,0.1185741957953956,0.01422182304105398,-0.03428782133350559,-0.010155139903519487
7.31,0.1165,-0.002076740856446594,-0.0011979666315336402,0.11879921510760752,0.010917528062286989,-0.035440607647547626,-0.011048281201614702
7.37,0.1165,-0.0019436568688720765,-0.0014664628555611742,0.11853910382269098,0.007484093527359667,-0.03783779147572063,-0.010398425023152554
7.43,0.1165,-0.002207800364385281,-0.0010336653493687206,0.11845794369685225,0.012260525693875176,-0.03545337082005043,-0.010350385842624002
7.49,0.1165,-0.0020517307724694845,-0.0012916856102230011,0.11871075658391621,0.009439669596681858,-0.03561612174327172,-0.012107993929817184
7.556,0.1165,-0.002199581502211178,-0.0011782416445951654,0.11881680134369631,0.012135806545640308,-0.03472177062428693,-0.008069849335620608
7.61,0.1165,-0.0022825969242512047,-0.0010125892260704071,0.11864731753482431,0.013378492351263833,-0.03418207948856542,-0.007716884478632506
7.666,0.1165,-0.002067815296937252,-0.0014931668743804144,0.1185117546642183,0.006851951300402091,-0.03722834782159642,-0.014072165443443363
7.72,0.1165,-0.002299737301491681,-0.0008909280083407019,0.11870912412507881,0.015049316138022012,-0.03277312257194806,-0.0062529907714715515
7.78,0.1165,-0.002432245638908347,-0.0007064138653975209,0.11893887066682672,0.016179123613336174,-0.03379508016229613,-0.005372653747949824
7.84,0.1165,-0.00215776395204959,-0.0012331719426020183,0.11869409299232071,0.01021840925817924,-0.036260764493098056,-0.01413077832697625
7.9,0.1165,-0.0021464799427292503,-0.0013276838746495007,0.11865438975626359,0.009209301246401718,-0.03669990662378787,-0.012701511145778568
7.96,0.1165,-0.0021157923943339032,-0.0014509542917630009,0.1184841531285696,0.008147331148688413,-0.03724153110201006,-0.008933249461619748
8.02,0.1165,-0.0021236018937725405,-0.0012752539900179405,0.11876689125202582,0.00987749371196127,-0.03692320432471031,-0.012552253638456412
8.08,0.1165,-0.002242747745313662,-0.000860900066626745,0.11871434306401256,0.01495904107383089,-0.03340892775900295,-0.009658409499065842
8.14,0.1165,-0.0020768053072177705,-0.001279661276059069,0.11871631442376003,0.009923556479957726,-0.03581281419673641,-0.009733281230912686
8.2,0.1165,-0.00206835587340236,-0.0012636493982819351,0.11874915269885536,0.009825695048118173,-0.0377762407329797,-0.010759634473217924
8.26,0.1165,-0.0020438990283988085,-0.001505238892399907,0.11844662030256838,0.007399530669935937,-0.0378432383222908,-0.013944076549939979
8.32,0.1165,-0.002264217357443501,-0.0009234183509993782,0.11856059010345052,0.013127527269717104,-0.033162969812670494,-0.007296381676484077
8.376,0.1165,-0.002290944237841517,-0.0007993761879047746,0.11878611280612619,0.016019944868434496,-0.033480872871065416,-0.005737330935439283
8.43,0.1165,-0.002202510555616162,-0.0009021052718237702,0.11858375631038709,0.013438193451544749,-0.03404966949054776,-0.009344640836462971
8.49,0.1165,-0.0021572317276631766,-0.0015420707783226908,0.11844713771477289,0.005500872227030064,-0.037305014003050224,-0.014585277472114593
8.55,0.1165,-0.0020469431863357696,-0.001064630485572529,0.11832510443539432,0.012225954360387885,-0.035709261167667004,-0.006686950147479858
8.61,0.1165,-0.0020783786663687853,-0.0013206129921738286,0.11871400336205386,0.010025348785407041,-0.035993660208833475,-0.01002757620624543
8.67,0.1165,-0.0023843272773572664,-0.0007848159093398383,0.11886596724541265,0.015267873226259677,-0.03337737839960132,-0.009727293127392527
8.73,0.1165,-0.00203768159266151,-0.0012781270052906833,0.1186768629806157,0.010530966206565785,-0.037268164934131036,-0.011280781892843188
8.79,0.1165,-0.0020695903468900805,-0.0016463188900661518,0.118310635172436,0.004536957257101943,-0.03778265764998523,-0.010747971903190457
8.846,0.1165,-0.002195395313540604,-0.0008839405302583553,0.11877169458137617,0.014656856116620676,-0.033724324292639926,-0.009613436673958725
8.9,0.1165,-0.002192886816297802,-0.0008414452729022434,0.11859559706029947,0.015116517951066192,-0.03351120153494227,-0.008880812837159415
8.96,0.1165,-0.002288530740923596,-0.0008178036153892896,0.11871947057496503,0.015733362829458593,-0.03537780879487135,-0.005716049890144299
9.02,0.1165,-0.002159055414621296,-0.0014192506787962407,0.1184475397443741,0.008323343619451517,-0.03838638234907334,-0.011674194987405155
9.08,0.1165,-0.0020801489822170308,-0.0014713408706560117,0.11852763360448326,0.0077172806373672015,-0.03891114703082236,-0.014664152499548309
9.136,0.1165,-0.0022875136149546667,-0.0007195559985279848,0.11874305102731986,0.016255482829965383,-0.03381527984190599,-0.00654656214241507
9.197,0.1165,-0.0022004292493987684,-0.0009538489284528213,0.11877335451460355,0.013278668635720348,-0.03543509264091107,-0.00590750842055406
9.25,0.1165,-0.0021204211288263033,-0.001459260841016434,0.11848995483633573,0.007056697889848917,-0.03722452204600236,-0.014024861408033164
9.31,0.1165,-0.0020402070498120126,-0.0015831735522157987,0.11827207308376873,0.006194998059029339,-0.03773628123581821,-0.013284144018945346
9.376,0.1165,-0.002204240558660885,-0.0009799901351825208,0.11852139706571561,0.01297404593436357,-0.03369042821371752,-0.006231232676534538
9.43,0.1165,-0.0020405582128544433,-0.0013666492862757778,0.11863482049907796,0.008547068856163567,-0.03519561001654078,-0.011868656414961556
9.49,0.1165,-0.0022930031500560306,-0.0009053555614497116,0.1186827009845892,0.013725449005000372,-0.031054641327423214,-0.010530800936749445
9.55,0.1165,-0.002089610701694532,-0.001315875848258563,0.11857723578859182,0.00896897619811244,-0.03606041442151761,-0.01122996627100949
9.61,0.1165,-0.0019357820596074859,-0.001555041874913523,0.11828093074469274,0.0066572648086401865,-0.03747437819171641,-0.011325858287818485
9.67,0.1165,-0.0019494083765462472,-0.0014329358598153498,0.11851318026741339,0.00807806704420202,-0.03588389920164348,-0.014186647734718973
9.736,0.1165,-0.0022744412987198916,-0.0008086590653945408,0.11869222126348647,0.015261416134061737,-0.03439265326828611,-0.007725101466302423
9.79,0.1165,-0.002235706883557742,-0.0009856120976509059,0.11881649572994742,0.013975949926383966,-0.03488624473233764,-0.005333160538809993
9.85,0.1165,-0.002131680769421679,-0.0015023870876335204,0.11840807766647818,0.006714457094765975,-0.03805012724244605,-0.012012509093560568
9.91,0.1165,-0.002179020153445198,-0.001552202850431641,0.11838223062923225,0.006745450460699211,-0.03879608219148141,-0.01357024317683579
9.97,0.1165,-0.002231412858385941,-0.0008916186621105814,0.11851904333044015,0.014524794480035968,-0.035823397020987434,-0.006446652551799894
10.03,0.1165,-0.002298091532546209,-0.0011331402153119058,0.11880838530067384,0.011702167021267664,-0.035791623874337104,-0.01109614568814772
10.09,0.1165,-0.0021701797130619627,-0.001116396418319665,0.11871435984254976,0.011703463221128224,-0.036152436232747644,-0.01277039719370636
10.15,0.1165,-0.0022145874963651045,-0.001440276091642429,0.11859375407967081,0.007243033094294771,-0.03741767916057821,-0.011313876753803047
10.21,0.1165,-0.0020290406474366353,-0.0016238118421802456,0.11823796942503231,0.005345736256121293,-0.0378386840906194,-0.010786081354815118
10.27,0.1165,-0.0021447417383235025,-0.0009671414150834674,0.11856210236337741,0.012981614671912852,-0.034246882656560174,-0.009358770731247325
10.336,0.1165,-0.002154811610263834,-0.001155838062332227,0.11878858206074391,0.011713882719887903,-0.03422386402075423,-0.011186854220882152
10.39,0.1165,-0.0023011106600719197,-0.0008099615857311592,0.11901557436323124,0.01440334403168787,-0.03267017915880937,-0.0071160966594236465
10.456,0.1165,-0.002137422119563971,-0.0013615915943903465,0.11853730207854024,0.008458624548307423,-0.035942896589179006,-0.011889970885975374
10.51,0.1165,-0.0019146537654101397,-0.001538610868341293,0.11844462206205897,0.005653246991643478,-0.03816157906239032,-0.01471871160898231
10.57,0.1165,-0.0019544924151991957,-0.0014050618341192647,0.1184777609113983,0.007505798524202541,-0.03658890898134126,-0.012013804490732072
10.63,0.1165,-0.0022448892756104775,-0.001042459621276346,0.11907104018566998,0.012644897865522201,-0.03539731230341137,-0.010382498759006984
10.69,0.1165,-0.0021207837835353315,-0.0012418786247972609,0.11874839245446948,0.010153439535759073,-0.03624575291873152,-0.012038897526085548
10.75,0.1165,-0.0021290729318619835,-0.0016474963994249823,0.11851334018755522,0.004909104753724849,-0.03900175567473738,-0.012927845153087073
10.81,0.1165,-0.0020111473094672604,-0.0015259108975602992,0.11838325851730663,0.007224956603162417,-0.039638777163269,-0.010678489108800338
10.87,0.1165,-0.002203398005259055,-0.0009223851677268415,0.1184916692221531,0.014733521319834837,-0.0355055945821725,-0.008947653890829504
10.93,0.1165,-0.0022443880248128843,-0.0008012093127149479,0.11851742586895629,0.015362485794795445,-0.034743435974176146,-0.008644385584795695
10.99,0.1165,-0.0020866375461790873,-0.0013718640854771878,0.11864925987372989,0.008601694074086228,-0.03672935082686773,-0.011927850001651466
11.056,0.1165,-0.002008975051309027,-0.0014226436615528968,0.11840806916668294,0.008010574110335459,-0.03798992586548745,-0.012025464166602004
11.11,0.1165,-0.0021394853188470226,-0.001503336412962508,0.11860305394999583,0.006128271999591717,-0.036735870809385784,-0.01302997611105934
11.176,0.1165,-0.0021635526414132624,-0.0014137287349637697,0.11849011248135614,0.007318534578241389,-0.03582117872996011,-0.011732197575581995
11.23,0.1165,-0.002334048504979697,-0.0008139951373439361,0.11894159042406692,0.015374056952803366,-0.032601919122639364,-0.005981442349824253
11.29,0.1165,-0.0023093358687016163,-0.0009457046074245525,0.11864589265144401,0.013459708032605542,-0.032616047582381735,-0.007825843124495743
11.346,0.1165,-0.0020450411018942305,-0.00151987252098014,0.11833510342738073,0.00705620147533155,-0.03698658201283569,-0.012725351210670694
11.406,0.1165,-0.002222293745479019,-0.000952316093516689,0.11849358482239772,0.014532851116288378,-0.03293968367008371,-0.00686389610601288
11.46,0.1165,-0.0022248274370477183,-0.0007815110438940346,0.11865408425617961,0.01642972832119721,-0.03327576264218849,-0.007497219191284414
11.52,0.1165,-0.002134981479663578,-0.0012174105566129959,0.11850555121876936,0.009899063266614803,-0.037045163837123696,-0.012395087349118327
11.58,0.1165,-0.0021021856405046254,-0.0014193528913466545,0.11872736648516313,0.008166222379315264,-0.03674592565916511,-0.011650302851726557
11.64,0.1165,-0.002084997566181273,-0.0014201747274955171,0.11851830956359413,0.00794579609146226,-0.038331533504456325,-0.01166018707256727
11.7,0.1165,-0.0023498899023790976,-0.0008928911709513217,0.11876387451566922,0.014796112216806776,-0.03469963225706574,-0.008245859342248734
11.76,0.1165,-0.0020088846841527083,-0.0012106310266695158,0.1185609553625638,0.009803195885558133,-0.03739203171965984,-0.011954728131933332
11.82,0.1165,-0.0023571108732523376,-0.000850563838572772,0.11870475760726701,0.015427741599011868,-0.03442179174043688,-0.006313052996524154
11.88,0.1165,-0.0020084060532817166,-0.0013322068668770338,0.11859150491232251,0.009012058700053697,-0.03878775868222421,-0.011735853411070639
11.946,0.1165,-0.0021050154977254377,-0.0015815599087871473,0.11840302643386262,0.005316421916557903,-0.03818361434749449,-0.012756741129073204
12.0,0.1165,-0.0020708553965212177,-0.0014149184098015445,0.11849506521095497,0.005896143434699646,-0.036410848012884856,-0.011421364830205581
12.056,0.1165,-0.0022458644681391574,-0.0009222390714122563,0.11875304113307882,0.015114259430125782,-0.03362331939876905,-0.007085865718836029
12.11,0.1165,-0.002175354256773093,-0.0010064571380779368,0.11844565290897921,0.012554499085165037,-0.03383323504137517,-0.009680167481294154
12.17,0.1165,-0.0021342613379036627,-0.0010538417299378218,0.11847237930873983,0.01303091397602027,-0.032693821210336545,-0.00809006097451983
12.226,0.1165,-0.002181815238934378,-0.0008943868974506417,0.11867692414532584,0.014295588764187492,-0.033753645077735255,-0.006592979302171996
12.28,0.1165,-0.0021953201707226155,-0.0009015419980975322,0.11866666289520275,0.014327457925741248,-0.03405804098333809,-0.008729775973332934
12.34,0.1165,-0.0021368139676377668,-0.001306750708760397,0.11859673517538231,0.009290674025866415,-0.03514639551628627,-0.012661858340245524
12.396,0.1165,-0.002114088267710408,-0.0011254955090738606,0.11834432546266177,0.011876031368341214,-0.03336984700867099,-0.007655841579798684
12.45,0.1165,-0.0021114604473367695,-0.001414929667885749,0.11858329850975953,0.00705180435755024,-0.03796615301964616,-0.010664931786463858
12.51,0.1165,-0.0022021985884179136,-0.001524782610064039,0.11844431499214818,0.006693798719702213,-0.03757899288466993,-0.01312663241928281
12.57,0.1165,-0.002068444834679864,-0.0012586879344935497,0.11880041134283892,0.009474497328636484,-0.036599762494789544,-0.012066850239889272
12.63,0.1165,-0.002131387493819843,-0.001376456602937458,0.1186353458847397,0.009348569242799618,-0.03660128052328151,-0.010259341169703534
12.69,0.1165,-0.0022278105303823875,-0.0010325288967810591,0.11864354050132002,0.011955301906455164,-0.03659548018625878,-0.009417256395354796
12.746,0.1165,-0.002196322419633841,-0.0010515713873357764,0.11846043095805632,0.012424295285172601,-0.035324660074203436,-0.010337299477963345
12.8,0.1165,-0.0022147094352908494,-0.0009692986740614512,0.11839223508987617,0.012538789923995644,-0.03335507587944172,-0.006718805508833653
12.86,0.1165,-0.002245620318241432,-0.0007726845286367511,0.11864148699583688,0.01766450506234365,-0.03428977626357579,-0.006281917868066311
12.92,0.1165,-0.0023897072970937125,-0.0008796959597807556,0.1185212959083749,0.015586433827676152,-0.033567597635534185,-0.009524526416775163
12.976,0.1165,-0.001990547818431822,-0.0014040800602267878,0.11861554553647533,0.007589765623643008,-0.03575879078183259,-0.014308566672952916
13.03,0.1165,-0.0022180061538709392,-0.0008836232969352216,0.11861200832873478,0.015208678252750853,-0.032480110061850975,-0.006107762854981156
13.096,0.1165,-0.002212737568955746,-0.0008621898911275402,0.11860927599867489,0.015189341513394803,-0.033386456669419494,-0.008270440257743652
13.15,0.1165,-0.002116205721159472,-0.0014628646774104235,0.11840768509594674,0.008366723870154294,-0.036398604044571285,-0.014104070408737866
13.21,0.1165,-0.00201632892763183,-0.001486263798189223,0.1184212724131603,0.007174723440432427,-0.03537462687286883,-0.010962483336260187
13.27,0.1165,-0.0019006540843214581,-0.001536466445780924,0.118376642041998,0.006593548492298211,-0.03891533805714581,-0.010840464826338164
13.326,0.1165,-0.0022395404230348046,-0.0012960426077485712,0.1187410237878232,0.009638841682109165,-0.03627544392048289,-0.01274077037125114
13.38,0.1165,-0.002184609526943285,-0.0009296890563934619,0.11860860385773687,0.014403451639537792,-0.032866455551559315,-0.009157512626775124
13.44,0.1165,-0.0020775857208356068,-0.001464295544522837,0.11839405784281695,0.006878185850340063,-0.03730681463534238,-0.010586445926462577
13.5,0.1165,-0.0020772746956038103,-0.0014850975878024802,0.1185301747380559,0.007124180193898515,-0.03873913764922082,-0.011915021349639645
13.56,0.1165,-0.0020863857701653053,-0.0013424282900808561,0.11865380274246708,0.009144765018957996,-0.03831095507492563,-0.015241178489120146
13.62,0.1165,-0.002269323324339069,-0.0007369155378384969,0.11869194523125802,0.015480985967597621,-0.03417420695265101,-0.0057487354601389
13.68,0.1165,-0.002209728674369386,-0.0009436417858336654,0.11859312354915047,0.014097739688766334,-0.03491987869518445,-0.005311759498692246
13.74,0.1165,-0.0021769476783963246,-0.001404818848021018,0.1186281627748339,0.008364898649341113,-0.038253057681826845,-0.014068288761233578
13.8,0.1165,-0.0020195399442813986,-0.0015231870597106636,0.11832827782760484,0.006657718167934039,-0.037632557552023584,-0.012197484715887283
13.86,0.1165,-0.0020800278763591787,-0.001335580207951768,0.11863428241924556,0.008842915184327478,-0.03654312622105294,-0.009344093273809802
13.92,0.1165,-0.0021454397149108873,-0.0013215054827044705,0.11855634189503379,0.009393514429832762,-0.03548788287249443,-0.01231411746826266
13.98,0.1165,-0.002124106794967888,-0.001273670490695583,0.1185429152274784,0.010169200717978584,-0.035344598416910816,-0.014455082246854139
14.04,0.1165,-0.00203615979276978,-0.0014312996127283978,0.11858884021147567,0.007686002321939864,-0.036395281022817416,-0.009748993940758332
14.1,0.1165,-0.0020617362733804058,-0.0014086198238221499,0.11855506979249289,0.008162956478114134,-0.03819081418889919,-0.011112809384382884
14.16,0.1165,-0.0021021306644812086,-0.000965566110332808,0.11844178348991298,0.01443445012323704,-0.035037630254199544,-0.010918053622896672
14.22,0.1165,-0.0022572579493145358,-0.0008999128734256283,0.11868051025086213,0.013653303099611026,-0.03267326467967914,-0.007461869317410507
14.28,0.1165,-0.002102390960089625,-0.0012779889472049615,0.11864992379102667,0.009439600941966898,-0.036399739643865746,-0.00968850531420344
14.34,0.1165,-0.0021060095667941635,-0.001274747859462883,0.11860559690596459,0.009663056233203172,-0.038953358012377044,-0.014223741986666363
14.4,0.1165,-0.0020430050058352963,-0.0014906183139956743,0.11837387553122306,0.007373075632282901,-0.03823355625483453,-0.01443215928180261
14.46,0.1165,-0.0021592050837355692,-0.0008693316973513671,0.11855244576706725,0.01518893205416634,-0.03500722283463215,-0.005659842188214473
14.52,0.1165,-0.00230963135536058,-0.0008330559215700081,0.11892368894986335,0.014928236648151065,-0.0345165397772374,-0.007836458980680945
14.586,0.1165,-0.0020915601518771993,-0.0012508841540269278,0.11870659450304373,0.010896290638374027,-0.036451055581359616,-0.014273830003622468
14.641,0.1165,-0.002109014742465278,-0.0010110534729236525,0.11847658935031863,0.01371945399393793,-0.03459829258582888,-0.007245622631345289
14.7,0.1165,-0.0021077034732717988,-0.0015251486348724947,0.11838541861111952,0.006172797042490765,-0.037546617982896144,-0.009922525601946564
14.766,0.1165,-0.0021445823709593083,-0.0014557224342367958,0.11854198368831038,0.007784750827167896,-0.03626335643007588,-0.01376028101202486
14.82,0.1165,-0.00215519952381654,-0.0008817079026717532,0.11862065350272533,0.014261718015143695,-0.03295463389680084,-0.008832103776832058
14.876,0.1165,-0.002072106827647352,-0.0013564424972455477,0.11855922833503885,0.008774664876578369,-0.036272845953424185,-0.009617766476535802
14.936,0.1165,-0.002080267068942333,-0.0010897781710818622,0.11830674595974508,0.012413892908629817,-0.034914229002605345,-0.00807776923872358
14.99,0.1165,-0.0020530423416923577,-0.0010658436749689402,0.11823730469449668,0.012418772057953678,-0.03453069784635148,-0.011451237238936391
15.056,0.1165,-0.00204607937572187,-0.0011810262620232147,0.11858623891440558,0.011061375490943394,-0.036160953622584736,-0.010631535847780068
15.116,0.1165,-0.002190840700368113,-0.0010177658059330236,0.11842843032464809,0.012161774622875581,-0.03455218471153765,-0.006471716700718246
15.17,0.1165,-0.0022104753410134323,-0.0013299517048492755,0.11888497911587836,0.009044508440639393,-0.03693166279565156,-0.01390730541624117
15.23,0.1165,-0.002236047150011911,-0.0010039830378052552,0.11832827056961756,0.012974522537341947,-0.03411279427885221,-0.008255012486646488
15.29,0.1165,-0.0021943185594556474,-0.0009744300697594063,0.1186207394929093,0.014360117607982325,-0.03482558975042823,-0.004884621259555632
15.35,0.1165,-0.0022303902303366144,-0.000853696492232441,0.11853606384215035,0.015022712768238354,-0.03432143258129419,-0.00854770856084757
15.41,0.1165,-0.002192163941298867,-0.0009676529857059301,0.11860244447833376,0.013633203750626493,-0.03496063479129475,-0.009355055025571917
15.47,0.1165,-0.002154997952788814,-0.0011864417539916472,0.11895130797199234,0.010314653352109827,-0.03691933436479187,-0.010552476437000398
15.536,0.1165,-0.0020842446176439285,-0.001529152074371885,0.11859449156109447,0.0060975359226379915,-0.03688173280426849,-0.011543740087081
15.59,0.1165,-0.0021586867815235823,-0.0009161009117229086,0.11841535547846774,0.014480290079877422,-0.03477381178203894,-0.009698029035215374
15.646,0.1165,-0.0022670026707897295,-0.0009312134326710302,0.11868040458397987,0.01328767535511777,-0.03373657097426137,-0.008470374840882425
15.7,0.1165,-0.002043825782637256,-0.0012217222443671157,0.11873912128243387,0.009760143955375616,-0.03694365772984402,-0.01097984125936644
15.76,0.1165,-0.0021386241114449015,-0.0015261576333688292,0.11848731636383515,0.006131922647113007,-0.036633151711958405,-0.012771136850240719
15.82,0.1165,-0.0021219248160899333,-0.001432993822455831,0.11848153851985707,0.0077554555810964215,-0.0374764023895335,-0.012611426659232428
15.88,0.1165,-0.002031013057133622,-0.0013748404060959154,0.11851075641302714,0.008681394800574858,-0.037520068634562406,-0.01001156539265052
15.94,0.1165,-0.0020505681458107684,-0.0012982895336934078,0.11865064233085379,0.009580803677567617,-0.0363236205623558,-0.011201579874084988
16.006,0.1165,-0.0022308888201910656,-0.0009866816248109852,0.11843269465053327,0.014048987458038995,-0.03261488643954192,-0.00942077940737574
16.066,0.1165,-0.00202527531945593,-0.0015669702415165992,0.11837006368084271,0.006269705898657976,-0.0383458582975049,-0.011421710773682425
16.12,0.1165,-0.0020976387459065073,-0.001424941178728407,0.11853677115081461,0.007602998778901628,-0.038618665973693546,-0.011733219291911796
16.18,0.1165,-0.0020387491723304362,-0.0012823021084668019,0.11872459850327771,0.010106542602440104,-0.03630527732621545,-0.013135093052536647
16.24,0.1165,-0.002239287474882812,-0.0007814707784358419,0.11857843154643759,0.015138656530929426,-0.03361384857800288,-0.007977965381473833
16.3,0.1165,-0.002244627521001454,-0.000985831083939857,0.11856070885795116,0.01340305089729176,-0.03576756762059113,-0.00673969570927786
16.36,0.1165,-0.00220261612825184,-0.0013723532847527834,0.11845386811061613,0.008423196429556072,-0.03712010070044209,-0.012088609555360905
16.42,0.1165,-0.0018915635441703088,-0.0015655290066696253,0.11831341759179763,0.007328821223298928,-0.037651882673417035,-0.012877907609435224
16.48,0.1165,-0.002234722503332788,-0.0008928611793565368,0.1186822861715303,0.013871332670054576,-0.03476596974040476,-0.006369523283034749
16.54,0.1165,-0.0021128627473453385,-0.0013100586044245725,0.11871122440308562,0.008815787655505718,-0.03716523705104634,-0.01217925015598347
16.6,0.1165,-0.0021943543161764773,-0.0009357081817062009,0.11840917460162782,0.014241772629079448,-0.031972266704099674,-0.00919340142028585
16.66,0.1165,-0.002226669601633218,-0.0011315449767816154,0.11849353559495096,0.011469816478826007,-0.03381341640599954,-0.007835308413837257
16.72,0.1165,-0.0019564339884108575,-0.0013757022227441163,0.11852526213336867,0.00779791321924542,-0.0388068202540376,-0.012697257349974775
16.78,0.1165,-0.0019940932932567294,-0.001385817609656606,0.11854883143096026,0.008863097914192234,-0.037011284333774076,-0.01423921597822323
16.84,0.1165,-0.0022320947451398305,-0.0008548199372906484,0.11892232117791858,0.014975185436806064,-0.03280303227876654,-0.007893646515996784
16.9,0.1165,-0.002159584737219001,-0.0011748885211053397,0.11731473749789527,0.01203676099727437,-0.03516751734685726,-0.006639289536581428
16.96,0.1165,-0.001871861529929944,-0.0017882826990301241,0.1170668026406375,0.0033455615200523423,-0.03813471218399059,-0.013930445115658637
17.02,0.1165,-0.0017528216762795574,-0.001980397555057694,0.1170868356937185,0.0015732890649988033,-0.03778359460177874,-0.013511015561575402
17.08,0.1165,-0.0019024113104398259,-0.0017456420783240956,0.11727574769986047,0.003285545623964561,-0.037673123085171276,-0.011378900454858235
17.14,0.1165,-0.0018930165309721107,-0.001411239896860809,0.11644347871047503,0.008477674498805763,-0.036276350924923706,-0.00909017441503278
17.196,0.1165,-0.0019789515405827475,-0.0013892484343132913,0.1166893052007075,0.00959261826892046,-0.03486822391720846,-0.010897925902342266
17.25,0.1165,-0.001826428979003567,-0.001680432124430117,0.11732651160411155,0.005070304658150671,-0.03824734305970534,-0.012469576228376853
17.31,0.1165,-0.0016721031402462537,-0.0018707097858697405,0.11692777828493837,0.0034158079946574,-0.03823000030291484,-0.011755568995190008
17.37,0.1165,-0.0023425605447153813,-0.00158994748940576,0.11740231461987788,0.0041309212215069535,-0.038655474413410454,-0.01294039741144413
17.436,0.1165,-0.0023015975440765822,-0.0014195271024890282,0.11755451507097221,0.006153071907775101,-0.036251720136444995,-0.011862345209821117
17.496,0.1165,-0.002474375217777624,-0.0013953911734358236,0.1175447310679818,0.00658939501755705,-0.037659721808668264,-0.00814534678705242
17.55,0.1165,-0.002455354483850055,-0.0011178515127344545,0.11747021842220093,0.010526974427492987,-0.036206896529465654,-0.0076774934448641695
17.606,0.1165,-0.002485065918128736,-0.001301823931362311,0.11723043239277417,0.008096985188724188,-0.035313741658608254,-0.009433745211239469
17.66,0.1165,-0.0024645641546386515,-0.0009419959141452663,0.11757102900867293,0.0113734947213694,-0.0343117973632985,-0.005323216390444654
17.726,0.1165,-0.00247348954667971,-0.0012065804079791655,0.1173754198288338,0.00972860674158202,-0.03701482730233802,-0.005148339467985358
17.78,0.1165,-0.002388766328068949,-0.0016353200577193079,0.11736621947618307,0.002275857089865759,-0.040099142484621056,-0.015042280420406376
17.84,0.1165,-0.0015859974302118787,-0.0019321729752466356,0.1168640784242198,0.003471987507589357,-0.03701935939825387,-0.014084428919706
17.9,0.1165,-0.0015423638916763859,-0.001726481054606317,0.11703302597010914,0.005060798587984433,-0.036905999545317994,-0.011101440747260565
17.96,0.1165,-0.0018018132780741691,-0.001329373734928715,0.11664806751895819,0.010820288391162362,-0.03486124317814536,-0.010049626470297243
18.016,0.1165,-0.001961254944478664,-0.0014389310836835914,0.11685099463543831,0.009356802700056698,-0.03418695969076597,-0.01145075410148958
18.076,0.1165,-0.001556696845343119,-0.0018979384010266685,0.11706263301156615,0.0023310153000243423,-0.03878975043696321,-0.012375471748921845
18.13,0.1165,-0.0016663421354225117,-0.0018982011838331672,0.11702474836227467,0.0031002993763368848,-0.03839220359318698,-0.010943390045175689
18.19,0.1165,-0.0014396294582416306,-0.0018756590918262406,0.11650817701416606,0.00491206284782154,-0.035059642961465194,-0.016185407311347193
18.25,0.1165,-0.002440371693587888,-0.0009772943888942936,0.117676379069882,0.011591638519580024,-0.0353582231225943,-0.008439663460513823
18.316,0.1165,-0.0023845157187721328,-0.0015173410403942229,0.11753269488323823,0.004696039943554493,-0.03819132132890241,-0.008954398499926877
18.37,0.1165,-0.002471262454957593,-0.0011897351958469469,0.11735499023321626,0.009759977395970131,-0.0378862095486497,-0.008540090518419701
18.43,0.1165,-0.002542173447164723,-0.001165190098060151,0.11743785666106915,0.008855855689774468,-0.036209840190536934,-0.009467857083123756
18.49,0.1165,-0.002481222802348467,-0.0013821314982939844,0.11732256766241413,0.003944514573548574,-0.03858071225429198,-0.00785302476076334
18.55,0.1165,-0.00261546965684083,-0.000994067024050999,0.11751658183322063,0.010620263594630659,-0.037622045334516685,-0.004297898379354635
18.61,0.1165,-0.0023442434063182106,-0.0015172034319592752,0.11745045501728166,0.0014559222798913574,-0.043117434913988964,-0.013470667094463038
18.676,0.1165,-0.0023989658024220896,-0.0015860896542577564,0.11711307482710108,0.0016165097636571528,-0.0427508888557861,-0.009016582209976745
18.73,0.1165,-0.002404041168010242,-0.001491575272953816,0.11734333626522721,0.0012031845263636958,-0.044473339010420804,-0.005265540806384502
18.79,0.1165,-0.002484253816857064,-0.001435525137187154,0.11750938119191418,0.0003993815126674845,-0.048068770209884086,-0.009820385644095386
18.85,0.1165,-0.002736230445308944,-0.0008446459960434155,0.11732017278027898,0.0072858201441276605,-0.044883780874790107,-0.00669161049575601
18.91,0.1165,-0.0026024765855668045,-0.0014361670412893005,0.11722476610006177,-0.0003745984452739559,-0.05057538075453361,-0.005763060811522422
18.97,0.1165,-0.0026791485972810273,-0.0017271767403046197,0.11700866922212395,-0.0019007347267688429,-0.056415410236912614,-0.012970998384371513
19.03,0.1165,-0.0024067591994710496,-0.0018994180891444264,0.1173252822343931,-0.006687792623799332,-0.05994541367379785,-0.023900271692964166
19.09,0.1165,-0.0026147333963743966,-0.001412948609239889,0.11705952871609954,-0.001074441336201577,-0.055119576623652695,-0.011800919248113228
19.15,0.1165,-0.0027701641590630504,-0.0014264152170212917,0.11704654699538469,-0.0017397785006163014,-0.05988363332055803,-0.00932605955805682
19.21,0.1165,-0.0025820033929360997,-0.0018057116118452125,0.11690264074177009,-0.007911989437527581,-0.0678504101837863,-0.019161298477317693
19.27,0.1165,-0.0024977688839254823,-0.0018691527067455328,0.11672256870959462,-0.01587545703960284,-0.07296548484164611,-0.01980098256186489
19.33,0.1165,-0.0026383418123457174,-0.0016142836985010916,0.11675245019436398,-0.013370970698121305,-0.07855006814404712,-0.016452819844509654
19.39,0.1165,-0.002685747388515636,-0.0016996072090392782,0.11660564380447119,-0.014034244715491898,-0.07863693185860941,-0.01736221740467034
19.45,0.1165,-0.0026582949076576923,-0.0014590412674119388,0.11669039458313571,-0.016196515587729037,-0.07924898447960967,-0.01643960294054803
19.51,0.1165,-0.002709666852127041,-0.001469780635585013,0.11637673874293114,-0.01555071218855636,-0.08680757442423022,-0.015956699473494977
19.57,0.1165,-0.002706619408412975,-0.0016215201623579652,0.11605745882898008,-0.017737727852752423,-0.09215398255591985,-0.016555116024753895
19.63,0.1165,-0.0027574567351502524,-0.0014705956249983227,0.11598662830010624,-0.01693679937361347,-0.0930795842506053,-0.016201638978664494
19.681,0.1165,-0.002734589052875124,-0.0012007138014288364,0.1159225816310307,-0.018932229363648106,-0.09708142730691643,-0.014053501733894446
19.74,0.1165,-0.0029643655155727516,-0.0012237820969627665,0.115587839749667,-0.01901656597584229,-0.10121623326230181,-0.0125474155375517
19.8,0.1165,-0.0029628693688658033,-0.0012124450422058618,0.11553183139409992,-0.02433424628482346,-0.10830050300876067,-0.013533510192288862
19.86,0.1165,-0.0031279373560824,-0.0009433125183932888,0.11539984812782417,-0.029215234058408434,-0.11884841345602287,-0.01285136256765761
19.92,0.1165,-0.003342017909450553,-0.0007034608612746945,0.11500367481000086,-0.035505693963026205,-0.12524813998513962,-0.013397707560558756
19.98,0.1165,-0.0035607566035038454,-0.0007792460178957319,0.11481278390497017,-0.03974968589104061,-0.13393102851216962,-0.012301819660900267
20.04,0.1165,-0.0037175246737283004,-0.00036660155918675987,0.11476048769967434,-0.04322387683798588,-0.1420617917537445,-0.011532042679917868
20.106,0.1165,-0.003921242522072041,-0.00039748720323482244,0.11458995082736742,-0.05850704769338252,-0.15127888034869375,-0.010871707526202867
20.16,0.1165,-0.0038425843777714452,0.00017409498844414898,0.11427951700417839,-0.055802318590889924,-0.15132215640586724,-0.004470416468605314
20.22,0.1165,-0.0040381348823527435,9.130339149897928e-05,0.11406132527711152,-0.06419776593512094,-0.1604063127103695,-0.0045334715036593485
20.28,0.1165,-0.004143475244068723,0.00029051803924659894,0.11370728125881129,-0.06022789016667553,-0.16463768627019973,-0.007168083139551342
20.4,0.1165,-0.004257021879147384,-0.00028376095592687995,0.11354840490458463,-0.07474993440236924,-0.17518650835024385,-0.013382073623342695
20.466,0.1165,-0.0042790511170372305,0.0004800972901030575,0.11341920235588218,-0.06364636124609854,-0.17145857172231135,-0.004448169397353747
20.64,0.1165,-0.004600889057582989,0.0006259821199547112,0.11289423048919493,-0.07863426469236734,-0.19057996406385327,-0.01286458998198793
20.696,0.1165,-0.004572253302289957,0.0005717081698645525,0.11274115448092589,-0.0859311240324183,-0.1960744041552826,-0.008057397630389115
20.81,0.1165,-0.004790371397008518,0.0007318618851119274,0.11281695973581525,-0.08515215360897009,-0.20875714525556133,-0.016559609233763473
20.93,0.1165,-0.004813671862467472,0.0006527677840391715,0.11223201972029914,-0.09327549094436954,-0.20984470854642978,-0.007471650730248777
20.99,0.1165,-0.004585676006259069,0.0006635194417588803,0.11199814210467633,-0.09152590413327147,-0.21410551378314566,-0.01120881124401374
21.05,0.1165,-0.0047161555648944555,0.000857436873968592,0.11213289065367298,-0.08850354625322673,-0.21681258628705782,-0.016778741631674542
21.11,0.1165,-0.004525038711230604,0.0011067304107058994,0.1119680351100272,-0.08336163707189138,-0.21580379041004452,-0.00832328366083583
21.171,0.1165,-0.004250153495524817,0.00147970661857596,0.11193046651766037,-0.074929752036345,-0.21230253521948722,0.005238697030802463
21.23,0.1165,-0.003912045350823135,0.0011220597843301114,0.11170276755370699,-0.07391397753307759,-0.20790772865698987,-0.006672602023292998
21.286,0.1165,-0.0037781951064545438,0.000842467081396964,0.11190055823029947,-0.06861298938992318,-0.20357830666720705,-0.01120324617015392
21.34,0.1165,-0.0034860231099446966,0.0007597735203451346,0.11167697421107692,-0.06040937061371164,-0.19104218059190553,-0.002748723782976377
21.406,0.1165,-0.0031632556841021575,0.0009118140002464843,0.11155098131094998,-0.05004247540213408,-0.18151433874344894,-0.0013301925235505744
21.466,0.1165,-0.0029544073931614093,0.00018533460015801424,0.11154277144254852,-0.05339845619816814,-0.17711433984293665,-0.011708801195383154
21.52,0.1165,-0.0027194696445376506,0.00027591267816956956,0.11178720822162042,-0.05169339604512872,-0.17777947808512107,-0.005819281751455206
21.58,0.1165,-0.002875539438791714,0.0007013778031568568,0.11137635013221203,-0.03512363305537219,-0.17206095492326448,-0.004261741378285101
21.64,0.1165,-0.0028101345599414775,0.000984962204779738,0.11133664188392986,-0.033851474024818876,-0.16766974246395588,-0.004036905281355947
21.7,0.1165,-0.0029712548855234853,0.0012000960119840191,0.11154011641054831,-0.03260243445978419,-0.16632114188739877,0.0022185324810764222
21.76,0.1165,-0.0026096762533651457,0.0005151057212527081,0.11140438682054059,-0.042842147276192864,-0.174768401188507,-0.003728893355603074
21.826,0.1165,-0.002479045539813275,0.0007811802846700035,0.11140222448993549,-0.04504550555127818,-0.1809581269865673,-0.0001958493930778847
21.88,0.1165,-0.0028993368387678206,0.001126174917186236,0.1110925682345218,-0.03394143237642679,-0.180522068378462,0.0008923060120067665
21.936,0.1165,-0.002674854440156121,0.0013482239311193335,0.11107473860944574,-0.02838985776445005,-0.1777259727058674,0.005262549646372767
21.99,0.1165,-0.002321187538133013,0.0007323736967022805,0.11117149273537032,-0.029457890083419393,-0.17892314371455564,0.007643601921032257
22.046,0.1165,-0.0019558849333777455,0.00045245115544464124,0.11114232010823223,-0.021449521950016443,-0.17673183856760522,0.008517919121313984
22.1,0.1165,-0.0018199088495688925,0.00020099788034137558,0.11094158289623998,-0.010540565516533937,-0.16855967349894763,0.005329240067347524
22.156,0.1165,-0.0013057249184497946,0.00030621618566784275,0.11100301135073155,0.01407680146552411,-0.1528361308041626,-0.000346468580978909
22.216,0.1165,-0.0006470085456835608,0.0001425411077582853,0.1109296272456163,0.02234304728683829,-0.13692129319135138,-0.00126554450573808
22.27,0.1165,-0.0004338042899465475,-0.000213859666576415,0.1106716902403957,0.031230228470327588,-0.13124600445271037,-0.0012405275483322992
22.331,0.1165,-0.00018287502696659447,-0.00046237928958598113,0.11055256599547564,0.03638557447743769,-0.1252392125676428,0.00019029050657672078
22.39,0.1165,-0.00034781770296752945,-0.0003528708776065478,0.11074757710480838,0.03003927200673025,-0.11630870178717223,0.003368684019767372
22.45,0.1165,-0.00012938095292644485,-0.0004422786707904956,0.11093621592211331,0.028920005228136085,-0.11110831280809584,0.004138217420931723
22.506,0.1165,-6.333201978520177e-05,-0.0004950666545239968,0.11103769555976672,0.020275386346989836,-0.11639451908697152,0.00741167239909253
22.56,0.1165,-0.0003223849642565735,-0.0005229865005674881,0.11092837734621162,0.019658729373393663,-0.12465241315120267,0.01346674689091388
22.62,0.1165,-0.0005786322467892641,0.00030389518520201924,0.11089765526078667,0.031131233413157336,-0.11818432095527877,0.030714918932492438
22.68,0.1165,-0.0006409111676866535,-0.00046580816707746553,0.11065639574536303,0.02805686316841966,-0.11850227322338568,0.025372439587536294
22.74,0.1165,5.076084059132485e-05,-0.0005911229846068854,0.11098778392706514,0.038880181215051185,-0.09994170943816606,0.019455652652177892
22.806,0.1165,0.00023405242346020812,-0.0007792445132989984,0.11100644652747164,0.05000005422127927,-0.0782832229425131,0.014894615477107334
22.86,0.1165,0.0008342601143236993,-0.0011030868206757056,0.11100232232458486,0.05514920558515566,-0.07634448632259233,0.007260438707936256
22.92,0.1165,0.0007212937686346446,-0.0016525870387872116,0.11083708498854311,0.0577082489071745,-0.06355060836176268,0.012249184576938155
22.98,0.1165,0.0009799321732156929,-0.0020124807509776413,0.11084209577226042,0.06413964371010811,-0.05557165668841755,0.007179914766069304
23.04,0.1165,0.0008304723339714424,-0.0020571061299802405,0.11118939334850746,0.05514066094173061,-0.05488558698048401,0.010638377313232151
23.1,0.1165,0.001052758284913016,-0.0025451970088258683,0.1110510612305571,0.05571791845498286,-0.052393935565924636,0.008678945327578139
23.16,0.1165,0.001109675227067165,-0.002332337689526288,0.11159350845597597,0.05234974688889281,-0.04241207893399679,0.009101184236161455
23.22,0.1165,0.0010108122089273564,-0.0024914671999576904,0.11137105779112742,0.0576405678605148,-0.0347300339726855,0.0076397829494056785
23.276,0.1165,0.0010292240062486672,-0.0024164837366400416,0.1112666178469555,0.05493806822223343,-0.030614437239490765,0.010832080228188658
23.33,0.1165,0.001033756121059659,-0.002695561165386662,0.11141776238098676,0.05803067414779597,-0.02811626037176357,0.014209364057307128
23.39,0.1165,0.001118834214840284,-0.0026923766217724337,0.11164097327544913,0.056322776144070164,-0.023331365326842997,0.017665114228631745
23.45,0.1165,0.0007368462883655492,-0.003075013631241278,0.11136154046780193,0.06036199148092526,-0.01320155937709408,0.017488425359485485
23.51,0.1165,0.0008702028252704471,-0.0029488990105507695,0.111621429447175,0.06559269747660394,0.0014572432275472738,0.018139049343724414
23.57,0.1165,0.0009011641450827251,-0.0033254057982398935,0.1119602830676144,0.06970399879649317,0.012782572903667204,0.012504402744007784
23.63,0.1165,0.0010188351972824576,-0.0034490877326680508,0.11172675136215544,0.07053643076473233,0.024899687292435746,0.007379320927417805
23.69,0.1165,0.0006727969107300975,-0.003832582920591327,0.11204262092118092,0.08188327833954959,0.032100174743891666,0.004836037033779815
23.75,0.1165,0.0006870007040243065,-0.003651687264714581,0.111970664206125,0.08401805088846821,0.04579817117955487,0.0039578329928299395
23.81,0.1165,0.000505736550183206,-0.0038165871314627016,0.11182261748849001,0.0905852687209927,0.05542282764277729,0.003967945817198858
23.87,0.1165,0.00012434123330967253,-0.0038067952562691907,0.11220697230472997,0.08805312047361659,0.06797576846962948,0.002528360124113601
23.921,0.1165,0.0005223941807877867,-0.004118127974508133,0.1120677418271914,0.08241140248829378,0.07211583840895956,0.0025926671997938415
23.98,0.1165,0.00010925209918679133,-0.00308995134472752,0.11202108554193616,0.09756259754302216,0.07231804723086899,0.007266668571132796
24.04,0.1165,-0.0001539685668472354,-0.003544849425751943,0.11245729902459103,0.0814742464604363,0.06722822570492124,0.009134000042112352
24.1,0.1165,-0.0008781607601176639,-0.0035243275377462194,0.11239271144013867,0.07537610459196026,0.0734787142829617,0.027464369811705813
24.16,0.1165,-0.0011640627486158728,-0.003474841741803585,0.11233690449465625,0.07555450350213751,0.06595083462080412,0.03066739219360936
24.22,0.1165,-0.0012216053510186338,-0.0031364268947823484,0.11245325938261082,0.08028754756604616,0.06959142230516174,0.04245795219188735
24.28,0.1165,-0.0015346709826725125,-0.003341743225244936,0.11227088744415385,0.07995573522486518,0.06559754849654095,0.03362739501762377
24.336,0.1165,-0.0017622423996386518,-0.0038192802591297016,0.11246927052610362,0.07097798141967605,0.08500288425386597,0.030421708156524015
24.39,0.1165,-0.0010646616192900508,-0.0032194034161763772,0.1124351901562744,0.08116638290462627,0.08777452923177431,0.026882793559058288
24.446,0.1165,-0.0012451609777520737,-0.004776400629426172,0.11250503064455965,0.07234350556129651,0.09609962614268042,0.010312101488376784
24.5,0.1165,-0.00022435001551262241,-0.0026728997672518565,0.11277730628801598,0.10892548780086844,0.08741596603959041,0.010731488050560189
24.74,0.1165,-0.002011092822899418,-0.0053730056131779886,0.11314243743011057,0.05721756245780708,0.10753668084084286,0.008883932482668373
24.8,0.1165,-0.001308298239441027,-0.0038544688145126025,0.11238984480646357,0.07921172264888271,0.07127303202715689,0.014658246591996157
24.856,0.1165,-0.0017957857495782745,-0.003589366061806123,0.11213880666367809,0.07753423255712874,0.07651061730324199,0.030399190145499792
24.91,0.1165,-0.0015425587521190737,-0.0031275516616352896,0.11244099043897418,0.078498084413844,0.06836251962127489,0.033317194069764744
24.97,0.1165,-0.0014417602288256445,-0.004037469908303334,0.11277571452047731,0.07273540167029173,0.06354517423248085,0.022785894273238246
25.03,0.1165,-0.0009767134666508958,-0.0032091157544997086,0.1131200274903519,0.08315638684090174,0.05987449580778499,0.023010474193484114
25.21,0.1165,-0.0025767982804797934,-0.0045821100467339825,0.11253775421491401,0.0570462554167685,0.10535480342273662,0.025762241048083605
25.27,0.1165,-0.0005249556769226411,-0.0033793382038444374,0.1131179594228353,0.0871231180859928,0.06968699251937549,0.011706982472409097
25.33,0.1165,-0.0005030901808676091,-0.003249748133313519,0.11328591330075251,0.08826346139734964,0.06473934047681287,0.010932849168472368
25.39,0.1165,-0.0017324495936159256,-0.002926814459792508,0.11329788800075523,0.08775796456634538,0.08061474171332632,0.019110262658513785
25.446,0.1165,-0.002396986888781515,-0.004328236003294852,0.11300347358857565,0.06204917667605407,0.09157473426545622,0.02160444495443335
25.5,0.1165,-0.001040302307361192,-0.002746307662675153,0.11292542343488471,0.08795177420437243,0.06009389171063243,0.022481356253157496
25.56,0.1165,-0.0015079126006440936,-0.0026594422166942057,0.11329081370970434,0.08739550962115246,0.0675304857328966,0.017958061406657233
25.626,0.1165,-0.001967286718227499,-0.0033840563292391167,0.11354635192297369,0.06769321013129148,0.07290970875055942,0.020441192291491744
25.68,0.1165,-0.001585474242651303,-0.003405698597430101,0.11312422613234702,0.06839613206524107,0.06504898540572969,0.019295225894636125
25.74,0.1165,-0.0008971962609860771,-0.0036205368294401352,0.11357309053221266,0.0706795597109069,0.04975907312961254,0.009487733334628688
25.806,0.1165,-0.0012805995755657024,-0.003727414909889169,0.11372216215928478,0.06539448432213846,0.05074734253806315,0.010715733142976108
25.86,0.1165,-0.0012613027286914966,-0.0035045295818440752,0.11403853526097964,0.06462995158668333,0.04928104300874723,0.01095720618317096
25.92,0.1165,-0.001489872014177639,-0.0034908062498808052,0.11398113723695212,0.06572031217274625,0.04822810935092544,0.009204894245783236
25.98,0.1165,-0.0011415794242384911,-0.0033824699119070893,0.11410451333682198,0.0638892586144091,0.04186804028233283,0.007941964700860083
26.04,0.1165,-0.001254477452679188,-0.0037696554302180697,0.11370563626387677,0.060478900467065874,0.036626776520743705,0.004985644849445729
26.1,0.1165,-0.0014488455246798118,-0.003759886249241227,0.11377095073552891,0.05455280573305965,0.04108262450790389,0.003798702477051745
26.16,0.1165,-0.0015589365071236112,-0.0037385295517832107,0.11359398866094657,0.05531778640355173,0.03242470434809698,0.005073579565729055
26.22,0.1165,-0.0016378078015039067,-0.0030060045094205015,0.11489862127691018,0.05667177613476535,0.02575850253082659,0.005232348394498818
26.28,0.1165,-0.0016496998370750956,-0.003354688034568427,0.11382112587528491,0.05131997387033188,0.012682666213643841,0.0073184854856371655
26.34,0.1165,-0.0015222035293495282,-0.003486330503122178,0.11388760772558072,0.041505496271157245,-0.004404254518970368,0.00897909008718523
26.4,0.1165,-0.0020920523024039604,-0.0031638637500616164,0.11399445628287613,0.04526799328668923,-0.011901859974905013,0.01274527255956296
26.466,0.1165,-0.0021417583773982686,-0.002890400253165543,0.11413213331724914,0.04211403201979821,-0.016386886816914564,0.013931197364643561
26.52,0.1165,-0.002140169740506483,-0.0028878281719494077,0.11443727626099354,0.034302237883678845,-0.025291761706606523,0.008150970572631588
26.58,0.1165,-0.0022213259535776362,-0.0030267764290092493,0.1141950125077639,0.03328319350319056,-0.034589835423208815,0.007020588832110732
26.64,0.1165,-0.0020090932698512178,-0.0030508394199519596,0.11463830121301934,0.03295744235255156,-0.036028904457732,0.005554431298280263
26.7,0.1165,-0.0018361610018678338,-0.0029175017609072277,0.11478681756089547,0.04002233724997006,-0.024715690135659562,0.004506135667983108
26.76,0.1165,-0.0020997890309939742,-0.0015444960129393796,0.1147681492383663,0.0607289773406873,-0.013588446561015552,0.0029945858871898903
26.82,0.1165,-0.0020654912431123788,-0.0015238845074328994,0.11514020522131792,0.060158281875235906,-0.011568100793654295,-0.00045926286397857325
26.88,0.1165,-0.0017097952996634788,-0.0020116297191846376,0.11498190746021097,0.053402175098386385,-0.013785070226757425,-0.0017906626223670177
26.94,0.1165,-0.001814257214223014,-0.0021028490041929684,0.115031804396426,0.054804441709044804,-0.010917556361363597,0.004177651408666386
27.0,0.1165,-0.001961451946603127,-0.002723103881444719,0.11501879371131106,0.03788357519353538,-0.012101837947228845,0.009677479063618662
27.06,0.1165,-0.0022194500415934804,-0.0014566681152906246,0.11512421523349152,0.04938589977209879,-0.015024597936704834,0.012818523873241571
27.12,0.1165,-0.002141102027517983,-0.002584310723937232,0.11498826699800188,0.02415827896149581,-0.02447794068395298,0.010278467185106997
27.18,0.1165,-0.0020412981070367406,-0.0026633633855111943,0.1150461049306317,0.01685710367451631,-0.03097219167665037,0.009368387962236126
27.246,0.1165,-0.001994070579468326,-0.0019541115059029768,0.11493869964237131,0.027912405944398772,-0.03699137924793607,0.009610217908054912
27.3,0.1165,-0.002320052802980374,-0.001254187252215609,0.11532733035961278,0.030449559356845488,-0.04338689898417328,0.014582774566077875
27.36,0.1165,-0.0027590436561235553,-0.001180229665882705,0.1146419351507823,0.029247470223229672,-0.05362849935726465,0.010876085707256887
27.42,0.1165,-0.0026567574787590992,-0.0013173714925871194,0.11547952704776758,0.028067490696491657,-0.056320156593006473,0.002295126026925263
27.48,0.1165,-0.002280276555763497,-0.001465521410296826,0.1151167018490522,0.026779381383285478,-0.05771346652232842,0.0019616501879642437
27.54,0.1165,-0.0025690404092101817,-0.0015089264261351565,0.11515266314813564,0.02695276294655956,-0.06672727871188251,0.0018979769473623695
27.6,0.1165,-0.002680124881947404,-0.001283554006251725,0.11514565966579585,0.02633499140205226,-0.075616632787389,0.003208221702206365
27.66,0.1165,-0.0025316785277901322,-0.001699766090070044,0.11550214257114742,0.020732113452867896,-0.08241173342612289,-0.008482151442784214
27.716,0.1165,-0.0024508126586311246,-0.001663928959473514,0.1154131314268952,0.016518406969315735,-0.08444338707884803,-0.00806822528698712
27.77,0.1165,-0.0026428409369824435,-0.0018511802692812707,0.11484121007174691,0.01168240234484652,-0.09055747587483362,-0.00419700974595762
27.83,0.1165,-0.002675791067063125,-0.001611290390050971,0.11493992938646766,0.007449028884235847,-0.09607577112752912,-0.003944517923882588
27.89,0.1165,-0.0029535285252867654,-0.0013533720971158072,0.1150677748165464,1.2185852194319436e-05,-0.09915383737514662,-0.00326639225401946
27.95,0.1165,-0.0031475807846793194,-0.0012708313826840108,0.11483701381898419,-0.004813621924689374,-0.10469727709507363,-0.008953966671585028
28.01,0.1165,-0.003148799582023829,-0.0013338835279583336,0.11479932434842292,-0.015637739215649368,-0.10889660036463174,-0.007149741122957501
28.07,0.1165,-0.0032315200789291634,-0.0010470622389225162,0.11465837411177895,-0.02348687945145516,-0.12004361208583263,-0.001750680121783815
28.13,0.1165,-0.003924191469701906,-0.0008737899656361849,0.11481808118661992,-0.026447631432022032,-0.13386612628236122,-0.009165343233940054
28.19,0.1165,-0.0040005589667138595,-0.0006160364215061733,0.11435850763675862,-0.0322584611886344,-0.13975662971399144,-0.011211590003897433
28.25,0.1165,-0.003991611121932001,-0.0002969229199641568,0.11408398424992672,-0.04060980652662214,-0.1426456428627874,0.0008719968471271518
28.31,0.1165,-0.004213179963116864,-0.00033864167245381056,0.11390990290012999,-0.03918315560489149,-0.1525828968667235,0.0012182410778580435
28.376,0.1165,-0.004187244236050644,-0.001050142678380832,0.11366746313868137,-0.0494055208132962,-0.16365644822679887,-0.005995129954984554
28.43,0.1165,-0.004422485822106594,-0.0006679158093950677,0.11389459520583166,-0.05290795702777223,-0.16824275142543652,-0.005538338812548622
28.49,0.1165,-0.004634753257471237,-6.461972594697742e-05,0.11368458165826205,-0.04120452462290598,-0.16683050627173504,0.0022539607620633948
28.55,0.1165,-0.004449295114722898,-2.3094602127006583e-05,0.11327249472870297,-0.03836712619580837,-0.1731531212859564,0.005892713526634893
28.61,0.1165,-0.004823586997503099,-0.000798136415748881,0.11318189375963922,-0.05653996643185719,-0.18844022050541834,-0.008197291781192342
28.666,0.1165,-0.004462020850945918,-0.0006511623581423486,0.11318390542165363,-0.06349160506767682,-0.18774045954352445,-0.006302853064811605
28.72,0.1165,-0.0049331851640634266,-0.00015568869094212474,0.11287445527427775,-0.0652391793272241,-0.19042130081139202,-0.0076660058372078795
28.78,0.1165,-0.005103662810619548,-8.77857422905663e-05,0.11242606537796107,-0.0737839326580618,-0.19993632830785324,-0.007973639403386436
28.84,0.1165,-0.00525719471583908,0.0005007610015147157,0.1123459671276915,-0.07230308890052113,-0.21539022876324038,-0.017192051637994688
28.9,0.1165,-0.005394596878752297,0.00018789810939213848,0.11247169893632486,-0.09521541225769038,-0.21677821512658904,-0.02143554769429427
28.96,0.1165,-0.0057108712409924284,0.0004537486137677901,0.11256140592232727,-0.10360695912426426,-0.22604047995156637,-0.02726007019157371
29.02,0.1165,-0.0060345180886610264,0.0005277433276427359,0.11230575594108176,-0.10497646231009353,-0.23465983003254584,-0.02838630266007469
29.076,0.1165,-0.005731354397445037,0.00037483375421820333,0.11254173857768968,-0.11334989853219152,-0.24937884593963486,-0.03758516905018812
29.13,0.1165,-0.005880933128974947,0.0005037335144311181,0.11258079748556185,-0.11875813597198862,-0.25377768438363846,-0.041420377088788374
29.19,0.1165,-0.005941520448281379,0.0003484852766616932,0.11211899892742018,-0.12130266060977478,-0.25590489023394736,-0.03769086080428919
29.25,0.1165,-0.0059467798147550665,0.00039245723776114186,0.11220864932677374,-0.11809675755050923,-0.2589047824425735,-0.03171602051097027
29.31,0.1165,-0.006126364482985017,0.0004972042672784094,0.11238064416080994,-0.11072425544538347,-0.25997847596713924,-0.0330605810284424
29.37,0.1165,-0.00597699497194292,0.0003619548582553283,0.1120463834105329,-0.11045110988214436,-0.26220389450277026,-0.032977201396417355
29.436,0.1165,-0.005560619835977508,-0.0005545897661077225,0.11248055887170919,-0.11658814223448406,-0.26417235982147047,-0.03686481357238017
29.49,0.1165,-0.005555025158927801,-0.0005426689426299343,0.11223619573777026,-0.11251844285237,-0.25992521599459784,-0.03572490349029931
29.556,0.1165,-0.005721802619790494,-0.0003895471280931557,0.11192031270506607,-0.11290799320264086,-0.2608884692978033,-0.034033721214990084
29.616,0.1165,-0.006014916195826509,0.00013656970929955446,0.11186601823609597,-0.10591349721639602,-0.2608813318268009,-0.02934399992543222
29.67,0.1165,-0.0061455826939650566,0.0001963914697361091,0.11187777495520508,-0.10891856070722591,-0.26526093931604916,-0.03592028789558031
29.726,0.1165,-0.0059439588300644886,0.00021645331581376863,0.1119973272497775,-0.11448412128764941,-0.26846207573574943,-0.0382726923096245
29.78,0.1165,-0.006221263892498676,0.00027624613563898345,0.11206372005588273,-0.12183234559489459,-0.26995244051321204,-0.03914062532106257
29.84,0.1165,-0.0062691727327088545,0.00020685554884733155,0.11184873864720458,-0.129013442237946,-0.27217652746605336,-0.04358414268273615
29.906,0.1165,-0.006325129865711574,0.00015138030255233098,0.11209092164485433,-0.1340442209168094,-0.2718287570245412,-0.045958238801194685
29.96,0.1165,-0.005910924471835799,-0.00044106686249976025,0.1118173947729496,-0.14129260149187803,-0.27388183101396124,-0.05117557437126085
30.016,0.1165,-0.005974235324411297,-8.540807329223226e-05,0.11184810634901751,-0.13310434350657407,-0.2696796595234445,-0.04551031269477604
30.07,0.1165,-0.006271901806470952,0.00021138443307912717,0.11200196603955205,-0.12429956756110172,-0.2683430158800052,-0.04870252247115263
30.13,0.1165,-0.006071329883315034,0.0001149875559293169,0.11190871765850391,-0.11771402360209905,-0.2659476568047904,-0.05014651759392212
30.19,0.1165,-0.0058181595255799015,-4.056703714835737e-05,0.11203300611252281,-0.11529723838427974,-0.25952917237034195,-0.04455392057522649
30.25,0.1165,-0.005742871189260089,-0.00015773247520622002,0.11167808064071677,-0.11433936969011112,-0.25788443222473756,-0.040559252044031206
30.31,0.1165,-0.005996130465010601,-0.00021267464175076369,0.11153308004567829,-0.11263853655962888,-0.2609713246202439,-0.04206167717272669
30.37,0.1165,-0.005825494028759952,0.00025627999234152307,0.11218591276908141,-0.10892751568046535,-0.2597580645480661,-0.03794932979413852
30.426,0.1165,-0.005718397573800459,0.00016849644167191627,0.11224370252226469,-0.11297587636458138,-0.2633465575389812,-0.03884474067944742
30.48,0.1165,-0.0059910984909299836,-0.00019765373688940185,0.11149769832094307,-0.11769554068976477,-0.2656188788537425,-0.036956153983697906
30.54,0.1165,-0.005918883261290555,1.3623609779765625e-05,0.11170917100153148,-0.12111623113290289,-0.2679505475917409,-0.03425079912852819
30.6,0.1165,-0.00598195803650359,5.93137429369155e-05,0.11189825352769263,-0.11891504995405135,-0.26699793804955246,-0.037265635359127636
30.66,0.1165,-0.006098492108490628,0.00026662378147345963,0.11193378151721828,-0.11863463578095983,-0.2644320970616621,-0.034774968086492136
30.72,0.1165,-0.006017877103005059,0.0001539552291120689,0.1120166982392466,-0.12020003060551684,-0.2658110170779414,-0.03585917978020239
30.78,0.1165,-0.005799056943811262,0.0004135053530545745,0.11363949104814318,-0.1106591587972714,-0.2660606404492622,-0.0438068270884331
30.84,0.1165,-0.005867021299635381,-0.00018444115797682247,0.11183321845091232,-0.1186835686620347,-0.26591539745218273,-0.04606516549995032
30.9,0.1165,-0.005999241625606555,0.00032730170372928356,0.11383468685487563,-0.1120688795021085,-0.2620169585109852,-0.04649974062811879
30.96,0.1165,-0.0059515305867125345,0.00019480477347145794,0.11347456365000445,-0.11299227988769488,-0.260122457138441,-0.04473446691571832
31.02,0.1165,-0.005789823205967435,0.00012603377201876722,0.11342836579360492,-0.11426615921002951,-0.259486496229582,-0.04644576174627069
31.08,0.1165,-0.005584977690996824,0.0001861574533582956,0.11365987266272234,-0.1142753318908459,-0.2606800793767007,-0.047465237177399575
31.136,0.1165,-0.005628693493242767,0.0002980129112625224,0.11383360603992301,-0.11423801402244176,-0.257479984400108,-0.04167634310551911
31.196,0.1165,-0.005488621875865444,-0.0003559587406739162,0.11167613046018414,-0.12146225096844511,-0.25810088482892407,-0.04216260216470498
31.25,0.1165,-0.0054042560251706395,0.00027014170543714837,0.1140540469986697,-0.10948851027339505,-0.2545522111602618,-0.04097509112397186
31.31,0.1165,-0.005203950170054963,3.051417029226854e-05,0.11381885187578093,-0.10901406478521751,-0.25549081601147267,-0.03871287295592936
31.366,0.1165,-0.005076573396963854,-0.0004759282177807842,0.11205755695306906,-0.11214679995099816,-0.2562975840672093,-0.04086378878812252
31.42,0.1165,-0.005155641351265956,-0.0005735630720592666,0.11181684777904857,-0.11088345051780735,-0.25379010956036907,-0.04130728974734227
31.476,0.1165,-0.005086449807961909,-6.658229692687624e-06,0.11393792565473344,-0.10123098922507119,-0.24769635267688295,-0.03563970069457517
31.536,0.1165,-0.0051187671711680075,3.916524460186811e-05,0.11406899457329124,-0.09905430656217375,-0.24714421332279787,-0.03691626695120558
31.59,0.1165,-0.00517388335445284,9.38816988313809e-05,0.11407903925985183,-0.09983936799443527,-0.24813083689031099,-0.03925565214766504
31.646,0.1165,-0.005217998538131599,-0.0003991674423519136,0.11197559631431679,-0.11056637780571042,-0.24315546549472583,-0.036302007853328946
31.7,0.1165,-0.005205999370174057,-0.0002657878008686221,0.11161650761330111,-0.10792568201337796,-0.23900695900942331,-0.033341754550789415
31.756,0.1165,-0.005098369168904386,-0.0002613036299533051,0.1118133443233222,-0.10896629926904675,-0.23882189998496062,-0.0332620783599814
31.81,0.1165,-0.005191035905664201,-0.00048353443893816103,0.11187667305028756,-0.11142536021700387,-0.2400128932652358,-0.03859652117831748
31.866,0.1165,-0.005223191983209349,-0.0004597985611815787,0.11169580446375309,-0.10923188019429719,-0.23779035256797298,-0.03934453048418559
31.92,0.1165,-0.005104655506242953,-0.00027821467563486624,0.11193242121195632,-0.10714945425270087,-0.2357512659261687,-0.034951239920649184
31.986,0.1165,-0.00507648206664783,-0.0004898208086481872,0.11197425047306948,-0.10750322233594099,-0.2351461346869578,-0.03808764410449111
32.046,0.1165,-0.005089018616444326,-0.00045223265002006566,0.11196875718579988,-0.1051356154630742,-0.23490674134124612,-0.03880319812713175
32.1,0.1165,-0.005171595555620989,-0.0005523317836221151,0.11181546368345328,-0.10737425592555738,-0.23237301919615896,-0.03468480502836045
32.161,0.1165,-0.00524148924168359,-0.0003757791696670635,0.1119993748416458,-0.10481724822704715,-0.22982004136367404,-0.0323450150559746
32.216,0.1165,-0.004961390665992295,-0.000244138663077174,0.11356908209353668,-0.10157817627966352,-0.22838617691074312,-0.030643421532937035
32.27,0.1165,-0.004973405859061335,-0.00026109207737500217,0.11365766620915531,-0.10242777070804895,-0.2277527817588804,-0.030646403591288562
32.33,0.1165,-0.005072083033476549,4.446540581834862e-05,0.11406805637806235,-0.09466371711161514,-0.22509132505469967,-0.031240269713838347
32.39,0.1165,-0.005119702822408638,0.00022611038217904076,0.11398050892303102,-0.08850059049570767,-0.2215543158763077,-0.02601768112759687
32.45,0.1165,-0.004849830727479998,-8.246800356985095e-05,0.11362914105884717,-0.09018916061778702,-0.2185179667722837,-0.02443396337990891
32.51,0.1165,-0.004785374216913882,-9.870016867671874e-05,0.11362069744747191,-0.086502396927895,-0.216631801325115,-0.02570647734826149
32.57,0.1165,-0.0047992067463985015,-0.00038893837124746,0.11339363528525491,-0.08946996572164044,-0.2156468530877686,-0.02885056491490215
32.63,0.1165,-0.00467163988499883,-0.00039241491294851735,0.11364863346142622,-0.08937043453189558,-0.21404473686517056,-0.030052498251589333
32.69,0.1165,-0.004835969412305606,-0.000142024623922096,0.113808904939038,-0.08368777633762402,-0.21198802324513963,-0.03578925017096587
32.75,0.1165,-0.004827992153319908,-0.00014026734215809883,0.11384114302453521,-0.08499302874588756,-0.20956583329640036,-0.03496821707832753
32.81,0.1165,-0.004580439861177957,-0.0002466823367539113,0.11366867154860721,-0.09152815494564878,-0.21206380714057482,-0.02490283394863382
32.87,0.1165,-0.004718031056362883,8.639719460463681e-05,0.11362269303336565,-0.08980179764377831,-0.21466356628595426,-0.023326994977378626
32.931,0.1165,-0.004814745809800292,-0.0003401140467142477,0.11190184546248128,-0.0938249683039184,-0.21555930360178313,-0.03149601654405012
32.99,0.1165,-0.004843568603581541,-5.6026078264000995e-05,0.1139122121983868,-0.09005706291277385,-0.21239997962723195,-0.026692860913579527
33.05,0.1165,-0.0045933031741774,-9.263972208197858e-05,0.11390592118516656,-0.08760968619838516,-0.21181196257319884,-0.028920571890676827
33.116,0.1165,-0.004557257386728236,-0.00015112174483027842,0.11378563799329688,-0.08307460609629153,-0.2120949117325398,-0.03389551368457637
33.176,0.1165,-0.004681177460111696,-0.0003770251609848472,0.11331421421000148,-0.08600235340829923,-0.21561726463900435,-0.028904372770252644
33.23,0.1165,-0.004693598125362392,-0.00018298196557370953,0.11356394823966834,-0.08346152867805329,-0.21045230351494254,-0.02914652039052487
33.286,0.1165,-0.004619209220998409,2.8920306351112546e-05,0.11389488431017761,-0.08109908171079665,-0.20995496143482997,-0.03409657375082691
33.46,0.1165,-0.004789039198949104,6.941523340499847e-05,0.11372026071912439,-0.08236366600320434,-0.21852184787698506,-0.03446418364020598
33.52,0.1165,-0.005027943578109337,0.0001217520458428424,0.11361943940690711,-0.084149721407072,-0.22637461413471488,-0.032732739823368745
33.58,0.1165,-0.005131880280580063,0.00016428862620009968,0.11356343273009874,-0.08058452584003425,-0.23223735884245866,-0.035979080975865656
33.64,0.1165,-0.004951907858602281,-9.653994718233085e-05,0.11323503836651543,-0.0848532005227387,-0.2384853405227437,-0.03743494167562633
33.7,0.1165,-0.005092440653804092,-7.033266185221892e-05,0.11330734552420499,-0.08423957950829228,-0.24243122847289533,-0.03081972272206033
33.76,0.1165,-0.005298767846821619,0.00033874446237767145,0.11350598365142149,-0.07823278945578675,-0.24772686457406645,-0.027757092490838207
33.82,0.1165,-0.005570024650815108,0.0003335863206119233,0.11355507844192231,-0.07655234389707832,-0.254983687414246,-0.030867740929443364
33.871,0.1165,-0.004824435915398963,-0.0005657704011281533,0.11344437355307026,-0.08552475394586821,-0.27112788853250946,-0.0411290470947343
33.93,0.1165,-0.005011437943729957,-0.0002951354886899153,0.11355942202895214,-0.07977159531817161,-0.27249922961854967,-0.039097878413183594
33.996,0.1165,-0.0052481393430683166,0.000617972263161866,0.11367569512742207,-0.07322104084213628,-0.26848148138296407,-0.027163355354643235
34.05,0.1165,-0.005137862513689809,-4.3473864264812144e-05,0.11381849285597466,-0.0831285408890622,-0.2817025848252465,-0.02786363889014291
34.11,0.1165,-0.0054805311176057475,-8.359712351991284e-05,0.11374430324960515,-0.08310880006452762,-0.2917673547316265,-0.03740471770981391
34.176,0.1165,-0.005343744171470785,-0.0003289771745461213,0.11336053052963287,-0.08268319473357108,-0.29556200044435194,-0.04065054430242679
34.23,0.1165,-0.005408315827490627,0.0004882582696998686,0.11347403234573572,-0.07230060610124912,-0.2888092069643865,-0.03308269461312236
34.29,0.1165,-0.005782768294557727,0.0006728984665541647,0.11336989165015614,-0.07595038795900193,-0.28823743924393985,-0.030375281516075093
34.35,0.1165,-0.005861578060561965,0.0007285317759731436,0.11364275135828823,-0.0741207041869913,-0.2957407853477407,-0.0364166018967423
34.416,0.1165,-0.0053935756438176895,-5.320233346215833e-05,0.11351072850716921,-0.0808260966019562,-0.3054717300242447,-0.04642944743002558
34.47,0.1165,-0.005822228520409702,0.00041216610725816556,0.11338952273203566,-0.0707040212320273,-0.31040415508267005,-0.0494845556679183
34.53,0.1165,-0.005650881289603253,0.0007350569021985419,0.1132457168668576,-0.06972239103500025,-0.30768983789971915,-0.04018419566283021
34.59,0.1165,-0.006262356332555148,0.0007031967221006571,0.11330793585762781,-0.07269565108665457,-0.31523281106598044,-0.044216710549383226
34.65,0.1165,-0.006114064528605928,0.000988797384998677,0.1136760472383994,-0.07061424029937027,-0.32032794991420027,-0.040419659191986174
34.71,0.1165,-0.006133746619804895,0.0006172169359153045,0.11324606010761094,-0.06951122215608842,-0.33073846015097647,-0.04290845685209488
34.77,0.1165,-0.006221825015252717,0.0006783834828068078,0.11298922448693044,-0.07118435901335765,-0.342603250376151,-0.04000220492324116
34.83,0.1165,-0.006447215477926872,0.0008342853777822284,0.11291869849742762,-0.06904173069413684,-0.34973970315252445,-0.03426768373352874
34.89,0.1165,-0.006196054703582554,0.0008688530183295502,0.11350112953058834,-0.07195337671821941,-0.3549548853623645,-0.03189483051571096
34.956,0.1165,-0.006668668543838604,0.001448448650094914,0.11343466664971182,-0.06294590564941145,-0.352981741333461,-0.016839770304197713
35.01,0.1165,-0.006528746941599171,0.0012305365603874098,0.11356168556230571,-0.06589731022647399,-0.3571538610100871,-0.011401835023174043
35.07,0.1165,-0.0067635040421965805,0.0011852761843573212,0.11283840533105942,-0.061837071499767624,-0.3575514503525016,-0.009607904111665
35.13,0.1165,-0.006700423022888008,0.0011484025423984133,0.11283931068399944,-0.063498789556654,-0.3559796713912301,-0.008076365467629609
35.19,0.1165,-0.006964331156186717,0.001389180716526594,0.11306225105874779,-0.06256811538926653,-0.3547047602974696,-0.008102453718994136
35.25,0.1165,-0.00683461988521566,0.001282312742221051,0.11282527600892785,-0.06529830174099667,-0.3514503024765283,-0.00419782284335793
35.31,0.1165,-0.006884447380070128,0.0013638623114713567,0.11260723365140207,-0.06384454912327059,-0.3552516748662993,-0.011197959580959305
35.37,0.1165,-0.006560443721411645,0.0014234494904960247,0.11320822562337522,-0.05571120868108794,-0.3565099744510547,-0.016931032693320452
35.43,0.1165,-0.006514282757205528,0.0015295487479926343,0.11343991053061252,-0.05385295735472502,-0.35631794162292557,-0.020158449915723627
35.49,0.1165,-0.006571079339489792,0.0016568491928280855,0.11387818496498173,-0.05436843567026946,-0.35754030789663727,-0.025233528408587374
35.55,0.1165,-0.006947235391689225,0.0012222208066144343,0.11256672737060097,-0.05860613339311636,-0.35969251351412806,-0.026974427470649598
35.61,0.1165,-0.006622120107968149,0.0005044859824594814,0.11230260280256858,-0.07089883929052872,-0.3645941749758772,-0.04487464531867101
35.67,0.1165,-0.006713581673041366,0.0005349173538537733,0.11236717015271291,-0.063736601079169,-0.36466947433533314,-0.05216226959658696
35.73,0.1165,-0.006066664167949287,0.0005567643420578773,0.11305781286833083,-0.06146695776905856,-0.35931670627294787,-0.05363896348756072
35.79,0.1165,-0.006251122673737353,0.0006065247118637821,0.11344611525886339,-0.06328430448785564,-0.3638241628339432,-0.06612007692417449
35.85,0.1165,-0.006130466391330508,0.0004046929857569426,0.1134679309216417,-0.05651120252600557,-0.36688006312218246,-0.06600251194160515
35.91,0.1165,-0.006175788296390801,0.00023079316142746452,0.11295493295298588,-0.05672673011881021,-0.36637551488967957,-0.06228116081907959
35.97,0.1165,-0.005321649125904376,0.001333930000134449,0.1133956056772784,-0.04693654201143,-0.3764987702948662,-0.028710436868488173
36.03,0.1165,-0.005675817481830671,0.0007117701977121232,0.11396043255507943,-0.04669971926961224,-0.34140867930587926,-0.02958087842422103
36.09,0.1165,-0.005063669922876144,0.00030982587706057776,0.114194497592652,-0.03950801365901651,-0.316103931141684,-0.03018482971289919
36.146,0.1165,-0.00517084867912366,0.0007676239186890992,0.1152771002542625,-0.02471409064938392,-0.3062239661265469,-0.01030628660732895
36.2,0.1165,-0.004450907190992333,0.00011686435521308678,0.11563062107420646,-0.020301489681740975,-0.2878595941925814,-0.002761101421450379
36.26,0.1165,-0.0040614881496126125,0.00029844408511396604,0.11434658477501454,0.0058024660315911785,-0.24486950159794768,0.01635220103323471
36.67,0.1165,-0.004310699168207019,-0.000696780053161044,0.11325082876696334,0.00424350588519997,-0.23660418598590116,-0.014564570609466802
36.726,0.1165,-0.004673262706847662,-0.00034243497271115725,0.1133532715596887,-0.0005155763180932137,-0.24358529264236942,-0.023182939231947756
36.78,0.1165,-0.004633319657600285,-0.00025787030945649314,0.11352531675689832,-0.0083371785193903,-0.2441893477014078,-0.02769983964624287
36.84,0.1165,-0.004604219172308646,-0.0002129420614733875,0.1136063594447787,-0.013511196406379745,-0.2370594524746995,-0.03367413952447449
36.9,0.1165,-0.00429662363652178,0.0002671660705048952,0.11469227758296174,-0.009211038818081541,-0.22305440967152637,-0.03957815937826982
36.956,0.1165,-0.003410227117536664,-0.0010950333527470078,0.1147196755916818,-0.012395534024447595,-0.21683304180071833,-0.05659650749639223
37.016,0.1165,-0.003534078920801507,-0.0003271587052805224,0.11495559899071169,0.0063465706096701826,-0.18809045330252602,-0.04982622668916158
37.07,0.1165,-0.003327199062188647,-0.0002809302239257967,0.11509828667341052,0.019247948828354466,-0.1647295246649358,-0.037429330618350874
37.13,0.1165,-0.002911544052004652,-0.000777801676350563,0.11543370553424095,0.01696952353258628,-0.14931109878962026,-0.02768871857039375
37.19,0.1165,-0.002711669384669261,-0.0007115602753280317,0.11536846344734633,0.018587370961287784,-0.13718586942070357,-0.013402089795888264
37.251,0.1165,-0.0023224895378212104,-0.0011974781351636178,0.11544571829072943,0.01789010242322561,-0.13168330010754947,-0.006063610731271934
37.31,0.1165,-0.002315516303810389,-0.001358101516571449,0.11551218934402134,0.022392771869914025,-0.12648118431246588,-0.004289134783682961
37.37,0.1165,-0.0026002089588531927,-0.0009525806942843133,0.1157125728155478,0.031183797641725127,-0.1248283309023044,0.00026744770436664246
37.43,0.1165,-0.002762293167089041,-0.0012393832249187177,0.11610829257957483,0.027286804308410108,-0.13089349521599283,-0.003089203662887774
37.496,0.1165,-0.002652861177027273,-0.0013179140560057795,0.11590231330270873,0.02002301755923356,-0.13146362049599325,-0.006642413122327047
37.55,0.1165,-0.0025566130308202176,-0.001249835181588203,0.11580338926344522,0.01647135639377783,-0.13568063605999606,-0.009482538480304926
37.606,0.1165,-0.0028065538543716297,-0.0009575897427380736,0.11620360746147194,0.013875619705668462,-0.13912715113473068,-0.016692499551635355
37.66,0.1165,-0.0033607780417321286,-0.0007498186152968487,0.1164248340701255,0.010317749981471657,-0.14569733370535703,-0.02754604331868743
37.72,0.1165,-0.00305991996732897,-0.0008610018880533033,0.116136063162088,0.005626762008421318,-0.14490339678783207,-0.03509833043138518
37.78,0.1165,-0.0028663569153430054,-0.0009544559235092786,0.1161641262683543,-0.0014502743689422802,-0.1345085401632821,-0.04130670248297914
37.84,0.1165,-0.0026196604265591697,-0.0010382763207269373,0.11617412236712642,-0.006411915571200403,-0.12473580431676817,-0.04056199988335363
37.9,0.1165,-0.002971309789300307,-0.0008598012609015594,0.11674987438178985,-0.004118827949922616,-0.11861359654301656,-0.03978881360984249
37.956,0.1165,-0.002775833884491897,-0.0010717137876559114,0.11645212694902973,-0.0020636263616160967,-0.11118081751295401,-0.04048023720084569
38.01,0.1165,-0.0022897240073501057,-0.0015036746982962177,0.1163402771602371,-0.00037132392650710173,-0.09955331076789699,-0.03904232070826644
38.07,0.1165,-0.0020865123638016936,-0.0016895038137296483,0.11619952536114891,0.0033405482772642307,-0.08605153538740447,-0.031746895065167646
38.13,0.1165,-0.0019731188319368534,-0.001748003769422748,0.1165601275559026,0.008347249530234519,-0.08025158163659038,-0.025227269924397278
38.19,0.1165,-0.0021453406181983358,-0.0017320469151866954,0.11688133928348655,0.013126601901129221,-0.08129419690018355,-0.020116482247814944
38.25,0.1165,-0.002026610450545534,-0.0018334787300106161,0.1167447833946071,0.01750849464209145,-0.08683906911887869,-0.02133497865480265
38.31,0.1165,-0.0018997949638912845,-0.002059636820971168,0.11674241327357401,0.017867294061270633,-0.08500649893993673,-0.020537044485519247
38.37,0.1165,-0.0019948416739316347,-0.0020282967134161813,0.11667963408104512,0.014766155843501647,-0.08565400937111527,-0.020585699278488443
38.43,0.1165,-0.002234963336650698,-0.0018223683832397392,0.11711615362318778,0.011036376086507389,-0.08787245837953137,-0.021037341294605584
38.486,0.1165,-0.0023752971072704,-0.0018064042611266968,0.1172682678179161,0.005640053112508165,-0.09005355386140253,-0.025409045003857877
38.546,0.1165,-0.0021846523705831276,-0.0018733648813669768,0.1167532024700667,0.0018807762614333687,-0.08682529878153548,-0.03125649230155405
38.6,0.1165,-0.0020743177529253744,-0.001926899560006351,0.1167825423276078,-0.00622761417370638,-0.077610267015941,-0.03287216565087171
38.66,0.1165,-0.0022397140007544476,-0.0017966284698583011,0.11706135719947221,-0.012075712834853184,-0.07390122318665221,-0.03364636629737417
38.72,0.1165,-0.0023277499560899807,-0.0015666754812103298,0.11737674495653858,-0.011152037100928233,-0.06899077350478296,-0.03435562611190555
38.78,0.1165,-0.0020649699990648953,-0.001705706649374539,0.1172155568900794,-0.007821744841075914,-0.06068437597619822,-0.03783527132683965
38.84,0.1165,-0.002424198143254643,-0.001963828976168227,0.11660132028545442,-0.008409538973884741,-0.06098727244618074,-0.03462432643475168
38.9,0.1165,-0.002273506739340585,-0.0022820515827962104,0.11643232118074141,-0.008579120051005692,-0.06279428804445104,-0.029378436368314838
38.96,0.1165,-0.002152220656085456,-0.0022720122539895277,0.11676638694707817,-0.0017216892651813346,-0.06149037411604588,-0.030476741177110567
39.016,0.1165,-0.0022550507239681083,-0.0021543041961257984,0.11689854267968267,0.0041716039686208305,-0.060777904960670676,-0.030274446095829816
39.07,0.1165,-0.002020754038076339,-0.0024765220778281134,0.11672491211441809,0.004114208659973512,-0.06431123359594675,-0.025934624424631864
39.136,0.1165,-0.0020899962538142394,-0.0022960470857562886,0.11694141383697274,0.009388075408208244,-0.06715751763293425,-0.02238540457701923
39.19,0.1165,-0.002191647972212431,-0.002294547755609155,0.11690149599565448,0.010885092206866717,-0.06732575809414881,-0.02510897701249549
39.25,0.1165,-0.0020662938214991494,-0.0023141482710888044,0.11698978567704864,0.006532855967480571,-0.06180027798031867,-0.027852412276622152
39.31,0.1165,-0.002132844818174901,-0.0023665928425323822,0.1169609340514727,0.00017861860144574327,-0.06277721260335987,-0.025429667825692913
39.366,0.1165,-0.0020933258532108328,-0.002415387686236866,0.11693120987964753,-0.003551449728976752,-0.06576469527629288,-0.026305597353012564
39.42,0.1165,-0.002210702128046457,-0.0020812721461605285,0.11701590690196406,-0.002161725001746461,-0.05988009407762032,-0.029873023014739597
39.48,0.1165,-0.00209888952673392,-0.002335003067663907,0.11714317055472702,-0.012163135936040747,-0.048035081255792235,-0.03055793076430631
39.54,0.1165,-0.0022355439431047306,-0.0012642460095675164,0.11694441619064291,-0.005257756611744274,-0.03530124712534331,-0.011659608314202421
39.6,0.1165,-0.002106010197306661,-0.0017960150071422564,0.1168431101089296,-0.010400585209371264,-0.03449925017407666,-0.018518053651633788
39.66,0.1165,-0.0022694843821728615,-0.0014341738427187712,0.11698935140636671,-0.0030654769349992275,-0.030068448164797465,-0.018465715349070287
39.72,0.1165,-0.001915457596157847,-0.0018063590283085454,0.11690455601363368,-0.004865418047770599,-0.02613640606848863,-0.0179737548031546
39.78,0.1165,-0.0020172491342500803,-0.0018899759653848707,0.11712668055415812,-0.0012526651241434668,-0.02458981357418618,-0.014568360390980853
39.84,0.1165,-0.002200549702119445,-0.0020667904746731994,0.1171768023565738,0.0007132839803903328,-0.02674619129884771,-0.01992405165850326
39.9,0.1165,-0.0022030708033348814,-0.001813371755278217,0.11674198336368681,0.008613029217926385,-0.026256088337186942,-0.018118958569469403
39.96,0.1165,-0.001821544707215662,-0.002076764313860696,0.11694792070630383,0.007342206239642222,-0.03216519453734601,-0.015314832821392631
40.021,0.1165,-0.0021548775243951765,-0.001682792211922569,0.11688547567591154,0.013292580241901894,-0.03464297095285203,-0.00959645562525968
40.08,0.1165,-0.002294203629601121,-0.0014972230562067077,0.11671013189833974,0.012579622759181806,-0.041238472952732856,-0.015778255814865024
40.14,0.1165,-0.002355230480857728,-0.0013377272168245478,0.1171326584074305,0.011220449108014644,-0.042694141171151216,-0.012739538103514277
40.2,0.1165,-0.002168604118822189,-0.0016816773376628384,0.11711396985365827,0.0022763468082467966,-0.04793522196475136,-0.011328245432096071
40.26,0.1165,-0.0021667460963071435,-0.001835374444623774,0.11696467741964643,-0.0028887387517461914,-0.051755158732990254,-0.015428208963247874
40.32,0.1165,-0.0020571016017498518,-0.002027427509776793,0.11732752696384778,-0.006533765479415795,-0.057745678301189575,-0.030954525228377907
40.38,0.1165,-0.002349848005617957,-0.001118970625836446,0.11721179194095167,0.00108225515839725,-0.04247697875248409,-0.009436447742917853
40.431,0.1165,-0.0023611684566736766,-0.001215865729358923,0.11705436146511969,-0.0018123654078638681,-0.03916511232361866,-0.009079512420827902
40.49,0.1165,-0.002275988820295357,-0.0015238475820381135,0.116939439754075,-0.002114132871313434,-0.036212660109736367,-0.01442509941848684
40.546,0.1165,-0.002262076044125161,-0.0015637359239330196,0.11707185164994106,-0.0011047643362740748,-0.034011571190059674,-0.01985852964039105
40.6,0.1165,-0.001387755569831674,-0.0023255609234913155,0.11654456859821652,-0.003993098416049299,-0.02670286765486957,-0.019023927171495224
40.66,0.1165,-0.0013762676084863646,-0.002226758330716209,0.11665169212844742,6.0992415355717066e-05,-0.024569492729780172,-0.016579972398398438
40.72,0.1165,-0.0013851288105722886,-0.002582624834324407,0.116388853566824,0.0003683461775824361,-0.025960816796701456,-0.022208469042417654
40.771,0.1165,-0.00132223563216765,-0.0024703993712495635,0.11644732510205703,0.001450328553288422,-0.028063341436622716,-0.023833655175425256
40.836,0.1165,-0.001478483773978476,-0.0021050114359151928,0.1165098413263293,0.008183564382320473,-0.025495593902805164,-0.014611000861120181
40.896,0.1165,-0.002087623026258175,-0.0018911040606733598,0.11674962178265554,0.00708999258855791,-0.030269296785070503,-0.012845709880135555
40.95,0.1165,-0.0019000635528338193,-0.001840427759490207,0.11671255339510393,0.007573521352387646,-0.03800245913041707,-0.016232545801273774
41.01,0.1165,-0.00192134846433986,-0.001540406580169321,0.11677735906207648,0.006496704410538438,-0.042240188837575465,-0.014248495307865717
41.076,0.1165,-0.0020807233647522115,-0.0009810497176580008,0.1183492369042826,0.009838858516626976,-0.041933153811125175,-0.009233274049614106
41.13,0.1165,-0.0018792816062460137,-0.0019874256549198685,0.1186492102602508,-0.0016566315048368843,-0.0533072378777268,-0.027112033849776916
41.186,0.1165,-0.0021482848283795428,-0.001004761727181309,0.11932888902227333,0.0020509472857797727,-0.050692720727154514,-0.022639172233915927
41.24,0.1165,-0.00168336958873126,-0.0025315901821252144,0.118396447526694,-0.007130824266629651,-0.05501216103199966,-0.027748347448731548
41.3,0.1165,-0.0022597048400027206,-0.00038896940203106314,0.11910242812183333,0.0094100518014369,-0.0388843179171453,-0.010917051631227987
41.36,0.1165,-0.0021331814146170517,-0.0017019451138037555,0.118466035477225,0.004675190170490948,-0.03597341332018154,-0.01398815353268417
41.42,0.1165,-0.002034527391473544,-0.000617955802751775,0.11903113894590892,0.012760578498877217,-0.03197425623646559,-0.01605054705346036
41.48,0.1165,-0.0016872238353023033,-0.0022545365399162832,0.11811589803418603,0.0022975046306770944,-0.032586308550556754,-0.01960215177202521
41.54,0.1165,-0.0016530315434108004,-0.0018113152504449163,0.11768624987616892,0.005266972732219276,-0.02655585549748555,-0.01859977929055998
41.6,0.1165,-0.0016906008387797186,-0.0017716633652384772,0.11832623914566935,0.012061654986047204,-0.023669337247369446,-0.015984206804704526
41.66,0.1165,-0.001949639534322268,-0.0013920285619049475,0.11805194221679953,0.012740890297997921,-0.023573075723278287,-0.016151247261491305
41.716,0.1165,-0.0017417069723149445,-0.0020226803994058593,0.11831607118369121,0.006479571993048597,-0.029183084248312643,-0.01800216391748513
41.77,0.1165,-0.0018170595404710845,-0.0018879735495759347,0.11779429311606994,0.002736223234554485,-0.034495274181551676,-0.01822589764499505
41.83,0.1165,-0.002001088012282965,-0.001431041786347701,0.11813189317526919,0.006981057545873993,-0.03446308248168737,-0.014133748552609989
41.89,0.1165,-0.0021115786819742594,-0.0010212110289284939,0.11839101282928567,0.008534031060738191,-0.03878802126873133,-0.013068807013858453
41.95,0.1165,-0.0021282794996419383,-0.0012695996537773902,0.1184493073190797,0.004681145963263396,-0.04394964165040387,-0.013510670462007091
42.01,0.1165,-0.0019565716459611217,-0.0016585191369732676,0.11809580583258934,-0.001103082006682939,-0.04640654625166789,-0.01583950713970529
42.07,0.1165,-0.0018731769984942214,-0.0021023133646128262,0.11824408456518205,-0.004655339050428959,-0.05322042536390391,-0.027556970628394857
42.13,0.1165,-0.0018654781392006205,-0.0020182607284824467,0.11848401219819386,-0.0026103120820779387,-0.05231856813776106,-0.02731857031469506
42.191,0.1165,-0.002127208723567106,-0.0012041387867858819,0.11840582445551387,0.009336724616916349,-0.03930358201594567,-0.012088511047966596
42.25,0.1165,-0.002011579075211983,-0.0011040385924228997,0.11824358053784077,0.01129160977645497,-0.035479214255993506,-0.01288678683987686
42.31,0.1165,-0.0018844499173851382,-0.0015042465196132243,0.11818576828950833,0.010197159369900033,-0.03337796254490201,-0.013855425380894043
42.37,0.1165,-0.0018768965381588843,-0.0014912861661032714,0.1177909842395319,0.011282573598943352,-0.030293656157252397,-0.014502158702091391
42.43,0.1165,-0.0017490533447810676,-0.0020773165666972512,0.11808949240294653,0.0038092713547224137,-0.026973599208412247,-0.01906553852244917
42.486,0.1165,-0.001645846651277828,-0.001830983210673197,0.11831647099779172,0.007181494802917604,-0.024539878696927246,-0.017186439197297662
42.54,0.1165,-0.001707095992550852,-0.0018657833493232526,0.11828119713815939,0.006368194989973657,-0.02889524341395134,-0.017701607636458953
42.596,0.1165,-0.00204358037625189,-0.001336037668117091,0.11784665603072603,0.009558668703124997,-0.02706576061656677,-0.015480104209720154
42.656,0.1165,-0.001695538811326103,-0.0019537040352473715,0.11810174380530161,0.0003123719595539823,-0.0295902029822361,-0.01837177516174847
42.71,0.1165,-0.0020260677974649225,-0.0010764372010939418,0.11826294535609681,0.007576689110717902,-0.031135545603148518,-0.0092905574188921
42.77,0.1165,-0.0021708671636292668,-0.001187504354160149,0.1182930706803914,0.0068112779635675896,-0.03654891226794958,-0.012519367123762214
42.83,0.1165,-0.001817902555140848,-0.0016398965061155844,0.11811980168185054,-0.001454015033401093,-0.04305888104597369,-0.019699665098662885
42.89,0.1165,-0.0017816690458807016,-0.0017918813127583838,0.1180738030272672,-0.0019982651736018104,-0.04466275601119332,-0.014892995320575092
42.95,0.1165,-0.0020298489128068938,-0.0011027239119995535,0.1180992584066549,0.008613598190021618,-0.043966517515336374,-0.009122609372558309
43.01,0.1165,-0.002226907655503733,-0.0010186622488617784,0.11856621325110207,0.012616231023428156,-0.042205980248819955,-0.014104808072881546
43.07,0.1165,-0.001981503416751055,-0.0011797755971786322,0.11822456697653654,0.011385819967592992,-0.037977391517669844,-0.014382153225597551
43.13,0.1165,-0.0018558114990407002,-0.0016480745601672954,0.1179509829304918,0.0074908089428974015,-0.0392516779840934,-0.010478140649110646
43.186,0.1165,-0.0018659170585542772,-0.0017580223719664036,0.11806134292956871,0.008214516862792617,-0.03921298206565104,-0.016583861957702725
43.24,0.1165,-0.001980637080349373,-0.0011898389471149756,0.11829128016005261,0.014413901293794875,-0.031783825119933516,-0.018921871024544953
43.3,0.1165,-0.0018839519591503204,-0.001380787638652201,0.11842058577693784,0.010957592874464973,-0.026321512313044956,-0.013497011852557472
43.366,0.1165,-0.0016309136560609555,-0.0017774137865261706,0.1179239380491308,0.005731348271701239,-0.03216830385709384,-0.013612526332269111
43.42,0.1165,-0.0016863394003176413,-0.0018924078149737083,0.1179415476788443,0.0017891081874266016,-0.033399105527182574,-0.022425554965884154
43.48,0.1165,-0.0019254996579512555,-0.0011877197070773184,0.11833704404968157,0.007070409387331469,-0.026712350836025456,-0.01797257351290026
43.536,0.1165,-0.001863471345648102,-0.0013333026268619748,0.118230944361918,0.005673297563168807,-0.02699323531929175,-0.01009620457910862
43.59,0.1165,-0.0018109835030062468,-0.0017661508021179669,0.11814639102092266,-0.002135198377728651,-0.0348342862593659,-0.01342609003237572
43.65,0.1165,-0.0018784231968216175,-0.0018120974757261277,0.11812106825351866,-0.0020530274107774236,-0.03846268959263401,-0.02259233542379779
43.71,0.1165,-0.001793838317318681,-0.001564672867078402,0.1181688894709836,0.001661430896265175,-0.038288882036139775,-0.017336861129440963
43.77,0.1165,-0.0020777670242908383,-0.0011835418167738933,0.11836908496597376,0.00851303051034894,-0.03860637839005239,-0.005579570789050741
43.83,0.1165,-0.0020408875063273346,-0.0015085649110826525,0.11831284297619778,0.006500856488994083,-0.04262181438247487,-0.017147854777085483
43.89,0.1165,-0.0019619332792172603,-0.0012422431738976798,0.11819049920562733,0.011389029903031464,-0.04102395417393742,-0.01640940839509665
43.95,0.1165,-0.001984020869634678,-0.0014006234851760486,0.11802558266436886,0.010524927666375455,-0.041148705947971896,-0.009343946888641961
44.01,0.1165,-0.001932774934486857,-0.001357996026930498,0.11810915483357501,0.012704584401956103,-0.04048957968581791,-0.011663564041068102
44.07,0.1165,-0.0020012290137766692,-0.0012306416204142614,0.1183053807554205,0.013939599766437829,-0.036680244534097246,-0.017944545260732105
44.13,0.1165,-0.0018929789152506095,-0.0012934133746188802,0.11825887259709582,0.011435752740768365,-0.03393451697937052,-0.01350824570447368
44.19,0.1165,-0.0018604173152270984,-0.0019551234001104344,0.11810279380133362,0.001822189684411506,-0.03317786290987154,-0.012711214583377697
44.25,0.1165,-0.0017644458047388798,-0.0018720147822645274,0.11798904098948078,0.001149979368007138,-0.032330548328587505,-0.020478451281808197
44.31,0.1165,-0.0018776993511768817,-0.0013659119699215407,0.11803694602659251,0.006255205071490464,-0.0279137931076636,-0.01694265470279431
44.376,0.1165,-0.0019930602160630954,-0.0014310376378445073,0.11803163251106272,0.002754987975032663,-0.026350059752540782,-0.009656328450151082
44.43,0.1165,-0.0018949032205209141,-0.0016665957074254512,0.11824141696688607,0.0007024785206205387,-0.02922927698560613,-0.015505561667012216
44.486,0.1165,-0.001685569125242208,-0.0018427098107396877,0.11802005657595356,-0.0014565554329552856,-0.034236820285193904,-0.021926624394834355
44.54,0.1165,-0.0018622945082392604,-0.0013567200151334926,0.11788012293214636,0.0059041569513133526,-0.03352572066063111,-0.012733481049370242
44.6,0.1165,-0.002040544530904486,-0.0011857919076800145,0.11809393334088164,0.00951701646911972,-0.03420015920146765,-0.00846155612060449
44.66,0.1165,-0.002071959685914697,-0.0011067626874280822,0.11822206605703342,0.0116914516613746,-0.03587420952032202,-0.014426682709366463
44.72,0.1165,-0.0020519116047995225,-0.0011771127269736602,0.11815261634649868,0.013461347196697056,-0.039528210936092475,-0.014449312390854927
44.78,0.1165,-0.001880566852013059,-0.0017945081421209361,0.11829284682786913,0.005062606844029198,-0.044736155755107455,-0.01559571715662313
44.84,0.1165,-0.0019273189288933742,-0.0013267856647850133,0.11819030038120885,0.011367095787112506,-0.040614119713065215,-0.01262156946896877
44.9,0.1165,-0.0019425097319847927,-0.0011947474572983736,0.11831745719739198,0.014077358770477715,-0.0388262112404822,-0.015127407565323433
44.96,0.1165,-0.001998153117838042,-0.0012967672722748373,0.11820694540647429,0.011036650057767184,-0.03749058530719277,-0.012534398644406038
45.02,0.1165,-0.0018688574115903022,-0.0017563562272750362,0.11827842761245104,0.0028490824553784946,-0.03945468454617151,-0.01562636504317128
45.08,0.1165,-0.001838560535523748,-0.0018111013111689431,0.11791576159623955,0.0021978497712104835,-0.03572887000194367,-0.017858969420124236
45.131,0.1165,-0.0019826417740335216,-0.0010978800523216083,0.11833293572536051,0.008463182055550059,-0.030027013231627552,-0.013947726991058453
45.19,0.1165,-0.001960896785912299,-0.001431797765790887,0.11863586641967425,0.004722559984897072,-0.03191341797498185,-0.014062642359998085
45.241,0.1165,-0.0018733187151018886,-0.001765360937330665,0.11813508226865979,-0.0013844205060328805,-0.03307553695176271,-0.016355065224130102
45.3,0.1165,-0.001716430110736361,-0.001864047465563159,0.11792354897268689,-0.0007304323346926663,-0.03123357136447906,-0.019491380330247346
45.36,0.1165,-0.0019144469051559677,-0.001236622708982478,0.11822943272200033,0.007135115320733042,-0.029340153575160344,-0.01333638421555493
45.421,0.1165,-0.0019386838726531694,-0.001336713808608216,0.11822133703746905,0.008067149195800894,-0.029446828604924005,-0.01166481935147479
45.48,0.1165,-0.001763869092922302,-0.001719206494980738,0.11807231958487302,0.004580723910124033,-0.033904613749854935,-0.018217003630449556
45.54,0.1165,-0.0017849129701922324,-0.0018148414457398604,0.11804352956398995,0.004964436066118939,-0.038454103556527605,-0.01762674868386642
45.6,0.1165,-0.00196015682833528,-0.0013988068358959625,0.11798291434615955,0.01012567098188889,-0.03942810220470146,-0.012430185964604457
45.66,0.1165,-0.0019493002185590252,-0.0013788210813599714,0.11824110304730313,0.011276564175273533,-0.0391972627703445,-0.01320941434777432
45.72,0.1165,-0.0021250377558102796,-0.00106053119803521,0.11836211453067,0.014464938760224052,-0.0384406554674159,-0.012423283108354504
45.78,0.1165,-0.0019935434170958123,-0.001511016177311902,0.11837165735373605,0.007382823960766079,-0.04328533263171661,-0.01489482003631439
45.84,0.1165,-0.0018872264944580618,-0.0017529505115055387,0.11801957221028256,0.0030332957905797185,-0.04338457444198458,-0.016549323536978695
45.891,0.1165,-0.001899963120928893,-0.00143744838001757,0.11835831159756836,0.007339541257053628,-0.03975813967010987,-0.017540952148798375
45.95,0.1165,-0.0020527891899223922,-0.0009381533791914924,0.11844248064651844,0.011075830044528183,-0.03399758943235798,-0.011807021262827837
46.01,0.1165,-0.0021005739429293224,-0.0012583761717113854,0.11831778847033671,0.006202542184588814,-0.03198291813980051,-0.010455334107294772
46.07,0.1165,-0.0017016410451454356,-0.0017436802679656987,0.1181546017728957,0.00016866860232785845,-0.03422065093122412,-0.01791939082705701
46.13,0.1165,-0.0016384779097522444,-0.001778743118719219,0.1179859555185055,0.0012197423026516104,-0.03361317123917054,-0.018525597415604576
46.186,0.1165,-0.0018641769884169038,-0.0012297190525646512,0.11840766635212863,0.008065676731517065,-0.028859967788313828,-0.013062079491265153
46.246,0.1165,-0.0019165938529874,-0.0015156055690155963,0.11821899835550538,0.00489614545505356,-0.027787853474071866,-0.013487944562065424
46.306,0.1165,-0.0017277640199475496,-0.0018537396179239564,0.11809254178593502,0.0035365284406227012,-0.031468252171923505,-0.01935489752924112
