sensor type:,vicon
timestamp (s),arclength (m),data
0.0,0.0,-0.0024816699371569993,0.0015025510258067124,0.0014299213412868027,-0.008700512012870166,0.010063518073548633,-0.002186071957867243
0.06,0.0,-0.002403046279169539,0.0012409426937681697,0.0010162994907973654,-0.012997187495197553,0.011511481819424433,-0.0030326287077986186
0.12,0.0,-0.0023273712169254277,0.0012010678199208841,0.000808755837136883,-0.01111916655263771,0.008642740539027373,-0.002848520662089321
0.176,0.0,-0.002464341426244091,0.0014715727546726566,0.0014020813475938798,-0.008800591649482915,0.010409821948059535,-0.0025219994222478444
0.23,0.0,-0.0024588595951660266,0.0014162622745843905,0.0013103591124131117,-0.012149381755368161,0.013231110374256254,-0.0017731776763971322
0.286,0.0,-0.002316119274381366,0.0012004303227656507,0.0008666657908227575,-0.013790891781794603,0.011165098757017794,-0.0028806359435850173
0.346,0.0,-0.0023777896279992923,0.0012481896746650923,0.0010112496437927351,-0.012772275215496797,0.010059346924735663,-0.002263588118648448
0.4,0.0,-0.0022857200371116443,0.0013455088362392682,0.0011232572185601933,-0.011276892371615593,0.012076601029687552,-0.003171865963973954
0.456,0.0,-0.0023471614782893265,0.0013429435556560848,0.0011372605488119243,-0.009271510980150166,0.010066189010898478,-0.0029783259579789488
0.51,0.0,-0.002359843820354681,0.0012038702859053592,0.0008753082932895342,-0.013592574454830846,0.012028377213815536,-0.0026512401706385532
0.57,0.0,-0.002353482510705881,0.0012768504467015065,0.0010526844976677151,-0.009954019820007562,0.007995843102351912,-0.003262101956540607
0.63,0.0,-0.0023888963399130237,0.0013230645668305412,0.0009704998115702076,-0.007625202441281183,0.010145347501388293,-0.002957028286948289
0.69,0.0,-0.0025702016698077096,0.0014620919666162575,0.0016951271666954852,-0.011769956332433853,0.008541450644328472,-0.00244180390169234
0.75,0.0,-0.0025124928233122585,0.0021751461006912077,0.0026215729582761767,0.003432114492490547,0.015160683602518354,-0.0037679010832418003
0.816,0.0,-0.0025630091957018772,0.001002731760085479,0.000928067854404423,-0.012452114998815895,-0.0017553713633993557,-0.005249887201456173
0.87,0.0,-0.002594606872683181,0.0024199870957029228,0.0023554270301305146,-0.004914041457148666,0.01064134839376038,-0.0018368167826767823
0.93,0.0,-0.0024794430759616766,0.0009711049171629148,0.0016090519675806911,-0.010450192049616787,0.009832949937133633,-0.0023464699534125
0.99,0.0,-0.00240675663844419,0.0023547370556552876,0.0018656916563761822,-0.004664692020501532,0.008533524227132185,-0.0026474066792395736
1.05,0.0,-0.002458764990148687,0.0008902852013939811,0.0017064776086922232,-0.011368347913554159,0.01008133502805585,-0.0030922000373703627
1.11,0.0,-0.0025607562919859176,0.0023885769258259514,0.00206217259752898,-0.005341651434588704,0.009543223958958954,-0.002655630383112502
1.17,0.0,-0.0022923946598335135,0.0007137195301255812,0.0013346434071775243,-0.006444512254567086,0.007594851486121071,-0.004112780899307818
1.226,0.0,-0.002558757488144646,0.002238233741038048,0.002608643368561183,-0.0012123259589818735,0.018307381545450904,-0.000763829966262568
1.28,0.0,-0.002535639833043399,0.0011147687388098858,0.0011749365912384945,-0.01930534684606881,0.009274088167091889,-0.0016883370568078473
1.34,0.0,-0.0023630669514774117,0.0013556899516561894,0.0008569885652711455,-0.005154771185573499,0.012671225207294192,-0.0027815568625289143
1.4,0.0,-0.002553283000347576,0.0011974374546794837,0.00109867453572401,-0.015165755033588255,0.0064606838013419625,-0.0024485020436823745
1.456,0.0,-0.0023388160273476086,0.0014139149136935326,0.0011497135690218424,-0.010363822892792328,0.016664037563160268,-0.0020614823352965474
1.51,0.0,-0.002393347980541211,0.001279295445931334,0.0011575333005944505,-0.012747933844876304,0.010727344574290454,-0.002728111384483324
1.57,0.0,-0.002431991348153382,0.0013438768184088126,0.0011273572658843701,-0.010439533681457527,0.010812517921150242,-0.0035469669761777913
1.63,0.0,-0.0024894699542799266,0.0012720906564683346,0.0009623532652196626,-0.01229156659347747,0.010038171736839118,-0.0026011712040880652
1.696,0.0,-0.0024600504473084378,0.0012728093066326114,0.00099245211140618,-0.010340886513367547,0.00800061170444831,-0.002179325362145221
1.756,0.0,-0.0024061966074306854,0.0014760798948280681,0.0014392027736052887,-0.009644174888829037,0.013556665160319665,-0.0019744567991262815
1.81,0.0,-0.0025711983710797297,0.001429818014155187,0.0013830912926458899,-0.01179258420627068,0.010199859423781007,-0.0017790433378596577
1.87,0.0,-0.0023654771835077727,0.0013072415038835065,0.0009751377534574154,-0.011004472805341501,0.010852793722946067,-0.002274598570840402
1.93,0.0,-0.0026218345436913627,0.0012951407733259646,0.0011291710349885784,-0.012879682417726435,0.008130851471498545,-0.003284804251602469
1.99,0.0,-0.0023544601937355754,0.001325546370273759,0.0010290163385964053,-0.011322535754217107,0.013373107703356759,-0.003355630918542637
2.05,0.0,-0.0025269428004704095,0.0013751911258091843,0.0012435831425379445,-0.011846029325818297,0.010163125284778326,-0.0014614735265736439
2.106,0.0,-0.0023898186302738623,0.0013326539893625062,0.0010542776492791744,-0.008042557079581758,0.010598261886028497,-0.003207118842872474
2.16,0.0,-0.0025080753200096445,0.0012574157430582408,0.0010794745670240178,-0.013381603676520868,0.009492878424875277,-0.0031908462014777483
2.216,0.0,-0.0024454685262346345,0.0015021650912046942,0.0013828288322252033,-0.008600961357437058,0.012729529894462674,-0.0024116045691081685
2.27,0.0,-0.0024646343818676203,0.0013663113169192496,0.0013009543217609683,-0.012410901128572432,0.011899423163995067,-0.0030682863786145875
2.33,0.0,-0.0024016768806303574,0.0014402721402215796,0.0012141609836794213,-0.010672586956286324,0.014100553916035541,-0.003137155689514082
2.39,0.0,-0.0024185116519190135,0.0011491004187651542,0.000884494060606759,-0.012220441675417065,0.006361239642589842,-0.0026768110614821886
2.45,0.0,-0.0024769479573496468,0.0013327505321614008,0.0009227430322699424,-0.011785031847816606,0.012214554282026197,-0.0019512819767252916
2.506,0.0,-0.0025821818775916532,0.0013642712791653762,0.001261101670840335,-0.013258847344262392,0.011898621166340913,-0.0020788119048840963
2.56,0.0,-0.002426909164383147,0.0013575424031896843,0.0010720277199151036,-0.009761100749300977,0.011617554218835235,-0.0028058832232247745
2.62,0.0,-0.002358908224478554,0.0011535535887875097,0.0008321484875802084,-0.01393134214621515,0.00905378246131892,-0.003159075983273987
2.68,0.0,-0.00240518133677305,0.001324392230220983,0.0009818242102441444,-0.008587677513110079,0.009528590267595506,-0.0025996179877165355
2.74,0.0,-0.0024607495359165593,0.0013448902227542222,0.0012954543387588043,-0.010964997918273727,0.010265340213157961,-0.003241244581084315
2.796,0.0,-0.0023588557383302008,0.0014130974740379125,0.0012992746799310106,-0.010559155312312428,0.013026931642102944,-0.002983320562578378
2.85,0.0,-0.0024729279213153406,0.001202391909011506,0.0010561774670947747,-0.014277415983577546,0.010930278239619015,-0.0028492624327292816
2.91,0.0,-0.002359210579196875,0.0013428412633687565,0.0010931132335888392,-0.006213319878125861,0.009705924386961086,-0.003632718052834654
2.97,0.0,-0.0024551445097146297,0.0013421115654998826,0.0012937279880042747,-0.011428462106675724,0.010224833580709271,-0.0027032440137250923
3.03,0.0,-0.002508644973335095,0.0015460936903748924,0.001529544181838877,-0.007673451961339907,0.011363236117701857,-0.0017596397745110299
3.09,0.0,-0.0025478316574922546,0.0013356691152009682,0.0011248409942158479,-0.0110127147485849,0.0069827933888233105,-0.002399351694957195
3.15,0.0,-0.0024725111369317725,0.0013471506539020125,0.0010617200560283726,-0.010636739374060575,0.009329630570858746,-0.0028635626728715055
3.21,0.0,-0.0024035644724163946,0.0012330005593830596,0.000941890706003979,-0.01206667107231923,0.00903651982305244,-0.005364419871495536
3.276,0.0,-0.0023750635901982364,0.0014383168656045507,0.0012520327003204738,-0.0068135148746625,0.011721912362607024,-0.0031448773536982833
3.33,0.0,-0.002423399753121918,0.0013320604724100732,0.001186982965570482,-0.012387008011695093,0.011135990506750307,-0.0030433802322267305
3.39,0.0,-0.0024269838107178984,0.0015224525558357137,0.0013061538632235215,-0.007612631926125916,0.007678476230507044,-0.003922304665993113
3.446,0.0,-0.002361772736943758,0.0012358787678546153,0.000893152523985965,-0.010147247102100097,0.00519108573921624,-0.004387353024551134
3.5,0.0,-0.0024320769166762627,0.001470159708995021,0.0012559169257704622,-0.010158337371808745,0.011126259067072713,-0.003638582554422149
3.56,0.0,-0.0024829896064675295,0.0015354399075800775,0.0014289672246794842,-0.011454640549719924,0.010986690021405867,-0.003014675098223384
3.626,0.0,-0.0023356789218857902,0.0014724015451116155,0.0012730150069871409,-0.007911638800528297,0.008997952918196061,-0.00420638566194487
3.68,0.0,-0.0024444164179401717,0.0012693424176158578,0.0010226677342687937,-0.0010696668324543864,-0.0011513726892330735,-0.008029979086344381
3.736,0.0,-0.002419067061588263,0.0015068417996213898,0.001300119785234452,-0.007846071324343682,0.00736563676379067,-0.0032985793946809457
3.796,0.0,-0.00244819931822916,0.0014968802669739184,0.0012829774863374137,-0.007314697905798089,0.007202452419211281,-0.003343877641537591
3.85,0.0,-0.0023600808225551603,0.001524567764155316,0.0013026519446868222,-0.010308423693763983,0.008775946226863765,-0.0033483750281925614
3.916,0.0,-0.0024101366776326685,0.0012772518842304784,0.0009730139446059066,-0.013584877762626346,0.008951129925523046,-0.002940021276957337
3.97,0.0,-0.002304054149789749,0.0012196969043537097,0.0007804147001309612,-0.010481594995109728,0.008979135861701484,-0.0033959976258293684
4.026,0.0,-0.0023367382791534552,0.0014176764649887167,0.0012166911147227359,-0.011739070837554514,0.010558587003001486,-0.003307764849165417
4.08,0.0,-0.0024754768205234837,0.001507372605259212,0.0014202566014614555,-0.010446795264798804,0.011555321171146049,-0.002630984911070468
4.136,0.0,-0.002436070630195047,0.0013155329498757288,0.0010353066127762366,-0.0129440278040139,0.010058925701677214,-0.00432926466383609
4.19,0.0,-0.002442606111168195,0.0013571931926352886,0.0010582103563764463,-0.006507268387344662,0.004435568298756186,-0.004423979218684808
4.25,0.0,-0.002444938127052979,0.0014765877736342295,0.0012596471283840757,-0.011453246983682556,0.009375308371851312,-0.00240755411061885
4.306,0.0,-0.002385581548688534,0.001391310505225189,0.0011410496310449584,-0.00880115032252899,0.009159837903512155,-0.0039603754244154415
4.366,0.0,-0.0024439082862018377,0.0012416355765679484,0.0009167211262965743,0.0003757316030887458,-0.0007349334581961533,-0.008767238559514981
4.426,0.0,-0.002343257385137308,0.0012587848334166141,0.0008635175456600369,-0.010489754118526274,0.00687117554140804,-0.003969752455555768
4.48,0.0,-0.0024322183717309506,0.0014488010245766053,0.0012261677656695534,-0.012549314958725782,0.01033225652736017,-0.002399040253437958
4.54,0.0,-0.002388604684754608,0.001325544608879544,0.0008645237148754264,-0.01101236651948302,0.011132162967675871,-0.004094336053568827
4.606,0.0,-0.0024404062254777537,0.0014415357971759631,0.001246592050018513,-0.012430527379682168,0.011502700314494267,-0.004299005026154674
4.66,0.0,-0.0023079796996489173,0.0012194744765087688,0.0010161066802169135,-0.009977285527028404,0.009330071540100553,-0.002721414628293188
4.72,0.0,-0.002474970898141846,0.0012808027108891715,0.0010291650690952459,-0.008784000988341173,0.007555169423368584,-0.002616657789777724
4.78,0.0,-0.0024042726846520922,0.001226436048768925,0.0007157712494372507,-0.010823918965803958,0.010663503623659932,-0.0036163138180059975
4.84,0.0,-0.002425890935455373,0.0014701744845827852,0.0014043338650591092,-0.012346529348583947,0.013026829122465824,-0.0017953269777507498
4.9,0.0,-0.0023940646876892875,0.0013500913206101195,0.001081323646375252,-0.012746580529622575,0.011067231017757485,-0.0027107783790502995
4.96,0.0,-0.0024664576389157697,0.0012661100430860469,0.0009928914627466267,-0.012015765430314705,0.011043687839611547,-0.003297111546560043
5.02,0.0,-0.0023699421044210416,0.001339451471751925,0.0011614032690168746,-0.011819002018377194,0.011339224654782104,-0.003175017606220341
5.08,0.0,-0.00237659629155704,0.0014442856551217128,0.0013489114559751595,-0.009491742349927036,0.010254770607359293,-0.002694795724919203
5.136,0.0,-0.0022822612752313415,0.0012697561526343471,0.0010290360334426674,-0.007255319640486664,0.007313228528118441,-0.003782698236471634
5.19,0.0,-0.002446925979181191,0.0012168157474098682,0.0009092238292635038,-0.012340713221395651,0.011906327045766616,-0.002992413467367862
5.256,0.0,-0.002356248597034862,0.0012954497158869443,0.001077996867584314,-0.01305702848317132,0.01232267698486435,-0.002936572871489565
5.31,0.0,-0.002468561412391655,0.001461063167040818,0.0013572724961462457,-0.012733386474400268,0.012623542175878574,-0.0021180841283621327
5.37,0.0,-0.0023753911490833617,0.001362513317425106,0.0011457118631126974,-0.010048273140264222,0.01023017350245893,-0.00252399527355985
5.43,0.0,-0.002347909622057057,0.0012247103899007583,0.0008941095705220317,-0.011460628029902678,0.009475610417059483,-0.0023898206599523037
5.49,0.0,-0.0024167866170866077,0.0013247445995532338,0.001108879459849344,-0.01006521476284929,0.008968254990450222,-0.0027852925553802604
5.546,0.0,-0.002444078994619685,0.0014257152137919765,0.0013035879224568535,-0.012780511999828185,0.012747439549909147,-0.0018051808444869237
5.6,0.0,-0.0023899446297045556,0.0013911232218318608,0.0012368601308940345,-0.01235391463537034,0.011479739042681878,-0.0026150814276318596
5.66,0.0,-0.002481180628263804,0.0014566766656785891,0.0013449795007333004,-0.010369355856277955,0.01079904104179405,-0.001802890722228233
5.72,0.0,-0.0024598288404447575,0.0013218189669840256,0.001087350462407061,-0.011500713194360595,0.01018204117639978,-0.002105929213404468
5.78,0.0,-0.0024462726558399784,0.0013310090592396299,0.0010583979909657047,-0.008268968706707132,0.008325112018561606,-0.002741513189046424
5.846,0.0,-0.002378872728318111,0.0012488558446038924,0.0010192266170578638,-0.012007403358464206,0.012358921111515424,-0.0031512887859790257
5.9,0.0,-0.0024687780391649647,0.0014355633739491106,0.0013449726834248983,-0.011295755122060545,0.012138591344976189,-0.0018595090859938302
5.96,0.0,-0.002389856626820219,0.0014562714135944845,0.0013784833099774877,-0.009604653591158394,0.011690558285065503,-0.0014555026006859728
6.02,0.0,-0.002461076981301035,0.0012832914783012757,0.001015829735789089,-0.01324954699309344,0.01217467661538378,-0.0025454160166418546
6.076,0.0,-0.0023978085542901355,0.0013080051160182364,0.0011205988735866423,-0.010307166260249988,0.010965589994978231,-0.003601112509249256
6.13,0.0,-0.0023755761184057057,0.001292806440850932,0.00108674979514227,-0.008187112869909724,0.008258710178356492,-0.0026635477164262873
6.196,0.0,-0.002424881546177636,0.0014705603965208074,0.001442997476107006,-0.008129583949016242,0.010458392326216004,-0.0017031811023357256
6.25,0.0,-0.002467801647990355,0.001456787126918765,0.0013679754684589327,-0.011664121354527664,0.013278048856895498,-0.002034776087711484
6.306,0.0,-0.002494097389373268,0.0012922148928023207,0.001045669273500795,-0.011710014024411498,0.009016464192689016,-0.0020724652778818537
6.36,0.0,-0.0023621240089147922,0.001368549898426009,0.0012150817000982472,-0.009803780438559916,0.010128809806605972,-0.0015021277481906895
6.42,0.0,-0.0023542488268687885,0.0014339988908803683,0.0013096364559301687,-0.010438308918685543,0.013467276931564189,-0.0022890280135407256
6.48,0.0,-0.0024170894894532937,0.0013989564424696276,0.0013383178463992741,-0.010338813669990884,0.011955582191394932,-0.002212887415966752
6.54,0.0,-0.002334082751459242,0.0013515387933128852,0.0012438045721464637,-0.010527757225665534,0.009967068645052549,-0.002760158481397407
6.6,0.0,-0.002401440726576144,0.0012133123114925724,0.0009201133582330986,-0.012276287650278671,0.011033973706060815,-0.00268621722106649
6.66,0.0,-0.002475450448994191,0.0013817990863610244,0.0012424684605064522,-0.009170181021683103,0.008532972062406332,-0.0014153626696913387
6.72,0.0,-0.0023836232308923717,0.0015076570707248057,0.001501318897540538,-0.010292921246556817,0.013790622159002253,-0.00204980727173721
6.78,0.0,-0.002479353807320619,0.0014495213970605828,0.0013264668239019145,-0.00952961401829834,0.00893446117671174,-0.0020209372725176686
6.84,0.0,-0.0023599291998616582,0.0013173081106454085,0.0010407770660648544,-0.013334965743046472,0.012142375273486574,-0.003057080294163753
6.9,0.0,-0.0022582120190544905,0.001198525523582748,0.0008632060139417221,-0.011788598050707028,0.01003622351683934,-0.003469755198211263
6.96,0.0,-0.0023424611276226517,0.001288826595406257,0.0010961286794804184,-0.00998015478997073,0.010731773395221994,-0.0025965053193962176
7.02,0.0,-0.0023564404025716744,0.001396828367530976,0.001256460306924919,-0.010995847233885123,0.012938004866444152,-0.0018733386937365517
7.076,0.0,-0.002347943493766056,0.001392290875180948,0.0012788146391980544,-0.013061143029951155,0.01293535639719631,-0.002612232345405064
7.13,0.0,-0.002323094986536882,0.0012133152187898647,0.000905947641921012,-0.012281089670223464,0.009613027166942843,-0.0027603392626341567
7.19,0.0,-0.002409588895071246,0.0013813111619021068,0.0012896849421038933,-0.011349742825881573,0.011347098285821236,-0.002700484099806236
7.25,0.0,-0.0023934337548003866,0.0014128966318860709,0.0012211775607436474,-0.011997451910604803,0.013363338031770448,-0.002816630486085812
7.31,0.0,-0.0023891853284023143,0.001401311601652699,0.0013239213094627497,-0.011102167777447706,0.012164640247463982,-0.0024384662806021056
7.37,0.0,-0.002285950533815977,0.0012731549903801866,0.0010542003723216812,-0.010706086659462955,0.008076005703727126,-0.0026639810541376763
7.43,0.0,-0.0024571977129445107,0.0013186802172782972,0.0011171208323596659,-0.008441142631514985,0.0077142616133905485,-0.0035626892312774923
7.49,0.0,-0.0024046535147145176,0.0013693026066779511,0.0012434666740763255,-0.008241384066383922,0.008293453950909281,-0.0025840394508469026
7.556,0.0,-0.002423845047837677,0.001406249548730836,0.0013388534323273873,-0.008968368909767072,0.011789741789639588,-0.0030356341934580046
7.61,0.0,-0.0024657278070022593,0.0013953712050629454,0.00126112572473899,-0.008607297050677707,0.01002918873182989,-0.0033667867014977025
7.666,0.0,-0.002434215584619902,0.0012726662154500011,0.0010226186174516086,-0.013422731819944826,0.011792900638959346,-0.0028418086304288913
7.72,0.0,-0.002528375635994995,0.0013926528209237082,0.0013399669623903726,-0.010867196303397346,0.011115019451774606,-0.0029638439169557226
7.78,0.0,-0.0025481800309969456,0.0015690346186774497,0.0015883883467789728,-0.00829776590027397,0.011252715418902551,-0.003113213436079633
7.84,0.0,-0.002452158619825631,0.0014081040127884197,0.001205674877901848,-0.00823051879304839,0.009023168103833749,-0.0041194830104829905
7.9,0.0,-0.002516464541430648,0.0013469504607681348,0.0011717158320136826,-0.008046421357856319,0.0077976076587785905,-0.0032395570385906907
7.96,0.0,-0.0024798631663297058,0.001243116187350318,0.001030585351799353,-0.0126396266284351,0.012058480582561905,-0.003088938375319457
8.02,0.0,-0.002445691473522987,0.0013949406196390563,0.0013026753817928626,-0.008468684283920093,0.009159362013861305,-0.003081659861540001
8.08,0.0,-0.0024897013159805516,0.0014088421828099041,0.0013145448612157688,-0.00863550942001891,0.010543042255676245,-0.0022583201443131715
8.14,0.0,-0.002405108922698768,0.0013586242559950157,0.0012519389662059503,-0.012351802007275042,0.013003487959465447,-0.003246288599039169
8.2,0.0,-0.002376701734121041,0.0013768772527610103,0.0012788808321568808,-0.012564984760141706,0.0127714991421958,-0.003497664331372448
8.26,0.0,-0.0024368174119986275,0.001237129225095216,0.0009449060239119383,-0.011821491730554879,0.009697732705195418,-0.003587548170672503
8.32,0.0,-0.002450545832841578,0.0013749345814479197,0.001243433029308955,-0.0066556777047169545,0.008617142676112678,-0.0029939731346653553
8.376,0.0,-0.0024144313273185484,0.0014053617632172437,0.0013620625217369378,-0.012626042873155356,0.013030885943076173,-0.002497602284520297
8.43,0.0,-0.0023456141458583317,0.0014299925431405492,0.0012400798182550857,-0.01081554319869827,0.012374309855160123,-0.00327625410741612
8.49,0.0,-0.002546212479836109,0.0012891412682356162,0.0009805867234677324,-0.009947266842711844,0.00765283695040716,-0.0038897340932713374
8.55,0.0,-0.0022899878639559917,0.0012475174051735738,0.001007552189207314,-0.009004854866692513,0.008613527996528158,-0.0036473335763454787
8.61,0.0,-0.0023914827249103448,0.001378091682926749,0.0012214100466986801,-0.012549871547383013,0.011278748091522364,-0.002587617975524291
8.67,0.0,-0.0025332515047350452,0.0015581757559612493,0.0014675521838834864,-0.010172879937733451,0.014583117487140989,-0.0024223179831660765
8.73,0.0,-0.0023529847399241547,0.0013167141312864273,0.0011696709830644658,-0.012837347866169538,0.012681850551691305,-0.0038988524040038637
8.79,0.0,-0.002434360449082914,0.001200755363749862,0.0008601847875870899,-0.014044561963922886,0.01076115141092544,-0.002973604309221135
8.846,0.0,-0.00242038696450243,0.0014488626026417813,0.0013954965863443016,-0.008930090098978528,0.009740589877913031,-0.0032678236410380117
8.9,0.0,-0.002361650055509317,0.0013812875326801631,0.0012280806899925933,-0.011361836799780473,0.012690544558044449,-0.002295321720349287
8.96,0.0,-0.002507355018768152,0.0014249691965923547,0.0013227899320672326,-0.012993533568060048,0.012593567123516409,-0.002791243591605137
9.02,0.0,-0.002406888500373631,0.001264949259129246,0.0010087063712664612,-0.01291603354556261,0.011358783422793096,-0.003437680339947542
9.08,0.0,-0.0024470505297329356,0.001299515500394774,0.0010313531519284304,-0.014370547781554083,0.009979216822646093,-0.0018300510585693226
9.136,0.0,-0.0024146035844672636,0.001497055803918111,0.0013840767802967807,-0.00900831245606713,0.009680051228031053,-0.002795779060381987
9.197,0.0,-0.0023972074731402784,0.0014756314287833999,0.0013938282276371283,-0.011675540063943663,0.012313488572478973,-0.0033017247270054296
9.25,0.0,-0.0024097725658601987,0.001270432888622501,0.0010606570097530224,-0.007999963779116688,0.007940927037882392,-0.003569525871855779
9.31,0.0,-0.0024551593863475158,0.0011742115431602703,0.0008249524385361734,-0.012197194929037671,0.010104879567873542,-0.0028952954486448843
9.376,0.0,-0.0024081829773905977,0.0013357689276782888,0.0011429213642750401,-0.014276302980986378,0.01291854003367831,-0.0024204136450243522
9.43,0.0,-0.0023406267590416396,0.0013669966508998766,0.0011749256422606093,-0.011348948912609354,0.012228582040266882,-0.002864250421179142
9.49,0.0,-0.002464383215010336,0.0014312166556745957,0.0013024273252101313,-0.011889378352726215,0.013678027844611283,-0.003228552251358599
9.55,0.0,-0.0024483063945390424,0.0013374947410686017,0.001098190770024898,-0.008810126456871509,0.0067194572693505365,-0.0029626493107934152
9.61,0.0,-0.002353547678775901,0.0011711589379426064,0.000830662220462792,-0.013061876259279232,0.009832700304727309,-0.002104979274425134
9.67,0.0,-0.002320661426167416,0.0012859331307331135,0.0010274523254642407,-0.010544469648854178,0.0080829950441936,-0.0026812063414601507
9.736,0.0,-0.002473916702640023,0.0014630823833876093,0.0013484534865430468,-0.006818840264120218,0.00991860946467699,-0.0020658073478830147
9.79,0.0,-0.0024411960067588496,0.001384310533523266,0.001422827830157125,-0.013008189189937621,0.012496601866819883,-0.0018846645504259007
9.85,0.0,-0.0024361083146005984,0.0012907038783445215,0.000974451363266478,-0.012312755261139617,0.010350249610701459,-0.001728442468607778
9.91,0.0,-0.0024734814503687376,0.0012031137383645483,0.0008960340161837629,-0.015578487059207965,0.011206347497903849,-0.0019944599272559023
9.97,0.0,-0.0024001870299802776,0.001353997728748133,0.0011128613747526373,-0.010342128147743795,0.008339295973871994,-0.0014901955302382302
10.03,0.0,-0.0025443692383799133,0.001450041951291291,0.001340386692254499,-0.012339566720269587,0.013251972134215514,-0.0020752538277575214
10.09,0.0,-0.002387082609049563,0.001434904542065385,0.001242496525366784,-0.010098531405217265,0.01016981979807406,-0.0027138900264593803
10.15,0.0,-0.002505614980049515,0.0013246108147484787,0.001096995548932689,-0.011295661816987537,0.008476241049466433,-0.0015202645272007849
10.21,0.0,-0.002422387752493052,0.0011629543914065503,0.0008007916501279774,-0.011169396563916965,0.008288801058430446,-0.0031454621175690217
10.27,0.0,-0.0023760404799889143,0.0013623330190128907,0.001236881891913196,-0.010201390893390025,0.01076096980238369,-0.003930727781231968
10.336,0.0,-0.0024326962470341785,0.0014439628076609956,0.001320334988322849,-0.01227008094659943,0.01332632253097015,-0.0017036716008710193
10.39,0.0,-0.0025208243601500253,0.0015614374981186032,0.0016217153096649152,-0.011381966079869497,0.012748140868004233,-0.002026015821602587
10.456,0.0,-0.0024746856159235976,0.001307248378532653,0.0010987889421749332,-0.012814118679702254,0.01146525860873736,-0.002764085627174137
10.51,0.0,-0.002358212739215828,0.0012546910550610567,0.0009797905345666125,-0.01061694601193796,0.007769921766047677,-0.0025070891372110013
10.57,0.0,-0.0022795166480481734,0.0012903044845848114,0.0010520077494497741,-0.01141422445141569,0.012331398619184024,-0.0027767488373838536
10.63,0.0,-0.002514296150089892,0.0015483990083242332,0.0015810098883864236,-0.009066626357040381,0.009921977120621461,-0.0014541729120708341
10.69,0.0,-0.002440911495331074,0.0014372016420178008,0.0012960334243040485,-0.008834181710795858,0.00971729741101617,-0.0017594230410516527
10.75,0.0,-0.0024917510390015793,0.0012745182176645735,0.0010775086765945424,-0.012706789598405108,0.011567030214368342,-0.002261331872632221
10.81,0.0,-0.0023626858060881474,0.0012320291664436574,0.0009404588983406159,-0.009169485500772073,0.008858903567208165,-0.002939132969801824
10.87,0.0,-0.0024328768128666707,0.0013231205298972857,0.0010586014322312351,-0.012190273937004576,0.011123265492211324,-0.0020498311980693034
10.93,0.0,-0.00236480825647742,0.001380611610539011,0.0011196491857120771,-0.012175091467302642,0.014793671643273637,-0.0028123524136415153
10.99,0.0,-0.002365968043839826,0.0013386500275484007,0.0011464562395050058,-0.013535069025606167,0.010919494124156055,-0.0017868821905950133
11.056,0.0,-0.0023571598057992938,0.0012780431320621897,0.0009241478233375217,-0.012613700038372968,0.009809966072908745,-0.002412584473948543
11.11,0.0,-0.0024692582805180803,0.001344499895049006,0.0011327309186514086,-0.013028014883055768,0.01021874186798953,-0.0023811644150544204
11.176,0.0,-0.002452465841917045,0.0012928042259266637,0.001053045761017612,-0.007543985734335997,0.008891200315287884,-0.002582167444160808
11.23,0.0,-0.0024915919081356756,0.0015349090894307119,0.0015423296113215505,-0.009433444957742504,0.011006206680157962,-0.0020798825494129183
11.29,0.0,-0.002408034656917603,0.001431368682121861,0.0012879230556347996,-0.008449538278264926,0.010100257274628231,-0.0027632514422748574
11.346,0.0,-0.00240110363641349,0.0011826949199104982,0.0008572092950112801,-0.010429124622753947,0.008236904734309833,-0.00265261732874526
11.406,0.0,-0.0023878724207728155,0.0013401947723341683,0.0011094774714786209,-0.013371895155197452,0.012643741599805917,-0.002509081546902879
11.46,0.0,-0.0024382401634438005,0.0014219704155925736,0.0012661734522115419,-0.010924838291621043,0.011482155398368393,-0.0019897635527456005
11.52,0.0,-0.002484360559439558,0.0013647913971941645,0.001034309249075465,-0.01156301275932841,0.011951293217755291,-0.002107179627368644
11.58,0.0,-0.0024353518976878404,0.001357142928657525,0.0012179637960228983,-0.012849766186689381,0.010422246723719348,-0.002188313811409041
11.64,0.0,-0.0024185122698284493,0.0013191732597297929,0.0010673280434371447,-0.0121068453289973,0.010403321539494362,-0.0018020084428995308
11.7,0.0,-0.002594946027687019,0.0014748181404922582,0.0013314401636696743,-0.013010648305553145,0.011859862313232392,-0.0016323282269446234
11.76,0.0,-0.0023299705438482488,0.001368320813701219,0.00108950700183242,-0.007457635052887109,0.010355587153782127,-0.0028588907710726716
11.82,0.0,-0.0024970450164409903,0.0013978304441499216,0.0012739637631483584,-0.010724910589162723,0.010218729687158676,-0.0013199451390665925
11.88,0.0,-0.002276795689250847,0.001358955122655642,0.0011546167540187392,-0.009324790796834377,0.009248320891374793,-0.0025627211614779027
11.946,0.0,-0.002506640324293925,0.0012265788612722832,0.0009011685029372409,-0.013194487119025227,0.009524067151138866,-0.002150682649268293
12.0,0.0,-0.002362289969161742,0.0013465155133303515,0.0010815609165465085,-0.012060823444469303,0.013907249700337023,-0.0028183230683988766
12.056,0.0,-0.0024106466309133626,0.0013669789347759988,0.0013136841735887572,-0.014347486200195863,0.013711526822232556,-0.0016072487578406925
12.11,0.0,-0.0023636097813721424,0.0013674247408391239,0.0011188021650869093,-0.007979808076231859,0.008735123641473563,-0.0027681939334369497
12.17,0.0,-0.0024102188845702113,0.00127064916128102,0.001042526583230535,-0.010330362410449082,0.007819601938464664,-0.002127423608600022
12.226,0.0,-0.0024192553647342857,0.0014172276096993317,0.0013207701499283297,-0.01129530756960588,0.012768841365358276,-0.001333438960836007
12.28,0.0,-0.002379846463765242,0.0014055991336325592,0.0012877630817957125,-0.010846257107964916,0.011198095631531445,-0.002438095028869273
12.34,0.0,-0.002408101910577227,0.0013765376315208308,0.0011694335067796388,-0.008441739940978929,0.01138675438223004,-0.002538980626366366
12.396,0.0,-0.002407596639456011,0.0012801878530235434,0.000948915890958821,-0.013793261129948676,0.010250738313711436,-0.002256195673705114
12.45,0.0,-0.0024143629974385655,0.0013551651404768393,0.0012024200834210236,-0.011472695284426725,0.013492159090882703,-0.003154314515060285
12.51,0.0,-0.0024780121840190573,0.0012426675314663556,0.0009398561501066809,-0.01341073802048116,0.011936943509150732,-0.0024673108770020638
12.57,0.0,-0.0024451059877779137,0.0014758880351974542,0.0013359298373847403,-0.010946035238732792,0.01195309048503271,-0.0017621278043058247
12.63,0.0,-0.002419910952983548,0.0012850597614437746,0.001153670715724958,-0.009132682250471301,0.008370673610529511,-0.002527547337970717
12.69,0.0,-0.002415398398238768,0.0013992208265759724,0.0012833960270484319,-0.011866772711484777,0.012246062108697086,-0.002367533869368009
12.746,0.0,-0.0024402896555906677,0.0013050833371744588,0.001077919396045414,-0.013452556274032012,0.013145074097398691,-0.0018956493698913629
12.8,0.0,-0.002424952776978336,0.0013627212261083255,0.0010457264040741134,-0.009769634274895897,0.010492960539515176,-0.0019388563252470323
12.86,0.0,-0.002404382730556843,0.0013268146360018293,0.0012186719278856912,-0.009471466988532604,0.010661940883525312,-0.0024016631011332607
12.92,0.0,-0.0025701712919881706,0.001334522782304782,0.0010840645485409473,-0.011275338925706464,0.01059393377624677,-0.0028824676650107384
12.976,0.0,-0.0023988743790118445,0.0013808121093415921,0.001166834431067511,-0.012881420340281854,0.011336367779139888,-0.0017276560741033174
13.03,0.0,-0.002450314549884438,0.0013507629248562616,0.0011627830522270865,-0.009599555018657942,0.00968995887658622,-0.0019034078799473656
13.096,0.0,-0.0023663674209236252,0.001368030721998931,0.0011916396347931635,-0.010782316810608502,0.011301024732384231,-0.0016400672038566595
13.15,0.0,-0.0024582422344153385,0.0012368254603392834,0.0009156685116103821,-0.012182628451975569,0.011490085573889537,-0.002504313975805007
13.21,0.0,-0.002383863591296669,0.0012718222280141212,0.0009758691019013063,-0.01222869941748708,0.01109780886710016,-0.002923003239590728
13.27,0.0,-0.0023062027572655435,0.0011963269295413234,0.0009121041004010452,-0.013009556744722624,0.011631821602189094,-0.0024073815665152497
13.326,0.0,-0.0024768073456992155,0.001428240975548405,0.001273138815507045,-0.012481090859053214,0.013745970283337823,-0.001956017148296432
13.38,0.0,-0.0023290727850634944,0.001381062011612473,0.0011996339618517387,-0.012875296900752682,0.012653449839891617,-0.001917812195728792
13.44,0.0,-0.0024258043512126355,0.0012311662735247906,0.0008908518388117706,-0.010545037753857818,0.009144743108351302,-0.002118052159500156
13.5,0.0,-0.002422036935666941,0.0012762837825626917,0.0009832971237585858,-0.014459255530257068,0.009934554035953544,-0.001510143037978661
13.56,0.0,-0.002484510089927941,0.0013870891024693067,0.0011672674429595322,-0.012305239434203025,0.01105556206764817,-0.001977414350398739
13.62,0.0,-0.002459015291797117,0.001649104153002434,0.0011091700827479446,-0.017357050730685043,0.008924165740543912,-0.003688908401952608
13.68,0.0,-0.002369543011764287,0.0013385473009877265,0.001207187914285727,-0.009633007961520699,0.01118278190802965,-0.002173940956302343
13.74,0.0,-0.002483401396612935,0.0013603882387074415,0.0011934831273827712,-0.009372412923955364,0.010541935661451373,-0.002600662820259584
13.8,0.0,-0.002352870066032562,0.0012069396252855627,0.0009141160955674685,-0.013750407304117177,0.011784405029260153,-0.0014563538382888356
13.86,0.0,-0.0024182102787576308,0.0013795373838144942,0.0010892224246210724,-0.010851728053255951,0.009325565077801435,-0.0029075882396920926
13.92,0.0,-0.0023932375795166286,0.0013269971507460993,0.0010522245901773502,-0.012556847001812421,0.01271759860010286,-0.002765589332156629
13.98,0.0,-0.0024659792702104322,0.0013347453197390627,0.0010949790957411817,-0.012609714551590294,0.013376911825516001,-0.0012375713215001377
14.04,0.0,-0.002434973196958755,0.001342107823842978,0.0011092694087870066,-0.013955244286875845,0.011365778336989305,-0.0018316122586230974
14.1,0.0,-0.002404558150565376,0.0012868081138080983,0.001101362868345507,-0.011017693252531253,0.010075529850450559,-0.0033544315428598497
14.16,0.0,-0.002371045922170898,0.0013186056095007416,0.0010252889442681076,-0.010960926810561931,0.009858579779418581,-0.0027246163433296898
14.22,0.0,-0.0024088940662422456,0.0014403784651557312,0.0013297507321502959,-0.008410395798494112,0.010314428632025873,-0.002095554863771061
14.28,0.0,-0.0023969613745824293,0.0013731298128302277,0.0011706304497446968,-0.009494205939348023,0.010107225750869833,-0.0019225812611639846
14.34,0.0,-0.002497098781439601,0.001363837028850262,0.0010750759527206684,-0.012725513781238646,0.010776257493306018,-0.0021545210770322204
14.4,0.0,-0.0024256505088898752,0.0012506262460689524,0.0009013688995073464,-0.011148071691253888,0.008679324000263756,-0.002472115504945653
14.46,0.0,-0.0023469164913252566,0.0013416658104548416,0.0011413455432421537,-0.010686789214095301,0.009091703264777682,-0.0024852724357709477
14.52,0.0,-0.002487095605790786,0.001538914885083616,0.0015352137939375248,-0.009845785184062202,0.011310630663264312,-0.0020928208602614515
14.586,0.0,-0.0023645100171604833,0.0013883790040585058,0.001285767837917478,-0.008348920221091065,0.01125596907346282,-0.002201846782120518
14.641,0.0,-0.0023393734374406055,0.0012985911127171917,0.0010936045513721857,-0.00887164217621933,0.009599859793032382,-0.0027488748438901415
14.7,0.0,-0.0023508501719047272,0.0012035861572897418,0.0009908225675441982,-0.008759966374607851,0.010868353681345293,-0.0031678800238505796
14.766,0.0,-0.0024081283659403165,0.0012698014277108508,0.001111724842758529,-0.008555023180325758,0.010370884368579955,-0.002895960471413139
14.82,0.0,-0.0022896268593272074,0.00139080668378599,0.0012779041681614462,-0.011535219508753919,0.015619353792871224,-0.0027552372735895636
14.876,0.0,-0.00227344192295017,0.0012698565803791017,0.0010666165108045693,-0.01256826009074899,0.013291708297576504,-0.0029657260679913397
14.936,0.0,-0.002241751836439129,0.0012124120670085855,0.0009511615050742149,-0.011527234158876392,0.011679363892332718,-0.003165928942854161
14.99,0.0,-0.002184991959673061,0.0011836323816691533,0.0009401752448490075,-0.007167212129020383,0.009640800298166663,-0.0035019254083235667
15.056,0.0,-0.0022496643320749883,0.0012804659287719337,0.0011330675907309992,-0.00958497191926107,0.013687966375554616,-0.0036380993443437307
15.116,0.0,-0.002205167907572475,0.001261073964179241,0.0011091683370297767,-0.005110489055746357,0.012551896253163624,-0.004372864736339873
15.17,0.0,-0.0021781581124100343,0.001387291197960692,0.0014668507592579094,-0.008637027215330587,0.013094078246742115,-0.006326163773979696
15.23,0.0,-0.0022387429317697843,0.0012446708585973792,0.0010397425613552125,-0.00877161984984723,0.012381565300263783,-0.0037126009535789917
15.29,0.0,-0.00242596336472013,0.0013182818255762507,0.0012714035747142102,-0.008479137455870273,0.009984758356905777,-0.0021086511311023946
15.35,0.0,-0.0023938962726862832,0.0013915362372595227,0.0011117440992055158,-0.013411917407048194,0.013493861430963726,-0.002788902380258728
15.41,0.0,-0.0023248444781140717,0.0013255931391287733,0.0012649231904212144,-0.01219086004936998,0.014285811715996907,-0.002722497639614699
15.47,0.0,-0.002385051641822001,0.0014600183795150132,0.001540460373075716,-0.008282974136702254,0.012178311786129,-0.0028757796629251867
15.536,0.0,-0.00232601423636204,0.0012605624395282632,0.0011348211096412798,-0.011306923665204796,0.012016945677557721,-0.003399170179410934
15.59,0.0,-0.0022005620531364146,0.0012053380255992827,0.0011344486326330802,-0.007913580098315064,0.014141658487026832,-0.0033382995684763067
15.646,0.0,-0.0019926532802725097,0.0013019561841681212,0.001423763981156774,-0.00461096682550751,0.014068182272246063,-0.006419691447893964
15.7,0.0,-0.002241470959328685,0.0013667442912837344,0.001398036616367966,-0.00596140024818512,0.014213660778035936,-0.004634745415449502
15.76,0.0,-0.00231908376123065,0.0012192054690915075,0.0011170944347974616,-0.00933131862581429,0.013047690834677496,-0.0038263527619210058
15.82,0.0,-0.002291468552557195,0.0012424577837432233,0.0011379065427782908,-0.010246930484506032,0.014128039010719426,-0.0039819597196770196
15.88,0.0,-0.002223282269353637,0.0012400876600413262,0.001156418436296257,-0.007809913940005685,0.013303544627462282,-0.004859673048952343
15.94,0.0,-0.002192415919362958,0.0013083539942250982,0.0012592796738671332,-0.005640207633684291,0.012633652002035416,-0.005382113232192695
16.006,0.0,-0.0022828425117106628,0.0012588532299882232,0.001148009297296524,-0.008259568517222933,0.014307974051372907,-0.003794895754095388
16.066,0.0,-0.0022385222950215907,0.0011203492549299952,0.000973565223071294,-0.0077940326268972696,0.00907354646629938,-0.004575778663071755
16.12,0.0,-0.0023083947606251333,0.0012455858869515272,0.0011497434742843472,-0.005969233282356646,0.00997138135371491,-0.005061727981276931
16.18,0.0,-0.0022197193615773876,0.0013232973245734562,0.0013294385811736524,-0.009293087257029835,0.013490937199307787,-0.005059514516696918
16.24,0.0,-0.0022264815082574108,0.0013581176037105178,0.0013282083572689395,-0.005244288010712572,0.013340396237767204,-0.005540552215944255
16.3,0.0,-0.002296977690863627,0.0012458078525620603,0.0012213478259941824,-0.005063602356874498,0.011024370256706013,-0.005393534707119464
16.36,0.0,-0.0023513183459655837,0.0012136353527556541,0.0010279462668476079,-0.009872820338591454,0.014786507985351811,-0.005519730473631996
16.42,0.0,-0.0020031533113245106,0.0012731744027616955,0.0006649845669714449,-0.016939303635217996,0.008075177350230042,-0.007622831731936458
16.48,0.0,-0.0020364354291096355,0.0013767346540332918,0.0013022129146749082,-0.00866296179646443,0.012871845066296054,-0.0049718095264499555
16.54,0.0,-0.002122177786118722,0.0013476469955125063,0.0012395192930641859,-0.0041716132034862715,0.011207275282141493,-0.006885030761740344
16.6,0.0,-0.002048800744906837,0.0012712952485520032,0.001029916023243937,-0.010702566066986758,0.014810115542758247,-0.006183515744238091
16.66,0.0,-0.0021063727817362443,0.0012448898940800163,0.001139502731335157,-0.012309822219209853,0.014077408836715944,-0.0071697913659612865
16.72,0.0,-0.001978551677850406,0.0012927484809124859,0.001103082331955308,-0.008791151013562619,0.011191934529486561,-0.0076868107046638755
16.78,0.0,-0.002056636592660363,0.0012602278161370222,0.0011109864727408356,-0.009585080402635024,0.012333451306496402,-0.006409618645447117
16.84,0.0,-0.002073877463032165,0.0014718659969305582,0.001538244346081454,-0.011160509906607226,0.015248028865842537,-0.004159584603715452
16.9,0.0,-0.001889550126371388,0.0007596554476573809,-7.130649478615504e-05,-0.014017587069752546,0.013386466858651063,-0.0057973976454664755
16.96,0.0,-0.0017766548395407285,0.0007180298960869315,-0.000397666437360339,-0.016228802736903674,0.013632535971013415,-0.007100397934172888
17.02,0.0,-0.0016716997992367005,0.0006335552835697329,-0.00037661392699963155,-0.018078555170943963,0.014787799055605264,-0.005557917698147971
17.08,0.0,-0.0017734993747694887,0.0008113117099485306,-0.00017653833797361829,-0.015852250099603626,0.014126303961613938,-0.006325922762556326
17.14,0.0,-0.0019368851544070936,0.0005225369892402235,-0.000915736547079954,-0.01591283947911868,0.012138640227506802,-0.003450459507780863
17.196,0.0,-0.002059572615194309,0.0006100794438801539,-0.0006949926587920226,-0.018805021072394523,0.012993318855076529,-0.0018310604902673415
17.25,0.0,-0.0019102554889191782,0.0005813489389583417,2.5673885004657174e-05,-0.01017970918251224,0.013247428867374941,-0.0018643877660586613
17.31,0.0,-0.0017356105449079743,0.0005072428984384125,-0.0004870683176136924,-0.012965188760592496,0.013454794171991961,-0.0027505113763857964
17.37,0.0,-0.002367832253285081,0.0008827868522230087,-4.2304471409740515e-05,-0.01278145521660105,0.010639076588434977,-0.0002855571388026234
17.436,0.0,-0.0022688460564138082,0.0009985113165564513,0.00022140494578895897,-0.010852318509036073,0.012615167526265516,-0.0024811507143983613
17.496,0.0,-0.0024240447951058767,0.0009520933416596356,0.0001098277123016531,-0.013936699909976608,0.012400662053017318,-0.002948614038742375
17.55,0.0,-0.0023655822918175686,0.0009226808414856915,0.0001092975258377199,-0.012674825462140151,0.01190819191989893,-0.002642758905528176
17.606,0.0,-0.002403816102642972,0.0008589753415998696,-6.54766405076706e-05,-0.012844129953257045,0.011777164705417042,-0.0033152544896529117
17.66,0.0,-0.0023198308322400084,0.001063202518659722,0.00032399533000522263,-0.010648954996501184,0.013987239458178705,-0.0028896002631505057
17.726,0.0,-0.002360487595745843,0.0008790641950668526,1.4402427170646266e-05,-0.011976266599262245,0.010973982228021402,-0.002994551388926257
17.78,0.0,-0.0024452616682620557,0.0009517199369017236,2.8911107192703747e-05,-0.012248673279246185,0.011111167995183064,-0.0021195750891274848
17.84,0.0,-0.0016815476328196199,0.00047606002862988654,-0.0005660167456314667,-0.018427297384034425,0.014324886906486292,-0.004301718785148845
17.9,0.0,-0.001641769962112304,0.0006089760049837911,-0.0003554895155869606,-0.014760550445744413,0.015182608288310173,-0.004141911007933437
17.96,0.0,-0.0017134885513921747,0.0004807783731330912,-0.0006970251369875474,-0.014060884576901161,0.01522748667695675,-0.00497071559155864
18.016,0.0,-0.0018827666446529943,0.0005920476638730845,-0.000446677968790784,-0.017957696380166557,0.015469692238626332,-0.003472545407450761
18.076,0.0,-0.0014842608729854732,0.000605519991666014,-0.0003492701970342884,-0.014533706836950749,0.013684809798299703,-0.008250850962104607
18.13,0.0,-0.0017494534790763589,0.0005675193592098365,-0.00039258190345181084,-0.014030865602561013,0.012276456248978428,-0.0037814444274434453
18.19,0.0,-0.001479920480611724,0.00036607050367753335,-0.0009164985408934044,-0.015449808754918061,0.014863533431090314,-0.004881577650506885
18.25,0.0,-0.0023428972710787055,0.0010573155581782442,0.0003389489372586024,-0.013775318786676266,0.013350977050151747,-0.0024016694614620855
18.316,0.0,-0.00239597801652526,0.0009493676933770928,6.25635930953925e-05,-0.013023479358865503,0.009262659421401132,-0.0019585723884247555
18.37,0.0,-0.0024086177557906675,0.0008863561053757461,1.767175220963865e-05,-0.01546372700113368,0.013264447025845755,-0.002580745990506427
18.43,0.0,-0.002476033264955045,0.0009304080685463652,9.292240044899954e-05,-0.014049769213839838,0.011364441699481226,-0.00178763135724217
18.49,0.0,-0.002449536040382195,0.0009573618634463118,-6.568043187525251e-05,-0.013187033450379072,0.012512580583390194,-0.0015184790620690093
18.55,0.0,-0.0024501109318422138,0.0009325516491405708,0.0001592900725067856,-0.01247208645064765,0.010459939830501627,-0.002116965574404632
18.61,0.0,-0.002331961619106144,0.0010116891124081465,7.427660425822427e-05,-0.016098611903006044,0.013047705407476594,-0.0021065425485868954
18.676,0.0,-0.002415592885971784,0.0007513954208963507,-0.00032254067593782233,-0.015264335461875696,0.009553867658401634,-0.0019739093985303604
18.73,0.0,-0.0023724043516835033,0.0009393419676584197,-2.0380854508491518e-06,-0.013134479827981793,0.012055211664196493,-0.002712910598768649
18.79,0.0,-0.002398801804357337,0.0010470078357159211,0.00014223331979450085,-0.015313579727539195,0.013726809257559569,-0.0022572422781518913
18.85,0.0,-0.0025219689065765437,0.0010305356284091849,5.707126717078769e-05,-0.012751227497702047,0.01074427915244459,-0.0012128450526829862
18.91,0.0,-0.002279184523158233,0.0009346623561256606,-6.036620071819547e-05,-0.01319250426960235,0.0100901072923114,-0.0036138209593758633
18.97,0.0,-0.0024287418181248746,0.0008669910030537554,-0.00027135574639620947,-0.014398898064874266,0.010734775935313527,-0.004257411377889382
19.03,0.0,-0.0022972977279933303,0.001018131773864791,5.965532958148964e-05,-0.012843491719029595,0.010833467274694277,-0.004215238863849051
19.09,0.0,-0.002224488404217982,0.0009476374111059161,-0.0001517096051830215,-0.0145172742797902,0.01262494559329153,-0.004578122534405381
19.15,0.0,-0.002310934119506355,0.0010512661514536662,-5.1405302100271224e-05,-0.014051107849859907,0.013343830427087424,-0.004319976816437083
19.21,0.0,-0.0023428200253927532,0.0009837123543292498,-0.0002608741209303596,-0.016826982269500437,0.012912495529462163,-0.003049740852071747
19.27,0.0,-0.002340958366193389,0.000989968257103369,-0.00032734156556212424,-0.0171166940748826,0.010865141179063278,-0.0024048329818725385
19.33,0.0,-0.002357934165946402,0.0010975556685568722,-0.00028023212516992943,-0.016913880990491355,0.012061160349486106,-0.0032172690020959844
19.39,0.0,-0.0023468145459034835,0.001130831521270837,-0.0003653569099638938,-0.01683380774680751,0.012626151867028609,-0.0022031155048583516
19.45,0.0,-0.0023290241283814165,0.0013253078484740735,-0.00017198457090577534,-0.01630109235542331,0.012832326162285431,-0.0006320524711703896
19.51,0.0,-0.002450332499535609,0.0012444987199513012,-0.00043143539129325326,-0.015457478174313066,0.009483973279484055,-0.0014103652154685785
19.57,0.0,-0.002402560759365587,0.001289036352689145,-0.0005417107708035863,-0.017010145291323716,0.011262779100426518,-0.0016153682736358601
19.63,0.0,-0.0023995933127225547,0.001296861607467053,-0.0005987823746969272,-0.01686342221715478,0.007624378631391629,-0.0016862944135372685
19.681,0.0,-0.002343459520070989,0.001461941533161997,-0.00053173685323055,-0.015649211542688952,0.01025332833200217,-8.857194547988238e-05
19.74,0.0,-0.002415892210741867,0.0013669241878227832,-0.0008051401691802207,-0.020816694552126303,0.010895090099515777,-0.0003596216591357344
19.8,0.0,-0.002295056320046859,0.0014897370745194803,-0.000613045922440954,-0.018919360209745092,0.011132875331577332,-0.0008464226466931141
19.86,0.0,-0.0024688236894307818,0.0014231802687824356,-0.0007746270454964226,-0.01958764324641262,0.007804251581416225,-0.0008376963518977785
19.92,0.0,-0.002563388728220026,0.0015538560279340376,-0.000978983866935911,-0.017815072016746744,0.00775547740409554,-0.0003606033742194648
19.98,0.0,-0.0025128069054868698,0.0015393217023682915,-0.0010970179532866341,-0.020998071214917854,0.00914471751811818,-0.0007032230179680234
20.04,0.0,-0.002530991070524206,0.0017914764301961343,-0.0009438768571992441,-0.0175097644653618,0.006515898130001412,0.00022214651915236107
20.106,0.0,-0.0027415167258052213,0.0016953406540117684,-0.0009745240850006057,-0.019181882460897148,0.009711007938069376,-0.0013375054275705524
20.16,0.0,-0.002644409617371929,0.0017550819096444352,-0.0010634396444135245,-0.018331056327317963,0.007678175693231564,-0.001701601343866699
20.22,0.0,-0.0026226653729196996,0.0018195748749684612,-0.0011692183927853922,-0.019365454193187505,0.010602341694665172,-0.0008649089684928483
20.28,0.0,-0.002712275870538641,0.001968908784823093,-0.0012834879018113966,-0.018987105072504618,0.012070148144681495,-0.0011156605845983943
20.4,0.0,-0.0028510197521486105,0.0020610110075063364,-0.0012943263378760355,-0.018941660120327407,0.010329602557170078,-0.0005751956926179124
20.466,0.0,-0.0028051379675422088,0.0020827876030074487,-0.0012950634489779017,-0.019900578725896054,0.009365765751990083,-0.0003046921736596973
20.64,0.0,-0.002798068293411594,0.002200866129166506,-0.0015406397245742247,-0.0210066170201352,0.01055393628230416,0.000966883315100331
20.696,0.0,-0.0029196827486806898,0.0022378402068753737,-0.00163186032590544,-0.022317893937614654,0.008341159424299818,5.1098882109094344e-05
20.81,0.0,-0.002691299278797667,0.0023841686505964277,-0.0014577837270940133,-0.02177855094035919,0.012900696695256782,-0.0011082072223797088
20.93,0.0,-0.0026999148141106013,0.0023370143037018403,-0.0019924207160097566,-0.02212651377720492,0.008873723931812719,-0.0006471232534846635
20.99,0.0,-0.0025651626285695906,0.002394740083476193,-0.0019382630654710808,-0.021240134102223945,0.011269200206709764,-0.0015899668019947533
21.05,0.0,-0.0026784188049283207,0.0025059055545777194,-0.0018248398226644918,-0.019526898720980693,0.009996614275258308,-0.0024809356301064285
21.11,0.0,-0.00269538033361333,0.002696386309125025,-0.0020366845508838593,-0.02368746790792601,0.012422531175208978,0.0005963543692817822
21.171,0.0,-0.0024422021035424434,0.0026959722655019946,-0.0020219929562459264,-0.025146301297320546,0.01098717935054248,0.0025032161151301484
21.23,0.0,-0.002458749104438828,0.00265685206600674,-0.0021714261991098915,-0.026082083309193847,0.009417110261947977,0.0008185023328501392
21.286,0.0,-0.0025256934898940687,0.002726106950225282,-0.0019674387215534287,-0.02412629234339541,0.009229090507045136,0.0007208143990084927
21.34,0.0,-0.002497416923788332,0.0026841966431229687,-0.0021614441694914168,-0.025004518450357956,0.012427999575573587,0.0011519557086174833
21.406,0.0,-0.0024246517213581567,0.0027288053521033534,-0.0022410179995500036,-0.0238624948654174,0.013441364624462484,0.0005084521293462341
21.466,0.0,-0.002501649278027333,0.0027533787758603386,-0.0023881624931651633,-0.02462767191964576,0.012558565631994796,-0.0005151568342070461
21.52,0.0,-0.0025468657505209723,0.0029969109498524235,-0.0020771543724744717,-0.024152005361192445,0.011412279352281602,-0.0006146465739314378
21.58,0.0,-0.002700897527226155,0.002862594109078081,-0.002330711650551095,-0.026169688077101145,0.012445026808266887,0.002078097752365182
21.64,0.0,-0.0027402668398075515,0.003088890871521412,-0.0023908642895088556,-0.025590503677080323,0.014643655444165576,0.0013465854722116634
21.7,0.0,-0.0026402013335204894,0.0032111673259278134,-0.002285920696552668,-0.026762876409983184,0.014702455283300409,0.0008815909663053683
21.76,0.0,-0.0025171375174779347,0.0031684798269547127,-0.002440568769275662,-0.027708718645329256,0.014203688507858673,0.0002714820096533101
21.826,0.0,-0.002401111967305927,0.0032820647005226524,-0.0023956596533834936,-0.02719143562855593,0.0128535095438969,0.00012572622606999345
21.88,0.0,-0.002623683518029158,0.0032701312457882287,-0.0026338259803391864,-0.027462925179319832,0.013642257959367382,-0.0004583699046212927
21.936,0.0,-0.0024204996302660464,0.0032817401966386437,-0.002626229039036598,-0.02548517683481742,0.014378114997239474,-0.00037920931218328566
21.99,0.0,-0.0025548934893411365,0.003326480669285282,-0.002613715197220655,-0.028703962334862367,0.0146488563150866,0.0012344862610510932
22.046,0.0,-0.0025417798153657325,0.003433084815071094,-0.002604855498244965,-0.026699189599520605,0.013935508357627725,-0.0009975220263498687
22.1,0.0,-0.0024844395533163127,0.003324353375196134,-0.0027372169920976863,-0.02773989586996629,0.01371576582284584,-0.0013393084856438743
22.156,0.0,-0.0027980899759399097,0.0037114105789080977,-0.002947977389566668,-0.03589081781346759,0.009107560942016908,0.0030814179382049516
22.216,0.0,-0.002875215170028818,0.0037570088644112167,-0.00297451106359469,-0.03564588964786745,0.008866610667800694,0.0021122265517239786
22.27,0.0,-0.002916949939215102,0.0036951048546454176,-0.003206696705565702,-0.035475899203046043,0.007388651938500776,0.001405846279880766
22.331,0.0,-0.002667550580783963,0.0034901859050769104,-0.003271226337057485,-0.036179360512864925,0.006659287788162935,0.0021051173971415272
22.39,0.0,-0.0028677885059134535,0.0036771363446502247,-0.003077801582872674,-0.034048475189915384,0.009232482264428903,0.0021207045789533815
22.45,0.0,-0.002771104498443124,0.003730732668695934,-0.0029553452664966974,-0.03413046253658145,0.009145002912825176,0.0020179411501873874
22.506,0.0,-0.00269541919407532,0.0037676050624488736,-0.002832580536729321,-0.03494446222576202,0.007784078539676792,0.0005904082879171002
22.56,0.0,-0.002801093210474176,0.003635107565814855,-0.002985355047509082,-0.03534824294947865,0.006623255242889934,0.001040837405286609
22.62,0.0,-0.002791277378673328,0.0037342572544280714,-0.002875360290934629,-0.03363294937174995,0.009204474381853461,0.0012587648558331427
22.68,0.0,-0.002862439011772826,0.0035596085407257148,-0.0031132356727241023,-0.034445922554850926,0.008860539220314623,0.0012642980051671916
22.74,0.0,-0.002737814150789178,0.0037211313027432184,-0.00271043923805356,-0.03493044286513317,0.009186299901150089,0.0017412909097249184
22.806,0.0,-0.002834782952131171,0.0035615989376533365,-0.002766548655602729,-0.03410703894938098,0.009796474670916752,9.149516764771811e-05
22.86,0.0,-0.0027306597777671466,0.0036194759992620677,-0.002582988012439231,-0.03380257998294241,0.008463415518418695,0.001337318886955255
22.92,0.0,-0.002628920288393454,0.0034612147488200084,-0.0026221470630972995,-0.033887146513280515,0.009914573690084643,0.0017795346500213756
22.98,0.0,-0.002757518130753126,0.0036177009009158733,-0.0026972981805946645,-0.03503680062755557,0.010457561224436862,0.0015415346651139225
23.04,0.0,-0.002893183541015018,0.003607028389610314,-0.002527357981772405,-0.035067344685415905,0.008521499701488572,0.002104364988075187
23.1,0.0,-0.002716815045964216,0.003378507695228026,-0.002626903085157964,-0.033718900688221816,0.008946961194451961,0.0006693525823606613
23.16,0.0,-0.0026870428949730923,0.00355161907046502,-0.002171697621343329,-0.032588198592485115,0.009473085416008465,0.0024797837479608536
23.22,0.0,-0.002864314142386658,0.0034189854619588373,-0.002489299886482485,-0.0324781549277611,0.009538688491218307,0.0004888243274223254
23.276,0.0,-0.0027455672253501534,0.003484255929829019,-0.0026409369945773024,-0.034686492473533594,0.010364718437062144,0.0020561762436665204
23.33,0.0,-0.002680531030216951,0.0032384681816981387,-0.0025763986758277364,-0.033655161198831544,0.01010034240326278,0.0022580755647429083
23.39,0.0,-0.0024998078485252476,0.0032005951036300564,-0.002138376144971115,-0.02367211179370518,0.013641535193881641,2.140716050709571e-05
23.45,0.0,-0.002945880092235559,0.0030965006542793363,-0.0027754975837144887,-0.032906735678170415,0.009495850028887125,0.0010164242851591224
23.51,0.0,-0.0027684777809167493,0.0031436976688226466,-0.002532031843721889,-0.029824587212653946,0.011909897215912834,0.0014993263018278009
23.57,0.0,-0.0028299094761379292,0.003132854632054235,-0.002322626951703816,-0.030883614365905133,0.010304672139231596,0.0005232887513027246
23.63,0.0,-0.0024930729515571163,0.0028436595432374985,-0.0022291696585501545,-0.020290570626814736,0.01692648954323704,-0.0016578485241212377
23.69,0.0,-0.00245328162100504,0.0027862104908264115,-0.0020568708721893313,-0.022731589501723305,0.01579121909466026,-0.0015376194252285432
23.75,0.0,-0.0023634201935926694,0.002817022256488846,-0.0020609454032463367,-0.021546666942157816,0.017355522671881018,-0.0015647247071211656
23.81,0.0,-0.002088318782611792,0.002615125242365904,-0.0023481024956414636,-0.022672140725861118,0.0186037125493176,-0.0027935084297892785
23.87,0.0,-0.0022496123675877933,0.002718554643086317,-0.0019531732775101996,-0.020162619779939567,0.018758245658851938,-0.0035915029342113926
23.921,0.0,-0.002196116187499211,0.002712315283484559,-0.0021747736351352812,-0.025688690141549675,0.013518251914779063,-0.002558010082897303
23.98,0.0,-0.002549554043324898,0.0026224487749089186,-0.0023077550030593573,-0.024746485662945832,0.015465817273192328,-0.0005818870525014612
24.04,0.0,-0.0025855650998787977,0.0029065379767947838,-0.0018612530103119644,-0.020832936708989516,0.017249609939730976,-0.001273682355948703
24.1,0.0,-0.002369334044907268,0.002656515661834687,-0.0017338395184865818,-0.022329673119433867,0.017778432711896795,-0.001101450410752976
24.16,0.0,-0.0025311773271170747,0.0026055147765499356,-0.001842345478093827,-0.020813958593771106,0.01723719435844652,-0.0016420875483623405
24.22,0.0,-0.002589800533531998,0.0026416962028576276,-0.0018561998017631173,-0.0210046537976138,0.015554811849255008,-0.0018508546205025476
24.28,0.0,-0.002756643046247531,0.0024059610170413166,-0.0021223375066277144,-0.02165233736436002,0.01618246571157951,-0.001160001397280433
24.336,0.0,-0.002505596115466707,0.0025232676894778095,-0.0018560305434060765,-0.020021724766923366,0.01814016246208057,-0.0008625255748352776
24.39,0.0,-0.0027249817777489824,0.002651341606406287,-0.0019017629874084551,-0.022601013393235194,0.014621083956487155,-0.0007480408673025506
24.446,0.0,-0.0026337341813130444,0.002357370037326437,-0.002133867211574741,-0.021283468876379923,0.015370122602482893,-0.001022949933904401
24.5,0.0,-0.0025598460885307333,0.002481934548668222,-0.001915969986191552,-0.020740263529842498,0.016366094266395223,-0.000721497185366389
24.74,0.0,-0.002438127645798904,0.002547799977850952,-0.0015029833392939396,-0.022104376164245387,0.01584232586269451,-0.00218446672702087
24.8,0.0,-0.0029899343812836467,0.002338795459932201,-0.002265069742521127,-0.018738243919663354,0.016846344558126846,-0.0009671805367092265
24.856,0.0,-0.00276722677774287,0.002266992646146826,-0.002305494861776162,-0.02181865072029407,0.01517925451984467,-0.0013448134646289291
24.91,0.0,-0.002657172598394162,0.002474789394057854,-0.00197812373539815,-0.02045002573525327,0.013826086963210932,-0.0011991434156336332
24.97,0.0,-0.002837150009022659,0.0022869796765866987,-0.002024574721813293,-0.020970156750392675,0.014711389667545493,-0.0015856428028564898
25.03,0.0,-0.002803236928878442,0.0024817792048165413,-0.0016531170161176792,-0.01681591757624613,0.01519080680236604,-0.0024210425523909854
25.21,0.0,-0.0026754749167239612,0.0022886129501744922,-0.0019054377562638324,-0.020144886251423556,0.014089601514335878,-0.002555078477095323
25.27,0.0,-0.0026269572553052913,0.0023848905700439844,-0.0017795457914558128,-0.020705901952554107,0.015813773029774082,-0.0012505123531226364
25.33,0.0,-0.002719096197896894,0.0025230876935575857,-0.001656883740866324,-0.02305725059876811,0.0131528327797931,-0.000993264574914937
25.39,0.0,-0.00276036772275159,0.0025076668768420343,-0.0014640965739214943,-0.019728715200562942,0.014366534787877706,-0.0018280280338446135
25.446,0.0,-0.002715132899142677,0.0024827127011443515,-0.0015752821397349327,-0.02139294821027208,0.01240457838217859,-0.0022990927459503666
25.5,0.0,-0.00282404591498677,0.00242626010886865,-0.0018102923569969247,-0.023229867825681857,0.011875977012047529,-0.001933868798749543
25.56,0.0,-0.0026355556630242656,0.002451054555628149,-0.0016602621531292563,-0.0216190092347666,0.014248877390724638,-0.0021447324386903006
25.626,0.0,-0.002761825672923412,0.0025226695070202933,-0.001341793611673197,-0.021947779544881595,0.014489545564112654,-0.0012531835622187528
25.68,0.0,-0.0026668903738953013,0.0022198812528935142,-0.001703544227344281,-0.018801624314056915,0.015192142434771677,-0.0019696361354194524
25.74,0.0,-0.0026639152233014726,0.002200901695813873,-0.0017562565389964786,-0.023184367634511774,0.01345450749792611,-0.0014338034285517353
25.806,0.0,-0.0027848932451934164,0.00224811529150763,-0.0015857715874752361,-0.021661208985799252,0.01309608778975614,-0.0011196788596840351
25.86,0.0,-0.0026795518276892557,0.0023421037138163375,-0.0013838323826068542,-0.021181907036885713,0.013591266615384833,-6.005350256046675e-06
25.92,0.0,-0.002965420114227583,0.0023661348493834006,-0.00148772767022744,-0.022690935138827865,0.01483545178519299,0.0003633588967602398
25.98,0.0,-0.0028157649662782997,0.0023888663102769343,-0.0013172745567289943,-0.020676137781419378,0.012894791782262799,-0.0009366984104177428
26.04,0.0,-0.0027801064794385254,0.002037886930978371,-0.001817639290270103,-0.023317524412645948,0.012410107599759083,-0.001535202464712299
26.1,0.0,-0.002851513629485896,0.0020413602807151793,-0.001838406443311029,-0.0208169699010254,0.01139186547189804,-0.001147120003562237
26.16,0.0,-0.003016121851413117,0.001976563861421314,-0.0019959049993385257,-0.022726880554944116,0.0132471648235597,-2.1583853557810047e-05
26.22,0.0,-0.002769740414814342,0.0025303624082831967,-0.0007285441672892656,-0.020221732124727193,0.015096929397306605,-0.0010119061495708272
26.28,0.0,-0.002996143605266651,0.0020617078302363053,-0.0017905193171454288,-0.022966549605702713,0.012397909829052834,-0.0003103830847488179
26.34,0.0,-0.0029338519614478674,0.0019893985412080054,-0.0018076891078826203,-0.0227472749217545,0.011586533086927656,-0.001058315771123811
26.4,0.0,-0.002777949254990505,0.0018840303809294638,-0.0017612551796725706,-0.018745317947725066,0.014110131870900846,-0.001845824185949968
26.466,0.0,-0.003052883704429164,0.0019859691102956964,-0.0018016306417298572,-0.022140645342487844,0.011987947135949209,-0.0006736116369500684
26.52,0.0,-0.0029239773801885815,0.0020601773885734324,-0.0013693849485039713,-0.016081556023538543,0.014082451157253763,-0.0013075184585631657
26.58,0.0,-0.0029973490302850204,0.0019325657581267368,-0.001868188644651478,-0.021803180659050493,0.010171594397218393,-0.0010533049625744576
26.64,0.0,-0.0027552569536733527,0.0020150860262126646,-0.001194289460594412,-0.016646020422535355,0.01361332913999283,-0.0022165601244769698
26.7,0.0,-0.0027446886915119917,0.002062658492214523,-0.001023191041068136,-0.01660783932846291,0.014453342383079616,-0.002969677768019424
26.76,0.0,-0.0027850035804061327,0.002100847168018009,-0.0010766590162064164,-0.014900510857609997,0.015763560745324125,-0.002284629757926552
26.82,0.0,-0.002950017614446825,0.0022888777372746883,-0.0008085620924610519,-0.01823630330078986,0.013112545198491619,-0.0009312926580252852
26.88,0.0,-0.002882286786785795,0.002140304101833447,-0.001039478898207904,-0.018478970530008278,0.010832793782535908,-0.0015947076511954464
26.94,0.0,-0.0029531691898855555,0.002145520811155602,-0.0010385459555810367,-0.01916056256513465,0.010604784115120763,-0.0009922003191597582
27.0,0.0,-0.0029160000223450062,0.0021611930641210913,-0.0009872231622438095,-0.01859408569204908,0.0126195447040179,-0.0015375751465321948
27.06,0.0,-0.0027209557097646196,0.0021184296576651795,-0.0008340798290055982,-0.015943823735367072,0.016455093688812292,-0.0021817945367324605
27.12,0.0,-0.0027999828879895117,0.0020128448449477743,-0.0009948233086964782,-0.015806242309394435,0.015114343209461166,-0.002340505240464046
27.18,0.0,-0.00277187891898172,0.0019710604883778926,-0.0009586043848969272,-0.016273946143429825,0.014573483333870593,-0.0026694149371815864
27.246,0.0,-0.0027566711859328516,0.0018660679086830202,-0.0010915238608645824,-0.015452714055558682,0.011375503334087468,-0.0032929229874615416
27.3,0.0,-0.0028162980462791663,0.002059272091963137,-0.0007442937052983405,-0.01687261135025739,0.013530308837396244,-0.002311879654271276
27.36,0.0,-0.0028316610371847102,0.0018268996733340334,-0.0014590854570272075,-0.014543680588686821,0.013616392663260094,-0.001984942302323446
27.42,0.0,-0.0027922414392604843,0.001967169918954173,-0.000799197832517719,-0.014725800936537364,0.013448117467197714,-0.0038649506254505818
27.48,0.0,-0.0025600486168305702,0.001811264357494788,-0.0010847339540499376,-0.017448065563204135,0.012298579108165992,-0.004997629899132424
27.54,0.0,-0.0029845187375311033,0.0019002094812256812,-0.0011263008976155635,-0.018230342598333137,0.008641156734436444,-0.0010614969657381907
27.6,0.0,-0.0028497923444348837,0.001879691269089842,-0.0011248904091359694,-0.015930343569379567,0.014539749166694229,-0.002599552885298016
27.66,0.0,-0.00299972067795948,0.002041984618304678,-0.0008915132160071184,-0.018929854268914272,0.010590775771906352,0.00015951724287591764
27.716,0.0,-0.0028042813335308796,0.0019942764562589656,-0.0006784007010475202,-0.014738338970195903,0.0145751877472337,-0.0016376119467877753
27.77,0.0,-0.002734160354442628,0.0017078104656609,-0.0013215179624156326,-0.01814128946407058,0.01231586192872473,-0.0029837957078107965
27.83,0.0,-0.0026871040169739765,0.001891520624249753,-0.001103841011610359,-0.01693397312115922,0.01454271243422094,-0.003630532074176249
27.89,0.0,-0.002788193204627672,0.001946042088632163,-0.0009326647497629642,-0.017224016469722513,0.014447421713406508,-0.0023262430626901543
27.95,0.0,-0.0027555969313518315,0.0018597621147401183,-0.0011351615100418687,-0.015129691080639551,0.01312663760090765,-0.0033346830909485752
28.01,0.0,-0.002845410386658122,0.001853041804188133,-0.001097079993173562,-0.014909442097291973,0.011245734698539418,-0.0032650162363197194
28.07,0.0,-0.002780712845001983,0.0019021320250399844,-0.0011041539638806856,-0.014732139767410213,0.009910568617981225,-0.0029938646506512054
28.13,0.0,-0.0028845678695782802,0.0019845532156330353,-0.0009151833312686312,-0.016674958884149525,0.01167712330481585,-0.0025805106173993403
28.19,0.0,-0.0029361958102234885,0.0019804595006975454,-0.0012324892546217384,-0.01564409986810588,0.013452139110580961,-0.002079768074690527
28.25,0.0,-0.002925724424626802,0.0019251583018364644,-0.0012003876363333164,-0.01572811145257641,0.010394104841954998,-0.0020519917533478754
28.31,0.0,-0.003108367367238528,0.0019527169944827804,-0.0011767662116995096,-0.01694591200692124,0.011854413275840203,-0.002027211923167261
28.376,0.0,-0.0030874997563555824,0.0018813551524507674,-0.0015654686939316274,-0.021319582225022768,0.00937058207773829,-0.002698827404174392
28.43,0.0,-0.003320228090444696,0.0021570670527228334,-0.0011887186334989005,-0.018142454235061996,0.010409104071912667,-0.00141936692255059
28.49,0.0,-0.0033682743841063254,0.0021562274007532567,-0.001238249524370665,-0.020410672834937364,0.009289615550497472,-0.0010652390188383017
28.55,0.0,-0.0033669297763809017,0.002206613508953326,-0.0013169362528590621,-0.0178978329130297,0.009175726586537019,-0.0008452639535627105
28.61,0.0,-0.0035524413910650384,0.0020839477145130503,-0.0015228807755459123,-0.018148834708749534,0.005395584425598819,-0.0008959990416342605
28.666,0.0,-0.0033720078639808146,0.002204699868104543,-0.0013787873237993563,-0.01901403649404763,0.006266647707269619,0.000248843768463692
28.72,0.0,-0.003460925889023835,0.0021669744574874506,-0.0015403522832377965,-0.02128949004006223,0.009020034483029016,3.0654579833881255e-05
28.78,0.0,-0.0034684624386924173,0.0022710410761317035,-0.0017555519140854104,-0.01947874225558563,0.007351496614360148,9.54330719693972e-05
28.84,0.0,-0.0036006166936042735,0.002203671662103379,-0.0017379783356602355,-0.02256744019426771,0.007452192768700638,8.182912450970758e-05
28.9,0.0,-0.003477029727468262,0.0022902471653753406,-0.0015345338983301989,-0.021691030594279726,0.006047110219925745,-0.00022167891264779027
28.96,0.0,-0.0035308181486848876,0.002448331042614249,-0.001420097350654388,-0.019960932825106383,0.005806166580306213,0.0008480011566044546
29.02,0.0,-0.0036791543500304864,0.002402384927436916,-0.0017228642481480613,-0.01931188214263949,0.005146718051391347,0.001563390569388224
29.076,0.0,-0.003452671671685563,0.0023778276443364903,-0.0015828199092336294,-0.022162751910968916,0.005384460926891419,0.0014119710474528836
29.13,0.0,-0.003566693706900935,0.002441768721028978,-0.0014993547086520477,-0.021029196244339417,0.00472907685593535,0.0014078079676527694
29.19,0.0,-0.003512231492602193,0.002291347267572423,-0.0019064164216641072,-0.021898911604890943,0.004959153783337389,0.0018776719953843878
29.25,0.0,-0.0035394043289519537,0.002437722985609569,-0.001728796058220065,-0.021038300177727,0.004576404545284528,0.002497465792081967
29.31,0.0,-0.003600232754667622,0.002466857353073265,-0.0015439872729938065,-0.020283709993980215,0.0047623346296452596,0.0027819607337042406
29.37,0.0,-0.0035566950452393317,0.0024395569967069564,-0.001799794634853562,-0.019244391713672464,0.0028552849796624354,0.003144286704847411
29.436,0.0,-0.0035468078050426496,0.0025125821373881982,-0.0013846847019862484,-0.020331123158753038,0.003464278712161042,0.0028916540897335743
29.49,0.0,-0.003590576276074506,0.0025025184184644476,-0.0015516566226531439,-0.023378281932003694,0.0035748555633724243,0.004212966317412839
29.556,0.0,-0.0036145673753929315,0.0024369256260183235,-0.001834234537660852,-0.021412283339360027,0.003276754743369816,0.004092049400071577
29.616,0.0,-0.0035930157648471277,0.0024720058906493275,-0.0017914442002250944,-0.021585477985265493,0.006116407104346559,0.003241855007233282
29.67,0.0,-0.0036433110036435475,0.002503278017748596,-0.0017400676148396387,-0.02140708814546694,0.002479001524454589,0.004609271862270934
29.726,0.0,-0.003606573509111576,0.0025331212535351965,-0.0016457941642861588,-0.024205930350493128,0.0037159487449380047,0.003994858036900302
29.78,0.0,-0.0035562562913525855,0.002499962345158813,-0.001548329635614605,-0.02129449512323819,0.0020170827901568123,0.004582076991180643
29.84,0.0,-0.0034781428765492646,0.0024454952378563915,-0.0017259579946356783,-0.019839536443123574,0.003744934812975963,0.004901429019738291
29.906,0.0,-0.003511796689381355,0.002460905916876823,-0.0015560126687486169,-0.021728632369866996,0.003409569786786687,0.004675368496531702
29.96,0.0,-0.0033516971994961525,0.0022716018444593005,-0.0018470154439442917,-0.01924580528769148,0.0027918717136403348,0.0027770003725474082
30.016,0.0,-0.003353469500952476,0.0022942169512212944,-0.0017019122862767186,-0.021856363565751543,0.0035676446927376134,0.0036126449062677513
30.07,0.0,-0.003521569270449589,0.002474928227427653,-0.0015037647810881415,-0.01953563606887579,0.006432166949333574,0.0035442148504928155
30.13,0.0,-0.003628009107618006,0.0025082287822613923,-0.0018216663373428381,-0.026570546482646142,0.0025992177718763116,0.0041547981304891676
30.19,0.0,-0.0035423872902331922,0.0025196744663777177,-0.0015536040142897062,-0.023599665914749338,0.00308056924449701,0.0036444781401291223
30.25,0.0,-0.003609460732839748,0.0024168042180117625,-0.0018677624226905516,-0.024027876903653447,-0.0010474042096676832,0.003748731234405791
30.31,0.0,-0.0037695567029709816,0.002399467514550688,-0.002049762495988788,-0.02333184906088948,0.0006721142285250963,0.0028070757392303332
30.37,0.0,-0.003534200022965099,0.002881020595247235,-0.0015930096825317367,-0.02773310209876361,0.004018982231893907,0.006330631803609248
30.426,0.0,-0.0035125200852992766,0.0027736578932473148,-0.0013144298971691374,-0.022715137118303023,0.0012923215001153766,0.0033561892011830107
30.48,0.0,-0.0036888529718412757,0.0023231595805553,-0.002179967555032343,-0.026743567211192525,-0.0024154243282184895,0.004164407872053471
30.54,0.0,-0.003555394115437654,0.002421944805738124,-0.001879837231621535,-0.022090161235964863,-0.000797232042625644,0.0026659180826038506
30.6,0.0,-0.0034532265195583965,0.00243657668991791,-0.001698745664090662,-0.0235861169754822,0.0031717084416948258,0.0017601409053004822
30.66,0.0,-0.0035157552749046344,0.0024165739892249975,-0.0015824964086665037,-0.01960952127547719,0.0030516479324464558,0.004930027100130467
30.72,0.0,-0.0035961412311143756,0.002459122191886796,-0.001536461845904365,-0.02055061664219364,0.0026353709912909735,0.003755935746301198
30.78,0.0,-0.0037237477145876602,0.003080283239677145,5.352515296679683e-05,-0.017599353980911815,0.004459916183277922,0.003955548498253208
30.84,0.0,-0.003407624468906453,0.0023034576616320288,-0.0016064668063138178,-0.018658093877320283,0.0023905512482490236,0.002515427774575551
30.9,0.0,-0.003968848051297491,0.003179853796422542,0.00031660281894561665,-0.012833857345937229,0.007094211624341666,0.003693608008458202
30.96,0.0,-0.003824564131126032,0.0029800873185953864,-4.0742365587866475e-05,-0.014941269338785078,0.00813957631821324,0.003189283028920288
31.02,0.0,-0.0036266973938263868,0.0028897718486664064,-2.939110493852268e-05,-0.013905156808881108,0.004797866044202519,0.0030737153646568857
31.08,0.0,-0.003594865515837014,0.003000104743118945,0.00020230275596423418,-0.016283074667528187,0.00694511286841907,0.0022225047047739733
31.136,0.0,-0.0036224098057492746,0.0030417938730254363,0.0003095916595216648,-0.013855960036659818,0.0076003558849270045,0.0025014502472152467
31.196,0.0,-0.0032089038589350164,0.0021067347011371365,-0.0018287708303908537,-0.020903543801978657,0.00394819226076812,0.0027289707195793556
31.25,0.0,-0.003535891002969089,0.0030847491611393245,0.0006271789506020202,-0.010692135272362853,0.007121619305603872,0.0020849181547952953
31.31,0.0,-0.0035537884139106427,0.002912398048062839,0.0003779913625794948,-0.01319301394899897,0.005570328654945137,0.0015923099686751554
31.366,0.0,-0.003093352665240538,0.0021674941047602533,-0.0013031321380064574,-0.019342500901409012,0.007692800284610882,0.001173077551024219
31.42,0.0,-0.0034004085520661187,0.0022770189023629136,-0.0018303498162169027,-0.023525268781748418,-0.00016969985107522916,0.002816669072176072
31.476,0.0,-0.003603331362896189,0.00297363555192259,0.00046940335472487807,-0.015552263748959962,0.006596269287910549,0.0038134036615170763
31.536,0.0,-0.003610667950809212,0.003003748299215669,0.0006607272610838812,-0.013410718020114334,0.005204745495383507,0.002199870202130171
31.59,0.0,-0.00367062223407735,0.003061583534714681,0.0006825324990292673,-0.01295146560706817,0.008588983937821256,0.0017635857477354918
31.646,0.0,-0.003160392623994707,0.0022101117365816,-0.0011872408551717973,-0.015697690102704664,0.004505074649073581,0.0019763004504152427
31.7,0.0,-0.003096128785006211,0.002051289573062276,-0.0014757351131882382,-0.015690903247041036,0.004946063583292412,0.0013975993450331694
31.756,0.0,-0.0031194350953096133,0.002092550493691889,-0.0014237652939336617,-0.021837826661425096,0.004004104449473329,0.0026567933615962006
31.81,0.0,-0.0031756378260734686,0.002131865715450934,-0.0012793551489886075,-0.016934760104704252,0.005934770462077621,0.0011494513096762219
31.866,0.0,-0.003112216172247852,0.0020199699630730414,-0.001438698558521433,-0.015818816244628855,0.006546727185718118,0.0013270154699837912
31.92,0.0,-0.0031762204597562066,0.002153406518530829,-0.0011842248325775882,-0.018719106815682163,0.007552435083916844,0.001426704346669239
31.986,0.0,-0.0031719797769455904,0.0021405543521275023,-0.0011444891406998843,-0.014762206658813722,0.0037700522252565203,0.0005170104336632846
32.046,0.0,-0.0031080619602455372,0.002083735210713596,-0.0011079791763289383,-0.018061756729522316,0.008412479997345162,0.0016184029464371334
32.1,0.0,-0.0031299793493785874,0.0020321102688780563,-0.0013309564430491199,-0.019300004753561317,0.009636593888733624,0.0011403173266298404
32.161,0.0,-0.0033077950086927346,0.002158072460785387,-0.0012520421896669973,-0.020930363780411344,0.007920346758974565,0.0031317514517628046
32.216,0.0,-0.00334048879175426,0.0026513678489211105,0.0003993460679542763,-0.010675848087531694,0.005801377703738799,0.0005530866047578552
32.27,0.0,-0.0033474247863837753,0.002710178311848741,0.0005409905671014242,-0.012283146003652426,0.008714618973004642,0.0009131584079996117
32.33,0.0,-0.0033993932571402684,0.0028463430198237116,0.0008258219324401262,-0.009798883245410304,0.00806643394176723,0.0010713008345041586
32.39,0.0,-0.003561058192819939,0.0029483145314099513,0.0006611181354255787,-0.014048438700475063,0.007148920483506126,0.001558464016939327
32.45,0.0,-0.003372059392298612,0.0026929100729777464,0.00037060431751961354,-0.014740161809453593,0.008192305106849594,0.0005031814078197475
32.51,0.0,-0.0034191701413242366,0.002702286401925393,0.00033524640334755006,-0.013687248674278892,0.005640554040527073,-2.6316170406653957e-05
32.57,0.0,-0.0034991303764467688,0.0026198845979793113,0.00012552691334564658,-0.016494321287711108,0.008241579676470226,0.00029414941003155245
32.63,0.0,-0.0034183207185181394,0.0027284587596282423,0.000389232017332492,-0.013603978179381361,0.007784612777132785,0.0011333710967935489
32.69,0.0,-0.0035289388848899223,0.0027948203552945125,0.0005415673310617846,-0.011470091834277366,0.006599348818252535,0.0006452668838825302
32.75,0.0,-0.0035408109246371187,0.002828854586121322,0.0005317862964704693,-0.014368269769790725,0.009373179259116723,0.0009157164469610593
32.81,0.0,-0.003395550726777103,0.0026169052495487524,0.00027542183687522697,-0.01764488934735262,0.005746000016068951,0.002406788588801059
32.87,0.0,-0.0033060371696181532,0.002656701443202783,0.0001877733693373438,-0.016021741946999058,0.003172316377569201,0.0019431009435138841
32.931,0.0,-0.003062746526053856,0.001940555490791596,-0.0014287806371892397,-0.017878387550546056,0.00574769249637145,0.0006302653216910075
32.99,0.0,-0.0034884973237840973,0.002846110252548653,0.0006068059245284281,-0.012540891127477397,0.008934789462490251,0.0016569097635799534
33.05,0.0,-0.0033210016124648515,0.0026790923653879297,0.0006148897694491336,-0.0114323345431263,0.008083223732744876,0.0021684923939938425
33.116,0.0,-0.0032558896470048226,0.0026254705902172665,0.0005404732667743269,-0.0106766545081607,0.007715147427692752,7.458913356461426e-05
33.176,0.0,-0.00341252279273754,0.0024297330839909183,4.358708433335401e-06,-0.013600004843198793,0.007084223957283467,0.0019409621630232991
33.23,0.0,-0.0034423558471386195,0.002604343731653807,0.00025086145243585745,-0.014196521201453361,0.010162989540927484,0.0019687386562289508
33.286,0.0,-0.0032808054894266758,0.0027145107214777892,0.0006350905332202963,-0.011438117436694671,0.010719629156359232,0.0005560206908639612
33.46,0.0,-0.003375359188884161,0.0027946384366226303,0.00040029482646145617,-0.013566300899530072,0.00966155054289846,0.0012740314810608317
33.52,0.0,-0.0034631936797205293,0.002846757253633826,0.0003533551843327362,-0.01131304731280001,0.01010225720893391,0.0008025321628431782
33.58,0.0,-0.003518334158430388,0.002818104896739716,0.00019253191425287432,-0.014443862808575614,0.00816554642570821,0.00179593020091202
33.64,0.0,-0.003308424635048826,0.002702804449019697,3.983379682973676e-06,-0.013636659289142955,0.005214142137065656,0.0027454757046443843
33.7,0.0,-0.0034923448188782756,0.002712745651511313,-2.590396852782546e-06,-0.01671012516556921,0.005810491577058247,0.004140831133618833
33.76,0.0,-0.0034935110928969158,0.0029072812050110895,0.0002067605362882244,-0.010422687325129945,0.007230024272576323,0.002965562075302009
33.82,0.0,-0.0037461413315710975,0.003007133246492432,0.0001900892173211634,-0.01222799309264193,0.007889730788600247,0.003838693353192098
33.871,0.0,-0.003448407847852771,0.0027697727475173802,-0.00023048851237667076,-0.015537317330632065,0.004669675550631445,0.0039048487886377934
33.93,0.0,-0.0035563734966557775,0.0028384482507774313,-0.0001515180702065442,-0.014664600579063526,0.0055892025050825024,0.0020699774400559728
33.996,0.0,-0.0036359343814160376,0.003105556916278471,9.820895245468037e-05,-0.016538713737287776,0.00827957683450251,0.004754406681849955
34.05,0.0,-0.003637264860987231,0.0030332450598404928,3.0795176200521756e-05,-0.01709964368309904,0.008197807578619862,0.004548392172379917
34.11,0.0,-0.0036868921475417624,0.0030634156234038154,5.9290289357807764e-05,-0.009873578860913938,0.005771857181072129,0.003099393837667835
34.176,0.0,-0.003582537606705575,0.0028496584367840075,-0.00035925309012284346,-0.017280724862565995,0.007357747228715799,0.003287758964920066
34.23,0.0,-0.0035636363883497254,0.003029216301047393,-8.06076333174981e-05,-0.014113154115225238,0.006445051901494563,0.003020016779877
34.29,0.0,-0.0037062737534296424,0.003081132821804748,-0.00024507968575165223,-0.013718654108249743,0.007962555790584311,0.004349674454949729
34.35,0.0,-0.00368468475891953,0.0032030941828184757,2.7723330983161643e-05,-0.014855823614664242,0.009476380609842223,0.0038969233698186887
34.416,0.0,-0.003610433175581162,0.0030816522589519205,-0.00023797728590800105,-0.013800958981346126,0.006373787229992962,0.003554600342453892
34.47,0.0,-0.0037351798189842913,0.0031335844978274876,-0.00019389174830128337,-0.011265477901404485,0.004149967144068737,0.003597610158322569
34.53,0.0,-0.0035871580544741977,0.003082241625843218,-0.00033082955339030454,-0.014527098493959664,0.006190603496789655,0.004255194588145603
34.59,0.0,-0.0038450063311276155,0.0032106377571253647,-0.0003139132843334424,-0.013021718667880561,0.006533768614897133,0.004583529943764086
34.65,0.0,-0.0037165568525753226,0.0033563937256309933,8.707560392373835e-06,-0.012227584560847254,0.006483921208931472,0.0052117637405631806
34.71,0.0,-0.0037723729998046115,0.0031572942772922705,-0.00038111412826180623,-0.013102565004668104,0.006243775512347334,0.00480279610757268
34.77,0.0,-0.0037046714349443944,0.0030660580851290574,-0.000672742668539526,-0.014561126590662391,0.003543801509492157,0.004587451547649246
34.83,0.0,-0.0038096719317933726,0.003084764373243741,-0.0007519965780833391,-0.01554718469855172,0.006767077176802809,0.004308977802221634
34.89,0.0,-0.0036314163264157895,0.0032844978468632405,-0.00017617632205709158,-0.012146550273481457,0.005090869118876436,0.0047162071240613905
34.956,0.0,-0.003836393929051883,0.0033397202651096326,-0.000329365432247798,-0.0120590116650778,0.006825382538002023,0.004765852729522015
35.01,0.0,-0.003819797998690988,0.003293586213065018,-0.0003143906005017724,-0.014842449936352607,0.0060565432436157,0.0052402899091407796
35.07,0.0,-0.003919620894412755,0.003042936011382971,-0.0009624044580998456,-0.017386138619041345,0.005033330648365677,0.00657702310431955
35.13,0.0,-0.003907675960256526,0.003071833025233654,-0.0009826360151309731,-0.015327555770453204,0.0031715186200988246,0.0056007194118257945
35.19,0.0,-0.004051516825444819,0.00322019551681386,-0.0007683978006716523,-0.016914872081521603,0.007775455991646832,0.0064650382297074425
35.25,0.0,-0.004042449521918272,0.0030696967440345265,-0.0010174900625826682,-0.014798358250330629,0.004401684956096194,0.006410248615105832
35.31,0.0,-0.00395105845411645,0.0029976305491700786,-0.001219228833814207,-0.016476245616885796,0.0033732254885968233,0.00635896130195677
35.37,0.0,-0.0039025237393467325,0.0032242386253951995,-0.0006716954691822367,-0.015480394595433296,0.00523912042774651,0.005006622974158826
35.43,0.0,-0.0038088612153687317,0.003330577608174005,-0.0003677607834755468,-0.01464649288437131,0.005827914785327054,0.0059654032411936
35.49,0.0,-0.0038055088768018425,0.0035994760211415506,2.7888687565898677e-05,-0.015088234983203597,0.008239734008886885,0.004917663347828852
35.55,0.0,-0.003867392048756941,0.0029864440405529815,-0.0013029391592669548,-0.014149020614155516,0.00465799708701771,0.0061792385535598925
35.61,0.0,-0.003858638257124552,0.0028617699295193305,-0.0014765323322692698,-0.019605890576610597,0.003470748998987723,0.007065625178579076
35.67,0.0,-0.003897840154054048,0.002865060823875278,-0.0013959832210053346,-0.01763331735391827,0.004169336001033386,0.00720112014908057
35.73,0.0,-0.00381100743417131,0.0030649121443575528,-0.0007600201733366627,-0.01701876416989724,0.008242230769561949,0.00541497327301534
35.79,0.0,-0.003831868731394804,0.0032448228634701978,-0.0003532066467791755,-0.01152962365810291,0.007069361003618482,0.004724921187863713
35.85,0.0,-0.003743726634160867,0.003072478750966743,-0.00042509952585521914,-0.014127448679171845,0.005483535402194874,0.005853193596644379
35.91,0.0,-0.003712242302645306,0.0028303558330067323,-0.0008806334040243907,-0.015522868264460117,0.007917457873940515,0.005267949994262607
35.97,0.0,-0.003480358399259675,0.003042463369686289,-0.0007647730509690028,-0.016636012096043394,0.009453227334094289,0.005424958124655905
36.03,0.0,-0.003655970385784984,0.0028708636472934736,-0.0003105786846631417,-0.013176677147363968,0.010797167264958246,0.004208828280770244
36.09,0.0,-0.0032940467670636653,0.002455113570040945,-0.00021676767842984096,-0.013803391318441424,0.009553382813493947,0.0028153148688834016
36.146,0.0,-0.003462969892160834,0.002852138936200532,0.0005427560902464492,-0.009899702705822178,0.008019456175015125,0.0023111565418423323
36.2,0.0,-0.003496308502048627,0.0029467654481110423,0.0006386045320232586,-0.011183199780527904,0.005349063948839729,0.0028843110922020065
36.26,0.0,-0.0033017466072438975,0.0026099988104243865,-0.00011053487390129116,-0.01545411129470647,0.009827046151189766,0.0024594183958145557
36.67,0.0,-0.003115408841427213,0.0014579686729991384,-0.0019193547338838034,-0.02012146003280956,0.006818125844717996,0.0017383778641878766
36.726,0.0,-0.0031288926448613903,0.0015327983861856806,-0.0017858294512520447,-0.015519791176608675,0.006408886685424989,0.0008474259817513934
36.78,0.0,-0.0029693113835635265,0.0014637064808473849,-0.0016879729000600532,-0.018661965304377005,0.01008803540482026,0.0014318451157957074
36.84,0.0,-0.002886897568626635,0.0014671597353490338,-0.0017138314493067846,-0.016668565937230304,0.009760019591540004,0.0011612994882178357
36.9,0.0,-0.002879518061146661,0.001967808599286574,-0.0006954736676422675,-0.01259747712169847,0.010865609060253556,6.059461462246646e-05
36.956,0.0,-0.0027311118172801407,0.0016916302551626388,-0.0010192938242747857,-0.017150602198626644,0.007499892150313159,0.001463822197305506
37.016,0.0,-0.002837005616406503,0.0018862885577627007,-0.0005846251837987252,-0.016132451924992647,0.011954756630484537,0.0010547216478325756
37.07,0.0,-0.002876935057119245,0.0018396133227484078,-0.0007027049642210133,-0.018414005838809228,0.01155493761936799,0.00012089653374642609
37.13,0.0,-0.002844286466558861,0.0018540226952327588,-0.0004906423305544619,-0.014194077507192513,0.012561940077341962,0.0001787138200615489
37.19,0.0,-0.0027452954798986595,0.0017477333218566767,-0.0006621070476368659,-0.016517590459734804,0.01115179415855449,-0.0009856598692100122
37.251,0.0,-0.0026813182997339983,0.0016554593633949094,-0.0006243395640478557,-0.012665293473488574,0.0075019634996592085,-0.0018744045659116718
37.31,0.0,-0.0027400035603842915,0.001593729726497691,-0.0007039830946730612,-0.017337745327142003,0.010896417902650878,-0.001871268492040385
37.37,0.0,-0.0028667564476232052,0.00170132878795805,-0.0003513078025525107,-0.011189918503598136,0.010124825934190241,0.0009061642722883878
37.43,0.0,-0.0028300699826198134,0.0018120175512358735,-0.0001274272551038955,-0.014241922340762258,0.013154672353154104,-0.001102692153029758
37.496,0.0,-0.0027597145355326533,0.0016071454679311508,-0.0003565376406965197,-0.013080953878291581,0.011046991481617493,-0.0009650649262228112
37.55,0.0,-0.0026485318027115656,0.0014896135303139725,-0.0005264658749981566,-0.016109344385328295,0.011614988673820716,-0.002981420237895285
37.606,0.0,-0.002626648424251162,0.0016629747213240016,-0.0002120446362281172,-0.01378092452129,0.01267932124852767,-0.002359522821870947
37.66,0.0,-0.0028366677356542846,0.0017340442899363916,-7.291379840582047e-05,-0.011906030367145205,0.012011359541380728,-0.0022542852756173544
37.72,0.0,-0.002680059107444459,0.0015702391110356752,-0.0003885060959414245,-0.01660159668117288,0.012120967067403215,-0.0021545575204374645
37.78,0.0,-0.0025980328343948138,0.0014593465396726497,-0.00040968161471208084,-0.016239082048410042,0.010756650005009166,-0.0014107168641973044
37.84,0.0,-0.0024790699143588555,0.0014380102964514005,-0.00035584491253775046,-0.011519579361949903,0.009407963273114515,-0.0031076429038955546
37.9,0.0,-0.002747395857170544,0.0016734680549942214,7.54241210736832e-05,-0.011579441944899833,0.010217456450953491,-0.0028000577658783745
37.956,0.0,-0.0025351737974383995,0.0015166533753481596,-0.00022584495180572045,-0.012397266406549154,0.01148530232112154,-0.0031858947346305004
38.01,0.0,-0.002530419332544734,0.0013936457902771512,-0.00030492967805003935,-0.014035518772781834,0.01105601496797522,-0.003550768240305056
38.07,0.0,-0.0024784150511792794,0.0013346039559205575,-0.0004784729849217718,-0.015255141394032876,0.012554906666359049,-0.0038055756440484342
38.13,0.0,-0.002512145400572754,0.0014052769270346817,-0.00010799158374458871,-0.013022584461367186,0.012415653104756707,-0.003187722149238863
38.19,0.0,-0.002515856715348148,0.0015045635418970624,0.0001636535927549617,-0.011705431187004324,0.014017125729746274,-0.0030989778698708712
38.25,0.0,-0.002454818347632204,0.001372140234060617,-2.989097251002969e-05,-0.014114109710275519,0.014558035780756234,-0.004073357473722796
38.31,0.0,-0.002447583398057691,0.0012539206120312139,-9.821253562767591e-05,-0.01249411453228548,0.0123105617044046,-0.004848990792752942
38.37,0.0,-0.0023663198094096742,0.0012141048263498802,-0.00016103623051244616,-0.015367496893293881,0.013067966433312763,-0.004103042095481452
38.43,0.0,-0.0025115067358731664,0.0013626362377567487,0.0002373862046266681,-0.010160798485267587,0.012517605097705872,-0.0037596305954598007
38.486,0.0,-0.002576015923263817,0.001422341195558305,0.00031739405437650707,-0.011233140331322423,0.013166526213946761,-0.003084928932047084
38.546,0.0,-0.0024424671248039127,0.0011396755446849414,-0.00020401585358101386,-0.01551898827468233,0.012675349462469636,-0.004590895043133578
38.6,0.0,-0.002375515539494673,0.001157437873264681,-0.00014948292283876343,-0.014182167854704688,0.011752922207834122,-0.004041678363375288
38.66,0.0,-0.002387050392099631,0.0012472694723615013,5.067915574254891e-05,-0.013617903927064332,0.014319629425033968,-0.00385298062123075
38.72,0.0,-0.002487795288220298,0.0014589377593500143,0.00036265800008141515,-0.01003221985885306,0.014237459183059025,-0.003334037833975941
38.78,0.0,-0.002341160811309586,0.0012448045131474668,0.00013140531036721765,-0.012912196527942907,0.014662143048244649,-0.0047406365271908365
38.84,0.0,-0.002911472347824674,0.0009290406502989687,-0.00044264539211315924,-0.015698203374303683,0.012463217165669387,-0.0007631743757752483
38.9,0.0,-0.0027932479809009377,0.0008558776429561668,-0.000580453412301205,-0.015677575686225145,0.012005489472095865,-0.001480120514749029
38.96,0.0,-0.0026533363835877064,0.0009387761489839122,-0.00022704037986783336,-0.014123514787278774,0.014551210862377002,-0.0018089151091973397
39.016,0.0,-0.0028515168364461932,0.0010365297580061151,-0.0001304100567046219,-0.011652618111214786,0.010464227254639948,-0.0009774581348992767
39.07,0.0,-0.002704120389284654,0.0008767870072766807,-0.0003115549601432947,-0.01252474690125377,0.008611188762144562,-0.002283877059692536
39.136,0.0,-0.0026255697024028263,0.0009558071091116344,-8.368803980145196e-05,-0.01191442247803288,0.009867218641318912,-0.0026861191309453685
39.19,0.0,-0.00264251071393509,0.0009467189778080006,-0.0001195005398028827,-0.010924775295671003,0.01100828016064534,-0.0029685337462063456
39.25,0.0,-0.0025314656730752658,0.0010240824941040651,-6.794814520216805e-05,-0.013436566120841507,0.01451097101837145,-0.002016936428291543
39.31,0.0,-0.0025967057158960568,0.0009621870437401106,-9.381837653360611e-05,-0.012277419631858851,0.011637687001539792,-0.0016423883427603779
39.366,0.0,-0.0025372577821982443,0.0009429141473238356,-8.525948918758823e-05,-0.011021016947257583,0.009147837581043159,-0.002807952337614237
39.42,0.0,-0.00268301271755989,0.0009581110740047038,-0.00011927004960462915,-0.014556549633433778,0.012544600443085507,-0.0011236715458524439
39.48,0.0,-0.0025426015373261244,0.001003932753329905,0.00011502920990544532,-0.010147113879590813,0.010305222291515717,-0.0019200274367653701
39.54,0.0,-0.0025224120806021603,0.0010842027149271932,5.3494157435289875e-05,-0.014025382095079685,0.015068503079223498,-0.0029670318602048698
39.6,0.0,-0.0024271375268387256,0.0009330420937600992,-0.00011479177004111378,-0.013781676492333833,0.014600223830379339,-0.00382844390224058
39.66,0.0,-0.0024935199928239346,0.0009610701326809494,0.0001045651973977056,-0.011754778358717412,0.011194970479463238,-0.0025786603979638385
39.72,0.0,-0.0024462932431028052,0.0009715370868211198,5.587058845939724e-06,-0.0109169306291855,0.010138583595873094,-0.003091744389365342
39.78,0.0,-0.002470038491403067,0.0010043099557644588,0.0001641808329611272,-0.01137595587040042,0.012665275511405956,-0.002985886411966949
39.84,0.0,-0.0024867802480416454,0.0010496392793081413,0.00023995115239226455,-0.011552784487793104,0.014547666731353931,-0.0019641287552755516
39.9,0.0,-0.002496741681209345,0.0008823179700995215,-0.00010727460307450847,-0.016106989479394308,0.01388943801160678,-0.0022960411706563766
39.96,0.0,-0.0024179132140407407,0.0009795750487225114,2.7614106386712957e-05,-0.011654015733867535,0.009262676907120654,-0.003425394601860049
40.021,0.0,-0.002468288883464915,0.0009101648658689418,2.3208452763966095e-05,-0.014021947878572217,0.01220264525361831,-0.002894002540053585
40.08,0.0,-0.002440946720597724,0.0009130763459984931,-0.0001425070454045292,-0.009666557795840606,0.012103860807561689,-0.0028987729729107415
40.14,0.0,-0.0025093156450356215,0.0010354454604832716,0.00018847734053285446,-0.012965521964771954,0.013776826282825325,-0.0029389162198284508
40.2,0.0,-0.002172966109234509,0.0009483768140775127,0.00018983473750080137,-0.0068855926615135074,0.012690056166333473,-0.006430135391187535
40.26,0.0,-0.0025719081286589224,0.0009280686177681985,-0.00012097909892809615,-0.013730474481325187,0.006758572279938919,-0.002026851399924911
40.32,0.0,-0.0023474419335159005,0.001080765115136745,0.00014132333753522707,-0.015636349866143987,0.013941317840062275,-0.0051083289143362826
40.38,0.0,-0.002281239262661027,0.001055115495289408,0.00017838876480928743,-0.014344204267859841,0.015067486544156386,-0.005335016566599388
40.431,0.0,-0.0023854396285096367,0.0011309691369541654,5.2095808448835e-05,-0.01334338681373246,0.011820646919403884,-0.00497697857461098
40.49,0.0,-0.0023240742201040723,0.0008602657497171509,-3.296134038464875e-05,-0.014313758476588518,0.010390455224297409,-0.00486051771238386
40.546,0.0,-0.0024347513435036224,0.0011311634507584272,-2.2317466187924733e-05,-0.014560344049129446,0.014035456703370747,-0.006048877289718436
40.6,0.0,-0.0016037385618004622,0.0006285467882850216,-0.0004855294201119518,-0.015308610265638851,0.014528885262420677,-0.007912585070473712
40.66,0.0,-0.0018250632084077846,0.0009960580901904872,-0.0005530963654045214,-0.020761092720702704,0.0096321866122946,-0.007129107979503329
40.72,0.0,-0.0017370841962068336,0.0005137832515452702,-0.0005979953685086946,-0.015385512414896751,0.01328009489598502,-0.007075526415573177
40.771,0.0,-0.0016534002366315169,0.0006069620552505251,-0.000427653229825371,-0.012925898214976594,0.01674216277560504,-0.007947768884706923
40.836,0.0,-0.0018554779853165386,0.0006109894332106002,-0.0003993305587145512,-0.01554689174118572,0.015068847331851548,-0.0044337717776687215
40.896,0.0,-0.0023283529869717696,0.0007834479211733212,-4.291953341182556e-05,-0.011093209772569161,0.015864375323911176,-0.003646413884699716
40.95,0.0,-0.0022321247492854608,0.0006600230947445924,-0.0002501009375617053,-0.01643121454033027,0.012506926907784797,-0.003919202987957154
41.01,0.0,-0.0021467993154209155,0.0007861296479238891,-8.480534697578138e-05,-0.013167534210894453,0.014432743628509636,-0.005602168544632615
41.076,0.0,-0.0022875831443619453,0.001462826104178145,0.0014758436476189941,-0.004481879076053004,0.014452032010540697,-0.004525697329598344
41.13,0.0,-0.0024645089175225274,0.001372748954726163,0.0013877269431343613,-0.012378612239268354,0.010515409994022255,-0.004267715590839238
41.186,0.0,-0.0027212134908886293,0.002324421280884956,0.002221762986221847,-0.007442323687381224,0.01618068367773704,-0.0018853782704589194
41.24,0.0,-0.0024351498267054616,0.0009630108968378074,0.0010158833451148742,-0.014388117662749464,0.004833314409175144,-0.00811804447451406
41.3,0.0,-0.002634453924779244,0.0023327212635426277,0.0021013787523727883,-0.0061494521636971085,0.012657055485253024,-0.0009894869976911954
41.36,0.0,-0.0025235380020411924,0.0011270370468319667,0.0012730608914000385,-0.0156565129012658,0.013002495610329878,-0.003028409927078461
41.42,0.0,-0.0025687850117454285,0.0022308909785992152,0.0020659411270452606,-0.008428995134736328,0.014379092959584576,-0.0025434158447125415
41.48,0.0,-0.0024229297334106953,0.0010490595098834928,0.0010109730263447505,-0.013796462253779118,0.00889238610139197,-0.0033300434887924973
41.54,0.0,-0.0025054782458347508,0.0014649684511382401,0.0006914914708318761,-0.010249002233404282,0.010335782951063154,-0.002292203852135302
41.6,0.0,-0.0022769805089866402,0.001208252425550263,0.0013797341739748526,-0.010166772608120251,0.013352322545025707,-0.0048988730248449314
41.66,0.0,-0.0023344871477060172,0.0013938187552596625,0.0012654095387563736,-0.007313195091524486,0.01890004674767442,-0.0035365647626607617
41.716,0.0,-0.0023438816258201916,0.0012615498242238518,0.0012869301674985655,-0.014464335768265542,0.013950056123790779,-0.004198859480062726
41.77,0.0,-0.0023980811871619333,0.001250301333013597,0.0008813241460431564,-0.009131483919239198,0.014728192445954781,-0.004780195380856432
41.83,0.0,-0.0023580003961550015,0.0013134830222313629,0.001137462269573165,-0.01218829736184835,0.013725158487350161,-0.004499970316794957
41.89,0.0,-0.0023383655342659017,0.001486016452271778,0.0015046265223401514,-0.006234608960560425,0.013817003586848144,-0.0037171462957475265
41.95,0.0,-0.0024767009811048598,0.0014432163301640985,0.0013395749365627283,-0.01031250655982166,0.01636222768778805,-0.004239671493593679
42.01,0.0,-0.002327407877024988,0.0012574051619304108,0.0010886555501990257,-0.010602693143890608,0.015538561066761986,-0.004975710086762579
42.07,0.0,-0.002362380568274806,0.0012845972643483969,0.0011837504442796538,-0.008972335909486871,0.013973988947523441,-0.004131523095648254
42.13,0.0,-0.002383724284604633,0.0013822512613057567,0.0013516461917068637,-0.0068231899897198646,0.012536406586947735,-0.0040772146037899555
42.191,0.0,-0.0024057336923946006,0.0013490123888401397,0.0014609300796231172,-0.007071776373887595,0.013866655490931523,-0.0031062897953384274
42.25,0.0,-0.0023090133310103064,0.0014338567255444683,0.0013417671742800277,-0.008607554930292896,0.016817046620418094,-0.0027469902197652003
42.31,0.0,-0.002062918136652483,0.0012544666721746984,0.0012262221493838032,-0.00934571123102628,0.014106932256877869,-0.006755834001428089
42.37,0.0,-0.0021867741078715652,0.0012142893570067713,0.0009477199643052779,-0.006942795340671071,0.012450802586164558,-0.00457715241337169
42.43,0.0,-0.0023554228428166128,0.0013044667994943722,0.0011274246134954057,-0.010616192836425776,0.012812777636833354,-0.003728222368684642
42.486,0.0,-0.002164566759801002,0.0013987001180120185,0.0014029135063961119,-0.004014465074812372,0.013879828026527069,-0.004408908793270991
42.54,0.0,-0.00201649373590937,0.0012910306616500389,0.0012986416692906681,-0.009469315524513867,0.0168932066894462,-0.0069699112952961795
42.596,0.0,-0.0021968589669155224,0.0012773770799466406,0.0009932988491941543,-0.008818111232966426,0.015035221982470726,-0.006479082196242179
42.656,0.0,-0.0023027575218097667,0.0012445159409737105,0.0010919690011923326,-0.009433199134219871,0.013084099212948954,-0.00451370910351911
42.71,0.0,-0.002294754439258517,0.0014200419720118975,0.0013971797291816627,-0.005658169057651856,0.014549877669262017,-0.0038389914162515267
42.77,0.0,-0.0021634518054743763,0.0012952878928138803,0.001279382562835882,-0.005718872253129829,0.012835002636189833,-0.006711319174132686
42.83,0.0,-0.0019729973646258107,0.001279250805140063,0.0010853184923369304,-0.006042008463242914,0.012731287836105798,-0.0061184317234872325
42.89,0.0,-0.0019934796991022776,0.001220344387500252,0.0009385264344986171,-0.010375816357996278,0.009977531249271887,-0.008230033213620284
42.95,0.0,-0.002399035425152256,0.0013979111010224217,0.0010803313458395357,-0.012028244605897987,0.01242997986873691,-0.0024273440650833724
43.01,0.0,-0.002548758516060098,0.0015223978587531393,0.001560468399469482,-0.008131022088746389,0.014572679252907665,-0.0025642890657333666
43.07,0.0,-0.001954806655508732,0.0013280593100402202,0.001299530490631422,-0.004105936350902371,0.013977457877471094,-0.00753328782260556
43.13,0.0,-0.0020644344141843647,0.0011794609506892695,0.0010600834360808542,-0.011054696307865573,0.016244060258790608,-0.007522937518923778
43.186,0.0,-0.0021111618930503605,0.0012834662305466317,0.0010947698488645516,-0.006962224417879269,0.013466201017279507,-0.006455954327325009
43.24,0.0,-0.0021336757122899933,0.0014138842028174475,0.0013841782714986905,-0.006997181764873687,0.018280450417926464,-0.005983001041572377
43.3,0.0,-0.0020724787441058095,0.0014410972442051747,0.0014787351005496117,-0.00797712811746115,0.014751949798923086,-0.006877223525057376
43.366,0.0,-0.001979094424020002,0.0011969256703398862,0.0009696448257795855,-0.010975016138353564,0.015380540838047449,-0.006527465988130313
43.42,0.0,-0.0020881954454609573,0.0012006983098935137,0.0009790065469799964,-0.011149517362801863,0.014975738617197035,-0.007381121544467524
43.48,0.0,-0.0022964789056353105,0.0014225412985186443,0.001392796931210569,-0.00701261686750078,0.014239949831216092,-0.004551367615854974
43.536,0.0,-0.002279579840943848,0.0013452823589202472,0.0012963351619463919,-0.007716434401384076,0.013276938518387738,-0.0049297963123522415
43.59,0.0,-0.0022275121997383258,0.0013420684772197022,0.001084720877782727,-0.010053987185019557,0.013148944540729705,-0.0045714077761030494
43.65,0.0,-0.0021106563996264494,0.0012293743692450803,0.0010053149835967863,-0.009540652959017978,0.011720238449107474,-0.007806416249302481
43.71,0.0,-0.0020352348743499656,0.0013033527395995765,0.0010574952753532475,-0.009352542571827112,0.01572235104440344,-0.00782975819224619
43.77,0.0,-0.0021472965668389724,0.001449131680423095,0.001351863573165403,-0.005470420249769708,0.011539040999691557,-0.007747693073379504
43.83,0.0,-0.0021330181226422544,0.0013524085896263634,0.0012041434405094355,-0.008532972635037628,0.015550804328003867,-0.007323706426532722
43.89,0.0,-0.0020722001006587094,0.0013552718925429403,0.001186726520826088,-0.009514752237697119,0.014156813800543422,-0.00810557875279212
43.95,0.0,-0.0021330447117843877,0.0012993162700272144,0.001048076531990275,-0.008484580215327473,0.011251889190884346,-0.006927311334049167
44.01,0.0,-0.0020538130295025383,0.001282928720576039,0.001100465987404296,-0.0062897260752933755,0.012121867048906637,-0.0073573129151039965
44.07,0.0,-0.002152366845201109,0.0014230048511850932,0.001291785055603585,-0.005064484050900838,0.01149495990295817,-0.007505731979724515
44.13,0.0,-0.002076501452386132,0.0014051327223975698,0.0012588830894223642,-0.00897944873379861,0.015342301070556643,-0.007058482041882401
44.19,0.0,-0.002113467311257919,0.0012428338016226069,0.0010169465607029154,-0.007331115423045811,0.010588526635262416,-0.006818676016268809
44.25,0.0,-0.0020575637374621925,0.001249233413256631,0.0009657319337836828,-0.008242220164776149,0.0124480608816901,-0.0079258940012037
44.31,0.0,-0.0020718848839245455,0.001274099785041372,0.0010428883849681928,-0.008595876918138705,0.013619378303852583,-0.007393218872343411
44.376,0.0,-0.0021081744279458914,0.0013196584298039847,0.0010129397201060915,-0.008600549384351414,0.015555871718465425,-0.007129411982020365
44.43,0.0,-0.0021062963215542738,0.0013182863377784126,0.0011270751409359445,-0.005822797834796989,0.011860792760704576,-0.006979852734008465
44.486,0.0,-0.002048470873261759,0.001198115982452856,0.0009603727106983532,-0.008641082886285307,0.012163728624746944,-0.008360816910081281
44.54,0.0,-0.002047770297493157,0.001229995982892556,0.0008645375526989677,-0.008074081037456476,0.011960787232603626,-0.007004738196798894
44.6,0.0,-0.002096182112957624,0.0013123080794878745,0.0010619537766003528,-0.007536400363913614,0.015360308044951506,-0.007494075244606609
44.66,0.0,-0.0021259170178508932,0.0013929890628267617,0.0012236789013361483,-0.006521747946968644,0.015108530330919428,-0.00848962498029756
44.72,0.0,-0.0021548808936217158,0.0013338213306859303,0.0011108844560582306,-0.008848950909459417,0.012366492638543908,-0.008228619820579956
44.78,0.0,-0.0021614782994709134,0.0013466236111456318,0.0012555592355040445,-0.0073562545806005325,0.011613609097894564,-0.00853119214727316
44.84,0.0,-0.00202439611751129,0.0013469216275833525,0.0012377259511811472,-0.0028706863647768154,0.010527067484476432,-0.008819247135402934
44.9,0.0,-0.002040208661614511,0.0013844179464008264,0.0013071244851714085,-0.006327035819331897,0.013479048064175552,-0.007212067835851901
44.96,0.0,-0.002030385691613471,0.0013654240606503325,0.0012049153488655157,-0.0059659696099493365,0.0129382105416683,-0.007177085779473889
45.02,0.0,-0.0021223392103359457,0.001362092398043884,0.0012553662574492578,-0.005446210162690621,0.012618250691763517,-0.006428033693669534
45.08,0.0,-0.0021157895062589075,0.001135547864832873,0.000875844982766643,-0.00919530169163941,0.014266550874818276,-0.007497810277333491
45.131,0.0,-0.0020847136742802542,0.001421518912413584,0.001418311955261818,-0.0037230493626250983,0.013884470854963154,-0.006902437270763103
45.19,0.0,-0.002167451297207928,0.0014853863475995336,0.0015498045215562855,-0.004617512861856189,0.014356359068773085,-0.007154943491836135
45.241,0.0,-0.0021536091220829548,0.0012825108145869731,0.001115252894668438,-0.00416509620288787,0.011161805918623426,-0.008088370303416427
45.3,0.0,-0.0020266289851216916,0.0011471661452425034,0.000885632810770423,-0.01018236572973766,0.015466386173215232,-0.008900023244467056
45.36,0.0,-0.002052748707076966,0.0013436906490469807,0.0012980109875705276,-0.006479095444606119,0.017326442189888974,-0.0071628931077210405
45.421,0.0,-0.0020096676776147886,0.00133595505977073,0.001259600499285015,-0.005266342163875232,0.014103716594130884,-0.007824657390514599
45.48,0.0,-0.0019868879648268366,0.0012594739280304252,0.001069996055839558,-0.007058267472555222,0.015336339627469248,-0.007445203164120915
45.54,0.0,-0.0021249142158636354,0.0012028862962404896,0.0010044500723269852,-0.006420976443646971,0.011766733455051106,-0.007674034402284508
45.6,0.0,-0.0020755339256862,0.001224641375985693,0.0010331179545407859,-0.004323458284160496,0.009800463270025856,-0.006310154231156915
45.66,0.0,-0.0020488275523032366,0.0013024109915800363,0.0012726252980004484,-0.008525890599193186,0.015354357614534096,-0.0074460348659299005
45.72,0.0,-0.0021419139628011076,0.0014429025933601282,0.001420951335137122,-0.003702614175312487,0.013488501089267342,-0.006482226720204846
45.78,0.0,-0.0022144426828404,0.001402701557623842,0.0013314393551597337,-0.005851321676249423,0.013569159400163488,-0.008003118099402556
45.84,0.0,-0.0021265841363223665,0.0012647392516431013,0.0009622526346541822,-0.006125272868520382,0.010913330260112429,-0.008386878258790384
45.891,0.0,-0.00213278943755993,0.0013449757128488583,0.0012297174935117787,-0.00948435494718606,0.014987791305055122,-0.007534730102108408
45.95,0.0,-0.002130522927897952,0.0015047603298855982,0.0014263571530711452,-0.0024440379895087827,0.012612549820277614,-0.007847413323053765
46.01,0.0,-0.0021448641595521794,0.001374443649154545,0.0012686551426609087,-0.003292070896406706,0.011822857732760811,-0.008234763923460063
46.07,0.0,-0.0019478316888730837,0.0012916189021434541,0.001075975528202256,-0.008282027736656417,0.011377304807706334,-0.0076375834351043595
46.13,0.0,-0.0020084183428282763,0.0012049147365361121,0.0009391407179481287,-0.005838650225074022,0.00993225409312529,-0.007989846335899567
46.186,0.0,-0.0020188534472566745,0.001431582452243302,0.0013971143476481313,-0.008007659757274955,0.01622746368041292,-0.007064050160447906
46.246,0.0,-0.002000546072847482,0.0013504956816339556,0.0012472671855714003,-0.005737937872601962,0.013381808121319387,-0.007438603686109731
46.306,0.0,-0.0019840289007153284,0.0012734712690641067,0.0010544374477990698,-0.009102197636325013,0.014575640908302007,-0.008214266033060628
