sensor type:,vicon
timestamp (s),arclength (m),data
0.0,0.466,0.0016878713752987173,0.020425339977980062,0.4677489839535514,0.1466435412617448,-0.05289542340170584,0.027052036517696613
0.06,0.466,0.0020464198609503577,0.020372999968174127,0.46736251422938585,0.14569851330665634,-0.05433565098844207,0.026459972188709005
0.12,0.466,0.002294112664591065,0.020330959133821897,0.4671208549801618,0.14459948805457473,-0.056219982306738456,0.026284877612316106
0.176,0.466,0.0015398901737085956,0.020412843000567588,0.46772904914439234,0.14677720321942117,-0.05246084786430867,0.026797271311701253
0.23,0.466,0.0013392029861822204,0.02030210003042357,0.46764170090765567,0.1460709794716725,-0.05177840891339202,0.027747298844244348
0.286,0.466,0.0022829832820203963,0.020047447345176314,0.4672246453821694,0.1437632958515665,-0.05563851439776498,0.026843635090499876
0.346,0.466,0.002057352439008188,0.020214386009993732,0.46738821337774317,0.145084553008556,-0.05454539193346352,0.026970413550925942
0.4,0.466,0.0019051473508946283,0.020270003720236306,0.46743174277449523,0.14530056758635432,-0.05335212496143104,0.026089611483709384
0.456,0.466,0.0018556786065766337,0.02036689942004265,0.4674531066075725,0.14593211109236404,-0.05297237880891392,0.027098552513826306
0.51,0.466,0.0019844697121503808,0.020301892659438884,0.4672141016700188,0.14504328770881264,-0.054074619560615,0.026844470761228298
0.57,0.466,0.0021839555866894453,0.020002632891758885,0.4674476275851858,0.14424853777962474,-0.054747576210254674,0.026510967637676304
0.63,0.466,0.0019995756542224388,0.020345516548653447,0.4672382345684376,0.1448547015313559,-0.0546468987300043,0.027113330582137322
0.69,0.466,0.0013272424650975123,0.020212353059194263,0.46816212875090363,0.1470651253984928,-0.051471274490056514,0.027564192521531503
0.75,0.466,0.0015916437339987158,0.018983676302068556,0.46869160398283793,0.1442154976798565,-0.05213446348367433,0.02652846759313395
0.816,0.466,0.0022060097933376105,0.02005246347013823,0.4675362521093668,0.14512049016841033,-0.054712515052568154,0.028056091147252573
0.87,0.466,0.0009430179464945207,0.020435594660145343,0.46866311551142126,0.15006272222470862,-0.05006046270428395,0.02804548909679035
0.93,0.466,0.0020311033244092068,0.0198625515726063,0.46799721725680904,0.14517375214440031,-0.05371354086324106,0.02624291032002289
0.99,0.466,0.002237598614999526,0.01919383736893028,0.4681707125791676,0.14335311294539202,-0.054514191858462395,0.02631252193378076
1.05,0.466,0.002232299287859081,0.01992802003272758,0.46809282905428873,0.1458828273057149,-0.05522117725649777,0.026441523663736415
1.11,0.466,0.0017961541475981966,0.020423542402833846,0.46836684352718133,0.14934158111592138,-0.05302300405776909,0.026781671870280778
1.17,0.466,0.002291892813950562,0.01953175205145013,0.46771756714398105,0.14338250418334383,-0.05451826023920335,0.026863441505298773
1.226,0.466,0.0008943767019788793,0.02076933242504566,0.4686539154577957,0.15151337513452273,-0.05046986434709487,0.027562789661560883
1.28,0.466,0.000513275069552374,0.020269789610131123,0.46757377111317294,0.14599524281565507,-0.0467848905405691,0.03161288131488282
1.34,0.466,0.0018184733865965776,0.020463702724565477,0.4670560682529356,0.14496208776516548,-0.05369958920730105,0.02716601384115879
1.4,0.466,0.002231899588181952,0.01853315454433312,0.467587645198174,0.1388835652695575,-0.0551766798050866,0.02687197748902446
1.456,0.466,0.001407622691609769,0.02059011501872508,0.4673386758276711,0.1462864440751457,-0.05139852117279137,0.027528272909539964
1.51,0.466,0.0012896872397813424,0.020348691328705093,0.46758135157391995,0.14633081485965593,-0.05096046181807941,0.02768406533194796
1.57,0.466,0.0023862683133739444,0.02012356982412554,0.46740277641499406,0.14469467605027428,-0.05639889090162046,0.026754870978896755
1.63,0.466,0.002317143936730906,0.020103016924328396,0.46729681662897954,0.14414980794547336,-0.056524520929964316,0.027181071749902065
1.696,0.466,0.0019212875287710689,0.02032602316597353,0.4674122997769637,0.1454300278333155,-0.05365647914729314,0.02714346683141413
1.756,0.466,0.0016338396349231152,0.02029342079140113,0.4677248834063406,0.14582195161699918,-0.05294706939454825,0.026502384967187098
1.81,0.466,0.0016428747217085973,0.020071569334408963,0.4677815741422805,0.14538346004385033,-0.0524899226616815,0.02752405928502556
1.87,0.466,0.002088661635418051,0.02042925633450302,0.4672638216057478,0.1454839884400694,-0.05511462129577905,0.0259638730115458
1.93,0.466,0.001950287540862068,0.020280008076451975,0.4676043631941386,0.14567687530744572,-0.054592037409118443,0.02770096841135439
1.99,0.466,0.0021251947152325316,0.020205020598321966,0.4673366154218185,0.14466549635446585,-0.05464432757907149,0.02683528315684247
2.05,0.466,0.0012901661249408113,0.020358630201365552,0.46764673766962256,0.14644367316375814,-0.05159043750710459,0.02758094168355322
2.106,0.466,0.0021010321602384697,0.02039823311889778,0.46733361817543784,0.1455492707898272,-0.05488568797623324,0.026390775223944358
2.16,0.466,0.002187045291660096,0.018670314272005537,0.4674916543004195,0.13913103586631365,-0.0552364844283645,0.026388533409565536
2.216,0.466,0.0016261685520661442,0.020195082470566006,0.4676557057584095,0.1457992110830347,-0.0524073410794861,0.02742118695617782
2.27,0.466,0.0016068033237018762,0.02002655982619546,0.4676679598310937,0.14494500364200244,-0.05213891570559937,0.027507954908080057
2.33,0.466,0.0018706406480216767,0.020357242581176892,0.46748016511328133,0.14575454449016445,-0.053788181082214656,0.02684334066974862
2.39,0.466,0.0021308748821871806,0.020005417403333735,0.46731010197183726,0.1438690359342814,-0.05544503510511279,0.02671433770313908
2.45,0.466,0.0021422417687504925,0.020226583395164137,0.4671918660765138,0.1443402785571521,-0.05496248198151634,0.026792039179707506
2.506,0.466,0.001359550693721253,0.02047001177876621,0.46769346518182137,0.14661612745986544,-0.05185763995609176,0.027778512387174898
2.56,0.466,0.0019992556430833168,0.02028130217396714,0.46736416771382544,0.14510666961584087,-0.05385974710460133,0.026657949435430893
2.62,0.466,0.0021010570352235853,0.02009336715936209,0.4672402180055298,0.14448517674518108,-0.05397484297708717,0.026665666928041603
2.68,0.466,0.0017884447563180081,0.020346730179824947,0.4672966657029173,0.1453070555265403,-0.05305809421108582,0.027730695816281754
2.74,0.466,0.0017440414042654887,0.020017713062798568,0.4676933834931363,0.14499966599252112,-0.05261896628180467,0.027279155477365962
2.796,0.466,0.001577086215730504,0.020288376327471037,0.46759445301043423,0.14615201980613793,-0.05186097343603604,0.027314171176902192
2.85,0.466,0.002064292492056146,0.018748011034744477,0.46740194002477514,0.13917035986272316,-0.05471611721244523,0.026869700521031582
2.91,0.466,0.002198370109179835,0.01877299043599813,0.4673615314548224,0.13892391258669856,-0.05493904583148698,0.02652755467527625
2.97,0.466,0.0017788577320990478,0.02044372407812419,0.46768977808795353,0.1468770238656334,-0.05338657497569444,0.02700918979134319
3.03,0.466,0.0012629128168324241,0.020413617186629308,0.46783654396911856,0.14704128561274987,-0.05118692941116015,0.027674946235960004
3.09,0.466,0.0022588615557653374,0.020420365898322426,0.4675091602576533,0.1459834844048322,-0.055499175640876995,0.027164504054173613
3.15,0.466,0.0021272024136731044,0.020371571901055797,0.46737913775612766,0.14556363396229252,-0.05546603559026247,0.027208582832270452
3.21,0.466,0.0018236350742899818,0.02020082552478678,0.4673131767136265,0.14492531512841078,-0.05328446958635799,0.027987756729734324
3.276,0.466,0.00119901967797606,0.020338032842948894,0.4675646344169008,0.1458668509491761,-0.05064504393880416,0.028027984671170035
3.33,0.466,0.0017344843692015915,0.020171011288708907,0.4676263339974761,0.14525035759264884,-0.052849693090595624,0.026242229048676388
3.39,0.466,0.001628912297052588,0.020436417711823893,0.4677058442810608,0.14679570035461006,-0.0525075872848802,0.027661942672272417
3.446,0.466,0.0024459434744053383,0.018756956629344224,0.4673149245598393,0.13870992337672733,-0.05609894549074439,0.02691964151394988
3.5,0.466,0.0014172375522850378,0.02035088977787175,0.4676901872455776,0.1464085833753491,-0.051624649372552296,0.027887002459582363
3.56,0.466,0.001223921427509212,0.019247423855232683,0.46785319456033003,0.1423029364993442,-0.050906695023453685,0.02742536779231618
3.626,0.466,0.0020098366009915656,0.01887336689819099,0.4676546002470849,0.14020431256143762,-0.054178614031107485,0.026422634520432437
3.68,0.466,0.0025405995237021924,0.018892850940470392,0.4674183408437414,0.13975907813832225,-0.056500569445551846,0.026153990480733188
3.736,0.466,0.0017292658946889698,0.02021731867402401,0.46773965008672974,0.1457646350014478,-0.05301104184864433,0.02698138200450261
3.796,0.466,0.001435287992125679,0.020318302728106034,0.4676575219692111,0.14567929455988982,-0.05253937128343796,0.027050494778924232
3.85,0.466,0.002004192561207932,0.020308769017263004,0.4677346974738029,0.14616275536317727,-0.053782376104581454,0.026590898849069275
3.916,0.466,0.0020775695939431937,0.020074917188832093,0.4674509980282108,0.1446117967867086,-0.05405001051676372,0.02719233144955881
3.97,0.466,0.002233284530291266,0.020106604234040423,0.46715866657376653,0.14413871282190716,-0.05485959997308853,0.027558389198560688
4.026,0.466,0.0015548929440381174,0.02038252818521489,0.4676518392832975,0.14660014197117416,-0.05194337024877663,0.027308512323385
4.08,0.466,0.0015881028901229034,0.020267933968478907,0.4678046230272762,0.14682593302532237,-0.05204833866832277,0.027101006463161686
4.136,0.466,0.0024891339663726066,0.02016216728541377,0.4674514371421643,0.14501016725159446,-0.05644415563459479,0.026358328202057236
4.19,0.466,0.002149956995265276,0.020351990942716978,0.46748987746935733,0.14570972038046928,-0.05516073060052998,0.02618004060167924
4.25,0.466,0.0017325332667989008,0.020414080030537303,0.4677074694868737,0.14673960304653852,-0.053255710569922204,0.027096160319116
4.306,0.466,0.0017019917022870145,0.020329564291714855,0.46754077337906913,0.14591597367862993,-0.0526534571243477,0.02648926833863994
4.366,0.466,0.002313031260248045,0.020388513794679264,0.46730416361269145,0.1451851813197339,-0.05617745443114635,0.02642552334693947
4.426,0.466,0.0022799416676106705,0.02006875729371282,0.46729706018663975,0.14411304441030995,-0.05598468685800011,0.02710550315810502
4.48,0.466,0.0015923381268728946,0.020337171204884406,0.4676713796820712,0.14639979709181514,-0.052115717057054506,0.027762516189250186
4.54,0.466,0.0016413393916952731,0.02047170938003739,0.4672229068568885,0.14496539920395313,-0.05309339087100388,0.027146614074543867
4.606,0.466,0.0016944769815576334,0.02016999935438062,0.4676907381856485,0.14541329146431847,-0.05304338066788387,0.02684346877502317
4.66,0.466,0.0018592056098084976,0.020190873852328817,0.46737455787502535,0.145424299724619,-0.05325899111426035,0.027714509467587634
4.72,0.466,0.002349260505807793,0.020300358511524785,0.46729475110219487,0.14531307613872285,-0.05565398511828531,0.027013723250351878
4.78,0.466,0.001716857867269098,0.020278966579719483,0.46707966653202526,0.14362091252707856,-0.052901806883547016,0.027106052666804933
4.84,0.466,0.001266665143412499,0.020436605204192937,0.4677847798493362,0.14708564719698566,-0.050919200392319855,0.027387450188772925
4.9,0.466,0.002176563229170425,0.018934500773796693,0.4674061312467991,0.13944627199236295,-0.055513102049479575,0.026131686400685267
4.96,0.466,0.0024117257894376966,0.020141443767618228,0.4673448526374212,0.1443552939309238,-0.05626478958448328,0.026125753015725926
5.02,0.466,0.0017367784163167615,0.020120816267700136,0.46753373000942694,0.14495530945606158,-0.05318125981548783,0.027433658392482782
5.08,0.466,0.001557041632521303,0.020284012004357022,0.46769891042400696,0.14625298495054623,-0.051642202099372966,0.02765562044653186
5.136,0.466,0.002178262018426046,0.020321927499809937,0.4673601220215204,0.14510369934854384,-0.054958311310951344,0.026682758680560657
5.19,0.466,0.0017755679708796725,0.020244482460719023,0.46728353232083997,0.14465628326498073,-0.05338962774148192,0.027511016166736513
5.256,0.466,0.0019462228770536047,0.02005489935735298,0.46740103571610164,0.144615273612466,-0.05390200346471845,0.02668472254921683
5.31,0.466,0.0017370369404975162,0.02012925955495651,0.46769088830870603,0.14583530497958105,-0.05275246844675929,0.027109247880299565
5.37,0.466,0.0019567228056770114,0.018988778054706355,0.46746968873527,0.1400277650264779,-0.053737695148759895,0.026757072984843873
5.43,0.466,0.0020050930637641098,0.020230574054938413,0.46728131709091936,0.14440345527176812,-0.05403250601198521,0.026993671922442675
5.49,0.466,0.001926977245933027,0.019013684650181245,0.4674174976621724,0.14014532873470367,-0.05406125219286675,0.026718712037331928
5.546,0.466,0.002048362661477073,0.020084283818767885,0.4676395455484937,0.14487689131613965,-0.05382639057856886,0.027144616493577228
5.6,0.466,0.0018495567459164892,0.02024518205478247,0.4676045976525612,0.1453787821262508,-0.05310113999062123,0.027027957176963394
5.66,0.466,0.0016315150785709135,0.020369943475561317,0.46767012805907116,0.14611824327416117,-0.053089760655763304,0.026470020553325205
5.72,0.466,0.001850575443237224,0.020404133884959423,0.4674368996596285,0.14581259322006931,-0.0536643429204004,0.02717470201508711
5.78,0.466,0.002312653968112632,0.018741708750912116,0.4673272643479719,0.1386928100188373,-0.05576227052349619,0.025767086589219602
5.846,0.466,0.002076662639740667,0.020168937745594865,0.46735029005193635,0.14484509133385373,-0.05443373515479713,0.02726928563445608
5.9,0.466,0.001675132008909473,0.020448468999626684,0.46770532304247,0.14703126940055133,-0.05236027065320683,0.027910333676327413
5.96,0.466,0.0012837913760695135,0.020389204148770625,0.46767610337279264,0.14659891756966995,-0.05070359170988617,0.027437580267311495
6.02,0.466,0.0019687394536577144,0.020327746823834713,0.4673665201489247,0.14564493916258506,-0.053566523767582065,0.026348615939534786
6.076,0.466,0.0027490528052466763,0.018834952322667717,0.467413514057252,0.13945480396409002,-0.0575186240707018,0.026164832743613753
6.13,0.466,0.0020467679474096725,0.02012177246633524,0.4674389530033659,0.1446306817023642,-0.05369812739051769,0.027767387923715983
6.196,0.466,0.0011107431964472792,0.020467227982877586,0.4677658029891852,0.14718757223547457,-0.0490985100699698,0.02688849201083668
6.25,0.466,0.0018691807291509883,0.02039605310822177,0.4677026362211726,0.1462316205041355,-0.05412459067170122,0.02530777003678834
6.306,0.466,0.002487551577310953,0.02015292925909612,0.46740999021428264,0.1443960023807417,-0.05756846482985586,0.027698415376726463
6.36,0.466,0.0013727365570466426,0.02065556552162336,0.4675610362064968,0.14761870476057987,-0.05002079813112455,0.02843087265804574
6.42,0.466,0.0011400046739521888,0.020156073175409597,0.46761693131226867,0.1452848905548766,-0.05022763401177337,0.025093503759674184
6.48,0.466,0.001959765062062893,0.02029046840397554,0.46764921360137607,0.1461951048981731,-0.05402338676249224,0.026472893165323922
6.54,0.466,0.00223014825224281,0.018954210452173884,0.46756685397710734,0.14057622563089223,-0.0543954146059432,0.02906583028587691
6.6,0.466,0.002068391608689522,0.02000275485309255,0.467246168132147,0.14378517239072097,-0.05441704281089936,0.025681445025089955
6.66,0.466,0.001898527765449449,0.020037810712290122,0.46763248328843987,0.14485404660377083,-0.053088687438472,0.025140811164635374
6.72,0.466,0.001193479635260364,0.020336769392399427,0.4678343255897013,0.14632460384267598,-0.05050495216911778,0.030664608605384714
6.78,0.466,0.0013619457854182303,0.02012792240063472,0.4676544538162652,0.14517097504988452,-0.05051427949373062,0.028687092285800075
6.84,0.466,0.0020355493147648077,0.020171909862175822,0.46735321280243153,0.14484065223792905,-0.05319774843372187,0.023592152716770447
6.9,0.466,0.0025379669244788455,0.0201011820980027,0.4671992760259531,0.14399818556395516,-0.056079110468971786,0.027289947606238586
6.96,0.466,0.0019721997331898764,0.019088884653084264,0.46740617785171257,0.14030845453015184,-0.05266932537504133,0.030129318703275336
7.02,0.466,0.0011226248592571119,0.020140697110880654,0.4675848212587889,0.14505921187152418,-0.049609658962190065,0.024320936093509597
7.076,0.466,0.002463868224164618,0.01992762737402354,0.4676333225106676,0.14451857520926636,-0.05572357986551871,0.023146355913390034
7.13,0.466,0.0022126303637454714,0.018869418938744494,0.467247671264319,0.13890151433029185,-0.05521241981491046,0.030629520614620716
7.19,0.466,0.0012791094157097284,0.019064992011254438,0.46761322459481236,0.14092239216347968,-0.05050209097832611,0.028840348624314872
7.25,0.466,0.0020246255216836593,0.020284811720938847,0.46752322877877395,0.14530801910465402,-0.054881174202699015,0.02247798819332833
7.31,0.466,0.0020317051729671362,0.020263963025828776,0.4676347268137914,0.14590299845389246,-0.05412725205710633,0.02825064800607364
7.37,0.466,0.0004806523727032424,0.019235439628005058,0.46727363979730413,0.14069124208623915,-0.04598064490999917,0.0341709316063394
7.43,0.466,0.0017824039337149841,0.020113648986673737,0.46743443929845396,0.14461943682857345,-0.05300676822830317,0.02294998258727303
7.49,0.466,0.002127448123878715,0.020192788258802146,0.4676007994964189,0.14554117054603008,-0.05432979540947927,0.025535230412974987
7.556,0.466,0.001503289184652174,0.020326612333335804,0.4676500746120312,0.14614184086818685,-0.05096819292464404,0.03271905873301826
7.61,0.466,6.807879711142272e-05,0.01922425084966695,0.4674339277268055,0.14101048356428747,-0.04410842928574825,0.02961136650655039
7.666,0.466,0.0022818773463914735,0.020178358168080786,0.4673737212764511,0.14484938343619608,-0.05560637714698267,0.021059584913659796
7.72,0.466,0.001989170280002976,0.020173321558989588,0.4676884110612707,0.1459254065949955,-0.05315632998907489,0.030478065046031094
7.78,0.466,-3.424546620934815e-05,0.019424209953029153,0.46772852451287444,0.14240162680133428,-0.04420737367076174,0.03514941226517339
7.84,0.466,-1.5911766554528204e-05,0.020417311618938606,0.46742352998539805,0.14526402723630202,-0.04457131470221895,0.026706325490528794
7.9,0.466,0.002314851570827954,0.020324603317276986,0.4675083016512954,0.14562496577174255,-0.05569304053080008,0.025373923173541185
7.96,0.466,0.001982132423770809,0.019101340993894097,0.4673359959943302,0.14050911939177635,-0.0530161293885532,0.03294058438797113
8.02,0.466,4.426349481310299e-05,0.02016501742461518,0.46748667070642425,0.14487137002550374,-0.04428587078768425,0.02929742608321459
8.08,0.466,0.001825063359855323,0.020312204535637444,0.4676374784356528,0.1460871709461603,-0.05370981415057241,0.022058123746557967
8.14,0.466,0.0018303772699681255,0.020180867402937726,0.46761029824129485,0.1455535756753876,-0.052031390941992495,0.03210115847754073
8.2,0.466,0.0005115353072163139,0.019378136260712282,0.46744304138941967,0.14180397656875732,-0.04664199204374488,0.03291956936521841
8.26,0.466,0.002294760780204487,0.02025317138167463,0.46730460531217205,0.14500903249365818,-0.05565543930440034,0.02037238553131961
8.32,0.466,0.0020477415792420424,0.020304985931118735,0.4675566632058184,0.14575625941041037,-0.053691260639904786,0.028732982576557067
8.376,0.466,9.572661427024323e-05,0.01941184072267465,0.46753979177231625,0.1420090917814373,-0.04464641157560377,0.03721459943583371
8.43,0.466,6.227902304113494e-05,0.02042709124338919,0.4673805458834588,0.14542118527765802,-0.04447095941246631,0.028835937224469987
8.49,0.466,0.0024093132302668045,0.01993942131043796,0.4673310024129524,0.14339583717648083,-0.05584080982763681,0.022202387762018112
8.55,0.466,0.0008106511722741671,0.01933367452240443,0.4671326052911835,0.1406112881389042,-0.04763123291831702,0.03553935448343499
8.61,0.466,0.00017372158772689384,0.019306181770527377,0.46745021337806747,0.14132676123526072,-0.04438574976872548,0.03220277919889866
8.67,0.466,0.0013240466635876828,0.020230518220113316,0.46777295746955355,0.14589978993823274,-0.051310901475549724,0.021727672458834484
8.73,0.466,0.0019470378138021563,0.02027226509308152,0.4675173757742401,0.14548189770672731,-0.053905332978164425,0.028853563835112752
8.79,0.466,0.0011811883176852946,0.018929520354126615,0.4670547691818239,0.1386206836599977,-0.05013133481464971,0.03550240328934202
8.846,0.466,0.0027807954301384903,0.02003182596362454,0.46774269405111696,0.14526331266031264,-0.05802363277159619,0.02351881263964175
8.9,0.466,0.0019215165287771463,0.020131867492257084,0.4675591231347986,0.14501924700612406,-0.05607651937704037,0.02434426394324483
8.96,0.466,0.0014641467528208202,0.020411552261020368,0.4676834830273257,0.14658878871251985,-0.05424856008446821,0.0334807881337366
9.02,0.466,0.0015242083252010976,0.020375928135894155,0.4673367186201485,0.1458023673915378,-0.05565961477216429,0.02840116052000867
9.08,0.466,0.0020362985206811793,0.020018625094182563,0.46747340572649976,0.1445201497656917,-0.05914186702521046,0.022171715689643448
9.136,0.466,0.001561222803535769,0.020404110051652515,0.4677285984057866,0.14679869065311263,-0.056212151728091554,0.028327291335001434
9.197,0.466,0.0017637947521680574,0.02033936910393978,0.4677559283281575,0.14662757762956835,-0.054659148322788904,0.03104677867443253
9.25,0.466,0.0023186701806481446,0.020188916913021535,0.467392720260915,0.14490435273385585,-0.05618200429347269,0.021870656638931688
9.31,0.466,0.0022149357125385177,0.01983031210107064,0.46716544381702513,0.14288933161589182,-0.05410297711950222,0.0240579841398377
9.376,0.466,0.0008249469388841493,0.01930313736628311,0.467330963669003,0.14087708777961638,-0.04606758733967532,0.0354406296166557
9.43,0.466,0.0007140578775829266,0.019452664073360534,0.46733383381549787,0.14149322094728728,-0.04373865731391282,0.029300811031783714
9.49,0.466,0.000651104773168303,0.02035504139304653,0.46747822126750466,0.1453655030398936,-0.042992752344387465,0.02646930940959543
9.55,0.466,0.0008209070808577087,0.020561295327553707,0.46730401947951505,0.14548964840000098,-0.04443418103048604,0.03321198931264507
9.61,0.466,0.0009830877290336298,0.01942312297337338,0.46700068654965105,0.1404828691279307,-0.04580122488156078,0.032847639292027275
9.67,0.466,0.0009605928675114755,0.02008686099082548,0.4672302604760214,0.1435882790290417,-0.046649965434531926,0.025385637654745916
9.736,0.466,-7.599645985659986e-05,0.019300248055303046,0.46749985511194175,0.1412711070790402,-0.044596324954868455,0.030721354752018433
9.79,0.466,0.0012868182899286405,0.01898509634918767,0.4677652349019712,0.14117503080336335,-0.05259659901217454,0.03223910495336619
9.85,0.466,0.0015892146893586626,0.020266253075528137,0.46729256990286633,0.14527309925182572,-0.0554065022480761,0.026035319977017586
9.91,0.466,0.0017923861662649532,0.02028302424526928,0.4673015924010171,0.14545913032855565,-0.05723189373562894,0.024567638731583658
9.97,0.466,-7.796112061978634e-05,0.020748015840585894,0.467326174240153,0.1472797108091144,-0.048230190989373596,0.03480826141977496
10.03,0.466,-0.0005243279198224932,0.0207765913391277,0.4675258581448616,0.14831175305769193,-0.04551416275517146,0.03349775203370566
10.09,0.466,0.0012010634911976757,0.020165648238105148,0.4675606840246297,0.14552914172640205,-0.053045938331708016,0.023975512842128722
10.15,0.466,0.0016063944320603924,0.020020251157223636,0.46748252999802264,0.14462277219273728,-0.053326587699597125,0.028116049717324804
10.21,0.466,0.0009768786051560499,0.019238019948305866,0.46694079806090516,0.13999339274119313,-0.048251028881941896,0.033046899200325525
10.27,0.466,0.0008620615949476848,0.020100709134380754,0.4674481808742153,0.14440218923365492,-0.046652058987446794,0.029066309084747576
10.336,0.466,0.0005997202658866242,0.020499578228816782,0.4675384408274622,0.14609932490562189,-0.04360280646385545,0.029175441474669647
10.39,0.466,0.0006771174924187295,0.019460425057832673,0.46780553632291305,0.14252285016315852,-0.04351107213496946,0.03312506407639794
10.456,0.466,0.001140770442114712,0.019349498008448048,0.4672131511852711,0.14031332687277015,-0.04656302745686214,0.030303667408045323
10.51,0.466,0.001501534053163899,0.020647582342166376,0.4671693457655229,0.14559798869492713,-0.04819255845054442,0.02727822994035129
10.57,0.466,0.0009289450816236805,0.019200721870504343,0.4671796599473185,0.13979844407655828,-0.04633075183952967,0.032054628489252425
10.63,0.466,-0.0002242067942684945,0.020417930477361512,0.46781183598299314,0.1466319530946292,-0.0440270340060112,0.033889314019158574
10.69,0.466,0.0015064459606026735,0.019964507051633534,0.46762455051857,0.14465906803733605,-0.05289496312343074,0.02502992594377973
10.75,0.466,0.0016037820208938468,0.02005270092764448,0.46745031703977746,0.1451497022951192,-0.05489223391423544,0.028134172588540157
10.81,0.466,0.0002170294961682169,0.020502029330011714,0.4671474112143522,0.14664489961372215,-0.04888242348071686,0.03357951216951384
10.87,0.466,-0.00017330161274422274,0.020551303562093066,0.4672792491645822,0.146724203826579,-0.04732378475555786,0.030541528185237716
10.93,0.466,0.0010203084069048405,0.020467222354430433,0.4674201544044705,0.1465938291329512,-0.05275130670532474,0.025994078019735453
10.99,0.466,0.0016525564857241134,0.020007030515816353,0.4675525121404262,0.1446441677287029,-0.054371397534205064,0.029523211244572245
11.056,0.466,0.0022397258860248574,0.01879845073555675,0.46724868241998563,0.1389340085808558,-0.05608599421945641,0.02739791765475759
11.11,0.466,0.0021016151944929853,0.019931053094343665,0.4674900713800097,0.14366587205269069,-0.05437654508959571,0.02530748586362638
11.176,0.466,0.0004575175463304596,0.02040412502072385,0.4672029508370004,0.1447115833962413,-0.04509448315915211,0.033014888789362144
11.23,0.466,0.0004768085513062382,0.01916987857544985,0.46775164330152247,0.14092827886120043,-0.04550218076735242,0.03217797202332685
11.29,0.466,0.0005500308068406189,0.020257718706371945,0.467488570945553,0.1449282305199239,-0.04582498900474386,0.030857504427095155
11.346,0.466,0.0013324248860288657,0.019010594441034485,0.4670362200102064,0.1386647992640491,-0.04808782632483934,0.029870981404290654
11.406,0.466,0.0006274572355003292,0.01928429380168367,0.46731561913073943,0.14089450307987694,-0.045305080639004375,0.033320172344354256
11.46,0.466,0.0005819732833087523,0.019099978815362153,0.46742766031344246,0.14043100505340425,-0.04602531518793723,0.030282975130937664
11.52,0.466,0.0018348221208048397,0.02030612483901559,0.46739796615668067,0.14498611223785993,-0.05403309110030759,0.025371889441481818
11.58,0.466,0.0017809992239055043,0.02003493223989689,0.4676158673440321,0.14502279850576216,-0.05382573386246532,0.02846526701096662
11.64,0.466,0.0019554768864587183,0.01881081221800387,0.4673699148037416,0.1398218711100583,-0.055636379081438134,0.029020712471829458
11.7,0.466,0.0012305095206508409,0.020183864202509085,0.4677261712509112,0.14623793183322636,-0.05317468261259771,0.02677040025569102
11.76,0.466,0.0014097688269699932,0.02027695282950914,0.4674647482103554,0.14549212117622956,-0.05380355742451865,0.02796463752664993
11.82,0.466,0.0013745387968545956,0.020416191320476403,0.4676566548645745,0.14687378303431511,-0.05319537925689813,0.029760083830117044
11.88,0.466,0.001690265967316265,0.01989705806610247,0.467485641942747,0.1438948512145423,-0.05443144270799849,0.02693029701135776
11.946,0.466,0.0024339509032195966,0.02004439938623612,0.4673350626118615,0.14378854231478622,-0.057387104272790916,0.024854461157840124
12.0,0.466,0.002141903021812969,0.020244834440600597,0.46738462200810765,0.14433987536401233,-0.05404013363891595,0.029584836778200233
12.056,0.466,0.00017099128992226196,0.020277265874314655,0.46753087240684726,0.14547759664463933,-0.04351946464043516,0.03330382853950896
12.11,0.466,0.0006787083893127138,0.020264682182284072,0.4672608940687577,0.14451262003128262,-0.04601726626037302,0.02910029647811752
12.17,0.466,0.001113288866731919,0.020211737313494897,0.46731408558793236,0.14423415246706528,-0.04779300388192212,0.03230385652338164
12.226,0.466,0.0007971348409385102,0.019136015014133596,0.467477125649957,0.14089765946926852,-0.04566702204549526,0.03400877311294573
12.28,0.466,0.0006157722607173827,0.020280694686600254,0.46749877706962867,0.14523999154655606,-0.04527018672012289,0.030544974767501423
12.34,0.466,0.00036361356669187516,0.02043093218254059,0.4673473776719921,0.1458086832319191,-0.045584017918434395,0.02830740911101707
12.396,0.466,0.002153605120147548,0.020303814323628343,0.4673110107409826,0.14552350162934513,-0.05419757888367007,0.028845640995245177
12.45,0.466,0.0013726917079996028,0.018791326853553655,0.46748771935511885,0.1398303498831311,-0.05110474281982696,0.031189319581878656
12.51,0.466,0.001574416397621735,0.019906021856687276,0.4673476237771878,0.1433620157452327,-0.054193018226009984,0.024413389487677923
12.57,0.466,0.001601571908910916,0.020039891230143003,0.4676986103983423,0.14514093885237994,-0.05450604064265284,0.02787894050391771
12.63,0.466,0.0018817341737057227,0.02008325650307589,0.4675037287049188,0.14488266571498348,-0.0552476938510683,0.033463362815481235
12.69,0.466,0.0014818648386029666,0.020066549765311567,0.4676011818902384,0.14494645775807882,-0.053633904770725334,0.02634355521123772
12.746,0.466,0.0015572261665205336,0.020111095431051922,0.46741294875963674,0.14489968202142023,-0.0541435885924794,0.02272921933289722
12.8,0.466,0.0019693149803120913,0.020157987615715633,0.46738678599900957,0.1444338514852877,-0.055365363793589875,0.03169485454930816
12.86,0.466,0.00011553122524631693,0.01928277396053539,0.4674142542647028,0.14125530195418787,-0.0450613506035718,0.0340354300151432
12.92,0.466,0.0017770186612640175,0.020189179050769262,0.46743598118827695,0.14513351096979127,-0.05250407133122746,0.02216274726462084
12.976,0.466,0.0023085561029087816,0.019878870702147507,0.46751875861345454,0.14403360822070446,-0.05406076671449553,0.024584138449370237
13.03,0.466,0.0006246887055208935,0.0193011942337006,0.4673809843831324,0.14100520472820469,-0.045442334341424584,0.036287914025668166
13.096,0.466,0.0004689486898482362,0.019156640713166168,0.46740852596366356,0.1405865621283535,-0.04424623356658839,0.030573707740956028
13.15,0.466,0.00232105312170939,0.019881489350963642,0.4672295579905863,0.14311678026979213,-0.05400067853635873,0.020517212092821473
13.21,0.466,0.002515290724564198,0.02023062726734803,0.46733989237613405,0.14486341528337932,-0.05461746006412302,0.03135280748649103
13.27,0.466,0.0009550896338825866,0.019135694463218025,0.4671058458894991,0.13957666085312465,-0.04723850326213249,0.03456081039048912
13.326,0.466,-0.00013975185397937885,0.020466840811744613,0.46745689941884444,0.1462429962815602,-0.04401149819391106,0.026669445308242005
13.38,0.466,0.002032282900876465,0.020246869527823248,0.4675660870365788,0.14546474600969408,-0.05507138352449364,0.02345822327649472
13.44,0.466,0.0024048082463863363,0.018666363274535698,0.4672747963920221,0.1381053727847323,-0.05685713908297489,0.03433224085151226
13.5,0.466,0.0015948894784023556,0.01881507777654398,0.4673790468960634,0.1392170441636963,-0.05448015803193612,0.02827524025508506
13.56,0.466,0.0018679748870612531,0.020011801544856204,0.4675242589005397,0.14471744345791115,-0.05586172781812475,0.019870267659299837
13.62,0.466,0.0015251436307668553,0.02030147126398808,0.46766989501271283,0.1460442184984463,-0.05464625410808689,0.03277773496310661
13.68,0.466,0.0013634064357572948,0.01903034029384289,0.467556481572306,0.14082239874584676,-0.05219198380848998,0.03259511563750514
13.74,0.466,0.0017512277812025748,0.020041760948040728,0.46752705506239267,0.1451598108165587,-0.053900649585946384,0.020562537367706024
13.8,0.466,0.0024283375566222947,0.02002782460739258,0.46726433048853505,0.14394177265500813,-0.057222531092586404,0.02570348013013578
13.86,0.466,0.0008484427828759519,0.019467221262248813,0.46735887000022514,0.14170780342664385,-0.04691539387022261,0.03837257404507274
13.92,0.466,0.0003907661347759526,0.019126022570785037,0.4672502175299509,0.13949568301084384,-0.04490490118255268,0.02853869092681882
13.98,0.466,0.001889649326832602,0.02017582141322145,0.4673796589139569,0.14466334433257808,-0.05188018826217706,0.02140667020900634
14.04,0.466,0.0009946025280056661,0.01929933832077049,0.467343940358151,0.14067914710332927,-0.04746129615203526,0.03688239069015857
14.1,0.466,0.0008148964692289956,0.0192249142254385,0.4672637123446446,0.14023757253765573,-0.046852819568557164,0.03453383911254784
14.16,0.466,0.0018543889134143795,0.020165996610350654,0.46734703848224307,0.14428449100723773,-0.05251675484544679,0.019874050168844637
14.22,0.466,0.001498328062402248,0.020427911425034907,0.4676681811423897,0.14663532140546018,-0.05129951649961662,0.028206200562278218
14.28,0.466,0.0017696805494689068,0.019120508585394342,0.46750164528510335,0.14079348580448084,-0.05271168345063855,0.03424448151948385
14.34,0.466,0.002124482639055573,0.01983607689143426,0.4674921516059311,0.14355421697396997,-0.05598888835542483,0.022929731120057213
14.4,0.466,0.001954230411927811,0.01981146342455143,0.46729337481865646,0.14338878237548336,-0.055518750083592534,0.022523928168605642
14.46,0.466,0.002293456458442712,0.0187745364015262,0.4675142475908897,0.1396204995655441,-0.056704520847254025,0.03464477097260953
14.52,0.466,0.0013812186856247133,0.018849346927522395,0.4678436572987401,0.14105476068042022,-0.052738312386864925,0.029240210824724246
14.586,0.466,0.0012639429255203824,0.020375795011886057,0.4676085106322352,0.1468028510129942,-0.052166868773161616,0.020387039690760014
14.641,0.466,0.00208455369049294,0.019988908902271164,0.46743610662537205,0.14447609349515114,-0.05443850316670199,0.02996948946074622
14.7,0.466,0.0007318321120190987,0.019012643155454,0.46710043785665933,0.13923497500110063,-0.047602606430950656,0.035526741922025075
14.766,0.466,0.000334205090286733,0.02049050308300764,0.4672914966420125,0.14606039151645753,-0.04508921975537212,0.02742012893555114
14.82,0.466,0.00159911474153346,0.02006392450665832,0.4675488929653715,0.14476182774660418,-0.050273592615040615,0.02584655317983752
14.876,0.466,0.0007842414310164968,0.019568248408055235,0.4672314995090666,0.14140840359557683,-0.046833967796721894,0.036250122765437785
14.936,0.466,0.0005200299653716796,0.020258515407882656,0.46712589732577453,0.14423223542089653,-0.04582067778205242,0.032763669237549864
14.99,0.466,0.002168623680353603,0.019933689741931316,0.467204570580102,0.1433105204578177,-0.05308240582420587,0.021248395546133485
15.056,0.466,0.00048225175728628696,0.020589507125948647,0.4672651045416341,0.14574684367249438,-0.045359732631107534,0.03405945066852126
15.116,0.466,0.00025283094950366423,0.019681764134455448,0.4672235358054507,0.14203303756854355,-0.04589313408446394,0.035127371148551974
15.17,0.466,0.0017631318777478486,0.02001139632830931,0.4678120178776867,0.14555031847109168,-0.054214094138786535,0.0218155500567926
15.23,0.466,0.0019723192077244,0.019954953174561457,0.4672978745657227,0.14407223100193045,-0.055265026941579566,0.026838530566390226
15.29,0.466,0.0019661002878914,0.018856974776942894,0.46758144250406336,0.14037291167541652,-0.05434691638654493,0.03259386400798303
15.35,0.466,0.0018191624383958789,0.02011215697225281,0.4674682724327188,0.14483186838552844,-0.054764376480854464,0.026617609195641646
15.41,0.466,0.0016170969710715974,0.02030998387652313,0.46756448615898794,0.14628234251118868,-0.05338592548318819,0.02369256969255742
15.47,0.466,0.001851979323997852,0.019058909589312844,0.46778944322317473,0.14141025120386472,-0.054319814401629696,0.03034970771497745
15.536,0.466,0.002199660810635269,0.018773342909038093,0.46750218157691387,0.13914473717105927,-0.05509055084128508,0.02783831810248249
15.59,0.466,0.0020201860192378862,0.02025621792020375,0.4673539417566856,0.14497855099794632,-0.05442744438759193,0.022727597951950736
15.646,0.466,0.0013299736315247033,0.020304644121139477,0.467641751863847,0.14588555113101706,-0.05030018840769643,0.02762263487227789
15.7,0.466,0.0006674410717548401,0.01938473879868952,0.4674654085076544,0.14131393948686685,-0.045814544179789356,0.034620815244741164
15.76,0.466,0.0005866290600828072,0.020231273255338068,0.46725920393319226,0.14442508419774844,-0.04651571960196072,0.030017465434431817
15.82,0.466,0.0005376156895133494,0.020330801784551187,0.46723218708911823,0.14488296885097102,-0.04693048471217796,0.029040624081950024
15.88,0.466,0.0005160799081536905,0.01931270495399579,0.4672423615248327,0.14085414515970443,-0.04558333315506162,0.034004263910057626
15.94,0.466,7.112012698737562e-05,0.020453400874979717,0.46736904491224585,0.14587769305033546,-0.04420744237732082,0.03212392377785425
16.006,0.466,0.001906811032973002,0.02020538673599213,0.4673995804071336,0.1454737053602018,-0.05339522259754361,0.024350227726133118
16.066,0.466,0.002046144427402558,0.018501683101647657,0.4672414666585906,0.13752973922473238,-0.05480181066265902,0.02874938688668193
16.12,0.466,0.0018588416219336764,0.02004988477370688,0.46741975020536125,0.14452373906849098,-0.054268863325479186,0.029213890523580536
16.18,0.466,0.001733277050873449,0.02006119741691766,0.46761842872681275,0.14503594840643416,-0.05422127506518507,0.02521039622305162
16.24,0.466,0.0017887244176733146,0.01868776242665218,0.46751411015105593,0.1390998820817384,-0.05399925035199012,0.026899579671110414
16.3,0.466,0.0015478825120973138,0.01888794828349708,0.467484959589966,0.13971077280574554,-0.052809200286556654,0.029710119729124667
16.36,0.466,0.0020553978199491143,0.020350012156320544,0.46733554485768075,0.14521152139397356,-0.05554361888478507,0.025133615329923042
16.42,0.466,0.002624518557830478,0.01992483073250119,0.46720306787136673,0.1434677825708047,-0.05698278658650377,0.02427434725699919
16.48,0.466,0.0016669387146846253,0.018845560137151586,0.4676337852280812,0.14019202626906355,-0.051829712617206786,0.029906333411984724
16.54,0.466,0.0015046682768050104,0.01872972849137721,0.4675437562393147,0.13896897029074579,-0.050558446481903024,0.02645676578565553
16.6,0.466,0.00199638256406426,0.019960826901924945,0.46736834517695847,0.14356106660850865,-0.05268336186648884,0.024896177482625386
16.66,0.466,0.0017805897222955903,0.02001193441621161,0.46751406520931726,0.1446749461370568,-0.05157988079214505,0.029451633378776442
16.72,0.466,0.000936516118105625,0.019216654056299874,0.46724698735780656,0.14025565705243737,-0.047325125670660155,0.032071629726923685
16.78,0.466,0.0007581996960339171,0.020128710255936665,0.4672738938688101,0.14411339282869642,-0.047259656867697446,0.027858220160393667
16.84,0.466,0.0014731413125466345,0.020463418515585724,0.46783711807306616,0.14766882707540344,-0.051560232611616304,0.027887041078445907
16.9,0.466,0.0001287511152814255,0.019600157561695787,0.46604431482523223,0.13788192322215984,-0.045786695848244005,0.03349252582527562
16.96,0.466,0.002338038519020636,0.020331250403031423,0.46595743110618615,0.1404141791377546,-0.05587390412948093,0.023827621225216176
17.02,0.466,0.0021883029285772104,0.020208312233922818,0.466003764694655,0.14019679015423803,-0.0565926498382493,0.02588416581848151
17.08,0.466,0.00208327978726654,0.01885278525307516,0.4661603497715063,0.1347072110191871,-0.05521386211601919,0.030835090716563863
17.14,0.466,0.001689540460771236,0.020730011866620622,0.4653669893550187,0.1400437035857191,-0.05298314292022,0.025763170632882575
17.196,0.466,0.0020201167534805537,0.020505928085698417,0.4656238249715236,0.14024808889518273,-0.05598867097911697,0.021099808894354106
17.25,0.466,0.0025869871639041917,0.020025196183835133,0.4662106845988414,0.13956599800598235,-0.05873894750333421,0.02993326633565647
17.31,0.466,0.0006914103641549106,0.019555305896700872,0.46561995365149994,0.1365402527028196,-0.04613922717218108,0.03330765445974901
17.37,0.466,-0.0008346227723643046,0.020938949290096348,0.46612489298734483,0.1422280878461803,-0.04498665791622142,0.028437082050274905
17.436,0.466,0.0014535328884313459,0.020585370120018546,0.4664025843028046,0.1417082213568432,-0.05574567620859771,0.026456896586766025
17.496,0.466,7.803658287928349e-05,0.01987879816089416,0.4662258988358511,0.13819481001653475,-0.04843960871407943,0.0384233877594248
17.55,0.466,6.731461557132807e-05,0.01952570268038285,0.46623042683375504,0.13718690326364072,-0.04728183952267691,0.030089227615793034
17.606,0.466,0.001572622641456492,0.020483591309144133,0.4661725382368627,0.14083367514678863,-0.055741040780022864,0.02203779362338049
17.66,0.466,0.0014116463593399939,0.020726825390727725,0.4665036687245562,0.14230867657418167,-0.05490428316068924,0.03184933920490432
17.726,0.466,-0.0001472445168066747,0.019698468064809127,0.46613572374788426,0.13683964823964978,-0.047099600805845215,0.03631386115760277
17.78,0.466,0.001320730365783894,0.020431624873731645,0.4662229008439766,0.14073086616023694,-0.05545104215439577,0.021616221091236607
17.84,0.466,0.0027716923926599133,0.020572014314385084,0.46569788427119285,0.1411712331225411,-0.057467525763999494,0.024432890813421326
17.9,0.466,0.0022528513800586687,0.019136262678483857,0.4658652632277255,0.13519200218552763,-0.05353470635494739,0.03380250691770708
17.96,0.466,0.002020426970121822,0.020321905467700598,0.4655703636715368,0.13927268086300987,-0.05329534618942502,0.023600864750630567
18.016,0.466,0.002151498976262356,0.02021340413843516,0.4658449505945862,0.14009567611891816,-0.05592587736398004,0.01879388749517614
18.076,0.466,0.002675406342827644,0.018863053689643354,0.46591733589848144,0.13453127063429818,-0.05726925611727577,0.030197406697155055
18.13,0.466,0.0006094016707924702,0.019304656746049226,0.4657113777909584,0.13593731933804978,-0.04709286272727525,0.03379011684661052
18.19,0.466,0.00212199107103466,0.020531951051359337,0.46534920693435144,0.14044999226975288,-0.05122427508019174,0.01764414090440058
18.25,0.466,0.0012156156175079928,0.02079701970902982,0.4666030864020235,0.14327601087001632,-0.054746727825600514,0.02727240825590295
18.316,0.466,0.0003690749000542251,0.019731513729626098,0.46618706853957653,0.13739407267843837,-0.0498731939695393,0.03951991581250997
18.37,0.466,-0.00052939452958959,0.02096945652722961,0.4661139931533156,0.14199157474049706,-0.04631209189828357,0.028800197799225713
18.43,0.466,0.0013017515220237101,0.020865345740360294,0.46636159287277956,0.14091634353029203,-0.05667620395990438,0.021880759599413012
18.49,0.466,-0.0005051631878376129,0.020329153806688573,0.466007304650835,0.1356033138169533,-0.04963889143250207,0.03825996533810054
18.55,0.466,-0.0012749787392875675,0.021686605722560304,0.4662411530094277,0.14106273169130118,-0.047089627141167094,0.034534185107005795
18.61,0.466,0.000302201993547183,0.021431024770813146,0.46624987412243385,0.1388625349256383,-0.05779962781370904,0.01983395361565418
18.676,0.466,0.0006212952830953731,0.021529443145591486,0.4659290304354303,0.1366166784341729,-0.06230218426341479,0.029965944676389134
18.73,0.466,-0.0017404529427179109,0.02059921496193657,0.466023671972448,0.13112280811298427,-0.05297826323039993,0.0409154640191936
18.79,0.466,-0.0009318386484412474,0.021216298696107583,0.4663275079617733,0.1327121131424382,-0.061838492779175,0.024536638187022862
18.85,0.466,-0.0014265573593788194,0.02191910212571302,0.46620767583659395,0.13381104148762085,-0.06421816951829665,0.02487055759173513
18.91,0.466,-0.002060165389480625,0.021892317018395644,0.4660989800203966,0.1311166659359321,-0.06476561535731695,0.036195006843057514
18.97,0.466,-0.0027512710384053245,0.021948780436197555,0.46589165522511616,0.12731159263898542,-0.06623041781994048,0.03200151470809177
19.03,0.466,-0.0026093301055227286,0.02221305304433626,0.4662075878720714,0.12714059569434083,-0.07083566830843631,0.022892045578406427
19.09,0.466,-0.003237396193092788,0.022376459218932554,0.46594891236295966,0.12382508224862,-0.07146802261368879,0.0312801948874405
19.15,0.466,-0.005266738539461969,0.022158138867387,0.4659744816776645,0.11783334841886946,-0.06558946601560824,0.03549775570270922
19.21,0.466,-0.006552393239453552,0.02291212081932863,0.46575297708706287,0.11687768849337171,-0.06526986267488427,0.02547282328949664
19.27,0.466,-0.008809413403825326,0.02507857257210391,0.46552021792642917,0.12302545351930633,-0.05954089808747668,0.030988141543135797
19.33,0.466,-0.010713357687139604,0.025467549702060197,0.46544615828476343,0.11867130186599989,-0.05513942088785486,0.034935676972550775
19.39,0.466,-0.013285634732577848,0.02586374996415953,0.46506047482183677,0.11429965038883813,-0.04927901613981642,0.03386922654896774
19.45,0.466,-0.013327098999191425,0.026471725327123198,0.46537461958551846,0.11591899770663733,-0.054984405027997785,0.030258321197805773
19.51,0.466,-0.017539045439263098,0.02749976117579115,0.46474852604206934,0.11486279545899963,-0.03996379426839565,0.03735264340394772
19.57,0.466,-0.019225495878744243,0.025759298076596184,0.464483895405619,0.10225535475998657,-0.03772815393138971,0.031625853934276776
19.63,0.466,-0.02066278311336495,0.025320858903813272,0.4644979575106557,0.09377950675899413,-0.03930777148998217,0.03401151299884666
19.681,0.466,-0.021584438120907205,0.02710298422506934,0.46422738164271055,0.09315237894101394,-0.04489203853140637,0.03130416617541885
19.74,0.466,-0.02282074149806043,0.0273395368743242,0.4641315051387071,0.08037849162461162,-0.05216996201588009,0.030974367645192905
19.8,0.466,-0.024952388933456512,0.027964202986812865,0.4640159632723393,0.06783752913265169,-0.05794903025946767,0.02749103270102194
19.86,0.466,-0.027099141845956888,0.028575308319906532,0.4636330565836077,0.05291297198966993,-0.06754291706587491,0.02741926153318656
19.92,0.466,-0.029652410609848547,0.029848958229695383,0.4631190525889877,0.03858586113399386,-0.07529855014668745,0.028751777818763678
19.98,0.466,-0.03256389687334855,0.03049898875441648,0.46270115965401276,0.02108737332343184,-0.08150587139799396,0.021791917575530288
20.04,0.466,-0.0363845895262197,0.03176821087752339,0.46234009923832686,0.008077192456127735,-0.08301328412172855,0.018915336009548468
20.106,0.466,-0.037660940639172004,0.03325334489243244,0.4620976003838076,-0.004153803702878389,-0.09595043986555536,0.018573023190666827
20.16,0.466,-0.03998864240876465,0.03429772017177168,0.46163082659981836,-0.015538588774743746,-0.10123400275057075,0.019044794721424348
20.22,0.466,-0.04213349067790565,0.03552073535439976,0.4611906926672786,-0.02258431973211649,-0.10098751239709317,0.02360190944129908
20.28,0.466,-0.046401708838147475,0.03540248397394449,0.46041314378574383,-0.030888441977545013,-0.09163916215739987,0.004715038237131562
20.4,0.466,-0.04817713283721943,0.036012399175670055,0.46001973635417276,-0.04819265605780523,-0.1007489746760938,0.001490124624069487
20.466,0.466,-0.04900314430610235,0.036433371377025264,0.45987846090496876,-0.05804139796829843,-0.10738392890858112,0.0014750070989002014
20.64,0.466,-0.05611710752380747,0.03990000091779991,0.4581956051201234,-0.08268162462103501,-0.10828564274240363,-0.018276471517274233
20.696,0.466,-0.057739216785224555,0.0407902890259203,0.45771440424542553,-0.09151663005991025,-0.10905576850726846,-0.012859728805682192
20.81,0.466,-0.06490144012084616,0.03972542098621892,0.4566740565376275,-0.11632461028687334,-0.09612575748820926,-0.04105262429884615
20.93,0.466,-0.06538186701546592,0.04307182947181103,0.4557043152271001,-0.11635970016061395,-0.10148557796087578,-0.028928357133014785
20.99,0.466,-0.06897598550339179,0.04403817056806929,0.45462810862323055,-0.10792494389509993,-0.08213164526659615,-0.035874773743721465
21.05,0.466,-0.07226779374182397,0.04390470378363784,0.4540908133532969,-0.09863694937305566,-0.06114241102416178,-0.045331589143241216
21.11,0.466,-0.0762781446635582,0.04505310356258467,0.45281538122926807,-0.08242206355639765,-0.029414667225746934,-0.03916087985566298
21.171,0.466,-0.08080690484259909,0.045791595014774956,0.4515908518586413,-0.06207448917470794,0.012558367205325516,-0.03037861223415263
21.23,0.466,-0.08292353668306916,0.04485926646529171,0.4508359733073878,-0.04179285915753166,0.04163068577307359,-0.05338386243909302
21.286,0.466,-0.08393449509705231,0.0447091776198249,0.45070144293065106,-0.02744556931082941,0.06922502954378672,-0.04225894667906147
21.34,0.466,-0.08565698717053373,0.044029939722468416,0.45007829785313974,-0.014608335111158131,0.10698897077101968,-0.024405335466353557
21.406,0.466,-0.08525988938296113,0.04327439093604816,0.4500309964061559,0.002865229815251588,0.1300730700864538,-0.03577145151307841
21.466,0.466,-0.08667425918191572,0.04300790473610928,0.44957290864405935,0.022119924203044813,0.1626656656941543,-0.044059594854612916
21.52,0.466,-0.09228084874214336,0.0442363354424756,0.4482194543647677,0.0420400044530509,0.2170181769053489,-0.027483621752347757
21.58,0.466,-0.09577293769371532,0.044624863152493977,0.44690323567469825,0.05499015169243786,0.25086327299188393,-0.04194237873094852
21.64,0.466,-0.09803317615642926,0.046494846883272295,0.44605659116177965,0.06870606276593486,0.2722389022205274,-0.03154205748018519
21.7,0.466,-0.10144090390123826,0.04694099267627852,0.44539145086433823,0.07240592516033305,0.2930854830349247,-0.023070273687108404
21.76,0.466,-0.1067451750907334,0.049075498611562705,0.44331943907004795,0.08601760123236121,0.32454055487114025,-0.02420885867489294
21.826,0.466,-0.11368742027184767,0.05202687101120095,0.4406450585087119,0.10493766414923099,0.3674802053445295,-0.0006602323868988048
21.88,0.466,-0.11922064191788542,0.052866580386373,0.43857238048240177,0.12364843114233931,0.3992882131822009,-0.024412028319770754
21.936,0.466,-0.12606401100699452,0.05394915477754034,0.4363588194979753,0.1410014092125134,0.4443569714113953,-0.009220178625221098
21.99,0.466,-0.13382069268541544,0.053747606631870254,0.43414706617114524,0.16213620474719168,0.5062383375879395,0.013896158847868555
22.046,0.466,-0.13692090242429428,0.054885989745222054,0.4324366950316223,0.195019764610838,0.5484457772331748,0.011675207940080501
22.1,0.466,-0.13908424821416082,0.05428876679973658,0.4318386524631473,0.23046847060235737,0.5953878206697755,0.01089402349395197
22.156,0.466,-0.13766367270410168,0.0527034777442174,0.43290706101791016,0.2548074580347487,0.6162202057106548,-0.001326359141034644
22.216,0.466,-0.13932601112391454,0.05272625593100687,0.4330442000499036,0.2870015095288517,0.6620180966067465,0.013377826060938978
22.27,0.466,-0.14080041665583767,0.05169791103686979,0.432382928473681,0.30731912310297876,0.7064587098845013,0.008329380255551529
22.331,0.466,-0.14610083961713063,0.05098464172560167,0.4312956504571145,0.3171236229266737,0.760450130768745,0.006060209164416094
22.39,0.466,-0.14392991372319644,0.05299697311224302,0.4319891977574282,0.3289915533596433,0.7690778256111954,0.03604332060391966
22.45,0.466,-0.14765427328673086,0.055204322865700685,0.4309228287578046,0.3381440397058193,0.7992249240164231,0.03995059271606298
22.506,0.466,-0.15245998627079077,0.056465865250888765,0.429255234875142,0.3440303272328749,0.8392976576213186,0.0705212269656911
22.56,0.466,-0.15992974107934768,0.05910557200891133,0.4255015724462209,0.3625592856538794,0.8965564138010552,0.07720301398774986
22.62,0.466,-0.16575347585950054,0.06122890788249326,0.4230846128540311,0.388222081883736,0.9496087395426309,0.08793651135223306
22.68,0.466,-0.16489920564632635,0.060861157031211296,0.42404840384172876,0.41220655742489604,0.9722869146638268,0.10820819397669791
22.74,0.466,-0.1631091835552457,0.05870253939862978,0.42650922882569703,0.4410000834547847,0.9934149426421113,0.09343239851060255
22.806,0.466,-0.15988293848792995,0.056471696631041096,0.42881286571102306,0.47227252044200135,1.0083462903583957,0.09638611119556041
22.86,0.466,-0.15885919858405875,0.05503442295682599,0.4303502390484692,0.5059109034895378,1.0364245256574671,0.0914666179117592
22.92,0.466,-0.15846619547245414,0.05331314440328988,0.43109424924329653,0.5307337910591124,1.0656459085108827,0.10121130441493538
22.98,0.466,-0.16175260974894035,0.05245661760887808,0.43128142574640865,0.5477667285654129,1.1026706793757477,0.12264085214831526
23.04,0.466,-0.16314992204471737,0.05259830300478787,0.4309756878277589,0.5664551853203481,1.1314124040340579,0.1637651025894937
23.1,0.466,-0.1652517643156939,0.05311368395388457,0.4302345302897699,0.5821142583634563,1.1656516851395733,0.14070223073095783
23.16,0.466,-0.16724460151171686,0.05580388400297549,0.43020795032220627,0.6036503529923545,1.1909724941279685,0.16956286307282314
23.22,0.466,-0.16746709653162997,0.05644091268285151,0.43060315005398425,0.6114258411974905,1.2081103481534128,0.16982606984489015
23.276,0.466,-0.1696319781964087,0.05832071637293112,0.42947177519882057,0.6257246563201034,1.2360600583514914,0.19758632320938285
23.33,0.466,-0.1716699427388124,0.05877869389262636,0.42889586745591274,0.6363100725277108,1.270137206312527,0.19030132606092232
23.39,0.466,-0.17386842828764112,0.059454019689470165,0.42879096344621626,0.650028607355281,1.3011061029048683,0.22011895019856323
23.45,0.466,-0.17394786129330694,0.05971943230762717,0.42931297506464927,0.6649412191803284,1.3235379242976064,0.22137001445596935
23.51,0.466,-0.17390529821151032,0.06004999088210508,0.43022842517465265,0.6878694206296916,1.3484797581203598,0.23382350140439168
23.57,0.466,-0.17411343445325675,0.06080838934817072,0.43170928653472235,0.7142586625214195,1.3752227522762697,0.21399509058837762
23.63,0.466,-0.17558792770933584,0.06144973514700119,0.4318269534151412,0.7433018838610761,1.4074106349245488,0.24186695970972816
23.69,0.466,-0.17570121484215545,0.060703538355555885,0.43312876893060365,0.7632790056506131,1.4370611747523565,0.20852376918089202
23.75,0.466,-0.17775531409008613,0.06074820468566,0.43314570830880217,0.7863997511045148,1.4676424695055803,0.24294272325091656
23.81,0.466,-0.17804816536751422,0.06112775415039633,0.4337602330571387,0.8008372304467576,1.4890163502865896,0.22209000011420005
23.87,0.466,-0.17747732795765295,0.06183866038917566,0.4350341830641344,0.8146272889966034,1.49775505153972,0.22112991301820145
23.921,0.466,-0.17817268457289567,0.06307836831773264,0.4354376801999512,0.822557106863004,1.503894284711749,0.22455926189859168
23.98,0.466,-0.17863182420650045,0.06395985513171917,0.4348310412517524,0.8209215392770662,1.5098424302556395,0.21310952140701334
24.04,0.466,-0.1811976135166013,0.0652098148362533,0.4337822387223355,0.819071929418472,1.5154433887893595,0.23657791712284332
24.1,0.466,-0.18462996435844897,0.06570101893820669,0.43232688585291085,0.8132877915100857,1.5285164022913962,0.2565709785805258
24.16,0.466,-0.18726366580450649,0.06630931658591918,0.4312186786100951,0.8097084430190207,1.5387875197008407,0.26477849859970437
24.22,0.466,-0.19139632768710735,0.06709438649198612,0.42993451306124986,0.8155714347584527,1.5557443220592746,0.29963356991828455
24.28,0.466,-0.19469124642793562,0.07108073962755332,0.4289280460997511,0.8395065803851175,1.585645922729386,0.2630069375427801
24.336,0.466,-0.194279025549509,0.07304611358081281,0.4299495326981214,0.8595564477542921,1.5917964608230195,0.2567997689863325
24.39,0.466,-0.19236024898033782,0.07027340431675382,0.431465755288218,0.8666907182324299,1.5917901369707732,0.27536066588157354
24.446,0.466,-0.18881293546836742,0.06442877625140075,0.4323137650254224,0.8542028590157121,1.5902124614691964,0.2578208518488149
24.5,0.466,-0.18901163474222857,0.06538831076164185,0.43309916043777613,0.8722819548622169,1.5987903287225398,0.2643433628532539
24.74,0.466,-0.19370028493391697,0.0661068393775568,0.4314077301120546,0.8589071263721114,1.5987818241651066,0.2710445943642947
24.8,0.466,-0.19930142304636136,0.07199721413698722,0.42835991137352025,0.8668967840915438,1.6116965404652202,0.2707238244883101
24.856,0.466,-0.20323687952050873,0.07503055497810551,0.42724651461541646,0.8672870563404027,1.6223647145354125,0.2724969090701337
24.91,0.466,-0.2047567735447783,0.07279298966345002,0.42633935880285795,0.8504799974816294,1.6239289039965412,0.2873052939889345
24.97,0.466,-0.2068544485274177,0.07541057430905483,0.4258607581043102,0.8562029568522027,1.634355478023949,0.2719958030027872
25.03,0.466,-0.20621352054279285,0.07562088197583083,0.4265878071624085,0.8580047419812803,1.6305626335833834,0.2777135344503027
25.21,0.466,-0.20361771277208485,0.0761846376752424,0.42895035281155786,0.8786183586157907,1.6302328226376674,0.2509589220801308
25.27,0.466,-0.20379158950835535,0.07634631561452511,0.42916704871468625,0.881162508296654,1.629063259169445,0.24223276246929235
25.33,0.466,-0.20455597807454576,0.07673649370823955,0.4289550315310884,0.8827754347079515,1.6276727504944362,0.24544158963167895
25.39,0.466,-0.20605748133491217,0.07649174034299548,0.4283154235267045,0.8792617421487341,1.6264400460495578,0.2541461040979586
25.446,0.466,-0.20678610237778422,0.07675818576168067,0.42789706296278973,0.8766969131135337,1.6246445727184156,0.252011387156387
25.5,0.466,-0.20639154684264394,0.07677619648615551,0.42735866990919524,0.8704124982492321,1.6158255388972416,0.245414461190009
25.56,0.466,-0.20583936045333875,0.07706207159762148,0.427328301050753,0.8648788694323123,1.6059655359013987,0.23995739361964652
25.626,0.466,-0.2053806603843564,0.0773983225852282,0.4274674247623762,0.859778556700773,1.5950954894376297,0.24287477815860958
25.68,0.466,-0.2043618675288769,0.07813125967539636,0.42727073445328817,0.8546449827338142,1.5854883032412737,0.23025480416605856
25.74,0.466,-0.2036822987448063,0.07819277094215862,0.4274264892079602,0.8477459583119324,1.5758512637399371,0.22297150536570573
25.806,0.466,-0.2033925345656507,0.07831756809511373,0.42740725107823585,0.8403979917911155,1.5664421386703204,0.22459531143732345
25.86,0.466,-0.20226911478845763,0.07618554345105338,0.42734573226095307,0.8234532989981986,1.5540186146198045,0.2323302410827781
25.92,0.466,-0.20188421313534918,0.07615127200653006,0.42706107208182975,0.8156946796945946,1.5456889018751583,0.21741754491676465
25.98,0.466,-0.20162773391871705,0.07718577608399677,0.4271132126870308,0.8146836098901312,1.5338290215034893,0.21672383430590714
26.04,0.466,-0.20074864947387294,0.07781054364994391,0.42681149795770384,0.8084868450643259,1.5191192910993965,0.19333830144524275
26.1,0.466,-0.20072970388091588,0.07763003033456399,0.4266783653275676,0.7964457440619167,1.4988810842623588,0.2001154467368078
26.16,0.466,-0.19925066355436827,0.07767626829823113,0.42695894747500657,0.780822705061448,1.4675781531330796,0.17410742295209256
26.22,0.466,-0.19792202655534796,0.07683825314924835,0.4284820322991315,0.7616434216489469,1.4329552760055349,0.16873112195315296
26.28,0.466,-0.1976961392705978,0.07541401185028004,0.4271359825558265,0.7329627452339208,1.3977287502270013,0.1740822590693945
26.34,0.466,-0.1986406823460489,0.0753772689031446,0.42590026507022477,0.7131314491195933,1.3694494085311386,0.18085178801547905
26.4,0.466,-0.19688468192675657,0.07488784660995508,0.42568002344197453,0.6927154419196113,1.3292770211942497,0.15603044913543784
26.466,0.466,-0.19382441523976002,0.0734065338322048,0.4267056992184813,0.67059305476082,1.2805849488634258,0.1715349649056998
26.52,0.466,-0.19173257407761277,0.07288530986054063,0.42703077766658765,0.6581915271632367,1.2446880795960922,0.1548036455954826
26.58,0.466,-0.19025462794706488,0.07197949762609233,0.4268234755329676,0.6514937608225511,1.225708175998585,0.14494179691340225
26.64,0.466,-0.18550296856559476,0.0691139979123847,0.4296654398330788,0.6394530291093894,1.1929388902376101,0.14106975757139747
26.7,0.466,-0.17697454661522327,0.06572711109364268,0.43386248114157533,0.6262444067368018,1.1456521621618732,0.13634948964084562
26.76,0.466,-0.1687680541515435,0.06394319440640864,0.43683197423237696,0.6198921706372573,1.1042407347307612,0.11927385251553724
26.82,0.466,-0.16351104603211333,0.062284869137796406,0.43900325177912686,0.6131652820274179,1.0833222728573049,0.09971402253700457
26.88,0.466,-0.1556313338106451,0.06054494103970675,0.44112994333812144,0.59749428452701,1.0447409648518833,0.09900904006061552
26.94,0.466,-0.14873981619595528,0.05760136021004896,0.44368362525114213,0.5689617061879322,1.0049722402970027,0.10476778485000701
27.0,0.466,-0.1448049277672431,0.05687452978339287,0.4445891047942918,0.5480518686668429,0.9757173039255258,0.10899225728036992
27.06,0.466,-0.14262976212432535,0.0575897433167089,0.44469029312596225,0.5327849594204331,0.9519056742299867,0.08990062639214541
27.12,0.466,-0.13936910217562284,0.05742418523777831,0.4449241058534326,0.5129298414536402,0.9185688699657896,0.08601110779755333
27.18,0.466,-0.12956420625229553,0.05499067108497608,0.44720895282518885,0.4842872688230093,0.8495828237456117,0.08008073170969125
27.246,0.466,-0.1247460073246724,0.05349331398476712,0.4482675155909068,0.46146542387071987,0.7987341109034963,0.07952423291978793
27.3,0.466,-0.12437341017606172,0.05329757317178987,0.44824398258024256,0.4498002908736762,0.7679169810263468,0.08514979964272723
27.36,0.466,-0.12146354075143,0.051953400575318116,0.4478433296077453,0.4347335948057207,0.7285213449753107,0.058859585238981674
27.42,0.466,-0.11438865379723157,0.04921721847375214,0.4505340831885509,0.4187560568162408,0.6637893212068121,0.05861865017616022
27.48,0.466,-0.10868723828592272,0.04515927773009052,0.45214289332512864,0.3934341254428268,0.6102306880205823,0.06020255013916782
27.54,0.466,-0.10505722499655581,0.04486110882633881,0.45244044080838935,0.38759329950177906,0.5715609506051257,0.05110494345887597
27.6,0.466,-0.10418088685926229,0.04406796075904483,0.452144133610153,0.37470063111210267,0.5494305966826815,0.04797995576330008
27.66,0.466,-0.10228128528140891,0.04399731924408632,0.4528877161468731,0.361483500340118,0.5204652919253012,0.04517548430049737
27.716,0.466,-0.09868727104715565,0.04285463736682564,0.4535351345545867,0.341891946324908,0.4895581927488784,0.042814791032172894
27.77,0.466,-0.0957654583074459,0.04155923454401733,0.4534314537144942,0.3123492832277186,0.4601505943721459,0.03238429541577715
27.83,0.466,-0.09088540042347198,0.04152248874983665,0.4542468202363446,0.2843611917476762,0.4192166339953125,0.032200819303512845
27.89,0.466,-0.08833116768708114,0.042433617021358394,0.45458516838299934,0.2577016132709249,0.38470492265250217,0.03192939540356438
27.95,0.466,-0.08341468622902275,0.04140132643718004,0.4552468358465191,0.22021561497015493,0.33586220701113645,0.007217330372248876
28.01,0.466,-0.07984373226081067,0.04117398250198751,0.45582114032768206,0.1862853995147981,0.2900965109238008,0.01025095344454001
28.07,0.466,-0.08137965538653631,0.042396216571101215,0.45505444525091443,0.16171307823800413,0.2708336650846497,0.020398535275622777
28.13,0.466,-0.08439853331692282,0.042634041353605,0.4544116378887294,0.13783525487788714,0.25294461324806977,-0.0046618962516405005
28.19,0.466,-0.08368633746449611,0.04251751370084323,0.4540988928229261,0.11475801224722655,0.21685521166089117,-0.007472197903538487
28.25,0.466,-0.08187482692403439,0.04275318417970307,0.4544803871575214,0.09869398465045023,0.17878661003575042,0.00454838320368055
28.31,0.466,-0.08081181548791011,0.04098473853651102,0.45470236528708136,0.07933681835951509,0.14489735508942486,-0.014234846056721609
28.376,0.466,-0.08111612165612779,0.040106699271975355,0.45430527668329934,0.06548388174789614,0.12256619934790053,-0.025256866050507257
28.43,0.466,-0.0812311166493715,0.03992830868145672,0.4546669114647498,0.05675404839775728,0.10098037341835814,-0.02136249630322325
28.49,0.466,-0.08067487419268007,0.03838637984941976,0.4548544015848225,0.03935468092423042,0.08041616151732521,-0.028405752241909207
28.55,0.466,-0.08274963877095733,0.037457688875485604,0.45409780026075536,0.0194812294261042,0.07643193993500448,-0.03068020754911353
28.61,0.466,-0.0833520016702596,0.03831842063734125,0.45365010424039914,0.0035553462733412208,0.0641434435369471,-0.03590576320675441
28.666,0.466,-0.08344996767581112,0.03914924823875965,0.4536308688050264,-0.008749175401642917,0.04885456632336625,-0.056395375123311435
28.72,0.466,-0.08277131385088858,0.04066127445938933,0.4533999433373336,-0.03334963927318457,0.02734781501016087,-0.05794209808076378
28.78,0.466,-0.08484070176874406,0.04148675340894644,0.4524477514735418,-0.0657255241758936,0.01912498971769184,-0.0630676774061041
28.84,0.466,-0.08669211939398093,0.04315699299607351,0.45183921595093735,-0.0902418968677009,0.005082820904547998,-0.0888813093613377
28.9,0.466,-0.08773338886424721,0.04578887444549247,0.4513798815923758,-0.11023434243709357,-0.014822118061014104,-0.10032501832089968
28.96,0.466,-0.08686813510491326,0.04719470813980385,0.4516240946482887,-0.13920534050053393,-0.04145394129457437,-0.09963513924989735
29.02,0.466,-0.08907632495838383,0.048203353715606995,0.45069413977359446,-0.1639814508307201,-0.05629775186961424,-0.1096951300874587
29.076,0.466,-0.08918639092114632,0.04876304384282572,0.45076653446892173,-0.17578142191830776,-0.07503051867976314,-0.12351004542192105
29.13,0.466,-0.08859735154909272,0.049388736961271024,0.4510367277854771,-0.18449854340021543,-0.0970501345907984,-0.13092808626399605
29.19,0.466,-0.08787767930495058,0.04934612249629175,0.45080848055043626,-0.19640999422582395,-0.10903612084083039,-0.1129387595506562
29.25,0.466,-0.08965196158407869,0.0483741184972762,0.4506017326419861,-0.19791783718804093,-0.10875166105242842,-0.11541641638165008
29.31,0.466,-0.09104417638132625,0.047215361885848926,0.45059288018296006,-0.18920803773331688,-0.10915754249429872,-0.13745344901627438
29.37,0.466,-0.09004701524784102,0.0458918833301344,0.4506401881990445,-0.18733311569073557,-0.11366504243234168,-0.13466682804566324
29.436,0.466,-0.08872090135340928,0.044362987055619425,0.4514886892403317,-0.18729216390855957,-0.1143949007370898,-0.12265235643219659
29.49,0.466,-0.08734720810866946,0.04284906718938779,0.45182957529767437,-0.18976313252320043,-0.1218996449631682,-0.12723685762903048
29.556,0.466,-0.08771568965273414,0.04291785535710131,0.45145901882245454,-0.19126844468803306,-0.12429242739878406,-0.1345755114239267
29.616,0.466,-0.08885543882929574,0.04331011926014097,0.4511872591905707,-0.19765004635780636,-0.1241757923156974,-0.14154279449518253
29.67,0.466,-0.0895067981691075,0.04404858929481027,0.4510173859813407,-0.20838416653337222,-0.13008520002579743,-0.14941069609965157
29.726,0.466,-0.08893585499669293,0.04522085617625768,0.45109358330470883,-0.2193930727924363,-0.13847761983130316,-0.146307655587533
29.78,0.466,-0.08941416133942058,0.046933418818810406,0.4509704184588258,-0.23238592665712626,-0.14647977138491974,-0.1456910339072565
29.84,0.466,-0.09066268404659332,0.04842921546774187,0.4501604182482798,-0.24424993574539985,-0.14776092698657295,-0.15112425683432526
29.906,0.466,-0.08987297009027727,0.04876456881919392,0.4505588383918004,-0.2535530999514679,-0.15519010288994167,-0.15309530693560747
29.96,0.466,-0.088722350794389,0.04915236181981666,0.4503157303223538,-0.25631294449138925,-0.15452644905250998,-0.1472709162884104
30.016,0.466,-0.08844891626519401,0.048781817758467266,0.4505982831785415,-0.2504679544959946,-0.14853761066915225,-0.14863060864524927
30.07,0.466,-0.08911046881956786,0.04766367933681309,0.4507491346194458,-0.23855733987308797,-0.13953807453495887,-0.16888207597675078
30.13,0.466,-0.08914883040120919,0.04664730790231124,0.4506931705561604,-0.2294489212738585,-0.1310062723041565,-0.1747282806107392
30.19,0.466,-0.0871836056042118,0.04525001668095804,0.45147793163424993,-0.22764544986621374,-0.12892267491144044,-0.15403753994908886
30.25,0.466,-0.08672339491291911,0.044532023665968194,0.4512887737663409,-0.2235211509711083,-0.1297528429105044,-0.1513336695529473
30.31,0.466,-0.08751887154086925,0.04417442067451477,0.45097609093124197,-0.21889302217541476,-0.1332580344918306,-0.1634272119181296
30.37,0.466,-0.08801334324294605,0.044302425210566675,0.451545762643995,-0.2198635930979504,-0.1320207320004253,-0.15657785473989444
30.426,0.466,-0.08761982119586965,0.044892094037831155,0.4516405089448226,-0.22230754286103405,-0.13982426501867087,-0.14825382030095066
30.48,0.466,-0.08759797437062451,0.04457380293554723,0.45103042703774304,-0.23293735097945384,-0.15387988175405878,-0.1484771431634171
30.54,0.466,-0.08866065474789118,0.04567821795258147,0.4508804416692221,-0.23679201674737094,-0.15398933893804495,-0.14209166248369096
30.6,0.466,-0.08854782775482177,0.045645012224999226,0.45101330893628766,-0.2415873706169035,-0.15705231362754776,-0.14273591451762244
30.66,0.466,-0.08869651888570694,0.046353595414325446,0.45093972585288106,-0.24002890230933904,-0.15389239319906128,-0.13915381717469638
30.72,0.466,-0.08814538977453036,0.04614591766395216,0.45125220876094113,-0.23632094076817292,-0.1517533195714943,-0.14710521767934992
30.78,0.466,-0.08853901032319812,0.0451979105390398,0.45273521614888923,-0.22681205127267123,-0.1397420201892349,-0.15851075583833302
30.84,0.466,-0.08765764968682271,0.04537486834877459,0.45116210482842656,-0.23002542478206622,-0.13896012494736273,-0.1597140726883629
30.9,0.466,-0.08781130691120391,0.04447801290784347,0.45331555884550173,-0.22665636258125765,-0.13437177715565038,-0.16370933436047985
30.96,0.466,-0.0871638831692137,0.04508939634415061,0.45298168350936396,-0.2289535078732421,-0.13716590405837537,-0.15994267048805189
31.02,0.466,-0.0866323692189337,0.045354124525469615,0.45295689630366615,-0.23273169416446937,-0.1384298095504502,-0.15598077210734387
31.08,0.466,-0.08629118806184957,0.04518694447763421,0.4532021479227172,-0.2366929885498038,-0.14245723914549974,-0.15615507217356073
31.136,0.466,-0.08656339746515108,0.04554755958428452,0.45327201624094793,-0.23663764445813354,-0.1423594757224258,-0.15090833229723427
31.196,0.466,-0.08629831808151728,0.04607245587932551,0.45103733531523066,-0.24176245077265854,-0.14621862847701395,-0.14824621549810613
31.25,0.466,-0.08575504484466069,0.04442591563384424,0.4538526910135358,-0.23286966499544218,-0.1442963882207072,-0.14878535490904252
31.31,0.466,-0.0853597419406762,0.044060812802986314,0.4537614664036534,-0.2260605109653237,-0.1413047887104108,-0.1485279829666937
31.366,0.466,-0.08488335951674711,0.04384941746818519,0.45197184720423006,-0.22729300839346522,-0.14203225312821538,-0.15085097963664446
31.42,0.466,-0.08482378195433381,0.04335718255540257,0.4518216811407086,-0.22438726488714908,-0.141232640014208,-0.15182157690991382
31.476,0.466,-0.08402177930020051,0.04230868855664599,0.45434201217881187,-0.21794278751374077,-0.13666996173272683,-0.1432831377989068
31.536,0.466,-0.08381506844742012,0.04207415661313534,0.4545483100637392,-0.21709111915537121,-0.1373864722602426,-0.1448827300960864
31.59,0.466,-0.0836152053992763,0.041985320505551704,0.45459336466629857,-0.21842465226612492,-0.1380321040227355,-0.1496676142896942
31.646,0.466,-0.08402688163961236,0.04298032454824981,0.4524944292453636,-0.22656421679765523,-0.1394569055177198,-0.14736180631206813
31.7,0.466,-0.08249773607071292,0.04329939259113632,0.45239243400265927,-0.23178116825792128,-0.14370313927638473,-0.13898110407978514
31.756,0.466,-0.08203023511783494,0.04321905396345369,0.45265422965393554,-0.23311920378767353,-0.1429049867515163,-0.13974201398267785
31.81,0.466,-0.08276837514690187,0.0434663717077002,0.45253404789508683,-0.23012409610117932,-0.1395601076609974,-0.1508500575130677
31.866,0.466,-0.0823717962037645,0.043407131056591344,0.452381363980634,-0.23043984343895316,-0.13735673606332333,-0.14999473765709567
31.92,0.466,-0.08185861740316405,0.04325137293772742,0.4527797270724785,-0.22836073925022501,-0.1334214263303714,-0.1424013992073094
31.986,0.466,-0.08165978889831549,0.04273739470787033,0.4529173039368422,-0.2251185884375155,-0.13209717523540915,-0.15071374537432058
32.046,0.466,-0.081694436258555,0.04265644996850209,0.45282551575851987,-0.22192396497546962,-0.13072327358330416,-0.15405021573898373
32.1,0.466,-0.08177764101180077,0.04267297458077596,0.4526607606019532,-0.22364467914051733,-0.13041925647236302,-0.1452333847521334
32.161,0.466,-0.08059310195342737,0.04219761928077104,0.4532314509826083,-0.22516507032783692,-0.13735049561124987,-0.1400977344434517
32.216,0.466,-0.07972779261025174,0.04112142608507147,0.4551494538217032,-0.221080322941575,-0.13764324641116985,-0.13598464134554006
32.27,0.466,-0.07943824489947451,0.040810422966916796,0.45541846785937057,-0.21829494892950957,-0.13639481451317712,-0.1283607094638767
32.33,0.466,-0.07920474787150049,0.040287233688822956,0.45582544455982715,-0.21229864032535933,-0.1340258816324198,-0.13059550802752953
32.39,0.466,-0.07910994116122261,0.03950694240016965,0.4558449377611632,-0.20763274950766383,-0.13023087168309538,-0.13213515219346605
32.45,0.466,-0.07824364792159019,0.039360220566524995,0.4556763353844914,-0.2030530378550707,-0.1237896800578682,-0.12158426130152321
32.51,0.466,-0.07709358545335257,0.038869331570718424,0.4559844422268312,-0.1985469888987068,-0.12145810714241952,-0.11867406227320933
32.57,0.466,-0.07629891517889176,0.03789354296255407,0.45596163771695986,-0.19780946663972948,-0.12015070545142799,-0.12637121068823193
32.63,0.466,-0.07700470904384965,0.03795146647417382,0.4561025998750967,-0.19357285747685382,-0.11193144948676509,-0.1315109737913083
32.69,0.466,-0.07448367793993657,0.03769005296585136,0.45678658052003507,-0.1954398904569556,-0.12492661939674155,-0.13489963474909814
32.75,0.466,-0.07304932704664034,0.03766298695759732,0.45712640523789055,-0.20161261378520526,-0.1358450814034889,-0.12972688876365962
32.81,0.466,-0.07508023047642683,0.039024027604771694,0.4564137984023456,-0.20525096093034076,-0.12577596704286048,-0.1060369559258763
32.87,0.466,-0.07557312241777252,0.04009234023812917,0.4561692546573683,-0.20158319993128318,-0.1254385309759355,-0.1045554480624363
32.931,0.466,-0.07551415084602045,0.03971078517187901,0.4545123639444308,-0.20319034754401855,-0.13453259697863834,-0.1315961441178962
32.99,0.466,-0.07499938365087071,0.03921571202514731,0.4567884991400908,-0.19522416764218065,-0.12511858065490739,-0.10540118890275542
33.05,0.466,-0.07300022959393776,0.03814859752788389,0.45721396507954754,-0.191591956113677,-0.13204463383248274,-0.10801152551098958
33.116,0.466,-0.06994289966192352,0.036345841954087243,0.4580700431688582,-0.1902331349067425,-0.15186475085822265,-0.13353731074625974
33.176,0.466,-0.07099071132694061,0.036595782294824186,0.45740279348469925,-0.19314967000983677,-0.1442925641191093,-0.10842322960370512
33.23,0.466,-0.06701578518400943,0.035243169694026,0.4586816066342463,-0.19538976235252034,-0.17399909779337547,-0.11984321262917813
33.286,0.466,-0.06085192479936483,0.03824104644985839,0.4598243931613796,-0.18281766378386846,-0.20909435712278918,-0.11696586112292112
33.46,0.466,-0.058081945322882716,0.034728706349695805,0.46068910932036217,-0.20797579202193983,-0.27268250636384644,-0.10463896113023939
33.52,0.466,-0.05701809852446063,0.03480356373317738,0.4609841894093461,-0.21320991701391806,-0.2985050448005697,-0.08571624542971852
33.58,0.466,-0.053250508131373574,0.03309837959697241,0.4619166654986605,-0.2160271723666112,-0.34333681539193983,-0.09700398392073034
33.64,0.466,-0.04816003256004337,0.03152412310026136,0.46284069618589047,-0.2208032924172693,-0.3925722315010061,-0.0899984303368173
33.7,0.466,-0.045209925979712344,0.0313196478248727,0.46362216996615213,-0.22347097282074138,-0.429735244152325,-0.05953339821835816
33.76,0.466,-0.042167677374045656,0.03084936018603255,0.46448279882737364,-0.21977133670838317,-0.4727904725193677,-0.05850150425826938
33.82,0.466,-0.036484454090950746,0.029294841077660425,0.46584054295691474,-0.2191089097078792,-0.5269037112325072,-0.0601900177400739
33.871,0.466,-0.031389471018203594,0.028484482338414212,0.4662452782451749,-0.22283061546310487,-0.5694974634550437,-0.04793937544657255
33.93,0.466,-0.023580163143057855,0.027268079792229786,0.4677526077245458,-0.2277834528482913,-0.6322919724740421,-0.03201279619832242
33.996,0.466,-0.019349300160829246,0.027345910783623143,0.46881563439416074,-0.22662139685105406,-0.6796638148059156,-0.016400495219435908
34.05,0.466,-0.016868341843336656,0.02706977778569768,0.46976098963693924,-0.22994936732258678,-0.7148752744378216,-0.0017113769133198368
34.11,0.466,-0.014916883452297912,0.027446302374693827,0.46993653335349955,-0.22366712539344316,-0.747478927365524,-0.013615605534974057
34.176,0.466,-0.008387029036590285,0.02694760154318615,0.47020474751010766,-0.22614397079576276,-0.7979222611896595,-0.013904186914070187
34.23,0.466,0.0016825099365012721,0.023054306593690996,0.47199216405005073,-0.2456434001243428,-0.8680768305126033,-0.010421015008279971
34.29,0.466,0.006251814276368545,0.02378459807436365,0.47249766150180783,-0.24897356089533157,-0.9113445486275558,0.011044365558707366
34.35,0.466,0.013379109470833232,0.022966692509435258,0.4737421277091545,-0.2519585478998652,-0.9660452339245073,0.0069560928414889815
34.416,0.466,0.016291488045003785,0.021216421106516305,0.47371432305298444,-0.25960443505586633,-1.0067225460454454,-0.006356803099784133
34.47,0.466,0.025626171583023907,0.019871692806699207,0.47470979714033745,-0.26512753516748017,-1.073479288487276,-0.003556969390167094
34.53,0.466,0.030732220853133495,0.019345378039558353,0.4747445370044296,-0.2706037725045893,-1.1278740340330775,0.009606277232934638
34.59,0.466,0.0383478436435215,0.0199453509248161,0.47573509355145666,-0.27098115929595445,-1.1888451163832094,0.035612361903038486
34.65,0.466,0.04441264306460208,0.018093376891223346,0.4766723795018116,-0.271892691487586,-1.2533962651415411,0.024896038657588875
34.71,0.466,0.04749594112700314,0.017659573635214993,0.4765018442202132,-0.27701572503908445,-1.3019426794369222,0.04327665282120045
34.77,0.466,0.04965360504822223,0.01800253409240111,0.4767714625613221,-0.26820856046851255,-1.3511418084296738,0.03477237515254296
34.83,0.466,0.05158751072136411,0.017881832785021316,0.47734951331100056,-0.2654628604262653,-1.3888864472408433,0.05071803676999113
34.89,0.466,0.05575462643632047,0.01676749470095715,0.4784825269625911,-0.2599071912501202,-1.4333498939835854,0.05581482120430922
34.956,0.466,0.05717255963216828,0.016859006613872407,0.4788002765683396,-0.2535752564267332,-1.457673960274192,0.07162433367809508
35.01,0.466,0.06160864274568245,0.014810507841209925,0.47944277165327465,-0.25102376169458507,-1.4906053546962181,0.07197271961185091
35.07,0.466,0.06544200914167668,0.014610483383031407,0.4788824688139169,-0.2440941400356173,-1.5173503104969448,0.07630153186387317
35.13,0.466,0.0688858629229025,0.015171604196780854,0.47871386593897747,-0.2374004608500659,-1.5336841591968742,0.0877916887265925
35.19,0.466,0.07678413328943684,0.012188267444168528,0.4795877612743336,-0.24539575326560464,-1.5759557987689399,0.08486756585105841
35.25,0.466,0.07828951770164608,0.013436660630928562,0.4788935658915662,-0.24984707780512402,-1.5897196309225392,0.10480087103600316
35.31,0.466,0.07620953549609637,0.015975160263393816,0.47828317182333685,-0.23973596342276915,-1.5920771221579049,0.09022005816621136
35.37,0.466,0.07834160030532124,0.016906066609502376,0.47769815443639885,-0.2431415347609395,-1.604578941489626,0.08509197442948074
35.43,0.466,0.08334429497234692,0.015182792998679194,0.47824369817676216,-0.25210493473595286,-1.6344829687919828,0.06936573728253546
35.49,0.466,0.08767488617559477,0.01629008600499423,0.4785698481730264,-0.2541765393546121,-1.6557014992858399,0.07337411276335161
35.55,0.466,0.08930395494745684,0.0160905250797911,0.4774871721513162,-0.2642398959165974,-1.6795328598478472,0.07673741257793597
35.61,0.466,0.09773876119359623,0.014211650962570007,0.4770525054723328,-0.27243095657083705,-1.7250516807728593,0.06957366154091461
35.67,0.466,0.1142828053911101,0.009351268877983895,0.4772644765136492,-0.29094867741189034,-1.8085089874120217,0.06208207987724522
35.73,0.466,0.11928673811388396,0.006217813216141245,0.4769506816589893,-0.30073118987543007,-1.8447502031108312,0.05274699214376922
35.79,0.466,0.12924364553581522,-4.649048337589347e-05,0.47729303001058443,-0.3087151525181864,-1.9033455859666382,0.009996903429543449
35.85,0.466,0.13283515984152605,-0.003639028902573875,0.4769970112573976,-0.30410085989303726,-1.9251067137111089,-0.009628142971314896
35.91,0.466,0.1387161754539717,-0.007331615627368209,0.47626543260220894,-0.294876025672242,-1.9510470202148797,-0.020131612563476377
35.97,0.466,0.18059586822169935,-0.014000949889123456,0.47388810395577036,-0.3084066506734995,-2.0905877234809536,0.036782265965416394
36.03,0.466,0.19109638953631342,-0.010840188432185373,0.4696319799504696,-0.25782410845191417,-2.1214755420547955,0.055028789829321405
36.09,0.466,0.19743547076453233,-0.012027494118299559,0.4652621074141031,-0.22187950534969408,-2.123515481150635,0.0601449929239636
36.146,0.466,0.2016317334051039,-0.018680112369301626,0.4642803190686201,-0.19782202384295142,-2.090925155483659,0.009834859261539285
36.2,0.466,0.21086156993592306,-0.026028415681130165,0.4600467667197117,-0.17128731503326364,-2.0676854039398167,-0.044505722483848056
36.26,0.466,0.21719710834387648,-0.022550680985843025,0.45293117717855585,-0.1263752578362053,-2.042731509284246,0.011378195733860065
36.67,0.466,0.2241467141154145,-0.035067061139816245,0.4488422171940265,-0.1665901584736463,-2.018053226337372,-0.08841877000635509
36.726,0.466,0.22058126286465396,-0.03315418107474695,0.45061411003195134,-0.17589949198453939,-2.0139234892352813,-0.08854717071107888
36.78,0.466,0.21956904831122662,-0.030492742017460005,0.45117001679495994,-0.18263048426120548,-2.0089641094514605,-0.07574682600110204
36.84,0.466,0.21994185036484465,-0.035577578370210076,0.4507578718343951,-0.21513178300320665,-1.9956829177095312,-0.08970647980192424
36.9,0.466,0.2234978137458502,-0.03714897147788885,0.4488132474605668,-0.21870352793502454,-1.9725460494010476,-0.12042026134678782
36.956,0.466,0.22662366097541695,-0.039598244597556224,0.4455125871005896,-0.22638755067566704,-1.9531235703135976,-0.1250202388852158
37.016,0.466,0.2268717395432746,-0.03374150905595023,0.4422165839591832,-0.18798704600259203,-1.9060617109227926,-0.11274577851181566
37.07,0.466,0.22876825042070809,-0.03191773790335711,0.43895481295049793,-0.16018117581847327,-1.8646440306424934,-0.09702342145542489
37.13,0.466,0.22576663225007562,-0.02451784502467134,0.4374572160977205,-0.1027847858614781,-1.8041965989495288,-0.046469928034669615
37.19,0.466,0.22777539286854923,-0.023377934652213814,0.43530395539327904,-0.06935094934554424,-1.7743303996027289,-0.03945875613352371
37.251,0.466,0.22576280976276347,-0.016970304133082835,0.43477888470324766,-0.01799252406860735,-1.731142876852302,0.009996287636887162
37.31,0.466,0.22319153222596094,-0.017561054944183908,0.4353583203267974,-0.003622568214752318,-1.6979786608711294,0.0052613526148881425
37.37,0.466,0.21976611047820058,-0.019378939961379543,0.43731755636037134,-0.002056568637837919,-1.6640633501814746,-0.010076764158482495
37.43,0.466,0.2144380640705597,-0.01858273729284481,0.439803941395763,0.0006133767266353886,-1.6286711117610837,-0.00282130857363736
37.496,0.466,0.21038609789621845,-0.01649416174812676,0.44102918015694376,0.00043879408255981174,-1.60768171023364,0.007371458182301743
37.55,0.466,0.20359045262848371,-0.01460347466962352,0.4431119135325034,-0.008759923600389692,-1.5749984835706816,0.019250723477280532
37.606,0.466,0.1967223827581491,-0.014202918807294867,0.4464852225679684,-0.023562856223849512,-1.5344964836429833,0.010976956571301173
37.66,0.466,0.18652115675174394,-0.01279275597310815,0.4502550014650694,-0.039282840189738835,-1.474342099657225,-0.005957446963509273
37.72,0.466,0.17970834124806417,-0.011694179655047116,0.4513485151310407,-0.055800882732847036,-1.4243617640666835,-0.0073138810604610255
37.78,0.466,0.17770158521786686,-0.010498170694285155,0.4509423653481471,-0.06566637116709523,-1.3933848577981849,-0.004700437422424117
37.84,0.466,0.17361384113205822,-0.007434103485137034,0.4511075088002742,-0.06073191092682729,-1.3398096644145934,0.013785527513963497
37.9,0.466,0.1662470982883005,-0.006098265150830752,0.45313303868635874,-0.05150336541889952,-1.26648160941942,0.004200859829646823
37.956,0.466,0.16185791244835024,-0.005136990595408887,0.4531523376801757,-0.041285776059244036,-1.2129271145019769,0.004428505613489669
38.01,0.466,0.15999662054891503,-0.005979541520483231,0.45238780915854737,-0.030826386208736897,-1.1686253035576235,0.0062624085097854896
38.07,0.466,0.15819874066220296,-0.005459002767920858,0.45174863980323027,-0.010567746842962437,-1.1301005181755883,0.014666424315699566
38.13,0.466,0.15025736707187196,-0.004474441940462343,0.4535653228683529,0.015037978549393491,-1.0669328371274776,0.020834298897964974
38.19,0.466,0.13605027676283013,-0.000636861289611742,0.4567977656863775,0.050168864236469636,-0.9795942014897394,0.029700432504087017
38.25,0.466,0.1254412266527947,-0.0004105036060598342,0.45874070534725025,0.06229676838970927,-0.9165652124547053,0.022027553692640693
38.31,0.466,0.11476554604922147,0.0005780912421233164,0.46053325557329,0.06986609132896011,-0.8616122159003728,0.0256011077889273
38.37,0.466,0.10215265565608077,0.00426363915257302,0.46200672013232646,0.08177384470365663,-0.7950841607377621,0.03134645160520646
38.43,0.466,0.0896395972448473,0.0075288429728591,0.46422285720022427,0.08594456566253171,-0.7258131990042139,0.034484517997798565
38.486,0.466,0.08103640602134952,0.009305513905931016,0.46521001059359496,0.08065953813519833,-0.6763486615140539,0.027609671411315782
38.546,0.466,0.07732554320993033,0.011079821892672865,0.4646211430265151,0.06846802196614482,-0.6436350490357686,0.022554994735756447
38.6,0.466,0.07245339352823796,0.013257967046054522,0.4646698727746955,0.060516356285814046,-0.6042077091034963,0.02467016272274727
38.66,0.466,0.06971862408366497,0.015654196849549527,0.4648142549373685,0.059542743861929884,-0.5685574847994326,0.02984941112633608
38.72,0.466,0.06640511512892237,0.016879451144841146,0.4651787266841224,0.05921568033592947,-0.5334662533845981,0.024652689625538855
38.78,0.466,0.0650953788839398,0.016541622592089213,0.4648038069867469,0.05818763768701099,-0.511121628211319,0.021752684575871924
38.84,0.466,0.061567441725599095,0.016878901275201665,0.4645119610074518,0.06735899970526721,-0.48633803379683094,0.027163530539635432
38.9,0.466,0.056134953282576394,0.017364648099302188,0.4647381100420395,0.08346818114815106,-0.4507261906228597,0.029419166993063895
38.96,0.466,0.05155004582130327,0.016780121583879516,0.46540575725700617,0.09722150236758913,-0.42471256812733205,0.026240654890478166
39.016,0.466,0.04854546401848409,0.016812084289588462,0.46575907306876346,0.11062751603204495,-0.4096466329916197,0.02585622938753855
39.07,0.466,0.04373824302071334,0.01638442143586246,0.4660000217811723,0.12152955890313086,-0.38619785020435415,0.03395847570315465
39.136,0.466,0.03865361551677159,0.016780656253016026,0.466447365900163,0.13140939516137837,-0.3589884608039336,0.038950913236620206
39.19,0.466,0.036160666544394676,0.01717528003915444,0.46647456809083265,0.13327559049224547,-0.3440063721899999,0.028773382509809098
39.25,0.466,0.03319562528752558,0.018169831910860006,0.46655738327205987,0.13140981087117493,-0.3251751771841271,0.02949624307292605
39.31,0.466,0.02911114088824362,0.019913679101576036,0.4665718597652366,0.1278879247065307,-0.2935132256749366,0.04244636413727544
39.366,0.466,0.02616140423604008,0.021308773370044616,0.4664895751841509,0.12276776018530611,-0.2660500752250214,0.03864254636048553
39.42,0.466,0.02471012423730997,0.021930260875178475,0.46633231223652244,0.11070568625398902,-0.24222936295525085,0.024722373471196435
39.48,0.466,0.022920191965399576,0.023790960018693526,0.4661259026197848,0.10767419770986056,-0.21233153617658762,0.03239931189990043
39.54,0.466,0.02250582240246047,0.024570134906828106,0.46589432315718243,0.10316302033402203,-0.1892172327753622,0.04382367214329522
39.6,0.466,0.019488015212768037,0.02557678308421959,0.4655765303762997,0.10582434339010871,-0.15697942144937,0.0308175330026426
39.66,0.466,0.018809784190982656,0.025384998055712,0.4657697260924753,0.11086612305773741,-0.13958887968517947,0.021228971810607237
39.72,0.466,0.01854305015286708,0.025252485112579277,0.4656770357481585,0.11899969425448645,-0.1310150669364604,0.03246707669435026
39.78,0.466,0.016640194576512297,0.02492789548278459,0.4659352379290226,0.13044687157052354,-0.11870231333810127,0.04040244939856289
39.84,0.466,0.015090401373015833,0.0234677524372082,0.46618019735127314,0.1376449763917624,-0.11221468245939997,0.024393512297589924
39.9,0.466,0.015109567016810543,0.022461647971272147,0.46599736312075773,0.14360814700047142,-0.11929339745197827,0.0194478800418793
39.96,0.466,0.01532919288466434,0.021884470793473308,0.4662170106278245,0.14787868110797373,-0.13090969405937972,0.039598914868866186
40.021,0.466,0.013060298395572597,0.02200757426004497,0.46633826673731915,0.1494780200485872,-0.131449772634914,0.040482694966336295
40.08,0.466,0.011581949861576719,0.022161222122473057,0.4661444959560888,0.14526930343100578,-0.13662434337264642,0.0234029508114062
40.14,0.466,0.010845674039054592,0.02301838911783075,0.4665416806200382,0.14153188536945285,-0.1429196784990341,0.02941144019298452
40.2,0.466,0.011126196637804937,0.023968548910208998,0.46637953812465405,0.13436685993952255,-0.1490935268315114,0.04711904136449922
40.26,0.466,0.01079881749560254,0.02447891719123054,0.4661949021467157,0.1255998213572477,-0.14743830315289008,0.03602807229576854
40.32,0.466,0.010666205194865169,0.025309007444629064,0.46631746606298397,0.12134078854929245,-0.14276344078768113,0.022883411274191173
40.38,0.466,0.010926155790683132,0.02608932983031281,0.46620946209887837,0.11886773444289166,-0.13628714022144311,0.03843359724456184
40.431,0.466,0.012213317268409265,0.026062215608200982,0.4660479772796323,0.11789517126953017,-0.13277586397412172,0.04498131375754326
40.49,0.466,0.012677132639894907,0.025406522708853196,0.4659449005180577,0.11944985865712611,-0.12320655179917583,0.02904522958335985
40.546,0.466,0.011911926926337454,0.025570950987460025,0.46593494287832465,0.12579477943492967,-0.11075193799803348,0.02298732538726122
40.6,0.466,0.014663950512138977,0.02438331895084529,0.46546668005034947,0.12983893310681188,-0.10846162761257153,0.03219498925048089
40.66,0.466,0.014957811966588214,0.02397519261130341,0.4656157165540296,0.138258073568663,-0.1057337572424025,0.03631449786059886
40.72,0.466,0.014819883470099732,0.02311202179754802,0.4654277789688091,0.14260697599125288,-0.10455934198587495,0.02080079458363267
40.771,0.466,0.014337664388866689,0.02267348465185108,0.4656346830606464,0.14548363353824184,-0.10386742683364322,0.02074447675115534
40.836,0.466,0.01372783275638446,0.02258081262645051,0.46571242988695943,0.14631319947210036,-0.10888895666643959,0.034035019391543374
40.896,0.466,0.012582271696885954,0.022566830489825707,0.46605000011231007,0.14425768567315447,-0.11833607813446091,0.035804478858207534
40.95,0.466,0.011857810986784307,0.02322022062837282,0.4660006361024686,0.14058999801783933,-0.12483077006868581,0.02564727937539191
41.01,0.466,0.011086090218458357,0.02347313677294691,0.466090023407205,0.13328746518416876,-0.13138503403319132,0.030272981626276625
41.076,0.466,0.010973904602814378,0.024206351321098662,0.467545103544488,0.13296561389095535,-0.1372684028108122,0.03916322569046923
41.13,0.466,0.0101427875696521,0.024513678815156554,0.4677298799067964,0.1276351191370954,-0.13806572101277106,0.034603713922936145
41.186,0.466,0.009481230138474937,0.025287094096833614,0.46840279662609424,0.13032273884545875,-0.1343963279972122,0.02926078592076719
41.24,0.466,0.010809517237420746,0.024540632739839113,0.46741176429714415,0.12361665346696857,-0.13571632632510494,0.03264712406213683
41.3,0.466,0.010521000830424012,0.02492684302323698,0.4682283043913748,0.1311701320148863,-0.1271986534542321,0.038471976779025606
41.36,0.466,0.01097915944971709,0.024374832602395792,0.4675903433212466,0.13258523434969038,-0.11814239122078132,0.031397046836106696
41.42,0.466,0.012271786369616301,0.024555003034417888,0.46811673342627097,0.14299395596926603,-0.11214309046836256,0.024753287082017104
41.48,0.466,0.013402257829481101,0.023069072004962148,0.4672668572057865,0.14140245312185268,-0.10794580272634217,0.03136780539954572
41.54,0.466,0.014061150318581631,0.023006557992062585,0.4667664839642181,0.14535979396345147,-0.10519340517536535,0.03080051388137528
41.6,0.466,0.013501651822068163,0.022553114055093814,0.467599547023889,0.14900285377626193,-0.0979077310256901,0.025849425535689412
41.66,0.466,0.012845402758753736,0.023089596045164903,0.4672479592049152,0.1495029710628374,-0.0972374062464336,0.026061589970366457
41.716,0.466,0.013169397653507687,0.022844244229769172,0.46744392287621017,0.14600759588393916,-0.10477882962515647,0.03178066991913321
41.77,0.466,0.012837601617901472,0.023988343873829813,0.46689161789101435,0.14356217744210056,-0.11258884671277894,0.032665468157312416
41.83,0.466,0.011333881568983626,0.023810626464230943,0.4672811355323858,0.13668573620305446,-0.11535206181531804,0.029605967077574957
41.89,0.466,0.010638705839598162,0.024276872639855708,0.4675450625822844,0.13254863909741446,-0.12218772427393018,0.030393766473521985
41.95,0.466,0.010295831564325208,0.024800376153916705,0.46745636215970826,0.12983307755169832,-0.12887948473003258,0.03483612612207829
42.01,0.466,0.00970002853255578,0.024594710486779206,0.4672057707155825,0.1266103936169126,-0.1311515946060575,0.03392339789175455
42.07,0.466,0.009752685531753173,0.02481934447650639,0.4672629986127938,0.1289803887119779,-0.1329237555084889,0.03253845379753852
42.13,0.466,0.009524367031518955,0.0244042030847581,0.46750239885977907,0.13179416767752233,-0.12854599504908157,0.03399511373846253
42.191,0.466,0.010345798976568222,0.02393495225728772,0.4676609443553703,0.13627423184957252,-0.12581831556466977,0.03345981980829706
42.25,0.466,0.010701066143352497,0.0237886958670319,0.4674428369728192,0.14146798814013875,-0.11942835684605979,0.03144595775800234
42.31,0.466,0.011371889434891522,0.023147681881611603,0.46742153849435286,0.14459393894216693,-0.11076613034836115,0.029781459082130805
42.37,0.466,0.012256934942051115,0.022919797230266378,0.4670229277170425,0.14611745841998178,-0.10614246727667315,0.027872953265831977
42.43,0.466,0.013342330901336708,0.022659573561989617,0.46727428496969065,0.14622838553907475,-0.10637080021827543,0.0281279087126598
42.486,0.466,0.013351913237844067,0.02300832814036232,0.4673960403631804,0.14688007539820502,-0.10072204464736273,0.032632765114559134
42.54,0.466,0.012346127615767866,0.02350643180029618,0.4673338914000084,0.14468834985792656,-0.09394801645919565,0.028858095082979037
42.596,0.466,0.012064078187180175,0.023950209063252046,0.46692214480327926,0.1402094718788857,-0.09757487250095492,0.02413012521148811
42.656,0.466,0.013236048360237937,0.02397201611050956,0.46707736667994215,0.13489383577977923,-0.10817680842717757,0.030481637034488737
42.71,0.466,0.011671741546676603,0.024783667997208998,0.4672671057362695,0.1335058832807507,-0.10926106393819882,0.03682355043154873
42.77,0.466,0.009512541868173003,0.025332366526164232,0.46728358452866675,0.13259684402914357,-0.10739142142893048,0.02923315638710646
42.83,0.466,0.010649402601946073,0.02500549467495101,0.4671368164793749,0.12983327387878027,-0.12421190549831082,0.024476633406708335
42.89,0.466,0.01129742114264351,0.02425361401519894,0.4672222142308978,0.12880396877471972,-0.1328418741196828,0.04061842885849856
42.95,0.466,0.008478426819475972,0.024686552558455307,0.46727540065062095,0.1357987806815189,-0.12156075619053598,0.03875666052559253
43.01,0.466,0.008556199328521657,0.024106610634683064,0.46778100750828217,0.14043474192076835,-0.12302396778129493,0.021909462802326
43.07,0.466,0.01044084322091826,0.02355709993999521,0.46747124027611786,0.1429967742242422,-0.12792055559616236,0.029648171172176496
43.13,0.466,0.010612884553107738,0.023043843419084067,0.4672714612889735,0.14489547524875063,-0.12112898037436716,0.04430792871527102
43.186,0.466,0.009807913821719848,0.023486376866549488,0.46723308709623423,0.14886225911063208,-0.1093242076403491,0.03189211513887804
43.24,0.466,0.010828731734370024,0.023023397552397917,0.467505516343301,0.14766281612479282,-0.10745787731908334,0.014712621590262667
43.3,0.466,0.012633774797976898,0.023143083865616986,0.46761572390373013,0.1463235501416215,-0.10759386593468245,0.035125371986706046
43.366,0.466,0.012182407848613125,0.023791588674270992,0.4669352277640746,0.14243666252184653,-0.09939245196678051,0.04164064111320664
43.42,0.466,0.011422103487342869,0.023908731297697557,0.46699940998419054,0.1376455848189948,-0.09341607519555435,0.020277737587788863
43.48,0.466,0.011801478858887477,0.024772533391101106,0.4673733410797,0.1364816767627593,-0.0969448905631769,0.023949849238611275
43.536,0.466,0.012141250914008193,0.024983030029163078,0.4672169633244667,0.1336735857862545,-0.10053616977560725,0.04351101003265313
43.59,0.466,0.011462011734322354,0.025322045078279176,0.4670007221254278,0.13166934003756336,-0.1033284184958077,0.03829610524468357
43.65,0.466,0.010830664049189916,0.024986033938911446,0.4670986578090302,0.13130228815111974,-0.10941282464124909,0.015712442725501534
43.71,0.466,0.010989898310069315,0.024612147898739212,0.4671469737405617,0.13249570352581225,-0.11662131627548358,0.032228239823205065
43.77,0.466,0.009764019868618686,0.02437710889513324,0.46753734280401227,0.13651477039363982,-0.11835576244208028,0.04797274799415504
43.83,0.466,0.008907943175191202,0.023969822115907917,0.4674534518869388,0.14093654425253277,-0.11947555556548625,0.024920189070959223
43.89,0.466,0.009588591608696188,0.023438642855798417,0.46749194998978627,0.14438709121645787,-0.12466455831009678,0.01906202833877878
43.95,0.466,0.00948352852018727,0.022949635740453684,0.46742585112566704,0.14535020599158857,-0.12287765057660466,0.04358772829242374
44.01,0.466,0.009777493434456152,0.022799076579740826,0.4674820274395534,0.14631866300260826,-0.12005032448509609,0.03794014710088928
44.07,0.466,0.009839885892070903,0.02301320996196345,0.4676177335959666,0.14741874625859522,-0.11420692438298616,0.016523399258167374
44.13,0.466,0.010684725554908611,0.023335186131505578,0.4674630546424023,0.14473865217249365,-0.10990186737952388,0.030062223513284535
44.19,0.466,0.01153245384918099,0.023954929318390633,0.4671412588071472,0.14205711573595295,-0.1059488066986317,0.04385281533850109
44.25,0.466,0.011945381748030724,0.024414463594651825,0.4669875833989014,0.13846883859420178,-0.1026683360573249,0.02369317036221353
44.31,0.466,0.011230879416268295,0.024863705070038235,0.4670625823505744,0.13568873773008458,-0.09510055389530199,0.023386216343214267
44.376,0.466,0.011368461920080038,0.025175698000869797,0.4669763426509854,0.13293923667019159,-0.09436916099310824,0.03973945314819432
44.43,0.466,0.011675250436633654,0.025220128958144225,0.4670645130980818,0.13235827197724054,-0.09838832104914327,0.03291937859590831
44.486,0.466,0.011298047857228764,0.02468318730879975,0.4669881519699506,0.13123659489134606,-0.10093085197041009,0.023356948383483764
44.54,0.466,0.011132464592696017,0.0248643646645099,0.4669439248488784,0.13489165917699172,-0.10583858935577377,0.02844735919576233
44.6,0.466,0.009912134591120707,0.024302239742056232,0.4672134964577805,0.13729492622924572,-0.10813572645010727,0.039892974263530896
44.66,0.466,0.00968311827290586,0.023947741611057168,0.4673912606829542,0.14188245266378852,-0.11411547472698588,0.02860537985849323
44.72,0.466,0.009419854293032912,0.022999271816209643,0.4674704655970064,0.14289507336948698,-0.11819424367710019,0.02494759637808823
44.78,0.466,0.009276755093917411,0.022905642483186807,0.46758878393644604,0.1457780147090088,-0.11965551540844398,0.03753765109577599
44.84,0.466,0.00945518897386086,0.022869498716629563,0.46760782887947827,0.14639257761784968,-0.12143733522219005,0.034905142248879834
44.9,0.466,0.009579086510229767,0.02300676334541146,0.4675827373152022,0.14624965990707434,-0.11943925677077032,0.025382448149010414
44.96,0.466,0.009359695259061418,0.023910388212306535,0.46740512975651105,0.14600696008952674,-0.11242908523593516,0.03208389712530745
45.02,0.466,0.010010934501164952,0.02384730370332945,0.4674469744169541,0.1409162938366435,-0.11018372537795267,0.03619739301578533
45.08,0.466,0.011589060352722745,0.02398919574851225,0.4669795753575203,0.13542817812063518,-0.11146812915546049,0.027613674935847658
45.131,0.466,0.011149298981619604,0.024969975576603146,0.4673436903119884,0.13723129038855805,-0.10338626844214882,0.02634356778604416
45.19,0.466,0.010429089036235645,0.025156463823882338,0.4674824371398664,0.13536241435881674,-0.0953719565000808,0.034427764076918714
45.241,0.466,0.011603241310017918,0.02503227972300455,0.46703149121030735,0.13265877327194736,-0.09905999428355493,0.031628586317838624
45.3,0.466,0.012209183073054969,0.024658244831591486,0.46685673242871123,0.1320763677758367,-0.10098510875550036,0.02566869093722457
45.36,0.466,0.010410607601654123,0.02502164022049003,0.46720885401775036,0.13761080963979705,-0.09368772310265819,0.03347326343688863
45.421,0.466,0.010866551593778154,0.024379520471458836,0.4672917031351426,0.13920140604920198,-0.09968346469988472,0.03282452316411089
45.48,0.466,0.011157133750720766,0.02397958268081549,0.46716027901254176,0.14204850947577025,-0.10820198384772531,0.0274552436882614
45.54,0.466,0.010410208683526807,0.02348741255145676,0.46718044025967226,0.1437697584640355,-0.11207708770867118,0.02975926717818972
45.6,0.466,0.00981719040793251,0.02319460197309862,0.46730342664109037,0.14482368813929788,-0.11495364765101886,0.034474706690335526
45.66,0.466,0.009611809009334695,0.02283676786964042,0.46756363052409333,0.14514856902878184,-0.11808659727682855,0.029559526668539594
45.72,0.466,0.00883936129841288,0.023411200312549105,0.4676618336379701,0.14631216508267333,-0.11773187690995768,0.02980735882175188
45.78,0.466,0.00919246973542241,0.02345497233605908,0.46760879953177903,0.14260602751154236,-0.11870972676915109,0.03541303760678575
45.84,0.466,0.009552710132901534,0.02401297648854173,0.4671841181222528,0.14036881613846322,-0.11661389781982999,0.032604917202125196
45.891,0.466,0.009883566579731738,0.02417164522663338,0.46740479531598594,0.13866544319272894,-0.11439081928794621,0.028097343920050567
45.95,0.466,0.010303310761813076,0.024716596886535974,0.4675079164548685,0.13749783520323527,-0.11010367277856638,0.03228091373552406
46.01,0.466,0.010422916146916417,0.024835357401689295,0.46736766311520783,0.1354362463833393,-0.10393529457239957,0.03514010258282555
46.07,0.466,0.01112520793262627,0.024707866735941626,0.46712745108182846,0.1345799986218401,-0.10141056742605989,0.027635173862983427
46.13,0.466,0.010866202821359102,0.024599005161895844,0.46696867963622957,0.1353419919389961,-0.09664395669636215,0.030131624045955343
46.186,0.466,0.011170770044409016,0.024275668424884246,0.4674484086591838,0.13692365802126535,-0.09623042891278126,0.03255342886630059
46.246,0.466,0.01080682294908145,0.024703075804504634,0.46723004309058297,0.14200810701772354,-0.0941577323492281,0.032409272198947923
46.306,0.466,0.014037174305272172,0.022971357619763287,0.4672849579461937,0.1374044485479543,-0.11296797670116014,0.02593407084320509
