sensor type:,vicon
timestamp (s),arclength (m),data
0.0,0.34950000000000003,0.002112616141408151,-0.005715056817975425,0.3487768475131728,-0.00012404519384024703,-0.060385312727513095,-0.07169050074124919
0.06,0.34950000000000003,0.002386231879636796,-0.005693324835231998,0.34836385910998785,-0.0004857040689731317,-0.06177426748243933,-0.07102441683509655
0.12,0.34950000000000003,0.0022242076630416643,-0.005541432388537844,0.34820065790178784,-0.00033809996949102415,-0.061625535936862035,-0.07021286358821874
0.176,0.34950000000000003,0.002034583469346821,-0.005782770287651546,0.34878537059987547,-7.268450276865265e-05,-0.05997401025324254,-0.07079005923151253
0.23,0.34950000000000003,0.0019430344504427037,-0.005603812099339357,0.3486674411044892,0.0006923201734376998,-0.05984958229129908,-0.07029169137672549
0.286,0.34950000000000003,0.0022697983325696363,-0.005406861929336429,0.3482409011474174,0.0007072443827401083,-0.06142045525110438,-0.06972216597752755
0.346,0.34950000000000003,0.002225441815474242,-0.005841820326218993,0.34841222812670325,-0.0011355312471171704,-0.06115840487189423,-0.07073682615409087
0.4,0.34950000000000003,0.002202613996846549,-0.005674834615309114,0.34846447014630255,-0.000203468262041421,-0.06016419815815864,-0.07081067080109205
0.456,0.34950000000000003,0.0024874578081471883,-0.005702742890282853,0.3484839895121635,-0.00030670309031222414,-0.06218369112604624,-0.07025713671575701
0.51,0.34950000000000003,0.002370815746321724,-0.005498073234903642,0.34822085258745544,0.0004616302203877084,-0.061920494829230524,-0.06915827282522774
0.57,0.34950000000000003,0.002457371245651066,-0.00590203104535179,0.34843299274860406,-0.001343428233263243,-0.06226520198803125,-0.07112806387738911
0.63,0.34950000000000003,0.0022712876035045023,-0.005613672436219403,0.34824218808288787,-0.0009638358089589052,-0.061909849810426264,-0.07079885486176081
0.69,0.34950000000000003,0.0018836421412697488,-0.006011331107695382,0.34922169973036526,-3.78261365423967e-05,-0.05919416781141836,-0.07097654610343603
0.75,0.34950000000000003,0.0022330892689572095,-0.005192220877322062,0.3497315752128234,0.005641591000640238,-0.06111564970730235,-0.07134375151452757
0.816,0.34950000000000003,0.0024707418757362416,-0.005891207630288763,0.3485199664803847,-0.00039988600339665884,-0.06262509429213592,-0.0702650215943735
0.87,0.34950000000000003,0.0020165531421461025,-0.005388343726532707,0.34961253101836176,0.004020227197136976,-0.06051249434764185,-0.07040349505980792
0.93,0.34950000000000003,0.0022012869011147217,-0.006310134796012396,0.3489859015022999,-0.0018266699791071933,-0.060028812777064754,-0.0717820751060552
0.99,0.34950000000000003,0.0021494330236705357,-0.005536745472022209,0.3492785417986004,0.0016338700173361522,-0.059566359735156164,-0.07221340816930581
1.05,0.34950000000000003,0.0023619207932560255,-0.005765477695992467,0.3490832050429559,0.0020427094800765534,-0.061794759292292396,-0.07002002649933194
1.11,0.34950000000000003,0.0023583845340925755,-0.005249257153906853,0.34934503028263875,0.004081978869822373,-0.06167675997741928,-0.07140121602956992
1.17,0.34950000000000003,0.0025575995341738894,-0.005909634853217147,0.34874637695010663,0.0006860048541247198,-0.061988740602455523,-0.06889440068098798
1.226,0.34950000000000003,0.0019062303221138773,-0.005305099415432521,0.34962633091377143,0.0045953982012863805,-0.06052863867511021,-0.07126575753804189
1.28,0.34950000000000003,0.0023707178212158697,-0.005756660198681636,0.3487467609047086,0.0012275264464430141,-0.06137953485157655,-0.06929651501233916
1.34,0.34950000000000003,0.0024590252729754314,-0.005576955029542997,0.34805611874958065,-0.001501889487094622,-0.06314706456545478,-0.07116202753805699
1.4,0.34950000000000003,0.0024384375119915216,-0.005903836932071393,0.3486326244279037,-0.0002860209257161964,-0.06275275942240063,-0.06971967761934335
1.456,0.34950000000000003,0.002133994692168542,-0.005504334491524287,0.348393707878911,2.8804559337237603e-05,-0.060216132141257726,-0.07115146674877876
1.51,0.34950000000000003,0.0022629595211842144,-0.005826874671677498,0.348586039620713,-0.0003413045352889479,-0.06124407609404203,-0.07000965009075172
1.57,0.34950000000000003,0.002437130563315201,-0.0053001720379749545,0.34846054672559124,0.0019170904683625733,-0.06295369743785142,-0.07001368233259482
1.63,0.34950000000000003,0.0020436772191323466,-0.005754747555567743,0.3483372688915638,-0.0012279525836256314,-0.06111090212239239,-0.07045283664560355
1.696,0.34950000000000003,0.002158153070620178,-0.005784305133792631,0.3484202500524478,-0.0011538847335684018,-0.06049613725569433,-0.070398196689631
1.756,0.34950000000000003,0.002008094987030546,-0.005469538877673441,0.34878414032718946,0.0010483379179715073,-0.06000333127778822,-0.07169299016162087
1.81,0.34950000000000003,0.0018406200292612942,-0.005935967456361571,0.34883385817565865,-0.000913474802688685,-0.05876722642053696,-0.0709610993787881
1.87,0.34950000000000003,0.002138843971601746,-0.0056481740314683945,0.34830865747642165,-0.0009132012734343211,-0.06102391367914045,-0.07053602571576358
1.93,0.34950000000000003,0.0020670772158686013,-0.005723106934270743,0.34861147705335827,-0.00019653189283556333,-0.06104572745785507,-0.0701476161589039
1.99,0.34950000000000003,0.0023796699940525252,-0.005568166106049471,0.34839448601533335,2.4086082445841833e-05,-0.0617817677565313,-0.07056655554248199
2.05,0.34950000000000003,0.002006957293600847,-0.005751839658101921,0.3486253658385732,-3.6509525091621e-05,-0.060298837931599104,-0.07100269497867705
2.106,0.34950000000000003,0.00236836325311589,-0.005547031048663758,0.3483623596821172,5.566861818206591e-05,-0.061981243457097324,-0.0704077445095038
2.16,0.34950000000000003,0.002440499689542947,-0.005735486751477815,0.34851097144162424,7.237550861338134e-05,-0.0627861652542562,-0.07005647201796926
2.216,0.34950000000000003,0.002344862347715297,-0.005508345815217766,0.3486624778535895,0.001310533568874391,-0.061818987877051715,-0.07049611431105524
2.27,0.34950000000000003,0.0022517225529931706,-0.005681144130983809,0.34867753747219293,0.00039101357910175803,-0.06080880961388622,-0.07046589938460915
2.33,0.34950000000000003,0.0022610061636738803,-0.0056419390425716046,0.34848967988934926,-0.00032427003855994813,-0.06148506215235164,-0.07069642919453595
2.39,0.34950000000000003,0.0022683559824746777,-0.005934441943066321,0.3483175565095691,-0.001941251224210237,-0.06187284911612992,-0.07085258638464448
2.45,0.34950000000000003,0.0021116854772032585,-0.005668986388641403,0.3482642878982954,-0.0011569915036105936,-0.06060679501825689,-0.07020125818709266
2.506,0.34950000000000003,0.0018563613853531259,-0.005820826261845359,0.3487150040342512,-0.000541785480530046,-0.059344793793743515,-0.070288611487033
2.56,0.34950000000000003,0.002369658197860874,-0.005633267682278176,0.3483973708310038,-0.0006818776432046833,-0.061627995320276165,-0.07099911497515195
2.62,0.34950000000000003,0.0025118998880529933,-0.005554879145973512,0.348237302373069,0.00045139430992658606,-0.06220546178227523,-0.07064281113154534
2.68,0.34950000000000003,0.0023798786366796723,-0.005660515149188022,0.34831883442067024,-0.0006829381207310689,-0.0622154167772934,-0.0707303538586537
2.74,0.34950000000000003,0.002317223957710691,-0.005780416115110466,0.3487177386842309,2.2105414972366968e-05,-0.06131564763346301,-0.07051303112942924
2.796,0.34950000000000003,0.0022725477958327567,-0.005521344437836631,0.34859956959893434,0.0009934129283037457,-0.06088085123676453,-0.07049213784601116
2.85,0.34950000000000003,0.0023854530984225913,-0.005582986606233959,0.34843457231217756,0.0006937036206238641,-0.0623923584421972,-0.06968608117052877
2.91,0.34950000000000003,0.0025564108664666604,-0.0056085151150425065,0.34841715200377815,-0.00021608998345913958,-0.06294703006668649,-0.07160942359442284
2.97,0.34950000000000003,0.0021383839146272995,-0.005812404567532637,0.3486962242337747,-0.0003389555992578648,-0.06047502552164835,-0.07074962514929103
3.03,0.34950000000000003,0.001886919830368682,-0.005751349610472807,0.34885027513253314,5.6120656063156795e-05,-0.059386195953510544,-0.07127046283453792
3.09,0.34950000000000003,0.002181288684736906,-0.005674815783205246,0.3485692985955837,-0.00040789525961699465,-0.061081187643115445,-0.07119907141575992
3.15,0.34950000000000003,0.002191431797571648,-0.00569862293482965,0.34842560324840083,-0.0008169826215958931,-0.061834241161606344,-0.07027470822485413
3.21,0.34950000000000003,0.002379646667211097,-0.005575733547233928,0.3483241973076975,0.00047753636527295986,-0.06207846452493549,-0.06950644209190879
3.276,0.34950000000000003,0.002132499658125009,-0.005659807413392238,0.3485558008575484,-9.700142307317625e-05,-0.060651687047727935,-0.07043076589784902
3.33,0.34950000000000003,0.0022726580813498946,-0.00581102447380201,0.3486379712065608,-0.0005904736485378232,-0.06105706883717597,-0.07142632596192043
3.39,0.34950000000000003,0.002339948923592672,-0.00544923129732557,0.3487015371896731,0.0016024718062781697,-0.061858465295932925,-0.07084640818350486
3.446,0.34950000000000003,0.0023828773436849046,-0.005665304598670543,0.3483802478725006,-0.0003276628565406511,-0.06195355836921835,-0.0700958060056736
3.5,0.34950000000000003,0.002103075650884531,-0.005881435033484792,0.3486889487040518,-0.0009241590173485227,-0.06040287119001737,-0.07062804444250903
3.56,0.34950000000000003,0.001954754493889491,-0.005621388762273988,0.34886749678015444,0.0013035479046118337,-0.05949807628735446,-0.07045773988572694
3.626,0.34950000000000003,0.0021897077180612653,-0.005696255291930827,0.3487236555038541,0.00019108415993539176,-0.060478842654435455,-0.07065563545919888
3.68,0.34950000000000003,0.0023911274159642403,-0.005525189490358133,0.3485085661710154,0.0009203611546755104,-0.06188709606059092,-0.06986056745363191
3.736,0.34950000000000003,0.0020401863266310645,-0.005773470176023295,0.34869673890810254,-0.0005320917960506905,-0.05981699391837799,-0.07118739064475839
3.796,0.34950000000000003,0.0018843578361652281,-0.0057780759423375445,0.34873184290760045,-0.0006671752411600178,-0.0599327980587903,-0.07134136127354894
3.85,0.34950000000000003,0.0022048185575268106,-0.00577885336160513,0.34874315910215165,-0.0006518553683614947,-0.0604297703312866,-0.071513099733851
3.916,0.34950000000000003,0.0024271165270911303,-0.005662821955014678,0.3484297926178772,3.6869655111768964e-06,-0.061827658962972536,-0.07068223072352549
3.97,0.34950000000000003,0.0024994462627571934,-0.0055758180267723965,0.34819696998371796,-5.150868966801811e-05,-0.06257160591413975,-0.0692659679648046
4.026,0.34950000000000003,0.0024027542937486526,-0.005909834545347638,0.3486553813597703,-0.000856886459993734,-0.0618369115154676,-0.07201914460910346
4.08,0.34950000000000003,0.002272984948093619,-0.005683561226199984,0.3488047278377332,0.000945530690519333,-0.06098373995186699,-0.07085369310080768
4.136,0.34950000000000003,0.0023319318571900604,-0.005519576080263574,0.3484948462304674,0.0008600003006490669,-0.06187396639725763,-0.06981155510938006
4.19,0.34950000000000003,0.002251487231179364,-0.005620487341590379,0.3485031131252101,1.0292879785565962e-05,-0.06153391388802436,-0.07055995136873693
4.25,0.34950000000000003,0.001960338107674057,-0.005896050031952374,0.34872276838627714,-0.0008839656667122286,-0.0595659338657705,-0.07103042490827087
4.306,0.34950000000000003,0.0022101778539248824,-0.005814293801765681,0.3485304862481468,-0.0008742089041927292,-0.06069156332086509,-0.07159007623376465
4.366,0.34950000000000003,0.002311477194192872,-0.005468654617908914,0.34835032437271324,0.00038648096867405587,-0.06218482445981863,-0.06990131383298819
4.426,0.34950000000000003,0.002226662305478663,-0.0058047388150959355,0.34828965795571143,-0.0014159231764032123,-0.061627306474440535,-0.07082888154823706
4.48,0.34950000000000003,0.0020247122962080005,-0.005854266205892555,0.3486701442834037,-0.0007981896815917878,-0.059481704937686036,-0.0710825421277986
4.54,0.34950000000000003,0.0021455693565074372,-0.00547648628464929,0.3482651914540853,-0.0005698841825440226,-0.061188854815406715,-0.07184852602425311
4.606,0.34950000000000003,0.0023381259694705663,-0.005605959066727988,0.3486790448543134,0.00039415115496947196,-0.061999133775782,-0.07133917001770573
4.66,0.34950000000000003,0.002413538864157637,-0.005797795027229709,0.34836044509632175,-0.0005879757778332557,-0.06199297829321002,-0.07058171740836519
4.72,0.34950000000000003,0.0023740541268505617,-0.005573575445594998,0.34839722800586603,0.00023453873386307565,-0.06205002812303071,-0.07057531776996685
4.78,0.34950000000000003,0.0020859360441255067,-0.005730392734145106,0.34812622077110267,-0.002321027276577869,-0.060383597759864314,-0.07151406459848779
4.84,0.34950000000000003,0.0020721767855411953,-0.0058001951052849485,0.3488110819881887,-1.5911374655033354e-05,-0.05981955615444424,-0.0707015692477439
4.9,0.34950000000000003,0.002201543279065184,-0.005667225010739012,0.34843131251452997,-0.0009266616654899013,-0.061340099335050885,-0.07139207459689455
4.96,0.34950000000000003,0.002274104234386156,-0.005811444835328478,0.3483946177347053,-0.0016124851032892225,-0.061778265535396025,-0.07108199074800758
5.02,0.34950000000000003,0.002200945076953365,-0.005874977907043257,0.3485035930774091,-0.0014596558164106563,-0.0610809202123281,-0.0715335434259259
5.08,0.34950000000000003,0.0023694156461318877,-0.005505289526332757,0.34868667831890304,0.0014064624675907379,-0.06136705764791244,-0.07084536340463041
5.136,0.34950000000000003,0.0024103059752807387,-0.005540525786177408,0.34837832000273455,-3.0686718498965596e-05,-0.0619224844150756,-0.07142029208043037
5.19,0.34950000000000003,0.0023195047075044288,-0.005520585399153867,0.3482492837203497,6.793658912113326e-05,-0.06201579829869405,-0.0702651163480287
5.256,0.34950000000000003,0.0023709339507925267,-0.0056584974856486924,0.3484219637499644,9.097544771850767e-05,-0.06197271770968455,-0.07017815477361183
5.31,0.34950000000000003,0.002313244020580905,-0.005751909397514006,0.3486974981717895,0.00026213522373739123,-0.06140673342650941,-0.07084384771435451
5.37,0.34950000000000003,0.0024364090978474884,-0.005561994878931742,0.3485107183167069,0.00024341497403109863,-0.06208236889811747,-0.07140056434516806
5.43,0.34950000000000003,0.002307818706427855,-0.005809684452471516,0.3482863013420616,-0.0018792692981367764,-0.06119740138006107,-0.07152688395609948
5.49,0.34950000000000003,0.002181743768425272,-0.005777195299581821,0.3484944380106485,-0.000858836076393876,-0.06098944371647734,-0.07060842118358152
5.546,0.34950000000000003,0.0022765576770254654,-0.0055754982983552285,0.3486625976237771,0.0006103980102317373,-0.0607752159510897,-0.07079160588718968
5.6,0.34950000000000003,0.0021821019858152243,-0.0058353119425127,0.34862831880222217,-0.001020851969295261,-0.06026361987096076,-0.0715095456807186
5.66,0.34950000000000003,0.002195628665984014,-0.0057638552814346725,0.3486983572980584,-0.0005298764797457862,-0.061202344797409054,-0.07079826298340948
5.72,0.34950000000000003,0.0022041842716756083,-0.0056530231092875504,0.34844875703828854,-0.00035505463935422575,-0.06104195372157421,-0.07086540287011178
5.78,0.34950000000000003,0.0022441107605829986,-0.005729189564548909,0.3484242797727054,-0.0009336998925650417,-0.06169603227496758,-0.0711270745966886
5.846,0.34950000000000003,0.0025790916164391713,-0.005634907604155631,0.3483748538811741,-6.682102611502898e-05,-0.06312628563070527,-0.07067092295652642
5.9,0.34950000000000003,0.0021753181178191306,-0.005767734728386949,0.34871726663684444,2.382485230030023e-07,-0.060239619573857844,-0.06995865920188324
5.96,0.34950000000000003,0.0018901139132036315,-0.005733351735107707,0.34870427150278205,5.632198231604635e-05,-0.059305384328674444,-0.07039803148609027
6.02,0.34950000000000003,0.002227342523988572,-0.00594193500168781,0.34837923389101744,-0.002029377098663231,-0.06057249523155631,-0.07250166126254771
6.076,0.34950000000000003,0.0024833012994081847,-0.005767710610171772,0.34847339040178354,-0.0007118213727717389,-0.0620702202124985,-0.07027616116751463
6.13,0.34950000000000003,0.0021631591873490295,-0.005772745468498845,0.3484478750538654,-0.0008692548011206345,-0.060006071012656335,-0.06968842080862508
6.196,0.34950000000000003,0.001715225201013278,-0.005598669910294662,0.3487894690738757,0.001020958673339327,-0.057602643356678994,-0.07218173696045511
6.25,0.34950000000000003,0.002191469676098596,-0.0058940811500358,0.3487244487528951,-0.001177492556017384,-0.060891393539057176,-0.07276474258112434
6.306,0.34950000000000003,0.002401304794611425,-0.005445726609618109,0.34844413387091505,0.000746336919405538,-0.06267795012494598,-0.06840890587305105
6.36,0.34950000000000003,0.0021110446739028227,-0.005801351339062748,0.3485699257015311,-0.00045177001429088954,-0.059348003605432235,-0.06941315714717552
6.42,0.34950000000000003,0.0019256944821855787,-0.00559486803179218,0.3486458268211654,0.000581378884899528,-0.05935564534407001,-0.0727438660979577
6.48,0.34950000000000003,0.0025200505740998326,-0.005607136974965835,0.3487038120845428,0.0009521788610639682,-0.06236200641892218,-0.07106160191346578
6.54,0.34950000000000003,0.002468713888175147,-0.005750610749479,0.34860362317218513,2.7200999373016434e-05,-0.06178735495116614,-0.06760770368772899
6.6,0.34950000000000003,0.001979780250601423,-0.005840679719821293,0.34830519168806456,-0.0014985889408284216,-0.06050840428686334,-0.07102810380819942
6.66,0.34950000000000003,0.0023145389279400803,-0.005876252296905362,0.3486345893706592,-0.001106184466816663,-0.06103195778461753,-0.07343727225755547
6.72,0.34950000000000003,0.002226701874829331,-0.00576978570448855,0.34882344541823834,-0.00022226901592368263,-0.06118401335719468,-0.06870946357183269
6.78,0.34950000000000003,0.0017882459721428373,-0.005670340922045766,0.34870130737009064,0.00029606326747883005,-0.05877520807841097,-0.06895285454257839
6.84,0.34950000000000003,0.0022525391577986466,-0.0062930013024255485,0.3483890107256113,-0.003944795527868414,-0.060691883612329134,-0.07476690347477737
6.9,0.34950000000000003,0.0027654339511667086,-0.0055684765823528866,0.34823220365532787,-0.00014567426093960344,-0.06352732105976218,-0.06935465784229293
6.96,0.34950000000000003,0.002424622477599296,-0.0054667113130629505,0.34843223689495334,0.0008144756608687016,-0.0616228196121913,-0.06656511611320336
7.02,0.34950000000000003,0.0018181591861510756,-0.005971304306389096,0.3486165026917004,-0.0018419492046746584,-0.05872764798490235,-0.07398434874511346
7.076,0.34950000000000003,0.002375122251208656,-0.0059451198354030284,0.3486441112089828,-0.0013784521883966117,-0.06106494051069778,-0.07356387279846369
7.13,0.34950000000000003,0.0024931783608059593,-0.005508668271969344,0.34827589610198467,0.0001262817180025979,-0.06249587302433972,-0.0664568086699714
7.19,0.34950000000000003,0.0017474999029206467,-0.0059277744284185006,0.34867005252605676,-0.0009641205848588397,-0.058732923137867876,-0.06914519839032886
7.25,0.34950000000000003,0.002041102340420686,-0.005778016729207237,0.3485964276531268,-0.0010388962045624949,-0.06057205912281068,-0.07549765216178167
7.31,0.34950000000000003,0.0025065153375740386,-0.005632740610617572,0.3487031299248101,0.0004310858886605326,-0.06192135436950901,-0.06941991900917084
7.37,0.34950000000000003,0.002128305231123826,-0.005366733003376087,0.34842720452855064,0.0016696941858392275,-0.0601314797008374,-0.06448206470566548
7.43,0.34950000000000003,0.0020778036387638743,-0.006021359811811214,0.3484483805915579,-0.0023884472296259655,-0.060946304012003086,-0.0746709023644316
7.49,0.34950000000000003,0.002474013734487839,-0.005993496726672201,0.3486168406071217,-0.00164252010256245,-0.06188277220974466,-0.07293758008827984
7.556,0.34950000000000003,0.002239710111408847,-0.005771530229242962,0.3486591322673959,-0.0004389795384318025,-0.060793243984372775,-0.06603174250029109
7.61,0.34950000000000003,0.001823344176102251,-0.005985393770235976,0.3486006379619069,-0.001524571853214884,-0.05859486077930258,-0.07190122462899891
7.666,0.34950000000000003,0.0022728197221428287,-0.005861647864540179,0.34841648004835224,-0.0012951764137425286,-0.061745869995628345,-0.07470639893049681
7.72,0.34950000000000003,0.002471695812240625,-0.005805407338272529,0.34870948829826004,-0.00013201137549465836,-0.06204446628666423,-0.0678889650968308
7.78,0.34950000000000003,0.0016258399301960773,-0.00565087111738316,0.3489338834864482,0.0007292157155780154,-0.058186831369569654,-0.06602992757497321
7.84,0.34950000000000003,0.0019815816750228276,-0.005816357389433206,0.3486077165104663,-0.0009788866198031441,-0.05988014377220339,-0.07561564459766522
7.9,0.34950000000000003,0.0022235265026532055,-0.005501622526019594,0.34852777436706506,0.0008544173504478486,-0.06090901033478743,-0.07053988902108133
7.96,0.34950000000000003,0.002154642865852543,-0.005367979250033708,0.34838749946833225,0.0015596241908591149,-0.06060948987557246,-0.06399978224770127
8.02,0.34950000000000003,0.001981968889464828,-0.0056762847402775625,0.34865036600345467,0.00020495996753055388,-0.059514312862918715,-0.07268870533083918
8.08,0.34950000000000003,0.002441834700502163,-0.005850103063070171,0.34866575599299315,-0.0006961697536861124,-0.06234235030367864,-0.07606480091149846
8.14,0.34950000000000003,0.002462291453377204,-0.005561944256995845,0.34861836294490156,0.0008591312323484748,-0.061285736760647906,-0.06568077643842836
8.2,0.34950000000000003,0.0020741557144043,-0.005512080522619161,0.34865428178436053,0.0011961719466907416,-0.060539583954863974,-0.06713476331482439
8.26,0.34950000000000003,0.002082128752374617,-0.00621434136187031,0.3483381346129447,-0.0034301273110168818,-0.06066948704454143,-0.07654820441608651
8.32,0.34950000000000003,0.002475062111624145,-0.005578257770027531,0.3485554495016777,0.00033421413199627274,-0.06195662483541666,-0.06970106647771815
8.376,0.34950000000000003,0.0021167099004908603,-0.005659474040968243,0.3487002765158468,0.0005153311469985194,-0.06028816597797248,-0.0645992440313445
8.43,0.34950000000000003,0.00197214206162274,-0.0059781573406794495,0.34861483660587245,-0.00202004890831877,-0.05950531675482603,-0.07400580478816725
8.49,0.34950000000000003,0.0022188497931998684,-0.005572160979419665,0.34840733559871234,0.00016995524059380736,-0.061055606156168514,-0.07303087277377496
8.55,0.34950000000000003,0.002576173897395132,-0.005659390223178313,0.3483271768394041,-0.000572356531107401,-0.06278119472977303,-0.06673868092144909
8.61,0.34950000000000003,0.002060636728002708,-0.00581129848558594,0.3486030263197571,-0.0005086643092897141,-0.05950788058648812,-0.06937323817406907
8.67,0.34950000000000003,0.001867629773226426,-0.005700752067248783,0.348805859678422,0.00018551400996260947,-0.05955868050916506,-0.07584929326196949
8.73,0.34950000000000003,0.0023628663280313824,-0.005619401616325492,0.3485491116881114,8.986546005429754e-05,-0.06190968674522173,-0.06954434900790613
8.79,0.34950000000000003,0.0025746151009369356,-0.005423646333572558,0.34820030607359204,0.0005522468604292377,-0.06302720510089738,-0.06565688638757126
8.846,0.34950000000000003,0.00251257530696248,-0.006002734687625923,0.3487391193365203,-0.0011617563873736407,-0.06217170721322959,-0.07347007500441204
8.9,0.34950000000000003,0.0024354853772000566,-0.005607377086316815,0.34857505570458797,0.00035588785601384416,-0.06270009819758857,-0.07484202611343117
8.96,0.34950000000000003,0.0019967705153142263,-0.005713998858316503,0.34868660521114847,0.00029073948153521343,-0.06236410093914984,-0.06577717246061726
9.02,0.34950000000000003,0.0019638488016012487,-0.00582735026547239,0.3483459530923909,-0.001104455530518747,-0.06384664398609494,-0.06949427281547965
9.08,0.34950000000000003,0.0022509182895183127,-0.005798686331118092,0.3484435634239073,-0.000531013652340507,-0.06546610449480696,-0.07515512420498312
9.136,0.34950000000000003,0.0020772730457526995,-0.005472689215648396,0.34875164116833096,0.0018465865337313667,-0.06353565016318528,-0.0683771121691678
9.197,0.34950000000000003,0.0020032085363044386,-0.005713781785218911,0.34874774633175826,0.0006040923998334841,-0.06135189189596753,-0.06588331726071453
9.25,0.34950000000000003,0.0020392320837493375,-0.006113925014887669,0.3484302877312283,-0.0027574587641332068,-0.060675520070949646,-0.07548336360111958
9.31,0.34950000000000003,0.0022000867645483113,-0.0057393774099708025,0.34821324590476016,-0.0009249585049559264,-0.060047505284714135,-0.071786243239159
9.376,0.34950000000000003,0.0022436986594775127,-0.005554986660252168,0.3485078111860787,0.00036980227877759543,-0.05899217562099555,-0.06379087007830123
9.43,0.34950000000000003,0.002003112257354823,-0.005574477153784035,0.34851724953770824,5.631249092827337e-05,-0.05597644585048508,-0.07014914297140183
9.49,0.34950000000000003,0.0022015897132706278,-0.005870772838374162,0.34865556613564663,-0.0013931478134178298,-0.05694752450644019,-0.07678376337351837
9.55,0.34950000000000003,0.002146871429742485,-0.0054412920333143005,0.3484749961249829,0.0004715797052846115,-0.05745941416723139,-0.06668323328548542
9.61,0.34950000000000003,0.0023528120757077527,-0.0056982333875109335,0.34814938560675374,-0.0013919880454528744,-0.0590529102221537,-0.06736242372013335
9.67,0.34950000000000003,0.0023269249088598318,-0.006139205825316417,0.3484243885723362,-0.003220600268584065,-0.059283955581669115,-0.07583315193199423
9.736,0.34950000000000003,0.0019936891666832756,-0.005955339791940905,0.3486580975877107,-0.0017195012855617798,-0.06012344331744988,-0.07158784772627945
9.79,0.34950000000000003,0.00207130236392133,-0.005817231505641454,0.34875486641190123,0.0002805676234245883,-0.061702283903152084,-0.0635793493059994
9.85,0.34950000000000003,0.0021158643157011474,-0.00591048847996756,0.3483045954780336,-0.0016765035384429337,-0.06356373682843142,-0.07223349880803873
9.91,0.34950000000000003,0.0020048973581649077,-0.006018847522133548,0.34829966999046785,-0.001729909929970411,-0.063811373136212,-0.07298076562612328
9.97,0.34950000000000003,0.0019035807181978866,-0.005815837861241499,0.3484993294745728,-0.0006061745315080023,-0.06298065592044097,-0.06748781208711471
10.03,0.34950000000000003,0.0020472951120050057,-0.00563085356677341,0.34872720318012296,0.0011875757885190252,-0.06305846256560668,-0.06872663143130132
10.09,0.34950000000000003,0.0017287969386611736,-0.005836573512201129,0.3486127330444182,-0.0005896257766812417,-0.06032833633159004,-0.07489078905868007
10.15,0.34950000000000003,0.001953731522982347,-0.005580413936329424,0.34850096151474985,0.0008443675258877226,-0.06089333588309327,-0.06795001435377432
10.21,0.34950000000000003,0.002396961891706032,-0.0055591327944539,0.34817009014682077,5.0891498855399403e-05,-0.061733812194167695,-0.06634215769379388
10.27,0.34950000000000003,0.002215483917475705,-0.006346945753801942,0.3485866750570755,-0.0038816120356742084,-0.05935806805360676,-0.07453418956962014
10.336,0.34950000000000003,0.00209014296760872,-0.0059786196559763055,0.3486630022449554,-0.00218680425926955,-0.05709378473451823,-0.07325297938738375
10.39,0.34950000000000003,0.0022238616055744705,-0.0056648228502826576,0.34895586913870713,0.0001120426289849234,-0.05767440754425252,-0.06865165393694207
10.456,0.34950000000000003,0.0022799648283070386,-0.005373278157978403,0.34842485320123856,0.0005304971210846117,-0.058861743333833344,-0.0703710899879533
10.51,0.34950000000000003,0.0023316848715900468,-0.005798069274684934,0.34834933355536213,-0.001920311047825118,-0.0589483486908752,-0.073199735509939
10.57,0.34950000000000003,0.0023020987416942622,-0.005878299989165568,0.3483917162416244,-0.002208996105240917,-0.05926270232157413,-0.06976658307786408
10.63,0.34950000000000003,0.0020641860992298704,-0.005619791450280409,0.34893372453678934,0.0011550373576855952,-0.06069514171246441,-0.06904528867156298
10.69,0.34950000000000003,0.002265545191059782,-0.005297385125753226,0.3486406061804125,0.0026668447357204163,-0.06201087208837059,-0.07233328076023447
10.75,0.34950000000000003,0.0021194920479045815,-0.005819190552453546,0.3484072721332358,-0.00013948853761483205,-0.0629143894456351,-0.06917715590836389
10.81,0.34950000000000003,0.002151694402404137,-0.00594736319820434,0.3482721276242298,-0.0012387028735896845,-0.06353703401736555,-0.06812965174619881
10.87,0.34950000000000003,0.0019177296790877409,-0.00606675381837051,0.34844336368223894,-0.0016341667778505078,-0.062310328687383766,-0.07109639634636665
10.93,0.34950000000000003,0.001959408076035458,-0.005499160846839425,0.3484752568144165,0.0012948568053739696,-0.062338295916746715,-0.07145104094631292
10.99,0.34950000000000003,0.002171083102822729,-0.005460778664868108,0.34855866049519885,0.0016309336188621987,-0.062094773247299416,-0.06724558289056393
11.056,0.34950000000000003,0.0023053794021635626,-0.005492144947125252,0.3482983710182712,0.0004865676300109097,-0.06235271483537755,-0.06927899287004757
11.11,0.34950000000000003,0.002205836841957555,-0.0060299168366393366,0.3485576779517613,-0.002409419600513756,-0.06109793357228186,-0.07183720665661579
11.176,0.34950000000000003,0.002091030645160298,-0.005599876523924671,0.3483902708191025,-0.0007248768971220422,-0.05905426822277863,-0.07023682127081247
11.23,0.34950000000000003,0.002019765955416034,-0.00604276143960784,0.3489031636478103,-0.0019796219718757196,-0.058583183432198455,-0.06979576617853943
11.29,0.34950000000000003,0.0020595178031913757,-0.005998966905040638,0.3485953018354038,-0.0022889317380104914,-0.05883493378737274,-0.0725645431190187
11.346,0.34950000000000003,0.0021920309789665773,-0.006005312084714235,0.3482377683940976,-0.0030222647342558976,-0.058848313308121056,-0.07155003398205495
11.406,0.34950000000000003,0.0021949556015189455,-0.006094141443931418,0.3484324689500481,-0.00292228303005117,-0.05943735891642295,-0.07022277792920101
11.46,0.34950000000000003,0.0021067192372891653,-0.00583692786532946,0.34867785462253786,-0.0006822176438377858,-0.05958413408898792,-0.07117679456230565
11.52,0.34950000000000003,0.0021355041728169525,-0.005811094537920435,0.3484221067777214,-0.0016447561979024148,-0.06090306956116508,-0.07315492960840213
11.58,0.34950000000000003,0.0022962166458845414,-0.00551170507732395,0.3486279428926948,0.0016254555749810077,-0.06206976537665932,-0.06852487735418016
11.64,0.34950000000000003,0.0020458041148247105,-0.00563415604292953,0.3484707689834858,0.0006296336049941778,-0.06198021997766274,-0.06829046686157858
11.7,0.34950000000000003,0.0018592092693526347,-0.005802789232842555,0.3487617370839761,0.00046659600939969636,-0.061254390531357325,-0.07104090391000674
11.76,0.34950000000000003,0.0023157395246506266,-0.005242638289157968,0.34846356412937046,0.002324376977612663,-0.06299216652975283,-0.0687254382033297
11.82,0.34950000000000003,0.001980049212902654,-0.005692064250046803,0.3486861478114137,0.0006436537482278895,-0.0613787604605445,-0.0667177996918281
11.88,0.34950000000000003,0.001878725945374016,-0.005719972425501633,0.3484975478407647,-1.6797475741501253e-05,-0.06086515042879722,-0.06971709036758177
11.946,0.34950000000000003,0.0022917222565462365,-0.005889455468324957,0.34832176551664573,-0.002032045866749417,-0.06223790751129013,-0.07190703461512629
12.0,0.34950000000000003,0.0023654196383260315,-0.005397273937432249,0.34841530638757556,0.0002930251129084438,-0.06151969101294944,-0.06842749085025024
12.056,0.34950000000000003,0.00191711746428126,-0.006039582716131742,0.3486707837283815,-0.0016838711570629687,-0.05809565595431619,-0.06914375015522492
12.11,0.34950000000000003,0.0019779995974756725,-0.005696769374999501,0.3484484027439231,-0.0006184276650547103,-0.058253762493078,-0.07297059100087287
12.17,0.34950000000000003,0.0024587423833433036,-0.0056074828598057505,0.3484517466412796,0.00014276109122680344,-0.05995207872781662,-0.06902125818916019
12.226,0.34950000000000003,0.0023572350749433346,-0.005762633655269362,0.34859956720984464,-0.0002411101844485661,-0.059402565030410366,-0.06676709145136757
12.28,0.34950000000000003,0.0017286702608865449,-0.00608043746690164,0.34866764154680513,-0.0021293773436113312,-0.056701505429071875,-0.07164566053730982
12.34,0.34950000000000003,0.0022231468935492537,-0.005889760193802785,0.34848537556515946,-0.0011070886645753114,-0.05998847931786229,-0.07285215183830651
12.396,0.34950000000000003,0.0025790897253083244,-0.005667457625624612,0.34831289603573995,-0.0003518075035480367,-0.06235102076103536,-0.06840073216342528
12.45,0.34950000000000003,0.0020348062422351717,-0.005700818478949909,0.34853401229783676,0.000245669670531037,-0.06055431847402194,-0.06655792788184257
12.51,0.34950000000000003,0.0018989472781394006,-0.006033099184162177,0.3483117819141191,-0.0024041302124680262,-0.06135315322175741,-0.07413370826034406
12.57,0.34950000000000003,0.0023590005233080826,-0.00539816027062891,0.3486984231651895,0.002262760349881925,-0.06269686723572988,-0.06962609411519816
12.63,0.34950000000000003,0.0021805154877847454,-0.005597535492048277,0.3485343390938135,0.0010544381314816663,-0.0621203722738727,-0.06449975865973118
12.69,0.34950000000000003,0.0017394886266788416,-0.00605300639288814,0.3486111457618012,-0.0020663783188965934,-0.06082197883667333,-0.07358553165629488
12.746,0.34950000000000003,0.0019957873060911084,-0.00584906337680132,0.34846520477361387,-0.0009246869768559575,-0.06115065760950156,-0.07557911492835472
12.8,0.34950000000000003,0.00238110371077477,-0.005189242852915654,0.3484479073846781,0.0023295202236266453,-0.06230512161899249,-0.06634830531061069
12.86,0.34950000000000003,0.0019608116403258694,-0.005640948311130559,0.34857215043172746,0.00039196978322699925,-0.059861497264136844,-0.0660031982786428
12.92,0.34950000000000003,0.0017899294216461193,-0.005759196246066048,0.3484648608788509,-0.000640802614823849,-0.058958704520616065,-0.07518104158395023
12.976,0.34950000000000003,0.002406088885120816,-0.005788579401408194,0.3485644244809509,-0.0005522515536990513,-0.0604183466057262,-0.07293817138410875
13.03,0.34950000000000003,0.0023309974358227733,-0.00571401687018922,0.34856398054002863,-0.00029437433823151335,-0.059527576133755304,-0.06514298947915578
13.096,0.34950000000000003,0.001874179069139191,-0.005880269652499684,0.3485450641306903,-0.001146523565898138,-0.057435230166662875,-0.07043660574122819
13.15,0.34950000000000003,0.0022135248125244606,-0.00595201410690759,0.3482576812515261,-0.002184583809923609,-0.05984245280701897,-0.0766384527479998
13.21,0.34950000000000003,0.002692642307184305,-0.005562580731995375,0.3483440360002558,3.688342938196154e-06,-0.06183729381422467,-0.06689229265908452
13.27,0.34950000000000003,0.002344136599675347,-0.005484135324609224,0.3483126044957456,0.0005358680688536099,-0.06073102488955554,-0.06514037540438145
13.326,0.34950000000000003,0.001820363474679566,-0.005911072728068638,0.3486014598425493,-0.0011155605114053168,-0.059194707726969366,-0.07567464720519679
13.38,0.34950000000000003,0.0021085818416033335,-0.006058151731035936,0.3485995168298459,-0.001988327675769906,-0.060208300119538136,-0.07419497401087082
13.44,0.34950000000000003,0.0025439468654180944,-0.00518116364340399,0.3482855797098642,0.0020909990177451843,-0.06343208236957616,-0.06353203514735158
13.5,0.34950000000000003,0.0018262385541495166,-0.006002349306762575,0.3484211014621661,-0.0022689294015319377,-0.061328393476789214,-0.07037726232582962
13.56,0.34950000000000003,0.0019837882620575,-0.005806159318884167,0.34856821672369503,-0.00028611283125799206,-0.061735794502120946,-0.07730478219956258
13.62,0.34950000000000003,0.0022280282982858825,-0.005437045729115057,0.3487077439511237,0.0016472234536068372,-0.0631734986600183,-0.06567406441134833
13.68,0.34950000000000003,0.002037656266480062,-0.005695959964412088,0.3485414029515724,0.0003610440182375476,-0.060995962085003116,-0.06447772597922352
13.74,0.34950000000000003,0.0018530188690664606,-0.006105404445815236,0.34850838682015545,-0.0018969742328001505,-0.06029972867011568,-0.07657098535473637
13.8,0.34950000000000003,0.002323198960580616,-0.005617452440478693,0.34826761667448614,-0.00023706623232358368,-0.06256068954281481,-0.07069958975220561
13.86,0.34950000000000003,0.0024538087726383,-0.005647507543457435,0.34855792935683877,-7.667169281785819e-05,-0.06151563293823037,-0.06413873739125396
13.92,0.34950000000000003,0.001785376036409901,-0.00616299391466039,0.34841744228240723,-0.0036510034754140357,-0.05780294621645987,-0.07331361665154869
13.98,0.34950000000000003,0.0020533168526904837,-0.006192082655201985,0.3484114598959049,-0.0034797535245586477,-0.058521675722811056,-0.07691952892196842
14.04,0.34950000000000003,0.002385383963215603,-0.005179235939562129,0.3485058261156062,0.002445971761011197,-0.060140878275358946,-0.06339372222765467
14.1,0.34950000000000003,0.0021344879435826014,-0.005397541544777721,0.3484421643394248,0.0011831898766640444,-0.060189003894719095,-0.06590551835771365
14.16,0.34950000000000003,0.0021237764328108,-0.006134914205501923,0.34840811405088806,-0.0031876760946966433,-0.06010114019148779,-0.07790053996758645
14.22,0.34950000000000003,0.0022869392976600242,-0.005758426208124181,0.34868301196497664,-1.5346857177147176e-05,-0.06084884684749877,-0.06965479909032585
14.28,0.34950000000000003,0.0021971186349217676,-0.005625049738291093,0.3485214209504495,0.00012085598752020537,-0.06065673905030761,-0.06344056465763447
14.34,0.34950000000000003,0.0018371621786581617,-0.006035815904557303,0.34850186464052735,-0.0023380017775997395,-0.06035855058055603,-0.07508101677704329
14.4,0.34950000000000003,0.0020474220502433417,-0.005799385539359392,0.3483309394384519,-0.000794796879980287,-0.06112445291894765,-0.07411329707740212
14.46,0.34950000000000003,0.0023666039825615192,-0.00559644636155683,0.34853977553735505,0.0007817289709128133,-0.06297744025076979,-0.06431114284689446
14.52,0.34950000000000003,0.002061564183044962,-0.005398970255573445,0.34889954544368973,0.0029752515400419195,-0.06152935821148784,-0.06862779451485423
14.586,0.34950000000000003,0.001991268864816758,-0.005993706115492189,0.3485785033114721,-0.001244368454407636,-0.06046150777261223,-0.07841131822335191
14.641,0.34950000000000003,0.0024331927505084573,-0.005868144086187931,0.3484228415936841,-0.0011831778006849822,-0.061909597733278365,-0.0685456829043642
14.7,0.34950000000000003,0.0023599486238816535,-0.0056223517541406035,0.3482883208573508,-0.00037798950916685876,-0.06202476731502098,-0.06448439418478405
14.766,0.34950000000000003,0.0022358965341868937,-0.006019272670393075,0.3484418449044067,-0.0018688596172236477,-0.06044479649286557,-0.0750619748251399
14.82,0.34950000000000003,0.0021808831818236852,-0.006084932596815626,0.34858312131959557,-0.0025049197721731214,-0.058755503859056195,-0.07358058219269899
14.876,0.34950000000000003,0.0023372817677817714,-0.005329995288032494,0.34843129012119073,0.001136732510561273,-0.060415989507303175,-0.06388040395136436
14.936,0.34950000000000003,0.0022632662158406976,-0.006004441935029776,0.34823721914665895,-0.002646893550644823,-0.060352938739658836,-0.0699039925054782
14.99,0.34950000000000003,0.0022559164067066646,-0.0060006765954655076,0.3482256929256977,-0.002645950291348136,-0.059443455546389176,-0.07604713331167202
15.056,0.34950000000000003,0.002298595684648782,-0.005542022385992894,0.3484949411739727,0.00011701727581005464,-0.060534529286324225,-0.06769110291455094
15.116,0.34950000000000003,0.0022914238573853002,-0.005602722003163987,0.34842798327453184,-0.0003081101973485191,-0.06163315851624675,-0.06586533674005447
15.17,0.34950000000000003,0.0021046898891571506,-0.006087610747094924,0.34876566267466685,-0.0013617023736006832,-0.06145121470981325,-0.07601358846820135
15.23,0.34950000000000003,0.0022445057801234354,-0.005491611179668203,0.3483100117943681,0.000883319287333202,-0.06249239916053087,-0.07096778616075175
15.29,0.34950000000000003,0.002176982710847899,-0.005387872469205253,0.3486135545620246,0.0025684329279581416,-0.06128013170089929,-0.06303581677423552
15.35,0.34950000000000003,0.0020596246881892277,-0.005660738918698113,0.34852378304997084,-0.00012556912502391482,-0.06128152609847353,-0.07220517680339474
15.41,0.34950000000000003,0.0019381860165384678,-0.005914415346635523,0.348618626248565,-0.0008694002488991343,-0.0600068292794319,-0.07449171331510156
15.47,0.34950000000000003,0.002095543535983434,-0.005423229266510513,0.34886660804218644,0.00222771924654433,-0.061239263343127154,-0.06534648151564085
15.536,0.34950000000000003,0.0024206521686256756,-0.005270517416901361,0.34852257583651786,0.002164846729882157,-0.06229553267179262,-0.06769497954717463
15.59,0.34950000000000003,0.002160946310809539,-0.0060292211049301665,0.3484013630882431,-0.0025294186748649706,-0.06082066407474761,-0.07505232907273061
15.646,0.34950000000000003,0.0020022096486000843,-0.005781018945572045,0.3486711442333147,-0.0006629975900373537,-0.05954556444146762,-0.07217429099310611
15.7,0.34950000000000003,0.0022334016069241692,-0.005490497818341452,0.34867456882107745,0.0006796999516889893,-0.05995228561008543,-0.0669077124360498
15.76,0.34950000000000003,0.002301031336348941,-0.0057295619250267524,0.348420904418335,-0.000729986267730621,-0.06085714369758363,-0.07204894977984702
15.82,0.34950000000000003,0.0020738993383168348,-0.006030485264258344,0.34838738862550134,-0.002524800206647191,-0.06042213591239613,-0.07284216641074075
15.88,0.34950000000000003,0.0022149997415055037,-0.005868178929251834,0.3484137692535385,-0.001311290834965206,-0.06053040577929571,-0.06831714936977881
15.94,0.34950000000000003,0.002375963745877471,-0.005593318750578742,0.3485262506277754,0.0004630259199739652,-0.06114340832285773,-0.06942416801555669
16.006,0.34950000000000003,0.0023514792272060284,-0.005676152777775553,0.3484034221014994,0.00020991568457601556,-0.06118607867771154,-0.07268290797530083
16.066,0.34950000000000003,0.002155631959537611,-0.005270402469743036,0.3482978446242638,0.0018370650552061553,-0.061505952408391615,-0.06763524184213975
16.12,0.34950000000000003,0.0021343449123379303,-0.0056988631527092925,0.34843274512480543,-0.0001871326108746162,-0.061729090135380506,-0.06721676352266465
16.18,0.34950000000000003,0.002194449069489008,-0.005773563710848129,0.34862650431672343,-0.00012761096726820908,-0.061350564521677156,-0.0739037575722194
16.24,0.34950000000000003,0.002156618033251814,-0.0053679849586353336,0.34861416479471874,0.0020601386845855514,-0.06093535288798204,-0.0699975091742696
16.3,0.34950000000000003,0.001836892506154857,-0.005684611966225681,0.34851284197942095,-4.1096065109391505e-05,-0.06008700702430201,-0.06638359216999523
16.36,0.34950000000000003,0.0023123485646275635,-0.005801914953277651,0.3483378781157847,-0.0014847281957893982,-0.06265704518265826,-0.07266454294407733
16.42,0.34950000000000003,0.002520008303776991,-0.0059887136427943756,0.3482138283062646,-0.0023024660400506863,-0.06209182665877953,-0.07218407738150887
16.48,0.34950000000000003,0.002089019803657143,-0.005493528767409099,0.34866063494482386,0.0012743253057284389,-0.060247034289288647,-0.066863495293722
16.54,0.34950000000000003,0.001975577108555804,-0.005885951020727977,0.3485994932501022,-0.0014280275774158748,-0.05924665638922411,-0.07208505504880841
16.6,0.34950000000000003,0.002476769401353934,-0.0057163646151440475,0.3484229061265191,-0.0007979568946704276,-0.06094057136527803,-0.07383169975086026
16.66,0.34950000000000003,0.0022629880096499406,-0.005709959356364148,0.34848811869161717,-7.966033814246987e-05,-0.0602987613651234,-0.06807727227762464
16.72,0.34950000000000003,0.0022476816472591413,-0.005588958744083602,0.3484699410803365,-7.461926131684831e-05,-0.06077701506190168,-0.06943314857226054
16.78,0.34950000000000003,0.0022021428670267133,-0.005494228621480146,0.34848281981089946,0.0010237850851363827,-0.059976019246876906,-0.07257609404877606
16.84,0.34950000000000003,0.0022155147016885268,-0.005900245981541644,0.3488691446695966,2.31551758202257e-05,-0.06044394924682539,-0.06967790816022285
16.9,0.34950000000000003,0.0017885142676823326,-0.005465761063477984,0.34730598433126086,-0.0027134463522031776,-0.059807103056934645,-0.06661207808313635
16.96,0.34950000000000003,0.0022606658063686388,-0.005681770392238924,0.3470158522100971,-0.00507308418737093,-0.061779212335634104,-0.07387231606046168
17.02,0.34950000000000003,0.0027481727276357903,-0.005738105830128517,0.34697424615640693,-0.005096848754621046,-0.06447945369097738,-0.07314709517828119
17.08,0.34950000000000003,0.002437503826876615,-0.00530087588485785,0.3472251887713149,-0.0023003799138301712,-0.06295872607845063,-0.06594221301619446
17.14,0.34950000000000003,0.0019185741589088788,-0.005598884612259444,0.34647746101326654,-0.006509529605036451,-0.060234349476480244,-0.07161085843748763
17.196,0.34950000000000003,0.0021831584197037177,-0.005895173563476677,0.34667876123827146,-0.007047343478007056,-0.06175634405946212,-0.07705315124713655
17.25,0.34950000000000003,0.0026684392068278867,-0.005230660017436039,0.3472482147068864,-0.0020897432855242182,-0.06430554856343623,-0.06826301574929461
17.31,0.34950000000000003,0.002222823051957283,-0.005298988436385724,0.34685479165419375,-0.0028027114290762266,-0.05999186739229492,-0.06528966232320604
17.37,0.34950000000000003,0.0015267781495213375,-0.005787971964853311,0.3473163901193922,-0.0060259130624341906,-0.0618153682075084,-0.07520034249858584
17.436,0.34950000000000003,0.0020337116674048602,-0.005476514258875848,0.34751407192697964,-0.0035231496958905025,-0.06362334362226055,-0.07107211816995633
17.496,0.34950000000000003,0.0017355678277350933,-0.005190867129085084,0.34744832375004403,-0.002390112108911334,-0.062706143503586,-0.06324432759352014
17.55,0.34950000000000003,0.0015067345777411121,-0.005824335986540601,0.3474150191680753,-0.005668555346898669,-0.060675221390141566,-0.07169086283425438
17.606,0.34950000000000003,0.0015532157363476605,-0.005907600528389336,0.3472308959055569,-0.006379840021493018,-0.060862981982997555,-0.07490789240713094
17.66,0.34950000000000003,0.0019558637968140275,-0.005391126499116305,0.34759577410604825,-0.0034909915627067264,-0.06298061603589891,-0.0666949838747338
17.726,0.34950000000000003,0.0014246467826495085,-0.005186545726165575,0.34737235806993333,-0.0024481074374782547,-0.06098655527900468,-0.0641313841958436
17.78,0.34950000000000003,0.001411603594899739,-0.005883826300360821,0.3473267955197556,-0.006339245813253539,-0.06178553281848196,-0.07575259526034284
17.84,0.34950000000000003,0.002783700683626407,-0.005915841837261967,0.3467692486161733,-0.006664331412932082,-0.0628817949242992,-0.07318248207421722
17.9,0.34950000000000003,0.0025538172424239107,-0.005736171881673904,0.3469209380729581,-0.005587797529829557,-0.06090260691265195,-0.06538259791625209
17.96,0.34950000000000003,0.002128967843130644,-0.005633864933323851,0.34664553445040336,-0.005833834427938524,-0.05961445495036582,-0.0749370728427457
18.016,0.34950000000000003,0.0024450444610362686,-0.005877848074578768,0.3468563336157903,-0.006042862452698093,-0.06270063166412515,-0.07864383463267965
18.076,0.34950000000000003,0.0028447811346828385,-0.005542266993635779,0.346972624249746,-0.004001485398602111,-0.06356540305079526,-0.06688832333834294
18.13,0.34950000000000003,0.0022777569033000295,-0.005873158816810255,0.34694433511539496,-0.005846423325118654,-0.06087315344591407,-0.06629917411327055
18.19,0.34950000000000003,0.00272823960501615,-0.005939102683936972,0.34638443731533064,-0.007327718270669174,-0.059793684619767695,-0.08044311378724489
18.25,0.34950000000000003,0.0018752382057712828,-0.005332085999226802,0.3476609264006589,-0.0023321161029651216,-0.06293067370050713,-0.07054100647330525
18.316,0.34950000000000003,0.0017880712580572047,-0.004857530816832496,0.3474704977159197,-0.0005542428930663525,-0.06339275612841799,-0.06191288877998648
18.37,0.34950000000000003,0.0013753356706408132,-0.0054949401908064325,0.3473406767683901,-0.004685814350324456,-0.06173838194524153,-0.07207768635705628
18.43,0.34950000000000003,0.001744604085457267,-0.00518671254766847,0.347465582741858,-0.0037186508311379094,-0.06458100617558743,-0.0755945933125249
18.49,0.34950000000000003,0.0011621043854030879,-0.005056033096173372,0.3472603136891723,-0.0059851564137372235,-0.0627048675065106,-0.06426541422872663
18.55,0.34950000000000003,0.0009081451879440864,-0.005408876209705261,0.34745899834567,-0.007716757830879744,-0.06315219507735481,-0.06703572226169759
18.61,0.34950000000000003,0.000850482659502857,-0.004911505134991468,0.3473984080980272,-0.006343303918366971,-0.06512645112384646,-0.07648009607807238
18.676,0.34950000000000003,0.0010175885259494054,-0.004692662987553411,0.3470419261194421,-0.007114053998014375,-0.06902220824420938,-0.06683425396622532
18.73,0.34950000000000003,-9.606700241985329e-05,-0.004204241742637205,0.34740559059351234,-0.005479340199022153,-0.06464288503113547,-0.05451412961614551
18.79,0.34950000000000003,-0.0004894717865047229,-0.004699200558521792,0.3474923506453975,-0.009304706771186784,-0.06779057251365954,-0.07281457139999001
18.85,0.34950000000000003,-0.0004235139404237005,-0.004614651198674626,0.3473605895422244,-0.010811047976835473,-0.0718817831891406,-0.074340349112566
18.91,0.34950000000000003,-0.000904420089038607,-0.0043424032130010915,0.347179719782616,-0.011491315741759982,-0.07376574348034218,-0.06323647093568749
18.97,0.34950000000000003,-0.0019656995727755505,-0.0045021076935720765,0.347109065109691,-0.014314775892296863,-0.07285021947963308,-0.05899902651549063
19.03,0.34950000000000003,-0.0013878027959003283,-0.0038905077191384945,0.3472902304351811,-0.012693856993280595,-0.07814324434998772,-0.0729956991771418
19.09,0.34950000000000003,-0.0018173359378384718,-0.003632473309769628,0.34701355500794145,-0.015400364212875474,-0.0802447040266899,-0.0669032006148775
19.15,0.34950000000000003,-0.003055611551962661,-0.0042197921272954814,0.34702518995614917,-0.021595468682449433,-0.07933618598504702,-0.0652032764989652
19.21,0.34950000000000003,-0.003635968483772744,-0.0038091749961610467,0.3467617042246739,-0.023570983859914723,-0.08140043135794517,-0.07121080951892285
19.27,0.34950000000000003,-0.004724728518817428,-0.002208668882126171,0.3465967768139583,-0.020824881450740757,-0.08265907984259271,-0.07028162750877649
19.33,0.34950000000000003,-0.00636617437704464,-0.0019606189340874267,0.3465765617017591,-0.023773965331645903,-0.08075947287963739,-0.06239555421809756
19.39,0.34950000000000003,-0.006719074949643279,-0.0028575743206570954,0.34648394752086875,-0.032291020199000514,-0.08421039409424676,-0.06995212127007772
19.45,0.34950000000000003,-0.00788400803744606,-0.0011742433497816689,0.34663576879452773,-0.02718302727448886,-0.08296592892523537,-0.06222036317282778
19.51,0.34950000000000003,-0.009463698733481234,-0.0011037234985057846,0.34622925999006327,-0.030782683676825257,-0.08268289681945092,-0.060300785496013504
19.57,0.34950000000000003,-0.01085094160083949,-0.001119549223386394,0.34588602155456394,-0.03459722017299377,-0.08267645490514712,-0.05990875209063956
19.63,0.34950000000000003,-0.010621435524860515,-0.000583488366573596,0.3456656475766177,-0.03723187440423992,-0.0926570879888297,-0.06866771954176332
19.681,0.34950000000000003,-0.012118056790983748,9.238938030682497e-05,0.3456441005237479,-0.0415995035053271,-0.09242587583108967,-0.06131277312025504
19.74,0.34950000000000003,-0.013876455665954952,-0.00011534907760715316,0.3452626361060642,-0.052687913576390605,-0.09687247568672597,-0.06151755649941056
19.8,0.34950000000000003,-0.015321157077510278,0.0006314068584522061,0.3451555468330841,-0.06075665238625821,-0.1045958132354221,-0.06360512241922398
19.86,0.34950000000000003,-0.01682577554478465,0.0016165204792389844,0.34490905619371115,-0.07201214865723671,-0.1156190791321829,-0.06297287915314208
19.92,0.34950000000000003,-0.018245025762593306,0.0025836513190905606,0.34453131420325295,-0.08408466895159576,-0.1269723129244103,-0.06473547284017399
19.98,0.34950000000000003,-0.020404787113025714,0.0029881162680477375,0.3441864381999426,-0.09727688709994997,-0.13459024336074932,-0.06803043586010794
20.04,0.34950000000000003,-0.02294619849924743,0.0038991444262254345,0.34392861182721324,-0.10854201358614138,-0.14133721138383715,-0.06889069021118373
20.106,0.34950000000000003,-0.024177935167841138,0.004097057528126502,0.34378484965708134,-0.12160182248357693,-0.15202137285834924,-0.07756121735148798
20.16,0.34950000000000003,-0.0249447469644042,0.004581959531445825,0.3435377186918679,-0.13296424324459266,-0.1630616525320718,-0.07658642053434354
20.22,0.34950000000000003,-0.027313836542457646,0.005413428647817317,0.34310978977833356,-0.14069072697649793,-0.1609749072433387,-0.06799829979155181
20.28,0.34950000000000003,-0.028735906166996884,0.006563762741409517,0.342517950184724,-0.14022694981048345,-0.1682493183292021,-0.08018383983319306
20.4,0.34950000000000003,-0.03135778519095496,0.006210160401234639,0.34206329070362895,-0.15653145952882563,-0.1714911926491603,-0.0874235360057024
20.466,0.34950000000000003,-0.03224799956384882,0.005052729009919905,0.341937975357903,-0.1725041013286962,-0.1748892526558275,-0.08826111675888684
20.64,0.34950000000000003,-0.035456453485085894,0.007885115510169316,0.3410232179642375,-0.19110755710807828,-0.19535835148017017,-0.10806324566280306
20.696,0.34950000000000003,-0.03635972057567073,0.009442803091304157,0.3405924460962422,-0.19552160078240483,-0.1979642599706356,-0.09260238170331718
20.81,0.34950000000000003,-0.040350540713638,0.007768324645957331,0.34020117601297706,-0.22015140428636093,-0.20049083429846962,-0.1247570512793526
20.93,0.34950000000000003,-0.040595840105753137,0.009660679908191938,0.33952315299403346,-0.22291161120336156,-0.20851164403802985,-0.10937184148470108
20.99,0.34950000000000003,-0.041881742932025665,0.009310943109388358,0.3390826282231458,-0.22264349407596273,-0.20339710419394938,-0.11419968562140034
21.05,0.34950000000000003,-0.043239610444344045,0.010379272229592854,0.3389487438553233,-0.21109254983153153,-0.19709558557747667,-0.12311436356891044
21.11,0.34950000000000003,-0.04394584898726443,0.011112831190769947,0.3385192926918979,-0.2013006206675219,-0.18749831338325307,-0.11156829705932997
21.171,0.34950000000000003,-0.04552214082177638,0.01208652025099658,0.338048536344234,-0.18604562738442454,-0.16686970261721507,-0.09803309297745984
21.23,0.34950000000000003,-0.04508386957623022,0.011879536596661744,0.3377674686448741,-0.17035873741520227,-0.15639786790087046,-0.1116716272935551
21.286,0.34950000000000003,-0.04510341923258036,0.010937479542134018,0.3379306292911487,-0.16203178576453486,-0.14050330640880027,-0.10988594588175109
21.34,0.34950000000000003,-0.04378184445405444,0.011129730986511967,0.3377982760277411,-0.14749592245916204,-0.12492683623461728,-0.08797191627021843
21.406,0.34950000000000003,-0.043027112228729555,0.010331913992145145,0.33767693481764066,-0.13682829663591903,-0.10805425506952694,-0.09364670747030508
21.466,0.34950000000000003,-0.042504644294384046,0.010371885824009417,0.33757027334533335,-0.12247178024255197,-0.09149208290274245,-0.0970203065579846
21.52,0.34950000000000003,-0.044464936519390194,0.011800361114520628,0.33744197942343135,-0.10623345499105688,-0.06694886094076512,-0.07659966504271501
21.58,0.34950000000000003,-0.04511216449507974,0.010829517869273006,0.33704519112000303,-0.1040359622071753,-0.05371665413841904,-0.08675171146190831
21.64,0.34950000000000003,-0.04493006491549217,0.011892452435700246,0.33693456921980536,-0.09624112968319093,-0.048152303405704706,-0.07911764949051316
21.7,0.34950000000000003,-0.04575610808949193,0.012207372840827103,0.33697266144840854,-0.09451549261276974,-0.043562024916642954,-0.068368880651237
21.76,0.34950000000000003,-0.046852464776433705,0.012487976770835062,0.3365273561971801,-0.0914784477131819,-0.03875180101725382,-0.06048810848218437
21.826,0.34950000000000003,-0.04874573050299809,0.014582908084507455,0.336066333035328,-0.07888884498763411,-0.03126605124526597,-0.04156052787951036
21.88,0.34950000000000003,-0.05106873017943178,0.014089980360682574,0.335441082537615,-0.0748225546833036,-0.019546844549128927,-0.051652595063326645
21.936,0.34950000000000003,-0.051816740097550426,0.015040103199433873,0.33513232490925327,-0.060999784390405994,-0.012894166885207224,-0.03775910506141458
21.99,0.34950000000000003,-0.05275015844868265,0.015723166723551944,0.3348258733409247,-0.03954329055790904,0.004204370414789402,-0.011241494487961952
22.046,0.34950000000000003,-0.05392310943931427,0.014764710231745668,0.33456119725679656,-0.024398403620136073,0.02592119693521763,-0.0077990328419038895
22.1,0.34950000000000003,-0.05364581104614508,0.014672563371461157,0.3344584214642602,0.00473681036134513,0.05054067969819692,-0.007257611546996657
22.156,0.34950000000000003,-0.051654460729235095,0.013068529841397808,0.33479649974503267,0.021113188205069442,0.06670944724117309,-0.01694423285610118
22.216,0.34950000000000003,-0.050281324009822666,0.01108261785914429,0.3353182553485433,0.03401085168608036,0.08840045068756967,-0.01826675010898119
22.27,0.34950000000000003,-0.05131257175220254,0.01035679124274115,0.3351253140917998,0.050179101178119905,0.120894907939985,-0.01594040356576208
22.331,0.34950000000000003,-0.051597300447181894,0.008692461970970296,0.3350412263669656,0.05137922758307946,0.14130070445103213,-0.01170971897661102
22.39,0.34950000000000003,-0.050004233201313426,0.009856093388255348,0.3355014181797754,0.061763750657830324,0.14745649874376643,0.0076958744173232395
22.45,0.34950000000000003,-0.049544733135593454,0.010192298422870038,0.33577463868768487,0.06233875215880494,0.15305067430876437,0.01638238295635492
22.506,0.34950000000000003,-0.0505741162970527,0.011616651440564566,0.33567179467355496,0.07009500366399928,0.16488713132979413,0.033888403255267124
22.56,0.34950000000000003,-0.054104357224449194,0.012343952679721118,0.33488138196945477,0.07605703488984132,0.18864948828897238,0.04855520096733284
22.62,0.34950000000000003,-0.055473368124509016,0.012228049189977316,0.3347183904767479,0.08715587307077881,0.2076082162932918,0.06062915274889665
22.68,0.34950000000000003,-0.05308785612970936,0.01229322356573607,0.33488855891438135,0.11288172063861594,0.21983266988856145,0.07833590114961082
22.74,0.34950000000000003,-0.05063253116067505,0.009435375730091938,0.3358820584096436,0.1279052008708068,0.23714994396120062,0.061017447230632835
22.806,0.34950000000000003,-0.047723308733334434,0.008310170032894349,0.33631977997014817,0.15545514901971513,0.2522299971526519,0.0553666303993723
22.86,0.34950000000000003,-0.04573505795851668,0.007661640154400344,0.33686642055553623,0.1847345740485837,0.2703848379332591,0.05159255028563383
22.92,0.34950000000000003,-0.044795393764894297,0.006943207825440529,0.3371961613373448,0.21219060778489235,0.27731317593020854,0.04449493333203544
22.98,0.34950000000000003,-0.04302070670110853,0.005541969077319477,0.3372513885206112,0.22357395480272127,0.29853483249166823,0.06709105759787862
23.04,0.34950000000000003,-0.04331816424391369,0.007679420117065831,0.3375539188579964,0.2541050118495293,0.3160332569626861,0.10193138931645876
23.1,0.34950000000000003,-0.0450930925201835,0.0073781346483770835,0.3375502359092793,0.261062406845868,0.3428697363863562,0.08735560229030306
23.16,0.34950000000000003,-0.04370179504505664,0.009342243077454529,0.3382086810509857,0.28028803514687317,0.3476679460114481,0.10233208951166878
23.22,0.34950000000000003,-0.04152845735959034,0.008792240090344806,0.3383452873062714,0.2820595031032737,0.351632539959233,0.10225412555430248
23.276,0.34950000000000003,-0.042701750331467905,0.00881662453576958,0.33795808376097985,0.28593947133136083,0.3694696623638808,0.1164689075101754
23.33,0.34950000000000003,-0.04300298345317669,0.008102439338103515,0.33797913073358743,0.2895979553956075,0.3854479837324584,0.11728075201577798
23.39,0.34950000000000003,-0.042299479643359894,0.009432447268321282,0.33828393036513177,0.3104985591581728,0.39843093306838034,0.13947005784566763
23.45,0.34950000000000003,-0.04119682142543293,0.008058038715075006,0.33827292253736885,0.3149807362786442,0.4130445595390432,0.13919475272461979
23.51,0.34950000000000003,-0.039985736338951826,0.008611362325297857,0.33882440472204,0.33506128678197566,0.43037126049666014,0.14119701718560335
23.57,0.34950000000000003,-0.037827987082988186,0.007689297895611182,0.3395360039149652,0.34612763646081357,0.4445789386376025,0.12615131331167775
23.63,0.34950000000000003,-0.03709968034666442,0.009011011380431078,0.3399010086474011,0.37644976204002684,0.4641184986130113,0.13831140372973608
23.69,0.34950000000000003,-0.03640199232429067,0.0074321676147460205,0.3403103220647392,0.38512104155070065,0.4862759211647687,0.11775846498969653
23.75,0.34950000000000003,-0.03485218276037951,0.007529554612614362,0.3403136486381392,0.4061073011098721,0.49532264420957617,0.1311363747504668
23.81,0.34950000000000003,-0.03356802088843604,0.0070632022152287526,0.3403670252108285,0.41375835476724365,0.5066023009110651,0.1191635940019145
23.87,0.34950000000000003,-0.03217014984843682,0.007466145948731664,0.3409781121565808,0.4236269223605774,0.51369897287542,0.11203175357055288
23.921,0.34950000000000003,-0.030229757536498154,0.007447363322548553,0.34114536015769736,0.424614919217426,0.5085572251779049,0.11245958209745527
23.98,0.34950000000000003,-0.030559883700372655,0.00791671914473169,0.340884298548474,0.4205681617666612,0.5129514295477503,0.10544611834839017
24.04,0.34950000000000003,-0.03170031785065164,0.008596457922361392,0.34100620611705473,0.4213696902931254,0.5106050757915558,0.12432374698978027
24.1,0.34950000000000003,-0.03330904470653988,0.00694647402712407,0.340937897892463,0.408199275620714,0.5118134223724736,0.14209022537661123
24.16,0.34950000000000003,-0.03414326517361208,0.0059327143735628364,0.34075288754452887,0.399562122245775,0.5118069415345512,0.15384698867326252
24.22,0.34950000000000003,-0.03290627511153847,0.007411754934438471,0.3408784206704087,0.4119430558169432,0.5032936905422412,0.16946765538755787
24.28,0.34950000000000003,-0.03423709709552758,0.007150268802089288,0.3405347877457013,0.4127655956123338,0.520434273991238,0.1500547338034051
24.336,0.34950000000000003,-0.03306461876543726,0.007646910605160965,0.3409436723182446,0.4225112210291456,0.5257375153234403,0.13997655029890269
24.39,0.34950000000000003,-0.03058599978845477,0.00866025003157476,0.34139624283061953,0.44232119304672995,0.5260471730769833,0.13868772912138747
24.446,0.34950000000000003,-0.029869383490973775,0.008020115633403239,0.3413345265823168,0.4454887452403046,0.5380736605977047,0.11708660443564278
24.5,0.34950000000000003,-0.029000860814426415,0.008362899177185574,0.34155178487384724,0.4586566392020498,0.5428197128571708,0.11678809439957341
24.74,0.34950000000000003,-0.030364346751416846,0.00860650376403173,0.3418721580633502,0.448941575194103,0.5307425961153789,0.12143923255833737
24.8,0.34950000000000003,-0.03222283939424488,0.007698850071132649,0.3407104388191032,0.4321393560996095,0.5211005271889056,0.13589125257000628
24.856,0.34950000000000003,-0.032793553888596526,0.00772213298216962,0.3406698143127442,0.4265532765993463,0.5158931340579476,0.14542408132301696
24.91,0.34950000000000003,-0.033501032381829395,0.007722865821880182,0.3407962337080271,0.419779615009242,0.5132699354845356,0.15289980054918428
24.97,0.34950000000000003,-0.03369878910952274,0.007928319828952375,0.3408465879336497,0.4176110204323236,0.5143101830514372,0.14913510277370037
25.03,0.34950000000000003,-0.033142113032372064,0.008168050571127884,0.34119589498228586,0.41979205152792715,0.513811118936478,0.151132092899036
25.21,0.34950000000000003,-0.030576019763002945,0.007348803481206135,0.341541891468682,0.4244047280680624,0.5196990331412158,0.12174240866054473
25.27,0.34950000000000003,-0.03019305118425621,0.007597020349066184,0.34174266814849585,0.4274003237618058,0.5174374827002228,0.11587914896034006
25.33,0.34950000000000003,-0.03113648665382782,0.007509145601062448,0.3418773855740312,0.42694619727475475,0.5181495979822602,0.11712000286942659
25.39,0.34950000000000003,-0.03172462899352935,0.007234399001457644,0.34189175746668576,0.4245176441192564,0.5133326246831089,0.12243045176851276
25.446,0.34950000000000003,-0.03197768432697695,0.007473040398231222,0.3418664177156505,0.4236003518973179,0.5096848091149961,0.12339240338174967
25.5,0.34950000000000003,-0.03249846447107851,0.0074283052360592594,0.34155741744931273,0.41732273549892573,0.5049331880236432,0.12062698375175757
25.56,0.34950000000000003,-0.032958240607239925,0.0066995465215144625,0.3416697895693241,0.40584204085069525,0.5025883167219878,0.11826210028802829
25.626,0.34950000000000003,-0.033122252531733315,0.007505241250932745,0.34200938088928257,0.40433960046103895,0.4969283290932905,0.12004598639605374
25.68,0.34950000000000003,-0.03303519135861394,0.00707404772011256,0.34177978763045835,0.39370591319324694,0.4933942924986233,0.11362844626364578
25.74,0.34950000000000003,-0.032938150822884184,0.009068502881508553,0.34184018474683137,0.3992190090786592,0.4893276076325618,0.1145714913736317
25.806,0.34950000000000003,-0.033178930121461774,0.008878962142247678,0.3419454547410526,0.39147142826465714,0.48412512589022694,0.11601292879444063
25.86,0.34950000000000003,-0.03389930016216643,0.009187435889475107,0.3422447320266943,0.38868012076498737,0.481106609564345,0.12248080240072776
25.92,0.34950000000000003,-0.03451656804496135,0.008808335948346182,0.342149066552426,0.3795970745250127,0.4785600756227862,0.1173927113681742
25.98,0.34950000000000003,-0.03422979810715647,0.009158126716066379,0.3424325007903095,0.3759001831622143,0.4691065768833133,0.11677389263576947
26.04,0.34950000000000003,-0.03306577493943383,0.007490677587478922,0.3416641777702995,0.3545846875582686,0.4535407116475824,0.09801147611646135
26.1,0.34950000000000003,-0.03221427641265139,0.008183202136693773,0.3417995888757273,0.350405960958035,0.4339752167791444,0.10155336706913537
26.16,0.34950000000000003,-0.032180676404686324,0.006055563747780076,0.34177895581893486,0.3245101832027309,0.41784036095168564,0.08896835375445798
26.22,0.34950000000000003,-0.03234576739288534,0.006217152152785713,0.34300647679392093,0.3153245736438244,0.4007577110886807,0.08842894775144164
26.28,0.34950000000000003,-0.03213136009260077,0.004866122156252126,0.3419690220049094,0.2933531111574939,0.3702781885642904,0.09611005369422214
26.34,0.34950000000000003,-0.034609350666139994,0.004144366738053675,0.34170506134081885,0.2740982412577838,0.35226573182164206,0.10475816355720792
26.4,0.34950000000000003,-0.03526239327086405,0.0026722712058980767,0.3414135853411228,0.2495585865546854,0.3324242337827393,0.09226394198149862
26.466,0.34950000000000003,-0.03332389208016811,0.0037178884200408935,0.3417219976642726,0.2451947456319224,0.29728614428188604,0.10332302196860683
26.52,0.34950000000000003,-0.03441226168808607,0.004559845771165243,0.3420392386773162,0.23880002721201696,0.28243448698023776,0.08200973712721973
26.58,0.34950000000000003,-0.035489057845169085,0.004180253543713897,0.3415675969951106,0.23319215207085553,0.27793591943850765,0.07689158825140678
26.64,0.34950000000000003,-0.03477990316004498,0.0031393960025320926,0.34217216668232014,0.2292270996831431,0.2743059839998417,0.07507526411038107
26.7,0.34950000000000003,-0.031777191425830485,0.001416634326162338,0.34283237321977555,0.22284912737191567,0.26440462032179357,0.06629980738683042
26.76,0.34950000000000003,-0.031072029349163848,-0.0002448210361300985,0.3427059020320931,0.21257101490497815,0.26468944732770927,0.0388607162791405
26.82,0.34950000000000003,-0.030334040744211022,0.00012867838281192972,0.3431085004880487,0.2126661275538824,0.26704392401339405,0.024084261384178386
26.88,0.34950000000000003,-0.029049579464403535,0.00027817054844157433,0.3431568412565526,0.20967475310093936,0.26425253730267645,0.028470862572286378
26.94,0.34950000000000003,-0.027102709017531385,-0.001403039103615197,0.343446692704613,0.19247151919074576,0.25448804367750294,0.03263016558711077
27.0,0.34950000000000003,-0.026216618758042008,-0.0010732417179618447,0.3434421960770296,0.18099340271576606,0.24434250591791554,0.04468569424334224
27.06,0.34950000000000003,-0.027866841417375415,-0.000605363716633307,0.34335859090002646,0.16489755564355926,0.2422165491515833,0.03265454990649267
27.12,0.34950000000000003,-0.027289169827916775,0.0005054333069390077,0.34319225001973613,0.15498309448522138,0.22682012020786482,0.02807060600052698
27.18,0.34950000000000003,-0.02606769381921535,0.00028611117988061585,0.3434572048249234,0.1413619594080571,0.20692369848954079,0.025844449466530424
27.246,0.34950000000000003,-0.024995690778179525,0.00024284629781245746,0.34359393401077104,0.1316536452343875,0.1837187403616871,0.02410771008283556
27.3,0.34950000000000003,-0.0258119242745813,0.0013418453575558464,0.34390483506221176,0.12925707217516177,0.16464439627865918,0.02285087425500005
27.36,0.34950000000000003,-0.026976357433015033,0.001569474150615058,0.3430822776197459,0.12188015541075273,0.15116772136174506,0.0028661437509509835
27.42,0.34950000000000003,-0.029679118104767324,-0.0035358509813340753,0.3437367822687023,0.09255712489206684,0.15270802633350822,-0.004485288697868846
27.48,0.34950000000000003,-0.022160016356649808,0.001468214787124952,0.34413791111866165,0.11997502344116483,0.09894862716484407,-0.006042153006872904
27.54,0.34950000000000003,-0.024998543969287523,-0.0008639074123327374,0.34407006222294073,0.10278562509531831,0.09791108172568012,-0.017373631409257784
27.6,0.34950000000000003,-0.026642997724986517,-3.4984046407695086e-05,0.34378013528349816,0.09911449855039102,0.08979295745769224,-0.027287790037566
27.66,0.34950000000000003,-0.02605253046770527,-0.0004696163437243895,0.34420952513599434,0.08809343873766638,0.07498918024467746,-0.032320332023889044
27.716,0.34950000000000003,-0.026309201787963112,-0.0017039891399255305,0.34419564795717905,0.07000737290324847,0.068991862852668,-0.03623860047385981
27.77,0.34950000000000003,-0.028916120137908757,-0.003943077402331478,0.34338766361698914,0.03934788282063192,0.07181221036941969,-0.047617644585475495
27.83,0.34950000000000003,-0.02366659351287789,0.002103645061045995,0.34390863773233926,0.05288046575662728,0.027928584073658183,-0.046333242798135936
27.89,0.34950000000000003,-0.02332791384187332,0.0034987730892296763,0.3440175897102764,0.03557478912848886,0.009064996833807211,-0.04609059478929318
27.95,0.34950000000000003,-0.02566119264370638,0.0013344227781777996,0.3435063267613699,-0.0029806665420301463,0.007550986058570413,-0.0606421973034597
28.01,0.34950000000000003,-0.026248441469847568,0.000995859904223795,0.3435312621974092,-0.029812819029529355,-0.009331562822300679,-0.060116238346019424
28.07,0.34950000000000003,-0.021958264178105244,0.009126596231672113,0.3432867418485727,-0.006702254139104444,-0.06099964356259808,-0.03637017343315173
28.13,0.34950000000000003,-0.026572062012317096,0.007141403129721277,0.34313076978768603,-0.0378588473754857,-0.06558633744996113,-0.058260313030139524
28.19,0.34950000000000003,-0.03011846652327751,0.004661812320000938,0.34246335734916733,-0.0703256689170185,-0.06995664224549554,-0.06383424981671533
28.25,0.34950000000000003,-0.028965088703856594,0.005925035314545045,0.34260495869438745,-0.07556707912155376,-0.0978570931215714,-0.05575079906333945
28.31,0.34950000000000003,-0.030342067277151337,0.00505069281983017,0.3423017276628115,-0.08718039151849129,-0.11352078032702786,-0.06264175796301892
28.376,0.34950000000000003,-0.031661416930797784,0.004626855189535231,0.3418553610154973,-0.09669266790051627,-0.1259618185899432,-0.07229737937114711
28.43,0.34950000000000003,-0.03238853951358177,0.005491244388624601,0.34204396065202464,-0.09754413135692495,-0.1403472687693525,-0.07690767721342166
28.49,0.34950000000000003,-0.032803292034637915,0.005078287374814413,0.34185910026611516,-0.1052297130547342,-0.15142951825462256,-0.08158717843988746
28.55,0.34950000000000003,-0.03478174519958162,0.004638082582481316,0.34114228341328434,-0.11779223036566215,-0.15664229366924323,-0.08517691356614208
28.61,0.34950000000000003,-0.036590358292384925,0.00404587949786495,0.3408216798109181,-0.13688130072636712,-0.1610244253832707,-0.09286158042069868
28.666,0.34950000000000003,-0.03693605390765462,0.005286603563092987,0.3407124258384387,-0.14643864529507442,-0.17100193847512435,-0.10356676857744153
28.72,0.34950000000000003,-0.03701530297438039,0.006257079526673724,0.3405008221325012,-0.16518873098907347,-0.18479797451448557,-0.10986519482549946
28.78,0.34950000000000003,-0.040124501825544494,0.006121672200638207,0.3396002200981217,-0.19471583266492562,-0.18718531932584914,-0.11319104694742571
28.84,0.34950000000000003,-0.041163895309601364,0.0064529077469336876,0.33957775819543284,-0.21878978459214676,-0.20194997477666146,-0.13635964321949606
28.9,0.34950000000000003,-0.04238292356802711,0.008283475212666234,0.33944053212507674,-0.23747995032101682,-0.2173969996796676,-0.15146957979054707
28.96,0.34950000000000003,-0.043587250106388975,0.00946846448934782,0.33937493542815905,-0.25907782757583864,-0.2303242664053587,-0.15067471220804454
29.02,0.34950000000000003,-0.04576243701221652,0.0061335141007129845,0.3388298905051455,-0.30461899507180046,-0.2355520343199816,-0.15936260992827106
29.076,0.34950000000000003,-0.04636150280112281,0.006658092974156874,0.33876640821374615,-0.3137691597899796,-0.24760393737854222,-0.17300379549277348
29.13,0.34950000000000003,-0.04690729710243527,0.006876628930936414,0.33880294710315484,-0.3223926279994835,-0.25907470661985094,-0.18347562795980987
29.19,0.34950000000000003,-0.046706018643063195,0.0074032561228109875,0.33831314643373783,-0.3259676437030787,-0.2677187319710473,-0.17184105918444503
29.25,0.34950000000000003,-0.048181445548679445,0.006450272206974085,0.33814393662032133,-0.3281758167474213,-0.26757992826922256,-0.17238526629035061
29.31,0.34950000000000003,-0.04886850232770385,0.005330062861665891,0.33826119421140793,-0.32282662096158754,-0.27081480918546014,-0.19431683239076003
29.37,0.34950000000000003,-0.04883942299837573,0.006601038792057029,0.33776978909177297,-0.30889348102239256,-0.27076790344845814,-0.18587562278340267
29.436,0.34950000000000003,-0.04787621358357263,0.005890130698560476,0.3381934806207062,-0.3045203151969609,-0.2706552588318553,-0.17642065388763814
29.49,0.34950000000000003,-0.047799963862592415,0.004186928543078735,0.3380485363080591,-0.30843382320389445,-0.2692167380179329,-0.18498372800385285
29.556,0.34950000000000003,-0.04791212273327646,0.007219217425196748,0.33744545271333876,-0.29230352716745434,-0.273707365901107,-0.18139811417084697
29.616,0.34950000000000003,-0.04842214842869898,0.007662100895766359,0.3373296823301655,-0.29603255683606966,-0.2775552238725693,-0.1881289402106376
29.67,0.34950000000000003,-0.04904811355889711,0.007320492746245114,0.33732189211079944,-0.30840560935694034,-0.282303355359896,-0.2001998647163725
29.726,0.34950000000000003,-0.0487470100347481,0.008439383556965867,0.33738018243648676,-0.31591767690060013,-0.28876564502388663,-0.19768922628692828
29.78,0.34950000000000003,-0.04802247042050828,0.00945267491670229,0.3377914519221353,-0.32706839821442435,-0.30272205691495485,-0.19628179935684378
29.84,0.34950000000000003,-0.04825998208433072,0.009282444018129346,0.3375637303781034,-0.34232582822381036,-0.3081725069595674,-0.20554396127000138
29.906,0.34950000000000003,-0.04804874180862372,0.010118932963834404,0.33780238831708054,-0.3470368470914976,-0.3102315363079476,-0.2024938680167974
29.96,0.34950000000000003,-0.04681692424791822,0.010699908194514366,0.3375495881483315,-0.3473942668133694,-0.3116698660512509,-0.19657734007930613
30.016,0.34950000000000003,-0.04761261341296186,0.009748508538091465,0.3375428414905634,-0.3478532285998906,-0.30232323960072294,-0.20066270770719188
30.07,0.34950000000000003,-0.04847540371274999,0.009453847628871321,0.3375875276742114,-0.33607532255031053,-0.29513230415688363,-0.22129093911607697
30.13,0.34950000000000003,-0.04835486399967903,0.0085042095329785,0.3376295980461751,-0.3280993907317983,-0.2901867165047859,-0.2299331314343477
30.19,0.34950000000000003,-0.04801861867590202,0.007711718027074741,0.33748817979762835,-0.3261911560873326,-0.2776944156004066,-0.2106574575902162
30.25,0.34950000000000003,-0.04721469623546851,0.00798031981207927,0.33720139895173395,-0.31888258638919464,-0.280314705020435,-0.20271703818431977
30.31,0.34950000000000003,-0.048086241910452306,0.0072414124629988,0.3369703957617331,-0.31692830232131336,-0.2821983617325551,-0.21542536338137677
30.37,0.34950000000000003,-0.04850410251688183,0.006980233885333051,0.33763412428413486,-0.32018895834612715,-0.28091969083883134,-0.21109289881505836
30.426,0.34950000000000003,-0.048024297674647796,0.007653074837163242,0.33774753409305014,-0.31992932328324497,-0.28798388246014484,-0.20245174830536464
30.48,0.34950000000000003,-0.047229956193798474,0.007403177801525996,0.3373349264240984,-0.3273023696083258,-0.30341874860302565,-0.20182644681831172
30.54,0.34950000000000003,-0.04752632193794117,0.008397334690762762,0.33747637334003194,-0.3296711446209229,-0.3075615759710261,-0.19518601246861714
30.6,0.34950000000000003,-0.04641867958881491,0.008987999718312288,0.33779504881649897,-0.328371027333389,-0.31430446605348683,-0.1973450682422155
30.66,0.34950000000000003,-0.0472547088251211,0.008483893873143753,0.3378104378223829,-0.33344495316708206,-0.3079370903618486,-0.19506068617649447
30.72,0.34950000000000003,-0.04713987232857723,0.009267869714663158,0.3377688083227058,-0.3267085355288341,-0.30565230081788053,-0.197255037201541
30.78,0.34950000000000003,-0.047132798034418076,0.008389916600056451,0.339382864338293,-0.31956365955112376,-0.2973053302322799,-0.21117589849909052
30.84,0.34950000000000003,-0.04886772110417855,0.008095643537057915,0.33713841888091217,-0.3263714374869604,-0.28447560785353654,-0.2153475988137586
30.9,0.34950000000000003,-0.04841212746521348,0.007504460435950949,0.3392670875232896,-0.32279231589010393,-0.28196078479762826,-0.21720241516478178
30.96,0.34950000000000003,-0.04815102993005449,0.007290976903541808,0.33894514559593936,-0.3274681386243163,-0.28256374867225276,-0.21642428217062398
31.02,0.34950000000000003,-0.04781654418536271,0.0071436117330061525,0.3389512296168974,-0.3324195793929478,-0.2829409268721668,-0.2139176743990629
31.08,0.34950000000000003,-0.04567741230383463,0.00794479821206946,0.3396231070662879,-0.32859125119868626,-0.2968130366135652,-0.21113948910787486
31.136,0.34950000000000003,-0.04587175241843346,0.00772177655076734,0.33977414076896884,-0.33160196621332977,-0.29602795260990517,-0.20554054256226076
31.196,0.34950000000000003,-0.04562476971924574,0.00858054424687076,0.3375539020583786,-0.3333859769791934,-0.2991804794217809,-0.20139651472509987
31.25,0.34950000000000003,-0.045169713603683256,0.007480516536267819,0.34007264113444374,-0.32399310590954083,-0.29655414553032217,-0.20447920444663684
31.31,0.34950000000000003,-0.0452886914731207,0.007448292260716599,0.3397355125123037,-0.31878035811492544,-0.2920210188036839,-0.2016776646812999
31.366,0.34950000000000003,-0.046418490188215984,0.006537159551847577,0.3376010304076229,-0.3244857296712415,-0.28462529999147024,-0.20922187642700263
31.42,0.34950000000000003,-0.04633411154512088,0.006469912678343061,0.3373704581106161,-0.3205076664382979,-0.28316240573895113,-0.20743568260382925
31.476,0.34950000000000003,-0.04516716578862197,0.006767743947333359,0.33968874382293535,-0.3090835397129222,-0.2812129214633586,-0.1961628420637767
31.536,0.34950000000000003,-0.04498758920232907,0.006663236918469048,0.33983082691332145,-0.3076030304024135,-0.2811021979213517,-0.19665057303265496
31.59,0.34950000000000003,-0.045000027799192405,0.006393712869867098,0.33986860045225153,-0.3100983791924633,-0.28107915954110835,-0.20295810587595353
31.646,0.34950000000000003,-0.04513386118978326,0.006548366578713657,0.33794214117147825,-0.3197509660600801,-0.28382914998246045,-0.2014166536350758
31.7,0.34950000000000003,-0.04419962108484237,0.006438611248050879,0.3377574559449133,-0.32504615910918894,-0.28435102065730805,-0.1961145201292021
31.756,0.34950000000000003,-0.04404923980786766,0.006512118207371594,0.3378871735362228,-0.3261934494068376,-0.28278808477623196,-0.19438142280883494
31.81,0.34950000000000003,-0.04413247463752212,0.0063439147898603125,0.33795433267041325,-0.32564935297999287,-0.28239313181336617,-0.2029676554156581
31.866,0.34950000000000003,-0.04410203847225637,0.006001831526292981,0.3378363218515295,-0.32715475499712465,-0.27970981978961146,-0.20542194487860332
31.92,0.34950000000000003,-0.04369925898049377,0.006816905393693674,0.33807765302687864,-0.32136171694738797,-0.27647892273319197,-0.19492428339924697
31.986,0.34950000000000003,-0.04376598547525822,0.005858682598371146,0.3381550928454048,-0.32165388627891683,-0.27385465686992433,-0.2046610563459249
32.046,0.34950000000000003,-0.04378416966287946,0.005537603551097239,0.3381429556048677,-0.3206039891753467,-0.27343169834875025,-0.20727360810647655
32.1,0.34950000000000003,-0.04385591159032619,0.00577153466845373,0.337982404534638,-0.3205182850021081,-0.27210975059651127,-0.19901000060717694
32.161,0.34950000000000003,-0.042666232148753085,0.006002519197257452,0.33832258991456704,-0.3175100269652949,-0.2774624154032508,-0.19339103996073728
32.216,0.34950000000000003,-0.04190779175952257,0.004897572821924443,0.34005515900267247,-0.3150767343433415,-0.27630938345915645,-0.18769208977270907
32.27,0.34950000000000003,-0.041646448578023826,0.005241529943589957,0.34019840131381385,-0.3100867836078477,-0.27526975795345954,-0.1803893299140858
32.33,0.34950000000000003,-0.04169875895784851,0.005461052488984134,0.34055437205440203,-0.30087676866236596,-0.27278033505898097,-0.18311997850102713
32.39,0.34950000000000003,-0.04111405175015446,0.005308896893846639,0.34051884972787466,-0.29520392717253086,-0.27092499841353396,-0.18118952662407375
32.45,0.34950000000000003,-0.03974576619394129,0.004989606901417011,0.3405344162655162,-0.29132563328656474,-0.2713125853536634,-0.17380342692951772
32.51,0.34950000000000003,-0.040308114556466566,0.0017951057425773071,0.3405451498782908,-0.30695195188927127,-0.2581560205154902,-0.17750961394270473
32.57,0.34950000000000003,-0.04069432393484572,0.0015962127694752943,0.3402729526492587,-0.3042076453163844,-0.2507557889888023,-0.18084754945116988
32.63,0.34950000000000003,-0.04021679067779435,0.001198708733491636,0.3407723455846363,-0.3012940642916896,-0.25116298437486106,-0.19086956378313338
32.69,0.34950000000000003,-0.038615579450593754,0.0036832782729383567,0.3409369398208553,-0.28474639959612486,-0.26004728747726813,-0.19231723344759322
32.75,0.34950000000000003,-0.0374062307430801,0.003970670041102618,0.3410456420156542,-0.2872661336322705,-0.26730549811475984,-0.18626109042523395
32.81,0.34950000000000003,-0.0371161881319256,0.004652037661586002,0.34093439635475925,-0.2917595001258412,-0.270681853414709,-0.16175036972429965
32.87,0.34950000000000003,-0.03962622815915085,0.001987662878006699,0.34067464996786984,-0.3122865489044683,-0.2572569832354553,-0.16758102961609833
32.931,0.34950000000000003,-0.03992464762197082,0.0016208023583777782,0.33899470684576793,-0.3160623696619518,-0.26106403784589366,-0.1892783738823646
32.99,0.34950000000000003,-0.039583789193737874,0.0014508560625330934,0.341182567664466,-0.3065699870082784,-0.2538687305223524,-0.16919262098388455
33.05,0.34950000000000003,-0.03914446482372391,0.0015876537823335604,0.3410825876157539,-0.29944693166583386,-0.2515732997140333,-0.17105616016097067
33.116,0.34950000000000003,-0.03835565517574534,0.0029948748954561804,0.3409677190010868,-0.28025306154350194,-0.2609585207254491,-0.19037386707452347
33.176,0.34950000000000003,-0.03911333339367489,0.004032872633164465,0.34022467110867183,-0.27789391461540947,-0.25631117663113834,-0.16404020833350563
33.23,0.34950000000000003,-0.03773965090159765,0.0028954640613128757,0.34076571543627665,-0.28210696758956194,-0.2644535358543919,-0.16795117288877134
33.286,0.34950000000000003,-0.03897748628191835,0.0015693918677883094,0.3409632261409738,-0.28919016057951813,-0.26026111930545454,-0.1724992306058627
33.46,0.34950000000000003,-0.03412037809154218,0.004296148653229167,0.3416089559195876,-0.27408853506032654,-0.3221725659744071,-0.17679096290154808
33.52,0.34950000000000003,-0.034486156073102396,0.004439853463348118,0.3415914132972324,-0.27518935335983846,-0.3360533440166076,-0.16484134561825117
33.58,0.34950000000000003,-0.03449484395618879,0.0035263127084384674,0.34163638939840685,-0.2741959941091992,-0.3536981011813832,-0.18036389126175079
33.64,0.34950000000000003,-0.03376758004138876,0.0039671208991035,0.3414393786963026,-0.2681325886727206,-0.3725647003955761,-0.17740846744422037
33.7,0.34950000000000003,-0.0332312772409801,0.003950952788320921,0.3417200002686706,-0.26669588636059616,-0.39211655333650935,-0.15864008623307557
33.76,0.34950000000000003,-0.03281470414307627,0.004659603189832462,0.3420401809093371,-0.25736288224067594,-0.4130368267258924,-0.1577965928932747
33.82,0.34950000000000003,-0.03292954501101593,0.004516420028437999,0.3422012494987338,-0.2498092860678011,-0.4303137946049844,-0.1647582089969059
33.871,0.34950000000000003,-0.03165709913202197,0.004514909989931913,0.34179515582715153,-0.24763467832675415,-0.4474768400178964,-0.15670295733848508
33.93,0.34950000000000003,-0.03015329087756793,0.004670312453528044,0.3421915874484267,-0.2437749747882463,-0.47044560360949583,-0.15347464334264302
33.996,0.34950000000000003,-0.02887384423150674,0.005635940759236169,0.34273680298726933,-0.23816924734135755,-0.4944632085577502,-0.14063805236048993
34.05,0.34950000000000003,-0.029289293323893368,0.006331090406892783,0.34264106395255955,-0.23649052094104533,-0.5108928089769994,-0.12561012586432116
34.11,0.34950000000000003,-0.0303296487700505,0.006007622407221714,0.34271099664177407,-0.23132412950246936,-0.5231050940259363,-0.14403299449444262
34.176,0.34950000000000003,-0.02870490496992853,0.0057884772365780325,0.3425462256099168,-0.22944586881116066,-0.5424010351913877,-0.1482695316915043
34.23,0.34950000000000003,-0.025292487180583516,0.0057252003365947735,0.34324550013108895,-0.23153107849960375,-0.567201545093132,-0.14472277198816128
34.29,0.34950000000000003,-0.02432900061556906,0.007195420751587807,0.3432975952604016,-0.23155479663100487,-0.5861532745811776,-0.12817978642966896
34.35,0.34950000000000003,-0.024443025409155463,0.007169250517122622,0.34369743098510586,-0.22917025239394695,-0.5990215331593023,-0.13869902493489444
34.416,0.34950000000000003,-0.02250725709701013,0.006082286999658778,0.34358312316633116,-0.2293105280414797,-0.6270825734181571,-0.15087160073126452
34.47,0.34950000000000003,-0.022095884521406033,0.006281428936321271,0.34383617184598053,-0.2262140106629693,-0.6433466677044009,-0.1541715924917473
34.53,0.34950000000000003,-0.018717615719449816,0.006635335732339638,0.3440801953570036,-0.22573655870630802,-0.6779991154411996,-0.145724194485064
34.59,0.34950000000000003,-0.01919928317294465,0.007405439630689878,0.3443399947888067,-0.22580991428365074,-0.6927532955270578,-0.13222850518338897
34.65,0.34950000000000003,-0.0175719016211418,0.007828865380366855,0.3448881379630279,-0.21572701378998477,-0.7253047076953634,-0.14025287238118203
34.71,0.34950000000000003,-0.016330665504006123,0.0056737846351356735,0.3450229237421397,-0.22096735740557133,-0.7571864948785277,-0.1426472003707115
34.77,0.34950000000000003,-0.01674234175787902,0.005704868534191968,0.34486015770881473,-0.21479475286890062,-0.7828216845874717,-0.1430659776006524
34.83,0.34950000000000003,-0.016577613611469554,0.006563529997690892,0.3450669571922857,-0.2082233103503159,-0.8053093153869411,-0.13051908052902592
34.89,0.34950000000000003,-0.014505408132639805,0.008770327959036602,0.34586983389175513,-0.19457503317325034,-0.83100838836607,-0.11263153113548363
34.956,0.34950000000000003,-0.01472660909041577,0.010637450819716975,0.3457640637904921,-0.18331532832382563,-0.8428026435520878,-0.09442168286305486
35.01,0.34950000000000003,-0.014775062798303271,0.0103591816437682,0.34578823745393866,-0.17723307725455437,-0.8499678382723911,-0.09033612231300658
35.07,0.34950000000000003,-0.014783868930234487,0.011121467279876071,0.34506911103033405,-0.17070398181907573,-0.8548198683896067,-0.08113116032335846
35.13,0.34950000000000003,-0.013824759865620989,0.01191408131873917,0.345026878067726,-0.16780886414242774,-0.8576827813555439,-0.06624332856502534
35.19,0.34950000000000003,-0.012999864410015168,0.012328984796155375,0.34544477359124004,-0.16611547000420349,-0.8626613362128558,-0.06604289228249592
35.25,0.34950000000000003,-0.011184334507832449,0.011868479979033284,0.34541619490779435,-0.17344632134366922,-0.8760670918288248,-0.057678811803707444
35.31,0.34950000000000003,-0.01266298774571236,0.011523169096390284,0.3450151266892706,-0.17180900669337698,-0.8767794491818851,-0.08049676914202117
35.37,0.34950000000000003,-0.010573357656203973,0.010909248318629572,0.3456714573416671,-0.17241158901485942,-0.8864953155456857,-0.09478773780338126
35.43,0.34950000000000003,-0.01024850221070822,0.009732635321537078,0.3460004072571412,-0.1767879939933,-0.8940325101666752,-0.11382245228956303
35.49,0.34950000000000003,-0.009775605949224948,0.010278196652926078,0.34654793081690083,-0.1788906699764273,-0.8989197356336568,-0.11595850918707112
35.55,0.34950000000000003,-0.009568271696620717,0.010728325149553701,0.34530971612713934,-0.18359073268196646,-0.9101400235236454,-0.1122051782111619
35.61,0.34950000000000003,-0.008331039767776884,0.010930046000619052,0.34527447172942843,-0.18182879315811995,-0.919985164690566,-0.11734763064865865
35.67,0.34950000000000003,-0.006528535237149106,0.010699659750616623,0.3455096211105532,-0.18130796094309287,-0.9351969340922195,-0.12498633212426649
35.73,0.34950000000000003,-0.0024755067801621143,0.006924336847330443,0.3463636265639182,-0.1911017586444507,-0.9624083917098432,-0.1411843278681933
35.79,0.34950000000000003,-0.0004727856296916596,0.005459482281877444,0.34721664492163157,-0.17724941491658958,-0.9795568828954446,-0.167997951061362
35.85,0.34950000000000003,0.0011150529079939323,0.00492567133323881,0.34742747338322366,-0.1627194100167578,-0.988385229655655,-0.1637110003925069
35.91,0.34950000000000003,0.0014251295015161084,0.004860341718530897,0.3469250843086482,-0.14440922336354042,-0.9885939656058013,-0.15974750023018863
35.97,0.34950000000000003,-0.0006449526337147321,0.003452975923423207,0.34699096963722914,-0.1280403242457265,-0.9631214699084033,-0.1510704209414061
36.03,0.34950000000000003,0.005144020406465162,0.0022919007504834774,0.34742494385499756,-0.11295701901140211,-0.9685279700892483,-0.1335748208216103
36.09,0.34950000000000003,0.014259324736593616,0.0028011626243649138,0.34765191514199567,-0.06358949758693977,-0.9920558998525338,-0.15627316895634152
36.146,0.34950000000000003,0.012729658347987323,0.0030487067470366873,0.3479451452148704,-0.036669568960260614,-0.9414100338970668,-0.12921741005372192
36.2,0.34950000000000003,0.017526086178000905,0.00314326943092136,0.3480856558413143,0.009772694207989388,-0.9136066821078644,-0.13146195737047767
36.26,0.34950000000000003,0.023528287931048074,0.000956313852889616,0.3464429905805036,0.019418060971929968,-0.8821468115973556,-0.09735978249355415
36.956,0.34950000000000003,0.02015079520246103,-0.008287452757839648,0.34454027684527067,-0.032616607814973005,-0.738410096359415,-0.22360525521825358
37.016,0.34950000000000003,0.03026202798065103,-0.004923101335978737,0.34522690696818364,0.006348878179820483,-0.7621766081346355,-0.23343628959708804
37.07,0.34950000000000003,0.03112644582135251,-0.007135998480234988,0.3446172261502537,0.006878702861416824,-0.7181358815870904,-0.23768029621512085
37.13,0.34950000000000003,0.03310023803125504,-0.0064470989158536135,0.34446183874015024,0.018772443355947504,-0.6852063546205863,-0.19880092706316876
37.19,0.34950000000000003,0.03372759124969811,-0.005047293432054235,0.344060510250059,0.03602980506955848,-0.6530867678553667,-0.1644324996820594
37.251,0.34950000000000003,0.030359503552151165,-0.0068588179015447075,0.3436513078554767,0.032250154244777056,-0.598118947629807,-0.12742411186199346
37.31,0.34950000000000003,0.029237465757584534,-0.008494320543731946,0.34389829497971014,0.03711710849073483,-0.5758143341455595,-0.12708000614833728
37.37,0.34950000000000003,0.02665386163848363,-0.009511780365476225,0.34442399807015445,0.04055771788794678,-0.5544775641480925,-0.13576099475252204
37.43,0.34950000000000003,0.024375449934149893,-0.008176021599482323,0.34495360607634074,0.0481569201740581,-0.5420390957869105,-0.1285252539517258
37.496,0.34950000000000003,0.024630350783455112,-0.006626410429061171,0.34486372174707886,0.046166668931791846,-0.5446383149758481,-0.12088675602090022
37.55,0.34950000000000003,0.023328305384649178,-0.0072804651917848335,0.3450085586892741,0.026449021579838437,-0.5401210403369396,-0.11821066152524672
37.606,0.34950000000000003,0.019443666597397196,-0.008982173146007988,0.34549140428123004,0.0017093417671852685,-0.521167546778256,-0.13822440092815028
37.66,0.34950000000000003,0.014736637018502058,-0.008949956620479082,0.3459956511767289,-0.014176653916224457,-0.4985484078151616,-0.1584709276580576
37.72,0.34950000000000003,0.014063040098119966,-0.008847622211599454,0.3457716454178977,-0.03011188049759222,-0.4830985121161556,-0.16820942948118606
37.78,0.34950000000000003,0.016441899188251334,-0.005722127179075758,0.3456742938268431,-0.02558553960593441,-0.4783095359709194,-0.15874474475204262
37.84,0.34950000000000003,0.01676764525721358,-0.004908962901843556,0.3456698009710468,-0.03203334121219085,-0.45460417030212846,-0.15141690886533538
37.9,0.34950000000000003,0.014349212314910171,-0.005256192406628418,0.34638700974547965,-0.03561160006492038,-0.4167461497348683,-0.1502497458013953
37.956,0.34950000000000003,0.01353787818124926,-0.005951446311738868,0.34599918346045017,-0.03558861369941902,-0.3870912596108381,-0.15199499253132054
38.01,0.34950000000000003,0.015655961446010645,-0.006271593849447441,0.34576508909334536,-0.026347081551440506,-0.3668404626134928,-0.14359323753307027
38.07,0.34950000000000003,0.016700911940944956,-0.006547772096326372,0.3455165295266139,-0.016455435320506653,-0.3458005182136802,-0.1311999322952037
38.13,0.34950000000000003,0.0160885325498423,-0.008341835051098478,0.34586326121890976,-0.013179044034111086,-0.3234045741940316,-0.11607534199411028
38.19,0.34950000000000003,0.013255858013028523,-0.007882321100959723,0.34633446335887746,0.001294741118092572,-0.3008023021444398,-0.10321471275436493
38.25,0.34950000000000003,0.011126785131852007,-0.008393330248241052,0.34627269495691115,0.007605561502236205,-0.2842416980048035,-0.10209636450411508
38.31,0.34950000000000003,0.0116255564125242,-0.008854372571639652,0.3462704440601128,0.007529154299748565,-0.28439749434196837,-0.09735008187418041
38.37,0.34950000000000003,0.009708240399408959,-0.008489123805423125,0.34633414095954085,0.003998926746878106,-0.2725272161597165,-0.09621994925156449
38.43,0.34950000000000003,0.00686278593668107,-0.007611054815585059,0.34701603186441377,-0.0024049067647954167,-0.2551497234321475,-0.09937354321914992
38.486,0.34950000000000003,0.005962941965773628,-0.007511313722405442,0.34720994280541667,-0.012816304317029016,-0.2470462806006489,-0.10478031787924588
38.546,0.34950000000000003,0.00603127604412991,-0.0070493477849814315,0.3466415579135858,-0.025386581604066184,-0.2359755240479526,-0.11063275662687726
38.6,0.34950000000000003,0.006955185611275196,-0.007002316846984718,0.34664655591079907,-0.041099401172485506,-0.2264726534412298,-0.11010745468452696
38.66,0.34950000000000003,0.006151469094702067,-0.005818939813763752,0.3469241987238506,-0.046860916006796614,-0.20759675325115323,-0.10635880145668876
38.72,0.34950000000000003,0.006150683147338992,-0.00630205913813618,0.34722103605705823,-0.05503442526122155,-0.19411604109082045,-0.11169443991811621
38.78,0.34950000000000003,0.007433839671469187,-0.007255161920593273,0.34704866225934144,-0.057951228070701744,-0.18665178497351897,-0.12128585269005736
38.84,0.34950000000000003,0.006539907835146725,-0.00688496129720895,0.3464585893221146,-0.05142580692829218,-0.17759335612505114,-0.11184334063276323
38.9,0.34950000000000003,0.006477042661551725,-0.004526951298125838,0.3462759765957538,-0.027576377609015535,-0.17356054649592859,-0.08823295201570507
38.96,0.34950000000000003,0.006120213486043394,-0.005379785821869853,0.3465891994188731,-0.0172056478542792,-0.16844259108618237,-0.0896749934579746
39.016,0.34950000000000003,0.005924182284114412,-0.005154759796272384,0.3467535003526479,-0.004281266135096801,-0.16835770164728875,-0.08892009468842106
39.07,0.34950000000000003,0.0052924952343569,-0.005159351344460284,0.34662110656470557,0.005118081941846967,-0.16653204477674605,-0.07940538086239385
39.136,0.34950000000000003,0.0040124607285272835,-0.005216674723644435,0.34679312294281156,0.011030064170160322,-0.1599065100397957,-0.07471655151503644
39.19,0.34950000000000003,0.003431846143333422,-0.005848975870586964,0.3467879444357982,0.008308439533296852,-0.1558183189491755,-0.08382918358848511
39.25,0.34950000000000003,0.0039075369624868165,-0.005762547345838814,0.3468843068789405,0.00293620094677,-0.15462172311014666,-0.08433469814642763
39.31,0.34950000000000003,0.002481434590862385,-0.0047549820863831,0.3468150763708866,-0.002294489951990732,-0.14003959766799448,-0.07466224143188464
39.366,0.34950000000000003,0.0015286055423120448,-0.005253869096262224,0.34680643961531304,-0.015255436137818115,-0.12872775285175303,-0.07699111396140279
39.42,0.34950000000000003,0.0013230280851553055,-0.005278350931138007,0.346804841985711,-0.02804847353287321,-0.11502020569590317,-0.08852239347199185
39.48,0.34950000000000003,0.0030461301069460837,-0.00436464830796484,0.3469294433160848,-0.034483414514808845,-0.10535422032181047,-0.08106238345587152
39.54,0.34950000000000003,0.003383273820036817,-0.004279388675241223,0.3468811476482367,-0.04256280985784447,-0.09115337696869656,-0.07211471503714519
39.6,0.34950000000000003,0.003642546782891882,-0.004297667089524551,0.3465609078401222,-0.04443397355302406,-0.08221336003602041,-0.08706799808004913
39.66,0.34950000000000003,0.0029755946419683242,-0.005071127911652475,0.3467426544389205,-0.0438875113200239,-0.067752387953507,-0.09408929691032422
39.72,0.34950000000000003,0.004206535930013363,-0.005043617639153124,0.34660965678343936,-0.037021336071579425,-0.06673315137755581,-0.08358670158374425
39.78,0.34950000000000003,0.004199749600516126,-0.005288422652367278,0.3468204622572066,-0.027490057278768455,-0.06491540084799685,-0.07745418268916898
39.84,0.34950000000000003,0.002867917929114137,-0.005464215398933773,0.34685930314714875,-0.01650544363315566,-0.05988263525846695,-0.08848490903573415
39.9,0.34950000000000003,0.00277639066348925,-0.004710738563947698,0.3467223200561844,-0.002464769838206548,-0.06350981539784761,-0.08959133200442132
39.96,0.34950000000000003,0.003938087682910912,-0.005581756828997075,0.3467208965431417,-0.0019182271820421615,-0.07788374607914257,-0.07635855210292958
40.021,0.34950000000000003,0.0024390548278321778,-0.0061199136189829285,0.346782410652493,-0.003341245938492174,-0.07990506163083326,-0.07479669571309337
40.08,0.34950000000000003,0.001055196484032725,-0.0061507450621221885,0.346598288378585,-0.00736231167682795,-0.08426536005303142,-0.09045582936108197
40.14,0.34950000000000003,0.0015330890443615447,-0.005200700721658685,0.3469885488577916,-0.008275409417683632,-0.09440704618346857,-0.0842188655512591
40.2,0.34950000000000003,0.0009278276885852699,-0.004652032523158355,0.3469859752970609,-0.014931103382443479,-0.0943078389465462,-0.06304957230873476
40.26,0.34950000000000003,0.0010854784969209013,-0.004859878495194636,0.34679659185882894,-0.02524443500035515,-0.09790917363781688,-0.0812683634449156
40.32,0.34950000000000003,0.0003009920935609891,-0.004668507243117568,0.34705627360534896,-0.031197116249981737,-0.09081165360956665,-0.09089463358249388
40.38,0.34950000000000003,0.0011692648496307565,-0.00429306874526452,0.34703657346616723,-0.0345350177408618,-0.08814018626777192,-0.07861804273498914
40.431,0.34950000000000003,0.0011009936927065703,-0.004316656985790082,0.34697202416901285,-0.03596395326064556,-0.07881868637837335,-0.06619014921634032
40.49,0.34950000000000003,0.0020138073294039206,-0.0049804550464124355,0.3467673227048779,-0.03589810820869958,-0.07539835741375078,-0.08617208775122627
40.546,0.34950000000000003,0.0020774998772678677,-0.005179626168433969,0.3468172026192122,-0.033074835240492706,-0.06818655499757634,-0.09196233297747299
40.6,0.34950000000000003,0.004014968874752576,-0.005382299517553932,0.3462610880223591,-0.0262181758524388,-0.06351208551380164,-0.08201307966758918
40.66,0.34950000000000003,0.004272592600388592,-0.005706462614480334,0.3463677385420018,-0.0191555765317644,-0.060366233617962596,-0.07770151039838846
40.72,0.34950000000000003,0.004221078703764649,-0.006039004027166893,0.3460944386581272,-0.013895584346018838,-0.06028519378833658,-0.0886273943474477
40.771,0.34950000000000003,0.0036286601433084932,-0.005024652064798156,0.34639339971032845,-0.00385219844843932,-0.05892054931833749,-0.0900046128534661
40.836,0.34950000000000003,0.003780375435467493,-0.006128742410682719,0.3462943088289007,-0.00901659777917275,-0.06506388880231707,-0.07976578030016267
40.896,0.34950000000000003,0.0030418811660267607,-0.006101545366303079,0.34654365745715376,-0.01039184237017535,-0.0743346367818314,-0.08037829961697279
40.95,0.34950000000000003,0.0020587458162673786,-0.0060618675591034045,0.34656743135002344,-0.015011819399633086,-0.07839840074240073,-0.08814181344388006
41.01,0.34950000000000003,0.0017291025948795917,-0.005705540158984021,0.346657221881556,-0.02010333314917064,-0.0858457103509801,-0.08363738011814426
41.076,0.34950000000000003,0.0016168134912298248,-0.0053911887369883955,0.3482004930133311,-0.020977704985076766,-0.08992429847329528,-0.07663719857378351
41.13,0.34950000000000003,0.0011631999171202731,-0.005262863344075504,0.34835891900333793,-0.025359994024335763,-0.09202913226525446,-0.08280875397754359
41.186,0.34950000000000003,0.000863001114398771,-0.004554399034867453,0.34913742993039526,-0.022780582264241015,-0.09133893655013864,-0.08623875529310984
41.24,0.34950000000000003,0.001497101986960014,-0.005295167335850736,0.3481154850272866,-0.029104576734139905,-0.09076590242512979,-0.08084869469025624
41.3,0.34950000000000003,0.0010244938356467467,-0.00472670585181574,0.34906914062256367,-0.02222344008853437,-0.08020341813020364,-0.07021268032197893
41.36,0.34950000000000003,0.0021169949264381494,-0.00564937586194831,0.34826569334273283,-0.02326607545727423,-0.07679036899908147,-0.08354672691997192
41.42,0.34950000000000003,0.0024979155407829465,-0.005396341222013256,0.34887028181010094,-0.015114555530861105,-0.06948766563798539,-0.08737747519453509
41.48,0.34950000000000003,0.003509155409500631,-0.0062444055586163,0.34784240063009203,-0.01516816533354681,-0.06527130664695537,-0.08027042405384098
41.54,0.34950000000000003,0.0038167289290995336,-0.006487782458549749,0.34740504027454616,-0.014175463137364506,-0.061499127960798795,-0.08185271700248824
41.6,0.34950000000000003,0.0040010774816085694,-0.006650846895883403,0.3481457312297012,-0.00935518697505832,-0.058943960915680604,-0.08707586514447185
41.66,0.34950000000000003,0.0033500634529982755,-0.006106004674580334,0.34783433210932097,-0.008322106326965319,-0.057742563758150726,-0.08512366849884369
41.716,0.34950000000000003,0.0037680661128308103,-0.00587281330323237,0.3480493985463287,-0.008496543002202326,-0.0650894250075599,-0.08034303891759458
41.77,0.34950000000000003,0.003039465763592725,-0.005929714822818416,0.3475929362951531,-0.015465240632678373,-0.06961368717650283,-0.08010707161947828
41.83,0.34950000000000003,0.0023170827769602325,-0.005564652707382577,0.3479931214422809,-0.017645885682064683,-0.07456116113126215,-0.08356660593505098
41.89,0.34950000000000003,0.0017764850963233715,-0.00492970104832173,0.34825289115389924,-0.019167842246589475,-0.0802140361327441,-0.08201481048074907
41.95,0.34950000000000003,0.00120254286445212,-0.005023841381536909,0.348124588098689,-0.02424364822942003,-0.08451926827297568,-0.08043076263764558
42.01,0.34950000000000003,0.001506665921674242,-0.00541452630211937,0.34789142659137556,-0.027666175739686123,-0.08983324131344414,-0.08107593796359244
42.07,0.34950000000000003,0.0009876833662456654,-0.005414550570666664,0.34798941117005144,-0.0264510884865404,-0.0891882279262503,-0.0829169155472013
42.13,0.34950000000000003,0.0011770911597071936,-0.005260823735401625,0.3481316305194847,-0.02226121602554872,-0.08766181514979474,-0.08151758732514904
42.191,0.34950000000000003,0.001865180772516535,-0.005679479470573166,0.34823366559237784,-0.018626240043258663,-0.08409276733150689,-0.08080044346885719
42.25,0.34950000000000003,0.0023695864793391555,-0.00589997159130834,0.34809945256698427,-0.015665926507463814,-0.07943140614469703,-0.0830999915101482
42.31,0.34950000000000003,0.0025578227507139346,-0.005968645730428765,0.34800991619164634,-0.01100520215202301,-0.07180525840472178,-0.08171948510504892
42.37,0.34950000000000003,0.0029756740092473006,-0.005955403569787583,0.3476446069032301,-0.009029278244752905,-0.06661809725070973,-0.0837757902710567
42.43,0.34950000000000003,0.003906374711743315,-0.0064734210476991415,0.3478463676809894,-0.011245005355821373,-0.06557611438982025,-0.08355903914521355
42.486,0.34950000000000003,0.004109462486161216,-0.005818959722113098,0.34803558208580776,-0.008354937748772379,-0.061938751668206636,-0.08063881514577195
42.54,0.34950000000000003,0.0028276041956162264,-0.006124877446974754,0.3480009106078563,-0.013713127665849624,-0.055639808658260785,-0.08332648890236627
42.596,0.34950000000000003,0.0025730839754138715,-0.006180456083842542,0.34768555715497607,-0.01953391225670214,-0.058758487158637206,-0.08523124437069551
42.656,0.34950000000000003,0.003773073493193865,-0.005776249762801925,0.34783231902919737,-0.02175945414955238,-0.06738075188603991,-0.08216791517497014
42.71,0.34950000000000003,0.002622215013805251,-0.00541985114438222,0.348030610333337,-0.02414546052402149,-0.06960662030083298,-0.07608096538242631
42.77,0.34950000000000003,0.0012502557823365287,-0.005473224072332174,0.3480757916151194,-0.026256604677666107,-0.07139210180096332,-0.08373639725210759
42.83,0.34950000000000003,0.0020814719834324775,-0.005600669423724698,0.3478543624413731,-0.028156013434399992,-0.08367175234085908,-0.08977423953355103
42.89,0.34950000000000003,0.002435344379273702,-0.005388647702530294,0.3478722759356719,-0.025003414615572466,-0.08920174270121957,-0.07507185811487066
42.95,0.34950000000000003,0.0009013880298027349,-0.005517195079018508,0.34793924602316245,-0.021288647154393197,-0.08478464737719249,-0.07638768608256825
43.01,0.34950000000000003,0.0008044689715096001,-0.0060311277184343206,0.34834284600801024,-0.017669695484582384,-0.08488071106653258,-0.09258683386136839
43.07,0.34950000000000003,0.0025302147841271983,-0.005722407598229754,0.34808004856720537,-0.012079504045460031,-0.08808739824536284,-0.0844941883720664
43.13,0.34950000000000003,0.002307760879118664,-0.005963169167484279,0.34783681539135897,-0.010162527230201595,-0.08131425204008488,-0.07063141357646295
43.186,0.34950000000000003,0.0015084573410000456,-0.00596504966391867,0.34787029182426693,-0.007935994237718774,-0.07203232645730169,-0.0805084353685271
43.24,0.34950000000000003,0.002072751274500017,-0.0048452721901053085,0.3482917429777003,-0.0010334818682680078,-0.06778852900978145,-0.09173999148511888
43.3,0.34950000000000003,0.0038059602856231074,-0.005925494728931504,0.3481748417690676,-0.009885870924376447,-0.0689499595312425,-0.07837482845716519
43.366,0.34950000000000003,0.0030413208472627215,-0.00590530184365981,0.34761600265675546,-0.0156200793873215,-0.06134737083998721,-0.07089953274005391
43.42,0.34950000000000003,0.0029113175155586484,-0.005407941637727293,0.3477444609815252,-0.016792258389025778,-0.060317597528963374,-0.08895893119859626
43.48,0.34950000000000003,0.0034125639208021632,-0.0050940066843434,0.34815422509784144,-0.019793641125515137,-0.062462156964773405,-0.0883598269447628
43.536,0.34950000000000003,0.0030963301214884473,-0.005586018200570975,0.3480062501034308,-0.025902946154391544,-0.06211486194992778,-0.07207930995748449
43.59,0.34950000000000003,0.002478852529458559,-0.005783247994873152,0.3478594018815257,-0.029384146143889425,-0.06586337664872445,-0.07698937454917514
43.65,0.34950000000000003,0.002061613548820806,-0.0056802383232759076,0.34787133726984887,-0.027795734737009744,-0.07149923310405634,-0.09424007325415537
43.71,0.34950000000000003,0.0023226071330693806,-0.005417775867053051,0.34787725742720005,-0.023867023132518064,-0.07671966797437717,-0.08154635003507646
43.77,0.34950000000000003,0.001289108192881475,-0.005559843516071148,0.34834690118946987,-0.01957718248980972,-0.07772177721750266,-0.06182155883281819
43.83,0.34950000000000003,0.0014513834421731517,-0.0054494809825005,0.34807159523796416,-0.013618720646213861,-0.08374809208002867,-0.0864346688179224
43.89,0.34950000000000003,0.001762316461728024,-0.005681629571615486,0.3480731157721179,-0.010100991932026678,-0.08603033638867132,-0.0909023469581778
43.95,0.34950000000000003,0.0020449441748272043,-0.005945743399983223,0.34793429933774545,-0.008901922600923914,-0.08650586835752888,-0.0705183994610696
44.01,0.34950000000000003,0.0020909390837920545,-0.0058539090546733735,0.34795420358680074,-0.007053284258542681,-0.08311462592003215,-0.0746552986929137
44.07,0.34950000000000003,0.002128629705548236,-0.005732540206754066,0.3481740051112993,-0.006213510457258347,-0.07812050077747121,-0.0932304149525276
44.13,0.34950000000000003,0.0025687069469939807,-0.005756958967532495,0.3480898169276919,-0.01041074844540725,-0.0738948531351532,-0.0817710258636928
44.19,0.34950000000000003,0.0029753212781424474,-0.006109128152784763,0.3477982168132088,-0.01770036858598432,-0.06964241334447027,-0.07240330815916765
44.25,0.34950000000000003,0.003196836566715277,-0.005856013356730062,0.34774714652443867,-0.020886502975354583,-0.06666111862338793,-0.08819768158896812
44.31,0.34950000000000003,0.0032717115668052165,-0.005788258025253468,0.34783380433512506,-0.024709391012535956,-0.0632897273833059,-0.08938736530910171
44.376,0.34950000000000003,0.0026626027310593255,-0.005839026235399747,0.3478349663370152,-0.028546699883309636,-0.059236434012594784,-0.07333935667819524
44.43,0.34950000000000003,0.0030453786278577164,-0.0058660973135919,0.3479116725011273,-0.02927590997181141,-0.06328625183415462,-0.07978651750705797
44.486,0.34950000000000003,0.0030763704072848926,-0.00580762467896369,0.34778963577193256,-0.0277547918508955,-0.06738298504012216,-0.09135063038893214
44.54,0.34950000000000003,0.0022790887653087585,-0.005834506156301963,0.34771377475178766,-0.025050207402963327,-0.06755817850894716,-0.08218065458490263
44.6,0.34950000000000003,0.0021394656375653422,-0.005308297561779603,0.3478815372142051,-0.017931907434913633,-0.07355500035618515,-0.0730461596815127
44.66,0.34950000000000003,0.0021403629185252904,-0.005627886117969085,0.34805332630633173,-0.014185247984161296,-0.07849393663991937,-0.08412310094124374
44.72,0.34950000000000003,0.0018047023291476293,-0.005789688983200523,0.34796257884215265,-0.010384020658597672,-0.08161214135057225,-0.08644812175716657
44.78,0.34950000000000003,0.0016650116278943705,-0.005749438282137455,0.34813342305151745,-0.007071470663969481,-0.08348963553156488,-0.07508637810777899
44.84,0.34950000000000003,0.0021011470835443726,-0.005966194958963586,0.348128593867824,-0.007727138379626176,-0.08537873457889207,-0.07819096532919023
44.9,0.34950000000000003,0.0020892462627801764,-0.006037230253427567,0.34815410303425665,-0.00882326762056953,-0.08305367294997759,-0.08798349603292907
44.96,0.34950000000000003,0.0019855245279575633,-0.005792266908264854,0.3480272869939322,-0.011348850049273974,-0.07840594423025898,-0.08117759183903832
45.02,0.34950000000000003,0.0022418941223245332,-0.005730701634721405,0.3480656021978703,-0.015409949674877056,-0.07553577283357965,-0.07588728235681431
45.08,0.34950000000000003,0.0027518340363005367,-0.005986571783242201,0.3476751445419504,-0.02224837214929752,-0.07264313883328712,-0.08451191913606797
45.131,0.34950000000000003,0.0024407568758823637,-0.005746170402892119,0.3481674000794056,-0.02297080058157252,-0.06613626967836299,-0.08510168985318597
45.19,0.34950000000000003,0.0021144097986096166,-0.0059841132666836406,0.34834609560299884,-0.02661018186495917,-0.06163902760653303,-0.07866145695338468
45.241,0.34950000000000003,0.002571895181798636,-0.005770899703716058,0.3478419735200558,-0.02761366791931625,-0.061798114690240415,-0.07841724547371118
45.3,0.34950000000000003,0.003096429634135167,-0.005601871939986035,0.34769285662103844,-0.025598984426942268,-0.06326990419242798,-0.08366641737195642
45.36,0.34950000000000003,0.002539590398729212,-0.005796210705927581,0.3479705611389439,-0.023622836666928063,-0.06145090734565732,-0.08244655588744473
45.421,0.34950000000000003,0.00264523865618823,-0.006031737040929228,0.34805668808359813,-0.020927059517107976,-0.06570523727809678,-0.08051849333690567
45.48,0.34950000000000003,0.002649094767666184,-0.005670365638216166,0.3478126994916368,-0.014658055919686726,-0.07033297165801833,-0.08412932668418607
45.54,0.34950000000000003,0.0025884559633443656,-0.005608607308255895,0.34778420214746814,-0.010811042432526119,-0.0766064270336318,-0.0813241450515157
45.6,0.34950000000000003,0.0018792703421535411,-0.005956965103167294,0.34787980719773404,-0.010538821706052847,-0.0785581185549193,-0.07718211677306414
45.66,0.34950000000000003,0.0018198335169608848,-0.006042473416558792,0.34812384081191483,-0.009230056922354487,-0.08052425407044589,-0.08174551289188313
45.72,0.34950000000000003,0.0018835811089570745,-0.0060646293387769555,0.3482029140221526,-0.010743037495170308,-0.08347080847559255,-0.08495521430015589
45.78,0.34950000000000003,0.0017756841984954497,-0.005803095381278343,0.34813844185700343,-0.012540742371616937,-0.08369095237034503,-0.0794100159665649
45.84,0.34950000000000003,0.0016698381253442258,-0.005865509784295941,0.34784304644166336,-0.016763219551563877,-0.07965936454977993,-0.07942403453758833
45.891,0.34950000000000003,0.0018925472962499322,-0.005662382253797018,0.3480915454713335,-0.017539500522141174,-0.07721399324367695,-0.08347220616408706
45.95,0.34950000000000003,0.002264345581501593,-0.005130843241831285,0.34822173557464314,-0.01797011866895831,-0.07407454799524175,-0.08072373529213478
46.01,0.34950000000000003,0.002359007587255341,-0.005330497013515964,0.3481094610348497,-0.021582978906184432,-0.07000319385427774,-0.07855967142804042
46.07,0.34950000000000003,0.002770095166432318,-0.0057813650279471135,0.34789032843516343,-0.02481686134999261,-0.06668698945536829,-0.08444613969815425
46.13,0.34950000000000003,0.0031208564367050866,-0.005995064754076029,0.3477176063671682,-0.025320081731107457,-0.06543637193731082,-0.08478509183453087
46.186,0.34950000000000003,0.002900372993131711,-0.005904519068839834,0.34817727664222853,-0.022229460423925883,-0.06261973694463766,-0.08020348110782703
46.246,0.34950000000000003,0.0028033518197619275,-0.006174249316427293,0.34799947647345847,-0.02094146857707209,-0.06167378697600566,-0.08183492269370046
46.306,0.34950000000000003,0.0031716273333466547,-0.006120462740786654,0.3478498817309729,-0.01769523356998781,-0.0663115221248462,-0.08628483258863939
