sensor type:,vicon
timestamp (s),arclength (m),data
0.0,0.233,-0.0037046298844839393,0.004293890736352735,0.2355625871170803,0.06680165019480538,-0.026367271562799804,-0.017066956458533306
0.06,0.233,-0.00358969418462675,0.004261304737084236,0.2351725716371543,0.06689384566227195,-0.02684129168880921,-0.017419662371225175
0.12,0.233,-0.0033786155484854534,0.004171159148452042,0.2349505234928549,0.06540237247537499,-0.029285869463549153,-0.01803767848799216
0.176,0.233,-0.0036601499762852234,0.0041860871449324885,0.2355563812498693,0.06626040699252256,-0.026648356782154065,-0.017677412317679175
0.23,0.233,-0.0038339913561455836,0.004283278968904425,0.23544112451355917,0.06711198476214669,-0.025664322780993377,-0.016332505438730455
0.286,0.233,-0.003359168749750117,0.00421783435004565,0.23502854868848425,0.06619100582475519,-0.029106824088519244,-0.01785720846882606
0.346,0.233,-0.0035265288983856447,0.004192834842744237,0.23519889530682028,0.06643670012499463,-0.027603572950449934,-0.01706418757824188
0.4,0.233,-0.0036602885153487266,0.004246023630220059,0.2352446706699969,0.06647801037935193,-0.025563259870786212,-0.01796128301498431
0.456,0.233,-0.0035651965541568724,0.004264927509315484,0.23528524726430686,0.06683909997846472,-0.026722899927168146,-0.017487485965413323
0.51,0.233,-0.003418665279219574,0.004188020884721761,0.2350531745310563,0.06619551228167277,-0.028327327754585047,-0.01762943338735003
0.57,0.233,-0.0035202355090683535,0.004123881031040533,0.23525711894056361,0.06604973424196718,-0.02711398488901534,-0.01780345485462602
0.63,0.233,-0.003563125527352424,0.00421497631612464,0.23503946973031342,0.06529335388381904,-0.027788966397189238,-0.017210109158467816
0.69,0.233,-0.0037618115851776527,0.004189638266499172,0.23601303711373556,0.06806648367705756,-0.026163927023359512,-0.01741421002879803
0.75,0.233,-0.003866577633291991,0.004891011817198353,0.23657276717475134,0.07210398617789641,-0.025590233014385823,-0.017923499807704316
0.816,0.233,-0.0032106212761777507,0.003685082444493145,0.23532190830429517,0.063964729961154,-0.03017811674713668,-0.01758677590641845
0.87,0.233,-0.003958451255414957,0.004919719499288134,0.2364234372715167,0.07150153855210689,-0.025294925420624222,-0.01702699882714755
0.93,0.233,-0.0037083862848163885,0.003800536697288687,0.23580822076897126,0.0660022530173827,-0.02541443857260385,-0.016930060573390547
0.99,0.233,-0.003540450085919863,0.004811917153372182,0.23602485972204185,0.06939483642022055,-0.026506405636919084,-0.017604970421324757
1.05,0.233,-0.003495899843136555,0.0037003325486829985,0.23587450486081912,0.06557679721529255,-0.02798346996060307,-0.01834982293401886
1.11,0.233,-0.003713666689418862,0.004887639609067435,0.236180857256951,0.07089452591933475,-0.026177375468014814,-0.016807994993249274
1.17,0.233,-0.0032197651814993,0.003790237483568252,0.2355484765368139,0.06662289380819666,-0.028965997068127473,-0.018002889345815235
1.226,0.233,-0.004075208799630024,0.004857308749250917,0.23644861686677165,0.07098033372609769,-0.025001342484045428,-0.017082315635408792
1.28,0.233,-0.00363470442221649,0.0038807756020505005,0.2355595708458368,0.06628723194571585,-0.026414387269639947,-0.016453641672651072
1.34,0.233,-0.003535815231025704,0.004425689667353884,0.23486369507815807,0.06601307541838321,-0.02831998772103046,-0.01798744525626749
1.4,0.233,-0.0034674151421931905,0.0038329313500862954,0.23544114165077823,0.06493270702238799,-0.028974297502121344,-0.017462906974412454
1.456,0.233,-0.00372787413138726,0.00448160606397392,0.23516567264194374,0.06742101489674981,-0.025702953870968725,-0.01734571001712701
1.51,0.233,-0.003763319738902424,0.004089530035359783,0.23539120733354707,0.06617627524932224,-0.025592641181936673,-0.01712854925239147
1.57,0.233,-0.0035615042356483017,0.004249819168310716,0.23524318447297554,0.06641786940638642,-0.02801488775945169,-0.018035637341150726
1.63,0.233,-0.0035304459371180135,0.0041887667369244,0.23510582455226178,0.06577407593116803,-0.028705903770698888,-0.01740522409276277
1.696,0.233,-0.003682916139914301,0.004145958220927923,0.23519718803599898,0.06585647915898107,-0.026325238597516485,-0.016889025536595288
1.756,0.233,-0.003686425787259867,0.004305651701084958,0.23553875411635225,0.06663253968099714,-0.026478833428743204,-0.01694677904556932
1.81,0.233,-0.003727014526826276,0.004232170409848688,0.235577912292528,0.06715933393248016,-0.02623782805940107,-0.016978063335735788
1.87,0.233,-0.003521292502064962,0.0040808751693229145,0.23509160788530806,0.0646635110407785,-0.028125192412860524,-0.01721804747347597
1.93,0.233,-0.003652865675657255,0.004133679009940085,0.23538405165634535,0.06624104347874105,-0.028021730683931163,-0.01736154201113837
1.99,0.233,-0.0035801952781154473,0.004358916487981846,0.23514818926396724,0.06704244276937898,-0.027022316120382427,-0.017000867417020324
2.05,0.233,-0.0038466850476775246,0.004304867883333435,0.23544506463995207,0.06766818886825567,-0.025622996936366958,-0.016921430512979372
2.106,0.233,-0.0035842489882629367,0.004351922326735233,0.23517359746311475,0.0668730267149066,-0.027284302437463187,-0.017740089123961095
2.16,0.233,-0.003487520362242378,0.003951457632010711,0.23533385261059092,0.06520987319916964,-0.0286108152049538,-0.017667727413679987
2.216,0.233,-0.0038025686500922713,0.004408905805244968,0.2354679397492639,0.06786946978826687,-0.02544528809652484,-0.016488792443502587
2.27,0.233,-0.00370833010288892,0.004313663191827337,0.23549461320020365,0.06783156277991968,-0.02599920837496338,-0.017113787361318605
2.33,0.233,-0.0036773150480031757,0.00428292632183924,0.23530050374346018,0.06623623578081295,-0.026539204817436858,-0.01705525809835765
2.39,0.233,-0.00349081233208791,0.003854303809932348,0.2351134155645968,0.06390201350081283,-0.028446951540909638,-0.017533333972821023
2.45,0.233,-0.0035594059653190134,0.004284684646490209,0.2350181594229574,0.06596363797845148,-0.02785722146871055,-0.016988536881901987
2.506,0.233,-0.003939258746140847,0.004236359408925215,0.23547472293271443,0.06670938889353613,-0.025132427644808913,-0.016573622846178245
2.56,0.233,-0.003579421800916929,0.004259611810825752,0.23518880547382032,0.06618647917165198,-0.027009317983444577,-0.017812470686744356
2.62,0.233,-0.003486760811994992,0.00407272990414433,0.2350626874632384,0.0659272092574039,-0.02722084413614403,-0.017683514108684746
2.68,0.233,-0.0036136413478372255,0.004365500188917301,0.23513903811682316,0.06713349780793956,-0.026992621838183628,-0.017573364203205946
2.74,0.233,-0.0036617365701964093,0.004224092561986427,0.23551424139053545,0.06713944966806762,-0.02627790195017478,-0.017608133029584076
2.796,0.233,-0.003625892488348111,0.004342512223334012,0.23541499634642735,0.06745607063589194,-0.02619938477686276,-0.017369309947708196
2.85,0.233,-0.003529517103898736,0.00418936609326556,0.2352628093923735,0.06695141328734973,-0.02829162536826539,-0.017066026464039537
2.91,0.233,-0.0035817158920498655,0.004284631142823716,0.23521219196041226,0.06655700979967703,-0.027154413714603372,-0.017222480239752036
2.97,0.233,-0.003703372508119681,0.004235353971761433,0.23549323662352598,0.06753155608166897,-0.026227675897886705,-0.01694264769368675
3.03,0.233,-0.0037878768179192886,0.004341592247416455,0.23563759966449188,0.0672897536538941,-0.026093309191577752,-0.0169767821027906
3.09,0.233,-0.0036528975806072875,0.004223136493462608,0.23534983618313743,0.06643033903975573,-0.027092631995128055,-0.017500105290594672
3.15,0.233,-0.0034508191752870717,0.004071689153052279,0.23521209099541895,0.06485149063967623,-0.029312955917792982,-0.017764224493751053
3.21,0.233,-0.00361919770488099,0.004136402119057926,0.23516880690272315,0.06630826368269828,-0.026812280320596682,-0.016989567126662535
3.276,0.233,-0.0037873318298135865,0.004367304367722354,0.2353369626762448,0.06702732625499765,-0.02548261035077408,-0.01742761023953893
3.33,0.233,-0.003690114620614713,0.00429987267264399,0.23545621972917527,0.06763454809177606,-0.025817836274866376,-0.017349821247288958
3.39,0.233,-0.00373780457842412,0.00436443091382924,0.2355210089802162,0.06757220172442598,-0.02601744696800777,-0.016720103349913723
3.446,0.233,-0.0033385614327599345,0.004134911136735487,0.23517902860507878,0.06589297284372278,-0.028906897573424205,-0.018249188723768572
3.5,0.233,-0.003708069049232371,0.004381261880635655,0.23546749227016014,0.0677824635320006,-0.026352318865326536,-0.017109672006905795
3.56,0.233,-0.0039021032556065187,0.004247383896822566,0.23567317721410777,0.06724495266864051,-0.0247335547118508,-0.01660009007082911
3.626,0.233,-0.0036027733366134117,0.004395257282312482,0.23549203225545942,0.06805715728150269,-0.026521262731068286,-0.017569110169715164
3.68,0.233,-0.0033777811500839113,0.00411724366078998,0.23528939706540308,0.06601469972110292,-0.02866713724032728,-0.018537285977698208
3.736,0.233,-0.003665722886347015,0.004275407810126443,0.23550831695519658,0.06673979728677078,-0.02650324502647033,-0.017192323673665463
3.796,0.233,-0.0037935031138238043,0.004327096023023186,0.23550394375713982,0.0670486225436368,-0.02636818540991936,-0.01725386693158957
3.85,0.233,-0.0035481483127830097,0.004321095693836177,0.2355597725104484,0.06721369126604987,-0.02683754778497389,-0.017390138117932906
3.916,0.233,-0.00348801159517377,0.004167146641989684,0.2352503507213339,0.0665498961463444,-0.027428997072504596,-0.01805591786710214
3.97,0.233,-0.003359472905107296,0.0041281764749178905,0.23499375848068288,0.06550481237417838,-0.02857340037608252,-0.01737490439951338
4.026,0.233,-0.0036319749290379694,0.004342587115662479,0.23547003798971136,0.0678309412346976,-0.026192327616461283,-0.017433529373453507
4.08,0.233,-0.003800458464093773,0.004468190883515902,0.23562369939921116,0.06928555017660543,-0.02513073819319361,-0.016862280086945042
4.136,0.233,-0.003410941911981471,0.004182295667392496,0.235281049308325,0.0662060249219625,-0.02887873345319348,-0.017631476183504486
4.19,0.233,-0.0035295422520032417,0.004251597329962959,0.23530714998345423,0.06672130401265146,-0.027994601120456056,-0.017375174714965674
4.25,0.233,-0.0037961601827713586,0.004311291082384529,0.23550871720342959,0.06744888064981837,-0.025689273889297638,-0.017169765431193782
4.306,0.233,-0.0037174862912702365,0.0043451516115652344,0.2353589160746876,0.0676520948807903,-0.02554954306726573,-0.017024787594362593
4.366,0.233,-0.0033797844345701553,0.003945489968146252,0.2351237745077649,0.06385444437425995,-0.02959332645599823,-0.01816681341686578
4.426,0.233,-0.0034238839282289043,0.004032272840213603,0.23509610739864306,0.06471752863575138,-0.028903619989906273,-0.017562704605839
4.48,0.233,-0.003748587955541059,0.004247134493277424,0.23545297506555407,0.06676808887806412,-0.025543480428598064,-0.01663412814010824
4.54,0.233,-0.003650612685736003,0.004513860216873766,0.2350999022751754,0.0675663465162191,-0.027161236325213587,-0.01754278650946533
4.606,0.233,-0.0037010175686241027,0.004275716537116876,0.23551705299596284,0.06703577085299435,-0.026623540054270613,-0.01725557936539064
4.66,0.233,-0.0036221207225930817,0.004245441321088896,0.23516944400101503,0.0671060162886529,-0.026351229445069898,-0.017252785500287655
4.72,0.233,-0.0035155266505953963,0.004211305441050775,0.23519854897153286,0.06639383012913978,-0.027924420650771803,-0.017446124410519848
4.78,0.233,-0.0036122177180109493,0.0041345773009142115,0.23491318333059039,0.06435249990257669,-0.027122442496814773,-0.01755804168981177
4.84,0.233,-0.003837880267471722,0.004284329360484701,0.2355911838764744,0.0674549357388787,-0.024978208685965505,-0.016246905909623674
4.9,0.233,-0.003604699797006775,0.004324814515796487,0.2352454151090732,0.06686673531938238,-0.02727416229710988,-0.01691512727254627
4.96,0.233,-0.003404901773480526,0.004152657647855488,0.23517731306246065,0.06548613699097401,-0.02925992280438408,-0.01820210635807577
5.02,0.233,-0.003627842211828083,0.004184691228641789,0.23532804910316185,0.06617640843735129,-0.026954910692986108,-0.017519186771668797
5.08,0.233,-0.003565434059175411,0.004302135481584196,0.23550487011223775,0.06737474634134236,-0.026653606399721544,-0.017714702105021088
5.136,0.233,-0.0034685786279967596,0.00428831429088874,0.23521356662846787,0.0668794137223918,-0.02750256189024362,-0.01750077102901965
5.19,0.233,-0.0037194410922184455,0.004155988182951471,0.23510321245905919,0.06551608920528906,-0.02652788428641507,-0.017224213441796976
5.256,0.233,-0.0035550194686516023,0.0041276751859226,0.23524029882709876,0.0660089832096733,-0.02724928292319441,-0.017246832595951164
5.31,0.233,-0.0036765476962308374,0.0043422337379163236,0.23551297317947004,0.06802763459592742,-0.026343185719974356,-0.01740410465832404
5.37,0.233,-0.0035386915777451964,0.004302994124154445,0.235319877130335,0.06693956799080082,-0.02699638166425746,-0.01783252948259366
5.43,0.233,-0.003574008255198608,0.004258630704824075,0.2350942330888123,0.06650441072483408,-0.026750304359197438,-0.016976726159343297
5.49,0.233,-0.0036211351706595513,0.0041232411531009604,0.2352695088000891,0.06560425806808605,-0.0270954065505598,-0.017248020415141816
5.546,0.233,-0.0035294355314581852,0.004247024330916919,0.23544025004873326,0.06659197455395888,-0.02728186902342879,-0.01778249038250546
5.6,0.233,-0.0036161816274461757,0.004309512620209158,0.23541155658999005,0.06718557956760153,-0.026276445858222898,-0.017680646976128225
5.66,0.233,-0.003702549123408548,0.004415417876630024,0.2355021598913588,0.06794856952538093,-0.026563899757019362,-0.017533287612160848
5.72,0.233,-0.0036127413851089574,0.004309017893916226,0.23526918074362213,0.06710053810897172,-0.027227047651329928,-0.017208518608919893
5.78,0.233,-0.0035532970751405487,0.004269751328753858,0.23521314064940838,0.06663442961713736,-0.027976808297572545,-0.01764053762896752
5.846,0.233,-0.003513370114399444,0.00424468841877688,0.23522282864555374,0.06687274755897876,-0.027510055188016375,-0.01721524443794571
5.9,0.233,-0.0036943404863932923,0.004194523439187503,0.23550685778450994,0.06650221135879805,-0.025783165583670456,-0.01691971499233391
5.96,0.233,-0.0038152113033351016,0.0044228697356332725,0.2355005450771905,0.06827065112396073,-0.025719628787561562,-0.016744448214261243
6.02,0.233,-0.003662483124047409,0.004109070671501696,0.23520098216265534,0.06573820767194867,-0.026060564197185592,-0.01750917073199704
6.076,0.233,-0.0033420097827974145,0.004149461156873264,0.2352707947519074,0.06584852328598208,-0.02842010367572611,-0.018011168028416704
6.13,0.233,-0.003508637778273886,0.0042180639493123,0.23523477322785907,0.06650403345737146,-0.027109113658148602,-0.01654725033996002
6.196,0.233,-0.0038019953470807577,0.00423373368432218,0.23555271729834043,0.0669124634154912,-0.02527873079926564,-0.017314397390902892
6.25,0.233,-0.00364330226278059,0.004358808619744574,0.23552243525950733,0.0674380468826519,-0.026639038763140357,-0.017818757134229195
6.306,0.233,-0.003316319092483141,0.004157219322303257,0.23524349838200315,0.06550510557857973,-0.029878666943582374,-0.017281316386109066
6.36,0.233,-0.0036789091947036197,0.004216316128187119,0.23536123692072017,0.06671219342172154,-0.025619014185197554,-0.01656538019991927
6.42,0.233,-0.003881072580812916,0.004535107187293852,0.23543978150609438,0.06915389311210231,-0.024974137752699143,-0.017903121011113573
6.48,0.233,-0.0035970416429470667,0.004295050753108568,0.23552100660785472,0.06733018044640932,-0.02645078663783645,-0.01785022661876063
6.54,0.233,-0.003468103148154598,0.004193866580319564,0.23542104594258464,0.06687393903518471,-0.027348753648451442,-0.01614183361114057
6.6,0.233,-0.0035836428974728948,0.0041574657977044805,0.23507529865329327,0.06626631712570086,-0.02856611201601661,-0.018015388804762302
6.66,0.233,-0.003557315034367338,0.00415233471272706,0.23542741382407628,0.06613486431336436,-0.02663187820295059,-0.01906395955887718
6.72,0.233,-0.003717449265913665,0.004272246473378788,0.2356133626933789,0.06671533312143374,-0.02592796923780429,-0.015192783115467623
6.78,0.233,-0.0037896106724424022,0.004354443563333764,0.23550238790306102,0.06780887704614812,-0.02637920415461947,-0.016579871031909423
6.84,0.233,-0.003440493350565273,0.004223960784006143,0.2351889053372282,0.0664255610138153,-0.027594870897241573,-0.019892992108477014
6.9,0.233,-0.0031840094387237798,0.004087063258071793,0.23509212382515648,0.06533029990120737,-0.0289606780343526,-0.018374187403222664
6.96,0.233,-0.0035793147568037188,0.004263041522415707,0.23523455632290888,0.06676274859599526,-0.027029547901317955,-0.015086145932550598
7.02,0.233,-0.003820566858843296,0.004359315296022572,0.23540203540263702,0.06763413303338751,-0.025090830341325743,-0.018294731826395905
7.076,0.233,-0.00343015710661201,0.0042758500037540755,0.23545061043379062,0.06709899413838236,-0.02707480236374899,-0.02015464276851361
7.13,0.233,-0.0033083344918806053,0.004082005132213783,0.23506984959893903,0.06493978736473358,-0.02906866377015133,-0.015378510978259416
7.19,0.233,-0.0037286330229776878,0.004175758596829004,0.23541891191226408,0.06650777424406132,-0.026827237282155643,-0.016294583683770122
7.25,0.233,-0.0036887459807839517,0.0042726119366725,0.23534932159843724,0.06634635322061126,-0.026338464422879272,-0.02032423801845599
7.31,0.233,-0.003521457940666839,0.004276376356961056,0.2354833314146793,0.06693802544936486,-0.02659692740153095,-0.01696642873988815
7.37,0.233,-0.0034430672203014994,0.004175690680400519,0.23524173309623453,0.06632117041566686,-0.028211500834784558,-0.01447058662200406
7.43,0.233,-0.0036073397992980993,0.004189975195274745,0.23525132302804408,0.0662663578690962,-0.027703393531020592,-0.01978836063531755
7.49,0.233,-0.003462818662175288,0.004148649818696382,0.2354284166644695,0.06593260471889836,-0.0271844882739213,-0.019054969462334852
7.556,0.233,-0.0037208804154128163,0.004323990919506858,0.23547762243584458,0.06734456751147531,-0.026063353444717545,-0.013404512689816541
7.61,0.233,-0.0038023726356674723,0.004290011071633086,0.23540209986847876,0.06747902991109528,-0.025932192385970845,-0.017590961127025496
7.666,0.233,-0.0034615516228231878,0.004270338914354733,0.23523887342905175,0.06701407606545984,-0.028334197127938138,-0.02088774552594808
7.72,0.233,-0.0036715013251495637,0.004292971016787023,0.23552393748030787,0.06749208379690105,-0.026229315827601064,-0.01541047400689891
7.78,0.233,-0.003915145107029624,0.004499770402389449,0.2356789649408067,0.06885891066315429,-0.02613546259199485,-0.013752148136365246
7.84,0.233,-0.003693916803079438,0.004184266950915592,0.2353563395708575,0.06571801885904716,-0.026552760903172577,-0.020613637544667943
7.9,0.233,-0.0034823987789413453,0.00418349467902458,0.23534175172282323,0.06602565933860075,-0.027851001221862143,-0.01866553259932012
7.96,0.233,-0.003555363157310177,0.0040841527534066216,0.2351859519791311,0.06554040015274863,-0.027850444563910563,-0.01351834251619587
8.02,0.233,-0.0036832121501511805,0.004360184559805705,0.23546482036116562,0.06809274752538794,-0.026433143774775254,-0.018483673055234788
8.08,0.233,-0.00370978036093943,0.004347301758769362,0.2355036268647629,0.06778749738123706,-0.025825520246548928,-0.02016180689743328
8.14,0.233,-0.003592152463036158,0.004329850297129766,0.2354260971887575,0.06757776166663579,-0.026047983117179145,-0.014480569263474078
8.2,0.233,-0.003619284223821319,0.004224205728564577,0.23542869121870985,0.06675119028247264,-0.02747694011490486,-0.015833255803336752
8.26,0.233,-0.003573467063495906,0.004098528107059358,0.23515138588221718,0.06573783531701458,-0.02738434061943395,-0.021013855733438492
8.32,0.233,-0.0035005302094808797,0.004134593037165521,0.23537553346580856,0.06539525201826343,-0.027312118754057636,-0.016679599711990747
8.376,0.233,-0.003690907468184647,0.004253683991171899,0.23549884799418871,0.06673041079492825,-0.026849301896956425,-0.013221991677672299
8.43,0.233,-0.0035794202625486645,0.004390577064977886,0.23537342431539315,0.06746237118909519,-0.02684018618392286,-0.019147361680452602
8.49,0.233,-0.003445426844162989,0.0041343329192991395,0.2351986116137359,0.06562827094889191,-0.028244256531879165,-0.020702104704084633
8.55,0.233,-0.003365480564335083,0.004039027998633925,0.23512013252708763,0.06463656273772263,-0.02840219416963444,-0.01473621626403091
8.61,0.233,-0.003691374529675686,0.0042291530887843655,0.23539899949111018,0.06677912747738629,-0.025791407041782087,-0.015954142673341245
8.67,0.233,-0.003866582918582299,0.004495940509900298,0.23562429651601038,0.06881504700448768,-0.02546954461792026,-0.0204319443587294
8.73,0.233,-0.003491985498328719,0.004158602622226464,0.2353447525684137,0.06591744586358268,-0.027810480382388793,-0.017630886162975312
8.79,0.233,-0.0035233623388064303,0.004175251914415586,0.23503028055138278,0.06589609132318426,-0.02790109127206282,-0.014439550913665642
8.846,0.233,-0.003588849260360455,0.004254311853578613,0.23555339429158095,0.06735042318842435,-0.026208515928081114,-0.018852808582556314
8.9,0.233,-0.003595715721602075,0.004370228960399264,0.2353833286060565,0.06757182817043147,-0.02644157096088773,-0.019346644109359837
8.96,0.233,-0.003665582635491301,0.004357789572527264,0.23547122378174487,0.06748367054833827,-0.02865553668450081,-0.013397584568282732
9.02,0.233,-0.0036467343391229077,0.004235363135658405,0.23513870738819445,0.0663973693883097,-0.02995224582699687,-0.016431164431933327
9.08,0.233,-0.0033809573621961238,0.004223840398903238,0.23523977531489276,0.06683359372413186,-0.03125368123159471,-0.019917589082248895
9.136,0.233,-0.0035978913514540744,0.004503841252971909,0.2355259532622902,0.06853547226681253,-0.029175289624864025,-0.015278489594053282
9.197,0.233,-0.003599038780825114,0.004348527177598839,0.23554616823922328,0.06760901169301879,-0.028309114833995515,-0.013413030617042292
9.25,0.233,-0.003583278455438366,0.004170912563073872,0.2352126315834286,0.06587111289772293,-0.02736342002376168,-0.01968083229093655
9.31,0.233,-0.0034498583581897327,0.004121554842716964,0.2350126887125977,0.06564349751382134,-0.027639389363714992,-0.020341425240682064
9.376,0.233,-0.00346297583715686,0.0040429163081774225,0.23531162954065626,0.06498122824258568,-0.027074583809572426,-0.015557076499897623
9.43,0.233,-0.0034622607432659874,0.004179587829447211,0.23536990974299063,0.06583807162081431,-0.025784710199396224,-0.01874273183312741
9.49,0.233,-0.0035457270837171173,0.004206978796358859,0.23549186173252593,0.06625354725028162,-0.024408221811864163,-0.021228706360538377
9.55,0.233,-0.0032221354176856392,0.0038735039440590687,0.23528385361514356,0.06294707333470786,-0.02855374401471629,-0.017727069692786084
9.61,0.233,-0.0033574795215743306,0.0038953808493073136,0.23501042718728665,0.06340718774641634,-0.027404168415758372,-0.015915808126925533
9.67,0.233,-0.003390881204952202,0.0041855330716380435,0.23524468143035548,0.06620671008288227,-0.026349211263020117,-0.02162093980840178
9.736,0.233,-0.0037225096447212054,0.00438765386194464,0.2354744294364189,0.06770903532062994,-0.026525324636885905,-0.0174870587822304
9.79,0.233,-0.0038444487803325745,0.004284968984999911,0.2355867619195074,0.06777289851892682,-0.025973672672931863,-0.012794116915838148
9.85,0.233,-0.0035424036187926954,0.0042889559217834895,0.23513036527819428,0.0668519820401054,-0.02934262809204894,-0.01762041475172642
9.91,0.233,-0.003613797775696657,0.004285878228054815,0.23509435486175775,0.06736234180391176,-0.029978771765869654,-0.018172765207493644
9.97,0.233,-0.0036491452826456915,0.004206595228200454,0.23526540845388444,0.06601500915865037,-0.02918473412763573,-0.014476769326681477
10.03,0.233,-0.0037469533809444977,0.0043124889176010765,0.23548883932171236,0.0675731691665304,-0.027912298456880848,-0.015421414250557486
10.09,0.233,-0.00371513170723539,0.004273014029133481,0.23539333646660224,0.06684696561683481,-0.027079804350712923,-0.01915865928427067
10.15,0.233,-0.003749089045083627,0.004133271438484877,0.23526231594650637,0.06597707113894348,-0.02734091882534027,-0.016070279339578403
10.21,0.233,-0.003280209630774316,0.003966919758945902,0.23496246142537142,0.06440938583822464,-0.029655062409630173,-0.016579718766798895
10.27,0.233,-0.003493986168742457,0.004107188970606734,0.23540799699012863,0.06570264538567215,-0.0266611514339607,-0.02005983953473389
10.336,0.233,-0.0036629612733379345,0.004253385779901758,0.23552244421639262,0.06676358115477331,-0.024872496924122894,-0.01916020818524302
10.39,0.233,-0.0036908491676370353,0.004405309627036052,0.23579598304740138,0.06795794511552225,-0.024677731183494773,-0.016300978248890964
10.456,0.233,-0.003427555682212919,0.004129983324083804,0.23527119520213968,0.0651055092601482,-0.02748245550312326,-0.018337493183155987
10.51,0.233,-0.0032653501964929436,0.004017174717669463,0.23519056165833477,0.06420623700409087,-0.02793733647412296,-0.020304431212368305
10.57,0.233,-0.003397635000530743,0.004243446594904731,0.23520715115828383,0.06612305621132507,-0.02683446804581434,-0.017507134243287967
10.63,0.233,-0.0038604273340754978,0.004371407535187214,0.23574579215795283,0.06812608808290557,-0.02558660420272651,-0.01575478289795976
10.69,0.233,-0.0036597439511803285,0.004470436324480487,0.23544731364185503,0.06855358189997948,-0.026623215271269363,-0.018780439272384826
10.75,0.233,-0.003611652472572162,0.004245288544848229,0.23525014738987438,0.06723218737160938,-0.028899290330773368,-0.017485073625359504
10.81,0.233,-0.003584184489714791,0.004205620371748181,0.23509244282615985,0.06659431085516873,-0.02905434673259972,-0.015534549577955093
10.87,0.233,-0.0036477333915018355,0.004323307508230894,0.2352623003517367,0.06771032893867826,-0.028402920939500465,-0.016743903323709897
10.93,0.233,-0.003774146431363542,0.004375419099215611,0.2352500450321451,0.06739625756671191,-0.027176908999516504,-0.01752047773351465
10.99,0.233,-0.0034996223549967646,0.004276223395567837,0.23534258253681084,0.06718237619104774,-0.028584198704609966,-0.01567074787118819
11.056,0.233,-0.003426761065087078,0.00411339698615564,0.23508090566829917,0.06547462604636882,-0.0285778961281558,-0.016565520627812545
11.11,0.233,-0.00357215896583634,0.0040771182191934345,0.23530884255264292,0.06536770057669385,-0.027480388428349746,-0.019275995282725757
11.176,0.233,-0.0034948634562169192,0.00425263282790759,0.23520979134105793,0.06599377882062352,-0.027563908697944353,-0.018060162568635792
11.23,0.233,-0.003776143568314792,0.004293402174753577,0.2357305441536079,0.06713657537868324,-0.025515693097131413,-0.016620388214979326
11.29,0.233,-0.003650654620290628,0.004243223523612354,0.23547128347487187,0.06645521430498383,-0.026235630949822217,-0.019559158516962955
11.346,0.233,-0.0033199904153686016,0.004042453400559321,0.23507466628762705,0.06474543903587651,-0.02810273441164502,-0.019576549764483486
11.406,0.233,-0.0036249652034873025,0.004169695412237307,0.23527959178344407,0.06610676305882597,-0.025871443474154626,-0.017100682619387204
11.46,0.233,-0.0035632578755278813,0.004291402118673125,0.23545305166393296,0.06693575493028392,-0.026633188980614245,-0.01751250603646052
11.52,0.233,-0.0035771881015356777,0.004101865990430256,0.23522034380913967,0.06481865175952628,-0.02750809257084647,-0.0185493081568942
11.58,0.233,-0.003542303868452867,0.004297988819403128,0.23543752433001303,0.0675327198699101,-0.027679953736590213,-0.01704662050896221
11.64,0.233,-0.0034677421716745225,0.004253917820062787,0.23523534937199478,0.06692011050688171,-0.02988305544037967,-0.0162534763698419
11.7,0.233,-0.003704382767407244,0.004263070708954949,0.23551616207996798,0.06759635744594121,-0.027775400216676585,-0.016897988544984126
11.76,0.233,-0.003610410232837433,0.004388232547209177,0.23523806688644694,0.06741053973308311,-0.027260393307261654,-0.01696272579012117
11.82,0.233,-0.0038083136490039506,0.004317533398397107,0.23547087693228072,0.06768501309463489,-0.027007869138068397,-0.014663655609561387
11.88,0.233,-0.0035877060880191427,0.004275984750666016,0.23527545148160256,0.06700914015320245,-0.028388537625928127,-0.01641862100851262
11.946,0.233,-0.003473081613397249,0.0041311598954914775,0.23511911546437333,0.06548119925322177,-0.02873952251841409,-0.018753519564417655
12.0,0.233,-0.003461026661048652,0.0042827808971914886,0.23521624081091708,0.065842465053969,-0.027647764163199,-0.016519731718971857
12.056,0.233,-0.0037710447500942713,0.00424328053732743,0.2354754221746641,0.06726380449573818,-0.02506982143159727,-0.016657356718241655
12.11,0.233,-0.003465677105996899,0.0042412834840482696,0.23526089850436055,0.06631801624561995,-0.027440716681223495,-0.02031246942294821
12.17,0.233,-0.003241483398819296,0.004028479491616263,0.23530135531164806,0.0645034556330072,-0.027938315950467318,-0.01831894646543755
12.226,0.233,-0.003579640428824815,0.004135833594694034,0.2354491994825327,0.0659455878366064,-0.02571847243671918,-0.01573523287420154
12.28,0.233,-0.0037041493257060636,0.004216661950978078,0.2354658313453002,0.06658598252710507,-0.025540834622242162,-0.018181892661974144
12.34,0.233,-0.0036208138109896,0.004185354352979446,0.23533963158353965,0.06625700582625893,-0.02585399697923334,-0.02001959460940353
12.396,0.233,-0.0033700167278217525,0.004134285834075984,0.23516033424573604,0.06556642526722796,-0.02779311715301709,-0.017134106854542353
12.45,0.233,-0.0036899996463528547,0.004382062759443067,0.23532273454273345,0.06802439708835151,-0.02702527705637185,-0.015477536840472495
12.51,0.233,-0.0037194430721729853,0.004188834869017016,0.23513953870288593,0.06654977337345545,-0.02778219053344489,-0.019470461175463857
12.57,0.233,-0.003625700588950083,0.0043559568154386535,0.23547870324474565,0.06750828708238263,-0.02654056374639271,-0.017362904994417158
12.63,0.233,-0.003571833311720791,0.004345117478019904,0.2353265562887804,0.06785223547083946,-0.02813320005912071,-0.013340495509688254
12.69,0.233,-0.003597625546495289,0.004285218437256589,0.23543169341320652,0.06707547247941753,-0.029438577032475887,-0.01772683442472289
12.746,0.233,-0.003633516854749117,0.004158466848250514,0.23527092004200648,0.06636111450807747,-0.027308737083374775,-0.020060712433303898
12.8,0.233,-0.0035697954104527804,0.004183984750610865,0.23520216970985985,0.06536638916574516,-0.026869380245500386,-0.015373349927080573
12.86,0.233,-0.0037212607534415736,0.004159874978814876,0.2353784887176522,0.06593307201494183,-0.026778945555418106,-0.013458870337318947
12.92,0.233,-0.003756576821571881,0.004177519189534402,0.23527426706810028,0.06652231788494092,-0.02634325090356895,-0.01981114981877683
12.976,0.233,-0.0032338907553683496,0.004173823315265523,0.23535527776131238,0.06591986167799455,-0.027973308738060233,-0.020616862481010474
13.03,0.233,-0.0035993706002999527,0.00412494428883626,0.23536169808103213,0.06563307642575605,-0.025268092401423456,-0.014704509157085904
13.096,0.233,-0.0036771979234433553,0.004270438516164791,0.23537160423642584,0.0670632420429973,-0.02547749209534609,-0.01764970762633589
13.15,0.233,-0.0035255646996851593,0.004083742899563211,0.2351050295653275,0.06549289979230909,-0.02662147225845286,-0.022001084022726894
13.21,0.233,-0.003285912912559288,0.004027965848268189,0.23517348178990996,0.0645062248294144,-0.02781826529996382,-0.016781317209892992
13.27,0.233,-0.003402677562586868,0.004216311002410554,0.23512458357574978,0.06635207931739101,-0.028208702066889923,-0.01494921630889789
13.326,0.233,-0.003925700102690675,0.004426852682717321,0.2354149163069824,0.06871605124990363,-0.02519597458251203,-0.019364475418034884
13.38,0.233,-0.0035936580962234476,0.004261251285268742,0.23536007048622049,0.06685014417527246,-0.026213119715773187,-0.019819033739129223
13.44,0.233,-0.003408045715258986,0.004165494607377466,0.2350746601297056,0.06548461357793756,-0.028864944537272542,-0.013180633399143037
13.5,0.233,-0.0035891597508266124,0.004181409553413519,0.23521483892793096,0.06629348810820186,-0.0294306859063421,-0.016246061607981352
13.56,0.233,-0.0035223871381806753,0.004216195066505084,0.23536089793202677,0.06679391712170314,-0.02858734363460247,-0.021309016746662756
13.62,0.233,-0.0036459415761774133,0.004411157607656821,0.23548576221421808,0.06765137546118023,-0.02782767461864697,-0.014469873284023172
13.68,0.233,-0.0037574257086113692,0.004278616521172324,0.23537260413207386,0.06721530314222378,-0.026499313228681418,-0.013867179260540999
13.74,0.233,-0.003832887730864053,0.0043531619121061444,0.2353345888343916,0.06847262310158375,-0.026314703036164167,-0.020834236331799712
13.8,0.233,-0.0033884746304885015,0.0041566045622481035,0.23508024165596902,0.06569134053270963,-0.029343556324193904,-0.018863833533487764
13.86,0.233,-0.003581335652141338,0.004242336590768066,0.2353231736607064,0.06652549161239919,-0.026697375664742673,-0.012718905905646675
13.92,0.233,-0.0037094164726991113,0.004146311380803621,0.23523334715937805,0.06535473773059217,-0.02572509294721414,-0.018671990334782975
13.98,0.233,-0.0035425255292150766,0.004039126700343668,0.235221170400889,0.06472991356434085,-0.026022602736979462,-0.02198631879575107
14.04,0.233,-0.00334400914375517,0.004118190359556494,0.23534102305632518,0.06518499447424322,-0.028023099278850095,-0.015581096019295757
14.1,0.233,-0.0034923639110256144,0.004143583953844704,0.23525350114430774,0.06564172056459447,-0.027989674358371856,-0.015869405419795535
14.16,0.233,-0.0035309216164010494,0.004123243444433019,0.2352023760623094,0.06562740045435858,-0.026801287065412727,-0.022515727217228186
14.22,0.233,-0.0037092463357512873,0.004251697252677294,0.2354771113452337,0.06665367729302353,-0.025575322570891977,-0.017148496685210502
14.28,0.233,-0.0035786958412964837,0.0042771896987273995,0.23533417263755338,0.06667730011611447,-0.027223040576741714,-0.01317075920766361
14.34,0.233,-0.003621870332985193,0.004344841268487295,0.23527913976767198,0.0676555779902214,-0.02806602143479792,-0.01947473844189782
14.4,0.233,-0.003463459312676672,0.00407013674195702,0.23506943531999802,0.06547469389411222,-0.028262176561237116,-0.020342760882405872
14.46,0.233,-0.003494219435105997,0.004228105074381984,0.23533819763898947,0.0665033272015954,-0.02831456948003882,-0.013082954154746427
14.52,0.233,-0.0037638272279026503,0.0044454080980272145,0.23567559108941846,0.06898737622981184,-0.027098378083277093,-0.015764994884710136
14.586,0.233,-0.003829572537202848,0.004294059004802742,0.23537706219799226,0.06763453607126514,-0.02522063295398311,-0.02111401341780071
14.641,0.233,-0.0034849688257317726,0.004300882430038791,0.23526491652021841,0.06737057797160083,-0.027460597933222173,-0.015853679513349216
14.7,0.233,-0.003410296790885602,0.004111476388211823,0.2351109218422301,0.06545164880410584,-0.029217156292065286,-0.014316302327655971
14.766,0.233,-0.0036961073494015755,0.004145167000601711,0.23525952437223893,0.06629593030876595,-0.025708278627341184,-0.020107947877971565
14.82,0.233,-0.0035655110464154175,0.004354486148328782,0.23541235458192641,0.06764087611171565,-0.025533097515415278,-0.019482311176757312
14.876,0.233,-0.0035361621167214626,0.004248556007107869,0.2352543300121008,0.06631076866567964,-0.02704871697247302,-0.014150487237557149
14.936,0.233,-0.003489900758120005,0.004203833470835602,0.23510314526212875,0.06608763423070242,-0.0273727645613955,-0.017330256880494853
14.99,0.233,-0.0032688587530202416,0.004159855397442898,0.23503146653058066,0.06575657430260141,-0.02794107008669903,-0.022280407144292497
15.056,0.233,-0.003487540064861505,0.00428830386508616,0.23525375241467958,0.06632877372903993,-0.02695514739670726,-0.01638414889090953
15.116,0.233,-0.00370335819898445,0.004261400936729897,0.2352045833206896,0.06604940796707973,-0.026387315967472316,-0.014343799868756573
15.17,0.233,-0.00374510750520531,0.004266599634677408,0.2355881050083665,0.06769151237553368,-0.026855408717275816,-0.0200723875480843
15.23,0.233,-0.0036504099625220667,0.00427545463183524,0.23508992107033144,0.06690053693696658,-0.027367661693618775,-0.01753712160557247
15.29,0.233,-0.0036648519068657654,0.004138598144548423,0.23540076762513457,0.06621869899253519,-0.02671339095330876,-0.013481827213307582
15.35,0.233,-0.0036747276410687103,0.004377702580313268,0.2352857071730078,0.0674152078206434,-0.027122070271352387,-0.01778547262532604
15.41,0.233,-0.0036070810144637967,0.004267284650064206,0.23539036773259944,0.06726754496578892,-0.026928308946857858,-0.019514461091872822
15.47,0.233,-0.003650394938874837,0.004234395191514812,0.23562598078321811,0.06659159349619076,-0.027718925370045368,-0.014658571904769548
15.536,0.233,-0.003472113853849376,0.004184905868018682,0.23529431929520592,0.06629980654473508,-0.027989349626955994,-0.016575169515772314
15.59,0.233,-0.003532805339628474,0.0041324078690504985,0.23518356484717035,0.06566236026160528,-0.027211765006797037,-0.020486809735623022
15.646,0.233,-0.0037497612872099263,0.004315478240740651,0.23547219198960687,0.06721102436963948,-0.0256311178357568,-0.017331821434342625
15.7,0.233,-0.0035257459863835,0.0042776650042929,0.23545473253604926,0.06637028279128984,-0.02675224896991299,-0.015329835349659187
15.76,0.233,-0.003505226128193225,0.0041929519670051,0.23524184859280547,0.06621293318182765,-0.027415148015582123,-0.019727534421867497
15.82,0.233,-0.0035058116527795567,0.004172277322361823,0.23520392312161878,0.06597474812815823,-0.028394952215050357,-0.01927476825381436
15.88,0.233,-0.003503690195771241,0.0041283904049694104,0.23521819628559762,0.06562504399521099,-0.02763531721312686,-0.01583701054940038
15.94,0.233,-0.003723842468989814,0.0043264286583178935,0.2353413397273966,0.06743434654430369,-0.02502610671930991,-0.01741447094214892
16.006,0.233,-0.0036586758668743294,0.004209830471466458,0.23523426121522698,0.06670628229813108,-0.02571929391006897,-0.019462259286501197
16.066,0.233,-0.0034826325574638757,0.004117557620264014,0.2350605145253453,0.06555843538545526,-0.02880139741831194,-0.01663495732136122
16.12,0.233,-0.0036546930866802503,0.004202906613215449,0.23524197596008614,0.06641494434018731,-0.027787637597978556,-0.015368251579876781
16.18,0.233,-0.0035473886844232293,0.004145526647136989,0.23539401598846268,0.06604896690564845,-0.027052505117558235,-0.018793365864332064
16.24,0.233,-0.003637408561333916,0.00444476395052949,0.23536908518652228,0.06823418935808052,-0.026344421931929252,-0.0168748221211395
16.3,0.233,-0.0037974263893155087,0.004240078200389491,0.23530243590183855,0.0667322058579991,-0.0267089070593749,-0.015270335718915055
16.36,0.233,-0.003740534593317228,0.004246706554014065,0.23516237254186892,0.06636684266494647,-0.02688319446476312,-0.01804299223135945
16.42,0.233,-0.0032751178099267525,0.004072673956572638,0.2350503696240705,0.06576107318647403,-0.028342819144112522,-0.0187621631913663
16.48,0.233,-0.0036643239457573376,0.004370044596142729,0.23545236932839278,0.06790956039551153,-0.02694428226866919,-0.015283426331419924
16.54,0.233,-0.003713849906327523,0.004201051427561098,0.23540067424271963,0.06620877761765565,-0.026099922156746322,-0.017238397530245232
16.6,0.233,-0.003416069344714768,0.004013337527633197,0.2351910525586428,0.06417738519094983,-0.02671499118158619,-0.019768677522153593
16.66,0.233,-0.00355815674154775,0.004069289648637482,0.23530620705766012,0.06557504826500596,-0.026746188733162275,-0.01644581325323642
16.72,0.233,-0.003315273394304783,0.0040352636150882745,0.2352218243094886,0.06470599065241926,-0.029236783828551875,-0.017498325918004654
16.78,0.233,-0.0034018245618624644,0.0040349672499789945,0.2352918577344839,0.06501875074467647,-0.027549082989737045,-0.020754163819240792
16.84,0.233,-0.0036926822779950793,0.004229880033041918,0.23569511420580677,0.06716378625105554,-0.02530232598455194,-0.017780945973547485
16.9,0.233,-0.003796783131510465,0.004121841913168889,0.2340389715332293,0.06346751857282011,-0.02673234805611583,-0.014531258574381596
16.96,0.233,-0.0033465178023800207,0.004079237240304632,0.23378119354806182,0.06258439155876958,-0.028403911541795248,-0.01983369419055012
17.02,0.233,-0.0032207507247715397,0.0039590446451103324,0.233801238555793,0.06203095383436815,-0.028764417165441297,-0.019797716723653352
17.08,0.233,-0.00334059093290498,0.0043278402681070005,0.23401171995375722,0.06457641960745335,-0.02891833289909119,-0.014774442784288426
17.14,0.233,-0.003416371911635042,0.00406994853078222,0.23322044494623825,0.06121932825405485,-0.028265389740835863,-0.01715636646641265
17.196,0.233,-0.0034135022014501887,0.003921587322470623,0.2334606854670204,0.06102459119254691,-0.027541677759089285,-0.021505987053800163
17.25,0.233,-0.003195768101900251,0.004011164071160715,0.2340078316028146,0.061998801307913416,-0.029705913864333442,-0.017297479996900428
17.31,0.233,-0.003193019638269615,0.00391885622921895,0.2336429214217144,0.061366957996867436,-0.0287214181356945,-0.015576973172391225
17.37,0.233,-0.0041106471446951025,0.004278971157866321,0.23408983838078853,0.0632748299432044,-0.02741126592659086,-0.019148548799073215
17.436,0.233,-0.0038716295765398186,0.00436246894941297,0.23428243909870156,0.06375957648818141,-0.027752393920121424,-0.01861892991597704
17.496,0.233,-0.004033736843443563,0.004332668549067299,0.23421145111035302,0.06342191131716919,-0.028836122268360548,-0.012537396985313502
17.55,0.233,-0.0039766127669646325,0.004284108854179288,0.23424482072056768,0.06392310582900883,-0.02854674151120778,-0.017196980424257
17.606,0.233,-0.00402387252397763,0.00411993646430972,0.23404401647129863,0.062394244541287516,-0.027322255192106414,-0.020975551806142637
17.66,0.233,-0.003934031482162668,0.004355738757899101,0.23436766860448674,0.06340361693950061,-0.02783878633706981,-0.015012097952817874
17.726,0.233,-0.0041428281857824245,0.004288384424455503,0.23411025859304643,0.063241691179495,-0.028022558887761922,-0.013411394679887199
17.78,0.233,-0.003908870886830308,0.00426192489842471,0.234104882103124,0.06318375434632664,-0.029964864088680463,-0.020224663763000236
17.84,0.233,-0.002859150122204183,0.003908810189703381,0.2335694799082923,0.0614752249371787,-0.029640329069044104,-0.020370660437288492
17.9,0.233,-0.0030479225285469412,0.003879979788664834,0.23369930762430902,0.060711860135118985,-0.028190699198026158,-0.0137529766947409
17.96,0.233,-0.0033227739676225487,0.004169064739280444,0.23341952861703816,0.06318824018811915,-0.02692519015032252,-0.01942054520021664
18.016,0.233,-0.0033398063017799984,0.003950457198707183,0.2336517321125469,0.062016662858969035,-0.02755024632401793,-0.022207326867936007
18.076,0.233,-0.0028614941182374225,0.003994276055452602,0.23378108202862752,0.06219191045876004,-0.0302115575538467,-0.016352133260761462
18.13,0.233,-0.0032125145545151795,0.004011194045036781,0.2337283409409276,0.062413061077092075,-0.0286130237670008,-0.015403522047525691
18.19,0.233,-0.0030958363209901644,0.003914988584139776,0.23319387136928435,0.061428539327358804,-0.024454555179560772,-0.023057834248585516
18.25,0.233,-0.003876876651140666,0.00420681712366478,0.2344403139319665,0.06280642243000319,-0.028373654728210768,-0.01811978402213431
18.316,0.233,-0.003738547491744368,0.004155984140487173,0.23421211524997565,0.06200067022971973,-0.031189865044203655,-0.011980408142973855
18.37,0.233,-0.003936378780410273,0.004213840861253863,0.2340922876393254,0.06280101149371665,-0.030142682433106156,-0.018250129600013876
18.43,0.233,-0.003890283795238033,0.004438930258813878,0.2342047683806696,0.0637244094421737,-0.030207760412749536,-0.019755160504153185
18.49,0.233,-0.004047475801185118,0.0045934865244429066,0.23398599162518652,0.06195886932380082,-0.030713894577125055,-0.011219461806123198
18.55,0.233,-0.004232316758937858,0.0043864753427283,0.2342497049718681,0.061457429816236066,-0.03152735190808955,-0.014065285532241659
18.61,0.233,-0.0039877413280801416,0.004548169364081298,0.23407134172026922,0.0606117206592307,-0.035095167039899365,-0.020062105283840732
18.676,0.233,-0.0038466542967903923,0.004543616386749121,0.23367537148508796,0.05939953161199696,-0.0383376730422608,-0.014242602124527737
18.73,0.233,-0.00410985609005552,0.004691216171568823,0.23390884854274718,0.05948661161827057,-0.039422524043774464,-0.00859805449493236
18.79,0.233,-0.0044388571361414575,0.0035637695809133067,0.2341357092538569,0.048196137580298976,-0.044541428515557,-0.022390511329051076
18.85,0.233,-0.004467268368751143,0.003729037559561741,0.2339356046232346,0.04748440155313899,-0.04665796232754947,-0.023688061713969814
18.91,0.233,-0.0044397880985169004,0.0033720912233233006,0.2337294282368262,0.04233078562292567,-0.051450261819827856,-0.01443259108001998
18.97,0.233,-0.004791717969521043,0.0032990507873328283,0.23354324270763907,0.04196847007023074,-0.05478100998650729,-0.016271363895020718
19.03,0.233,-0.004372042927420093,0.003412281464772163,0.2337353620853296,0.03963894347563593,-0.057704377911461886,-0.023389097431768095
19.09,0.233,-0.0046022331873190915,0.003422827772693541,0.2334315865810884,0.03603625604817462,-0.06007813278812938,-0.017842214693133025
19.15,0.233,-0.005185888162846584,0.0033076302374798836,0.23335842849028163,0.033919927516828034,-0.06283275144407456,-0.013101369555099199
19.21,0.233,-0.004920855451144242,0.0029149753572109086,0.23310559974145573,0.02713917991237393,-0.06936859391051609,-0.019889845725047015
19.27,0.233,-0.004823031310514977,0.00325883280353394,0.23285609685352604,0.021030003105157454,-0.07765360793242654,-0.0178017846274622
19.33,0.233,-0.005344729412062449,0.003256046436406095,0.23281731308493553,0.0183834208597498,-0.0824148350065984,-0.013649091521346123
19.39,0.233,-0.005348394806648371,0.003028413457537031,0.2325964006289391,0.01521994073697955,-0.08664282457384426,-0.016274381318087453
19.45,0.233,-0.005234111043516651,0.0029824937800062936,0.23256280549205777,0.0065644933216729715,-0.09253005423297937,-0.020702038163590127
19.51,0.233,-0.005620557633709278,0.002487595786565579,0.23211808177264776,-5.727244069946376e-05,-0.09972723674159316,-0.01816993502437131
19.57,0.233,-0.004613115261759191,0.0013280092801796254,0.23174735979609828,-0.010794264904915436,-0.11496974493550335,-0.02505329885494107
19.63,0.233,-0.004548803494145513,0.0009989952171944301,0.23155861502278047,-0.01931774121148363,-0.12132503222907988,-0.02465477722467175
19.681,0.233,-0.004536448243110285,0.0014437411731722876,0.23141969634345746,-0.022764619251595307,-0.12881358295621206,-0.022997866877217384
19.74,0.233,-0.004974704238856351,0.0006173470348157094,0.23091066548554537,-0.036118307608759594,-0.13858587993000324,-0.022724067904194022
19.8,0.233,-0.0052535878088440175,0.00041018364718406746,0.23077134623828255,-0.04728541218183346,-0.15081892411865805,-0.023224059475419345
19.86,0.233,-0.005794224550342314,0.0006238703078792639,0.23055332934488854,-0.06116991080144261,-0.16228760281972482,-0.020852419001141126
19.92,0.233,-0.006072896136661186,0.0008516912411060028,0.23000273961395717,-0.07528892625561176,-0.17597463019666193,-0.019296101518681694
19.98,0.233,-0.0067705365332713366,0.00030116242483275546,0.22963655946838668,-0.09110385101951676,-0.18729671613806295,-0.018197515579308873
20.04,0.233,-0.006912321164619865,0.000287897706529613,0.22942890761687287,-0.10588647974477025,-0.204504171780237,-0.01595989487960219
20.106,0.233,-0.007763930267236878,0.00046487578288660993,0.22932759178635997,-0.11757820152320228,-0.2127044015069355,-0.01750150917177298
20.16,0.233,-0.007155678398651462,0.0006227441481120457,0.22905229412074884,-0.12811040039657462,-0.22664731954897868,-0.013732756164963209
20.22,0.233,-0.007531414195725379,0.00015608108805643663,0.22887954672185926,-0.13919014144732292,-0.2424543896331811,-0.022499447335865546
20.28,0.233,-0.007484662501093925,-0.001263937109456036,0.22832870719298123,-0.1542437054495271,-0.25716003377589924,-0.03088545386111435
20.4,0.233,-0.007631551438166566,-0.0018028035998204838,0.22792340687444104,-0.17068584371555437,-0.27146456595701485,-0.03203248534122423
20.466,0.233,-0.006931914152532842,-0.0021787650051756867,0.22781696083561662,-0.18012490013593713,-0.28124440363881875,-0.03139675017585131
20.64,0.233,-0.008141977751226093,-0.002527930684349703,0.22717014071099503,-0.21128473475387108,-0.3072589486720328,-0.04735202329750554
20.696,0.233,-0.007995234317565027,-0.0023717899364273753,0.2269758873654746,-0.22020957835540977,-0.3162374402796052,-0.0382334653790929
20.81,0.233,-0.009115869112257102,-0.0037411464180627033,0.22685921075438742,-0.24003800600058697,-0.33334800573378887,-0.06676054833533904
20.93,0.233,-0.008625377315091297,-0.003425566739860707,0.22634069937916906,-0.2482967991882934,-0.3448915720596386,-0.05447261337341052
20.99,0.233,-0.008685016556189383,-0.004032305699044163,0.2259967713506955,-0.25194589037065296,-0.3475190315175063,-0.0581686627510595
21.05,0.233,-0.009002986750005505,-0.0039003802124332005,0.226044869507946,-0.25033107133203375,-0.3486053072917492,-0.06578896903958616
21.11,0.233,-0.00878093566868126,-0.0041644605892286034,0.22584091142560556,-0.24991341037022274,-0.3482362736163874,-0.05931966954074531
21.171,0.233,-0.008336065938248044,-0.00422301356883069,0.22577973163183954,-0.24628814827748605,-0.3472373315684849,-0.053755287906916846
21.23,0.233,-0.007514849051954042,-0.004257161831755388,0.2254881425671507,-0.2346438785467374,-0.3425543392914439,-0.06070432322980533
21.286,0.233,-0.007312216386444034,-0.0050607675394973815,0.22562218637504539,-0.22899192174062938,-0.33312684641050055,-0.06564486035132364
21.34,0.233,-0.006182250156298926,-0.005338815009469253,0.22542934521479444,-0.21875406435559214,-0.32487218878140184,-0.052400375258492796
21.406,0.233,-0.0055198446568232385,-0.005946229421976147,0.22525144899642108,-0.21194629908732407,-0.31276342001227037,-0.057937167537811765
21.466,0.233,-0.005034450874772578,-0.006467468568727322,0.22509123740052525,-0.20617191401137747,-0.3023418242588336,-0.06399038880056784
21.52,0.233,-0.004832724837236492,-0.0063846776420394295,0.225368073116915,-0.20118261856741676,-0.30049264889548566,-0.056479389366539345
21.58,0.233,-0.005072194929194792,-0.006965370763582349,0.2249625376457459,-0.19830087830931806,-0.2926648182772869,-0.06445392410230215
21.64,0.233,-0.004744849773469114,-0.00672015571939941,0.22491561700898913,-0.19855783980945638,-0.2900426484251192,-0.06270740010590738
21.7,0.233,-0.004799280029705184,-0.006072940813983411,0.2250289757432653,-0.19741725443695443,-0.28606338538805604,-0.04264188389775757
21.76,0.233,-0.004828258142851254,-0.006369090278005721,0.22485159207120628,-0.19806876445127294,-0.28971160158723863,-0.0403369125012361
21.826,0.233,-0.004952977057214237,-0.005768375447562587,0.2248380376822674,-0.19814928488181965,-0.2958678074213713,-0.03134405647347249
21.88,0.233,-0.005877069483940933,-0.006068483965737979,0.22462321976585609,-0.1954992599239347,-0.2953849145247392,-0.0419538731519083
21.936,0.233,-0.005452320774391479,-0.005937665674226287,0.22458175611767434,-0.19003012811429462,-0.2968598894951149,-0.036903993346215296
21.99,0.233,-0.00517561812572864,-0.006193328589522494,0.22455014906707318,-0.18043492492360128,-0.29280925544022535,-0.02226861090214878
22.046,0.233,-0.004630684321914902,-0.006826496840060753,0.2244515774730987,-0.16762609504159792,-0.2891506557864046,-0.022033831988970867
22.1,0.233,-0.004454512120453928,-0.007519227680298638,0.22423661220103114,-0.15182930068351458,-0.27225224440490664,-0.02706128564739786
22.156,0.233,-0.0031505044891615382,-0.008398796962649573,0.22405574225805264,-0.13805187271050565,-0.25545087969416513,-0.03864485328259739
22.216,0.233,-0.001013655109294043,-0.008349056853642655,0.2239769443362637,-0.12083614608766106,-0.24219416267741703,-0.035968307808786744
22.27,0.233,-0.0006743929483484096,-0.009422435868051535,0.22358565059457428,-0.113362961300091,-0.22936013192186644,-0.036218968645309685
22.331,0.233,-0.0007968804200497822,-0.00977796921762248,0.22342757698677532,-0.1056216624802668,-0.2145038522606979,-0.032655562594883475
22.39,0.233,-0.001154598503664966,-0.007763654939322914,0.2237072344419607,-0.09174347232414604,-0.19534257718450465,-0.013448891523513033
22.45,0.233,-0.0007375839308639071,-0.00751005973272445,0.2239206995575489,-0.09080905143695586,-0.18957547246366527,-0.009381778502655667
22.506,0.233,-0.0015543685636418179,-0.005525752432470023,0.22421372027876332,-0.07822031733059319,-0.1839189023278239,0.0029312708364672715
22.56,0.233,-0.0032945441300284927,-0.004712161673255952,0.22418042013796938,-0.07311807543022837,-0.17950781942878086,0.006864863586321646
22.62,0.233,-0.004138281993531838,-0.003473032379352712,0.22447986582953144,-0.053695152367824045,-0.16815765011937078,0.01675570392875861
22.68,0.233,-0.00645635400884176,-0.002106016950548324,0.2243324354597521,-0.027100617453545455,-0.1335894173437175,0.02031047405930776
22.74,0.233,-0.00449683734562724,-0.0023950854271437157,0.22480533609758546,-0.0045082382239622016,-0.11644440904538414,0.01079942868541036
22.806,0.233,-0.0034394560510584687,-0.002120044625737929,0.22479348268285432,0.0207520419425784,-0.09488640919109674,0.0025193628902574444
22.86,0.233,-0.003290406057373884,-0.0013983538841479282,0.2250969237329097,0.04967705366738833,-0.07113119756786312,-0.006469981045035613
22.92,0.233,-0.003840681294276037,-0.0012366824734115266,0.2251144968963863,0.07190858521455148,-0.04840603711417823,-0.007927743493682027
22.98,0.233,-0.0034803552854517244,-0.0009426983264189705,0.22518911688116708,0.09116141666322508,-0.0331012271073745,-0.0036481514528787966
23.04,0.233,-0.003908888876998442,0.0018102941932109607,0.2256680459491174,0.11895409258700326,-0.020646214562105636,0.007577660236882624
23.1,0.233,-0.00397464514655902,0.0009846359456009922,0.2256630138903588,0.12042392533123109,-0.011864369840200062,0.0009180786192703617
23.16,0.233,-0.003500388923169095,0.002750551748665333,0.22631903650943574,0.13463663596306008,-0.00021498741674180345,0.004701533351719204
23.22,0.233,-0.0035125673758623186,0.0021838027962149207,0.22618321872783226,0.135210861616838,0.01626786681571471,0.000787283009178328
23.276,0.233,-0.003629124758537478,0.0032318392155895053,0.2261435023266836,0.1438657110780157,0.024268843996090438,0.008084095492306577
23.33,0.233,-0.003937153167007195,0.002867263667744419,0.2263034659267813,0.14950480337086305,0.03406354236422032,0.011614345907695004
23.39,0.233,-0.003426026112685088,0.003856706509650693,0.22665259063826892,0.16332679791587207,0.043498644882862154,0.019412411860824662
23.45,0.233,-0.004033652260411212,0.003727786704712862,0.22679829066547175,0.17521901742342477,0.06911109065980946,0.019958846562001035
23.51,0.233,-0.0033374012201828427,0.004086369665116456,0.22703783224202637,0.1853727683579623,0.08420207240534952,0.012859614590421922
23.57,0.233,-0.0029183475581485057,0.0036951721152292953,0.2275255128474687,0.19522578165464913,0.1054448752707842,0.000668775019989593
23.63,0.233,-0.0016289168914042137,0.004674757983912988,0.22734478458044857,0.21368682044171344,0.11806925289365257,-0.0038182657099583663
23.69,0.233,-0.0020661283111309296,0.0033465120842862245,0.22772523394205085,0.22109371445247275,0.14034875568018013,-0.015350084392635285
23.75,0.233,-0.0019716858179625726,0.00382826382051161,0.22757797056711773,0.2341704106934215,0.15669574501528788,-0.011032217642170238
23.81,0.233,-0.0017102694472111363,0.00280173649813328,0.2274407859458112,0.2372879838606469,0.17058136430384302,-0.017198782977060345
23.87,0.233,-0.0013612133761980102,0.002841549296244946,0.227908087651342,0.24016514473505754,0.18226566404925676,-0.024534060169091886
23.921,0.233,-0.00016070057649833594,0.0032946210075775785,0.22786554332765377,0.24326040706999025,0.18263563691804244,-0.02605508652758547
23.98,0.233,-0.0013012448379733233,0.002881693376148167,0.22778593419650564,0.23494679041833372,0.19012005352095565,-0.02675806772778817
24.04,0.233,-0.0019085763734018827,0.004456223290226654,0.2282793375800762,0.2425065695943429,0.18664219893539122,-0.019924177181744388
24.1,0.233,-0.002529431323059519,0.0046088901816639695,0.22858121973775133,0.24318024837684465,0.18218098501893207,-0.006339805541868266
24.16,0.233,-0.0035322284126390303,0.00455399103529078,0.22844797611168233,0.24322115065603633,0.18368880469071677,-0.002417803936134301
24.22,0.233,-0.0032315894244195707,0.005553018608355278,0.22848527764181678,0.2495046952452112,0.1843692654729001,0.0006246024799267471
24.28,0.233,-0.0036542045530035118,0.0049535212446159774,0.2285155970292783,0.24866810410173323,0.1827721479054211,-0.009287580355649864
24.336,0.233,-0.003133516534222251,0.005141158673535159,0.22867416263971496,0.2539048813796,0.19857309592021716,-0.012608345137067238
24.39,0.233,-0.0015891086973400983,0.005436382736180589,0.22873920123368852,0.26106363665490956,0.20479299525617398,-0.021446458646112578
24.446,0.233,-0.00112600164459489,0.004213198487108293,0.22857391661500273,0.2616017593124536,0.20889332184885354,-0.03528480121833999
24.5,0.233,-0.0007330450007226592,0.004260877129323515,0.22870559429516882,0.26726404985804336,0.21654926997672244,-0.03871669303616925
24.74,0.233,-0.0013177419833113517,0.004686759980921975,0.22920697247551564,0.2634640765954778,0.2067873773664593,-0.03593900118297602
24.8,0.233,-0.002763374793768462,0.004890562893660826,0.2283756681437164,0.25895135689933807,0.19317371365998467,-0.028351638048872467
24.856,0.233,-0.0031688909691162015,0.004979626937215455,0.22843091194304033,0.25540187122279584,0.1928404012019266,-0.013275166408747567
24.91,0.233,-0.003270770319500845,0.005810947068254713,0.2287012159646763,0.25746773554227786,0.18702554820302672,-0.006472522481470963
24.97,0.233,-0.0036729319665247447,0.005235411668554104,0.22873995720125673,0.251967972964807,0.1883966180268612,-0.007021862880302466
25.03,0.233,-0.0031449189565956478,0.005442354349258752,0.229073876481525,0.2501476746403114,0.183884262062278,-0.014240592892840647
25.21,0.233,-0.0019845227289332114,0.004899298988236373,0.22893978628429487,0.2534629106919109,0.20140955403344862,-0.025716530104015627
25.27,0.233,-0.0018130507148925992,0.004574090063163094,0.22911340617176373,0.25327542350495513,0.19972211734254586,-0.032734578400210955
25.33,0.233,-0.00222269475127472,0.00442276818932725,0.22933058661125014,0.25216439791253853,0.19851197695163947,-0.033478819510232405
25.39,0.233,-0.0027204112060146006,0.004531348960897718,0.22946494297735665,0.2531829882509525,0.19562825764864614,-0.03232108449300824
25.446,0.233,-0.0026646796015424305,0.004673540292557505,0.22943624027784976,0.25332705670113276,0.19118044582516233,-0.02984418199386145
25.5,0.233,-0.0030026917624772567,0.00503626625301128,0.22925923156274636,0.2515050774510535,0.1862884760626128,-0.024901352040194977
25.56,0.233,-0.0034334579602055084,0.004794932802086723,0.22942867136590747,0.2445099300305483,0.18575947568464155,-0.024786309887245343
25.626,0.233,-0.0033038957984156316,0.005300949272687657,0.2298252584206808,0.24263128569847717,0.1794732105086728,-0.025189809272025483
25.68,0.233,-0.003234749840035979,0.005377201486385175,0.22954902673589858,0.23855368669224022,0.1764082428666623,-0.02395519648716823
25.74,0.233,-0.003475427565150511,0.005020822986000693,0.22965983367544415,0.23149618345911877,0.17433010771152715,-0.023751007536948053
25.806,0.233,-0.0038807855369456835,0.005150944826058213,0.22991555911764677,0.22910335285531674,0.17208617396552334,-0.02215861938162745
25.86,0.233,-0.003852844125768342,0.00576504778287246,0.23024968862449005,0.2303013602437124,0.16654970874780373,-0.017418661120839743
25.92,0.233,-0.003938339959114555,0.005220809811870318,0.23017337245057296,0.2244490248587649,0.1609373630364528,-0.014890494737781505
25.98,0.233,-0.0037691508932275013,0.005209768002365479,0.23033430879387393,0.2189907963839777,0.15515811032299523,-0.014832467075609514
26.04,0.233,-0.004313306702918998,0.004330430400040809,0.22994191543408962,0.20877142192135165,0.15151107558892127,-0.01760904587856684
26.1,0.233,-0.0036607720257868987,0.0046955408931412266,0.23000271708913123,0.20561441899506203,0.13797126243482224,-0.0160600599246703
26.16,0.233,-0.004269406820876933,0.004006600081398123,0.2298790974416221,0.19622347859765712,0.13128427091354317,-0.015510857934402785
26.22,0.233,-0.004756766111797279,0.004667345241976824,0.23111526323335652,0.19430673394558634,0.12138075821318495,-0.01567486954591494
26.28,0.233,-0.003973104937351021,0.005066315786123498,0.23026073551686393,0.19243330099805747,0.09518373347292605,-0.010049781656078716
26.34,0.233,-0.004621098760110524,0.005611711407492512,0.23036487366375585,0.1877196410368316,0.07359019522585562,-0.0024900165940446575
26.4,0.233,-0.006298699743910017,0.005062430869621198,0.23028010434433807,0.17538427033722614,0.06320659894556001,-0.0013000553821416378
26.466,0.233,-0.0060761248970648656,0.005508740652980404,0.23017454421348035,0.16772483516259942,0.04615335486116793,-0.0010730351997095039
26.52,0.233,-0.00635527871876613,0.005991843254148481,0.23053712120256425,0.16486560308920264,0.032468254457655395,-0.005736880970601065
26.58,0.233,-0.006979611316020225,0.0055321871984048915,0.2302277264129916,0.15903096855831975,0.024710896572114907,-0.008811008170940982
26.64,0.233,-0.006635143823846406,0.00552744130042108,0.2306860137522578,0.1631080192080815,0.022452381503412572,-0.007941206961510926
26.7,0.233,-0.005322285793503787,0.0046146123803250845,0.23094658359971876,0.1606059105193326,0.025268534234852046,-0.011803174203933502
26.76,0.233,-0.005399600315673544,0.0046041239851549185,0.23085360280700487,0.15991864372479997,0.03353254801934209,-0.020662013549360463
26.82,0.233,-0.0051813290831200474,0.004850876049629371,0.23128133069017828,0.1608588093428381,0.03563785629978852,-0.028521706158069867
26.88,0.233,-0.004606225664305071,0.004209373709300818,0.2310449602346676,0.15402825317118024,0.036128835554050096,-0.021745564305093678
26.94,0.233,-0.0043829988197648445,0.0037773938595873522,0.23109109673352393,0.14954939730807928,0.038367845743679775,-0.012794593475292113
27.0,0.233,-0.004618041915507812,0.004092570525851689,0.23109335804886644,0.14285458708658696,0.03630299432669995,-0.0037922459749504833
27.06,0.233,-0.005333347931289181,0.004483026068124371,0.23111478493477522,0.13278729194736077,0.030325027759105963,-0.004971974015854913
27.12,0.233,-0.005725861514532729,0.004338179643273751,0.23097018361202798,0.11833343753767525,0.022926159133604948,-0.004686793878891176
27.18,0.233,-0.005331109065166836,0.004333639637588047,0.231039781488694,0.11039461860494702,0.011597115698883978,-0.0028074680276816396
27.246,0.233,-0.005356715419563289,0.003994682834178107,0.2308792137613048,0.10341498208092911,0.0021449094970416613,0.0024482080414730597
27.3,0.233,-0.00612500040905918,0.004716089823216493,0.2312691182646304,0.10149071503390725,-0.01127597663827954,0.0032190184392906188
27.36,0.233,-0.0072538324661397926,0.003972026404643951,0.23049130627121164,0.08945024098533867,-0.02267129495600122,-0.008493541557512141
27.42,0.233,-0.0066495095941876015,0.003955658650394058,0.23125098886077522,0.09046017964740288,-0.03199798056109328,-0.011293852051811416
27.48,0.233,-0.005647726386508138,0.003285947477021709,0.23093277363324557,0.08608895700388644,-0.04178416985602459,-0.012227259488678699
27.54,0.233,-0.006328026069591228,0.002955330077891061,0.23097587095274266,0.08279143821391155,-0.052883056230150265,-0.014762223371047852
27.6,0.233,-0.007038465338727668,0.0031972732543440164,0.2307448670361567,0.07836182640318669,-0.06329830031181484,-0.013281826262877447
27.66,0.233,-0.00702935231801476,0.0029152671207925904,0.23104572068683482,0.07127964277845301,-0.06905572299139932,-0.011792746979595937
27.716,0.233,-0.006367975978656072,0.0025990622125277407,0.23091251466790383,0.060939661578833966,-0.07877802341556384,-0.008692889688964213
27.77,0.233,-0.006984170363373086,0.0019249833365802018,0.23017281321921065,0.04436431036092519,-0.08660890491940881,-0.009126552045177313
27.83,0.233,-0.007029553348745661,0.002029263317947349,0.2301440140597774,0.030259454675155124,-0.09539397621398785,-0.005376364832813613
27.89,0.233,-0.0071177830763032406,0.0019450229142996362,0.23022190879007765,0.010581151034751282,-0.10680905804108387,-0.0023596081359250824
27.95,0.233,-0.007364372216302434,0.0009395410359551024,0.2298158583228518,-0.015180524404458468,-0.1170313083052154,-0.01767141204733913
28.01,0.233,-0.006531799018594844,0.0006764270402209192,0.22971606606601794,-0.03571279607727732,-0.1345001303044159,-0.014660595754997134
28.07,0.233,-0.006043273519441556,0.0004807286455185447,0.22942743552007241,-0.058250125754779065,-0.15962437028532775,-0.009829918693128869
28.13,0.233,-0.008082821228950435,-4.1751222713090836e-05,0.22943473314711138,-0.07598984053744424,-0.17187562350926028,-0.01956034795350947
28.19,0.233,-0.007905704114178033,9.736331848973179e-05,0.22881140220211327,-0.091233865648928,-0.1886135861304739,-0.020039505205693836
28.25,0.233,-0.007628952180733325,0.0002973084846911731,0.22878516766626827,-0.09908372912940044,-0.20306312450234634,-0.010105298228233766
28.31,0.233,-0.007856595920041216,-0.0012882849691812847,0.22865900495661073,-0.11142598657539893,-0.22675647512118746,-0.022448997470255094
28.376,0.233,-0.008322200819873098,-0.0016250718272641474,0.22820193168097824,-0.11775010705126274,-0.2395307374985089,-0.029915124512169797
28.43,0.233,-0.008389902396859538,-0.0010817155370431628,0.22836478537105528,-0.12224766414932169,-0.2514173708704001,-0.02616006245152831
28.49,0.233,-0.008084412354726681,-0.0022279900453990903,0.2281451252576916,-0.13260649499197558,-0.2635396993529303,-0.03052171219078759
28.55,0.233,-0.007581516866871926,-0.0034405330517821523,0.22745928675869778,-0.14748738356885477,-0.2806126063887212,-0.02902205079914189
28.61,0.233,-0.008795938460945152,-0.0037260968549661026,0.2272658576534309,-0.16041833390400662,-0.2885809826321299,-0.03864215107965323
28.666,0.233,-0.00786853704483458,-0.0036236787826826843,0.22720728107568938,-0.1749753459797609,-0.30075774498493757,-0.04243372231739532
28.72,0.233,-0.008457250726528174,-0.003839514521926817,0.2269233850683173,-0.19158254555394771,-0.3102892395652834,-0.057715749754790144
28.78,0.233,-0.00866867022702975,-0.00441976470329722,0.2262542849183977,-0.21659793399482308,-0.3260956709977853,-0.05593440149972726
28.84,0.233,-0.009705944963817903,-0.004483679857304945,0.22627275289784737,-0.23589735134213483,-0.3353191738866619,-0.06593307912132508
28.9,0.233,-0.009237594169350098,-0.003924575291869956,0.22624264995904933,-0.25856579150433645,-0.3527412168315085,-0.07373748942065006
28.96,0.233,-0.009793331200871757,-0.003848160351886069,0.22631071521800605,-0.2782336149050409,-0.3651937595411327,-0.07724302454783599
29.02,0.233,-0.01051102698676917,-0.0050879936361563,0.22605824104493338,-0.302515340745198,-0.37745565386945057,-0.0843311122854202
29.076,0.233,-0.010637703548537344,-0.004633799211822512,0.2261340709491217,-0.30886070349058736,-0.38586238826825753,-0.08677906975116116
29.13,0.233,-0.01087939843402365,-0.004753249478750449,0.22620952419344226,-0.3200177829398044,-0.39412638106047987,-0.09713076821186756
29.19,0.233,-0.010713141571649015,-0.004823047411712619,0.22573792314550223,-0.32381924970733084,-0.40017276927824336,-0.08471072864701228
29.25,0.233,-0.01065246369563859,-0.005139618482352924,0.22570051828432097,-0.323074374419568,-0.40788612359830134,-0.08162040097007911
29.31,0.233,-0.01096724269119379,-0.00577977796087443,0.225819437588766,-0.3200748947575118,-0.4112267272850955,-0.09141313777664381
29.37,0.233,-0.010708232374573953,-0.005782632433721172,0.2253945052279221,-0.31588892337354907,-0.41356959884230987,-0.09181874331924901
29.436,0.233,-0.010095323500036123,-0.006461824382435389,0.2256437724686005,-0.3114067660770584,-0.41277729429652227,-0.08723747787196079
29.49,0.233,-0.00969956087923426,-0.0068127091317127806,0.22541043553515203,-0.30875748109201906,-0.41214853957103587,-0.087739840740665
29.556,0.233,-0.00982550333760166,-0.006686397034843905,0.22505174959625102,-0.3117027596589044,-0.4151755704698032,-0.08965760457710102
29.616,0.233,-0.01032027716384769,-0.006969667890339177,0.2250569763625487,-0.31790359523426265,-0.41891376904748445,-0.09482234326823033
29.67,0.233,-0.010711729629035209,-0.0074070274868211355,0.2251559324018458,-0.3288728593842512,-0.42337917669187586,-0.10773453722688894
29.726,0.233,-0.010378294047031384,-0.007319826357480894,0.2252778146024736,-0.33949093853750384,-0.4281411516428248,-0.10769752686159687
29.78,0.233,-0.010501866237459748,-0.0062167328389014925,0.22538409648417454,-0.3432532941972691,-0.4336460076607071,-0.10633543903512732
29.84,0.233,-0.01092473539161764,-0.006192116526564996,0.2251237279670478,-0.3532051249915669,-0.4337934366584843,-0.11081772909909163
29.906,0.233,-0.010845188726678218,-0.006301246340638145,0.22536091111545803,-0.3612375317933993,-0.43438124116085103,-0.11065545913371531
29.96,0.233,-0.010184607113376778,-0.0062687121308859384,0.2250186704641939,-0.36358794708285763,-0.43441181444081894,-0.10747429003198253
30.016,0.233,-0.010209672285222491,-0.006734580476494425,0.22511637465625706,-0.36376708344579317,-0.43205218529942824,-0.10980387917823174
30.07,0.233,-0.010563420730040452,-0.006935430343827746,0.2252422643043416,-0.3559866380161232,-0.42875340845190557,-0.12249352548231238
30.13,0.233,-0.01028154821848474,-0.00737091730455166,0.22513711724580668,-0.34992711431893464,-0.4260782113135203,-0.12695388260074475
30.19,0.233,-0.009598003131082446,-0.0073595830687919386,0.2251876317225615,-0.34193979371182764,-0.42007606086323773,-0.1153283936381699
30.25,0.233,-0.009241531507184094,-0.007629721551966754,0.2248497577379603,-0.3396839378874808,-0.42202507749350987,-0.11223102637985385
30.31,0.233,-0.009567851023183338,-0.007814428008017208,0.22469364073059814,-0.3366755414330164,-0.42480651315241613,-0.11721225999113949
30.37,0.233,-0.009523921619953716,-0.007540936285514631,0.22532824299007898,-0.33693333434653566,-0.4250221378415741,-0.11296504828277285
30.426,0.233,-0.00951091742049736,-0.0072628655376881495,0.22541869243815404,-0.336657282983796,-0.427771420372495,-0.11043520661151121
30.48,0.233,-0.009806060090984345,-0.0071784971478602785,0.22467875589847228,-0.3401875867589822,-0.43250297248813463,-0.1055187872247121
30.54,0.233,-0.009832383150357359,-0.007104840435270008,0.22488284972100483,-0.34677225775270804,-0.43622980840423153,-0.1017216300745786
30.6,0.233,-0.009804028199757465,-0.0073953911567168846,0.22508077661240486,-0.34860097361040643,-0.43536925880823035,-0.10757304351435815
30.66,0.233,-0.009878735832420202,-0.007158129443216684,0.22513701992391313,-0.3493947179989298,-0.43410854121138437,-0.1047767878828177
30.72,0.233,-0.009842056726821076,-0.007077853986801467,0.22522182896609239,-0.34773219511807996,-0.43369810120908564,-0.10584857449076558
30.78,0.233,-0.009363073811043128,-0.007576362976023743,0.22682979624195265,-0.3413579336011569,-0.4305419205736621,-0.11729532956083591
30.84,0.233,-0.009768244610084662,-0.007905681301081801,0.22499528089319976,-0.348942706566106,-0.42904067719563355,-0.11933255297587156
30.9,0.233,-0.00947226894220585,-0.007872228040277193,0.22702620144349483,-0.3427591533809121,-0.4253908433920073,-0.11835321836272605
30.96,0.233,-0.009270998068580037,-0.007792760867717736,0.22670210565854593,-0.34326368853094275,-0.42569807083051764,-0.11858044118802998
31.02,0.233,-0.009162442866711097,-0.00772379894178966,0.22658688144555617,-0.34531651219780174,-0.4244641011098339,-0.11786424555321343
31.08,0.233,-0.008852707939421417,-0.007781369417834125,0.2268351985119656,-0.3457541138591892,-0.42494213362120115,-0.11726780638151867
31.136,0.233,-0.008851864701491494,-0.007582905734636248,0.22693304225151636,-0.3454472812549254,-0.4242252312603517,-0.11200620873037445
31.196,0.233,-0.008884674404233116,-0.007864111085526385,0.22481678351345746,-0.3525979258068731,-0.42582064829597216,-0.11026673212661599
31.25,0.233,-0.008371518408470092,-0.008027547268726417,0.22723876744422813,-0.34175041038607157,-0.4236241864908433,-0.1105247542186914
31.31,0.233,-0.008177213251054583,-0.008263889997193864,0.22701131397138355,-0.3392455512254712,-0.42349182279463055,-0.11006446810692568
31.366,0.233,-0.008352829622105436,-0.008227403148093646,0.22509129001608236,-0.33948894988132994,-0.422517111342035,-0.11190571143867145
31.42,0.233,-0.0082519930347349,-0.008091681209764237,0.22488042825647642,-0.3346387241232261,-0.4217250521033325,-0.11097814033005446
31.476,0.233,-0.007661778016494338,-0.008144357555392612,0.22708559375595472,-0.32656077311137577,-0.4176904907264778,-0.10491139723587019
31.536,0.233,-0.007595367560916811,-0.008307703367552854,0.22722790785790986,-0.32611239157604516,-0.41775824314744486,-0.10673280929251286
31.59,0.233,-0.007706216987070095,-0.008242941358002775,0.22723149842512394,-0.32623259262856213,-0.41729726691717184,-0.11021217209573414
31.646,0.233,-0.00791870596201772,-0.008117390050957511,0.22525177294183507,-0.3333689919472574,-0.41748051334472375,-0.1073075472221278
31.7,0.233,-0.00761726160929978,-0.008139669131842919,0.22490745394579673,-0.33649879457685544,-0.41475314255851137,-0.10417743479199114
31.756,0.233,-0.0074560191903512265,-0.008093028577464231,0.22503391789324154,-0.337465236071143,-0.41370094119094597,-0.1034312831560522
31.81,0.233,-0.00766641119430554,-0.008382503951133314,0.2251376857811815,-0.33755482441858387,-0.412864731359769,-0.10992116944858876
31.866,0.233,-0.007624227895416478,-0.008330489568652585,0.2249261367101104,-0.3368751270370178,-0.41055196055513776,-0.11109585699854341
31.92,0.233,-0.007316754956448554,-0.008255486082433521,0.2252189435273715,-0.33535438899827635,-0.40888406967860497,-0.10658679208742768
31.986,0.233,-0.007351183201791773,-0.008628841747017058,0.2252158907687254,-0.3344072455997596,-0.40676109066785665,-0.11226132532154268
32.046,0.233,-0.0073646293762195435,-0.00867187765721181,0.22518703814530303,-0.33234234096976917,-0.4065732460488224,-0.11312762332578603
32.1,0.233,-0.007257172374215751,-0.008450663935099674,0.2250377751817638,-0.33141591471624066,-0.4067706926270601,-0.10772630083522274
32.161,0.233,-0.007193173452130649,-0.008300687494877395,0.225207794305273,-0.3283213247227316,-0.4041859769462247,-0.10417558661665224
32.216,0.233,-0.006711390197977015,-0.008421606411200683,0.22686195368522538,-0.321537151302408,-0.4010147587273294,-0.09880501072031184
32.27,0.233,-0.0065530232963130165,-0.007871215081834916,0.22697759035097198,-0.3141769189212075,-0.40017872832176776,-0.09101334826849186
32.33,0.233,-0.006533602941439129,-0.007811611979762735,0.22731715189553786,-0.3082874924761755,-0.3983534056438135,-0.09380095025545251
32.39,0.233,-0.006412994037197164,-0.007780446560573281,0.2272443741770386,-0.302358956739134,-0.39541384145915426,-0.09142400102982133
32.45,0.233,-0.006034493053334399,-0.007846920350082434,0.22684191761324274,-0.2998905318701221,-0.39048724501542725,-0.08534612611330629
32.51,0.233,-0.005840426926412284,-0.007879759993681837,0.22689397058104624,-0.2944859922048616,-0.38623974162263053,-0.08542549829829445
32.57,0.233,-0.005799089732317296,-0.007995066433270795,0.22665077872514341,-0.29274370750544404,-0.3835745940552514,-0.08885394919956335
32.63,0.233,-0.005796057888807225,-0.008239329348376487,0.22685368544273357,-0.292424502532418,-0.3800416422540088,-0.09037041540738631
32.69,0.233,-0.005958590394822239,-0.00840777591265824,0.22701878521441607,-0.2922991371763565,-0.37684974095192875,-0.09897508579668922
32.75,0.233,-0.005568560498016422,-0.008158655354875527,0.2270713379863457,-0.29283849523920136,-0.3774315347652562,-0.09517697996753867
32.81,0.233,-0.005483763489400404,-0.00744605984103938,0.2270437369902906,-0.29303559323976947,-0.3799158023198429,-0.07593941954842483
32.87,0.233,-0.00622440897223186,-0.007049168460856136,0.22704668326537225,-0.29345077421049276,-0.3791184360582448,-0.0788374419809924
32.931,0.233,-0.006611085723886605,-0.007346058374640897,0.2253655766942355,-0.2982625252716563,-0.38113646868821394,-0.09626016192538187
32.99,0.233,-0.006223777012941813,-0.006999204022337129,0.22742635975270337,-0.2858838159821984,-0.37625819082802414,-0.07945661573341682
33.05,0.233,-0.005833529676594575,-0.0072368527600819065,0.22730731226816842,-0.2847223314079983,-0.3746045033028182,-0.08280503166056934
33.116,0.233,-0.005948657409741081,-0.007998707306475856,0.2272246532302835,-0.2845620882056244,-0.37461086739133354,-0.09639295559919298
33.176,0.233,-0.006396802652950429,-0.008260239338141276,0.22673885328749954,-0.28649377407215015,-0.374729777091159,-0.08247563282263028
33.23,0.233,-0.005777365261900623,-0.00750195325655899,0.22698500497692647,-0.27918252839908786,-0.37484232087061403,-0.0835587404140004
33.286,0.233,-0.005382671438055308,-0.0073533141597398296,0.22730955392570193,-0.27873507666183417,-0.378768289500104,-0.08962971750463393
33.46,0.233,-0.005525821542173151,-0.007107080465850419,0.22728700445713063,-0.27961062706772266,-0.39613292618571405,-0.08918852527393618
33.52,0.233,-0.006154818694853589,-0.00697396909715689,0.22732268822685833,-0.2790622981474559,-0.40428699089253267,-0.08114921498100866
33.58,0.233,-0.0062976261113429416,-0.007122563285650501,0.22734124505159917,-0.27636646670887893,-0.4145435372543912,-0.08948865720785272
33.64,0.233,-0.0061805107035615035,-0.007288475606922767,0.2270674660297371,-0.27610177124222124,-0.4243501014898189,-0.08991570276670316
33.7,0.233,-0.006289123671173812,-0.007062645845073317,0.22725084104351254,-0.273258218538815,-0.4337750203989856,-0.07466545416719826
33.76,0.233,-0.006447532403675871,-0.006644352555106337,0.227502259165469,-0.26789349100868454,-0.4443144763034096,-0.07282552875986766
33.82,0.233,-0.006992434080949455,-0.006825319318797585,0.22759606692703516,-0.2649841973851379,-0.45307198825693606,-0.07725250668919445
33.871,0.233,-0.0066539273533878585,-0.006840121330899354,0.22713619424272416,-0.2620098027298713,-0.4611585761692715,-0.07309302312625221
33.93,0.233,-0.0065147902488269585,-0.006863526768173606,0.22728368872334886,-0.2615110914585767,-0.4688595286190724,-0.07126760317753783
33.996,0.233,-0.00638368302744188,-0.006383345735611473,0.22770810127063562,-0.26005493862677354,-0.4776271048014328,-0.0618542687689924
34.05,0.233,-0.006943730111442423,-0.006148566350434561,0.22770199504097025,-0.2593283933731203,-0.4892718616475689,-0.05444568499362537
34.11,0.233,-0.00767517563932344,-0.0061938087705109765,0.22771465383893608,-0.25677913888230164,-0.49786509231709497,-0.06515191046390058
34.176,0.233,-0.0074746930516903926,-0.00647223333676074,0.22731599478467535,-0.25568145808580517,-0.5042425635782932,-0.06925141944240093
34.23,0.233,-0.00699691449341441,-0.006526578830322462,0.2276100859184287,-0.25820913340959073,-0.5045434465559954,-0.06740238360592855
34.29,0.233,-0.006938388348359266,-0.005941512857277263,0.227593597071732,-0.26260483020929587,-0.5122619750563567,-0.059012176629965545
34.35,0.233,-0.0075706448249059765,-0.0064163825904750196,0.22793251854830945,-0.2651496896751679,-0.5182090882836281,-0.07128688449784164
34.416,0.233,-0.0070596043710014975,-0.00661273343129383,0.22769606774512555,-0.2589897948941077,-0.5285413152208152,-0.07739708714603998
34.47,0.233,-0.0077859497723801584,-0.0069231813163083454,0.22777044735324417,-0.25928296176845483,-0.5342010067223081,-0.08477663328317764
34.53,0.233,-0.006794018383735546,-0.0064799822742959735,0.22769527870523837,-0.25833070287220483,-0.5441415974447156,-0.07691103582777443
34.59,0.233,-0.007951641871840213,-0.006482528441488867,0.22786582452309084,-0.2632032217366221,-0.5505699321511088,-0.07170234996686295
34.65,0.233,-0.007608476481376293,-0.005984569799584528,0.22824370801083385,-0.2566402490217726,-0.5641792663331786,-0.07278856200469884
34.71,0.233,-0.00802810085705854,-0.006662080048576823,0.2278443763362335,-0.2547786684012351,-0.5768573321079211,-0.0740288347701328
34.77,0.233,-0.008465321167209505,-0.006129931053701652,0.22767311087753137,-0.24913737048516466,-0.5940542477130943,-0.07218795050665106
34.83,0.233,-0.00915918630484022,-0.005598071622328847,0.22759169762436351,-0.2451689049122219,-0.604358081381808,-0.06357846780854598
34.89,0.233,-0.008731246685659978,-0.005991660681109516,0.22832668723261934,-0.24864366717371203,-0.6164297501571703,-0.05797181361450486
34.956,0.233,-0.008377148544486988,-0.004806909243226817,0.2285047776368601,-0.2445502499760411,-0.6276881514413158,-0.03516923243831589
35.01,0.233,-0.00817505010718548,-0.00501528840965266,0.22861168797221795,-0.2427394005886336,-0.6346967839313036,-0.02965115702967866
35.07,0.233,-0.008381329887154496,-0.004935741907663273,0.22801315074711742,-0.24070684194580955,-0.636293072115592,-0.02441585910601711
35.13,0.233,-0.008270651928068662,-0.004938561419645333,0.2279552854058652,-0.2430979365455548,-0.6338870974017242,-0.017720721528647794
35.19,0.233,-0.008457037385476186,-0.004972916251029805,0.2282302312310729,-0.24747528029100527,-0.6326313345392484,-0.01634482386273561
35.25,0.233,-0.007727045303271946,-0.0045326226836512095,0.2280435769456655,-0.2453731611391857,-0.6356415728833144,-0.009534450990367548
35.31,0.233,-0.008038774889635704,-0.0044584788455863875,0.22781740708422724,-0.24533452703679137,-0.639631218725743,-0.01942282352166553
35.37,0.233,-0.008343576802263435,-0.004194844654155822,0.22801629310911295,-0.23552222419635407,-0.631278741918309,-0.031759249022036876
35.43,0.233,-0.008401518001956678,-0.00370708112303655,0.22815101369785126,-0.22959768965095684,-0.6312046321450231,-0.038373832093865155
35.49,0.233,-0.008519694256881332,-0.0025916260718001393,0.22858149292750884,-0.22355315628798378,-0.6324307331541955,-0.04242318808371032
35.55,0.233,-0.008979087731380434,-0.0025150430382819646,0.2272618566818282,-0.22742499566258267,-0.6349151824172492,-0.04082406733065455
35.61,0.233,-0.008950574674941682,-0.002570077809687055,0.22709357114299006,-0.22728683237590686,-0.6336098739398685,-0.04419520240532317
35.67,0.233,-0.009497946222036204,-0.003270269785487154,0.2270377532824955,-0.22471709987321548,-0.6328938311837389,-0.06314373805833608
35.73,0.233,-0.008198599518063917,-0.002974173030354755,0.22784773872249828,-0.2117117211339517,-0.6370252122617868,-0.06675937403449918
35.79,0.233,-0.008518824341431657,-0.0021411428625084474,0.2284117994120268,-0.1902969559953325,-0.6355020950060486,-0.078003042562399
35.85,0.233,-0.008644980189182742,-0.002241819711872457,0.2285272184138704,-0.17227890619346437,-0.6365194202060441,-0.08534885301929018
35.91,0.233,-0.00870430464665328,-0.0010285049899738474,0.22813658051437044,-0.15527152892314808,-0.6319419223071869,-0.06907406705214007
35.97,0.233,-0.010821867507679406,-0.0002004061457430668,0.228350401015099,-0.13921989704715015,-0.6138640571724868,-0.05340297212100824
36.03,0.233,-0.008064566982111637,0.0005384867212132226,0.22924876931962918,-0.11503189215382355,-0.6041189303364701,-0.04494804618361483
36.09,0.233,-0.005318691656194101,0.0004412978291646646,0.22968639842898736,-0.0936448610054142,-0.5846821629143268,-0.03333773370906091
36.146,0.233,-0.005661150779334491,0.00024833554750239273,0.23076515646568804,-0.07197057796450908,-0.5578114048998051,-0.015089245887539186
36.2,0.233,-0.004911248873315812,0.0009150194092417871,0.23079292650373429,-0.03652808535815628,-0.5183573330226234,0.0004997262211001875
36.26,0.233,-0.002333533129603969,-0.0007387047920993364,0.22987227376688432,-0.021256935230757276,-0.48307272856328287,0.00969329009197776
36.67,0.233,-0.0045649526038176865,0.0012204807965244648,0.2293530189125696,0.030384872183901155,-0.43939147900215353,-0.04497030894495052
36.726,0.233,-0.005598265494584699,0.002229151508196527,0.22948969940991504,0.02684840185745485,-0.4421431268659749,-0.05305104056223382
36.78,0.233,-0.005860834888719219,0.0027996493449865003,0.2297050595114659,0.015719238338469294,-0.4404132801580727,-0.05564528729447631
36.84,0.233,-0.005761048268142666,0.0030506172913805827,0.22971054237092128,0.009380096183540656,-0.43022100138315517,-0.060562767884010424
36.9,0.233,-0.004650913166466384,0.0037095430304853513,0.23082257070894638,0.01851007385543804,-0.4115014626940531,-0.07238041263118265
36.956,0.233,-0.0031435989040297097,0.0027328655135722794,0.23063983580069647,0.024238022583152826,-0.39393005128387226,-0.07951476945623151
37.016,0.233,-0.0022201198684905664,0.002725737409471054,0.231010208512776,0.03904163532216285,-0.36181138498871734,-0.08210910906827698
37.07,0.233,-0.0010377355073876973,0.002432063339692629,0.23097169616986046,0.04708974995296627,-0.3315901417311508,-0.07385331815408451
37.13,0.233,-0.0008789307461770741,0.0029887812068614627,0.23114739020766226,0.05909988249775703,-0.29764886744570485,-0.04403734596368897
37.19,0.233,-0.00044692630926424604,0.003012961478046775,0.23124427322435848,0.05858864573184088,-0.27345205042217335,-0.017450321422119563
37.251,0.233,0.00013134500212131392,0.0027896121595047917,0.2314187668465905,0.0684831573651945,-0.26066270184743934,-0.0027716172021237406
37.31,0.233,1.8703535394616882e-05,0.002906132563178878,0.23146495930914524,0.08105646456661249,-0.2521881365064448,-0.0018986530313028227
37.37,0.233,-0.0005456888331275053,0.002536761386791441,0.23180206950007443,0.08607768098496013,-0.24899257364411193,-0.0067842898584224
37.43,0.233,-0.0014245471439259865,0.0027218916003934777,0.23216715179266953,0.08722090274881904,-0.2473640111505991,-0.004080742774146763
37.496,0.233,-0.0012235969125435953,0.0032610239829243327,0.23193633012818543,0.08168331958575396,-0.24945574088494044,-0.004686180993083818
37.55,0.233,-0.001277873825477193,0.0032376608070994813,0.231872593623106,0.06978321004541352,-0.2529895044882884,-0.007962404771413824
37.606,0.233,-0.0022845545920004632,0.0027070423452875635,0.2323796947710905,0.055480842350686316,-0.25432805754453264,-0.025813733543388024
37.66,0.233,-0.003863878754419743,0.0033224732731682942,0.2326304878257255,0.04963533561954938,-0.24900869631092865,-0.03368666712874987
37.72,0.233,-0.003489867107773282,0.003766970459193475,0.23230497298883046,0.04368130428975308,-0.24443978666414878,-0.039779728285217454
37.78,0.233,-0.002732960998023455,0.0038096363434525623,0.23231494023710117,0.03457442559785431,-0.23313338953789203,-0.047053466802503496
37.84,0.233,-0.002112290507061684,0.003996057176966978,0.23230359615671828,0.02847534084265841,-0.2186088793920259,-0.04390083095146449
37.9,0.233,-0.0028295089933671395,0.004300412265002381,0.2328215609615824,0.030694636332017806,-0.20261019382247175,-0.04319206156095935
37.956,0.233,-0.00275349724053993,0.0033729079688924334,0.23257827702322567,0.027458331937783558,-0.18712482691218413,-0.05003330975994616
38.01,0.233,-0.0017335930641861883,0.0026130157707699325,0.23256362450747967,0.03216106768224783,-0.16902141875347168,-0.049805036974264846
38.07,0.233,-0.0006053715815453544,0.002243368339530946,0.23242229466292985,0.038897578061438925,-0.1565577498358403,-0.04291467746283114
38.13,0.233,-0.000835883932933294,0.0018815510599066792,0.2328559187175708,0.04633786960924961,-0.1448588487879556,-0.03475553670313783
38.19,0.233,-0.0009366831468929072,0.0030198349132145755,0.2330706386462049,0.06569742224464682,-0.1460156462084265,-0.02598354087626079
38.25,0.233,-0.001393736951711044,0.0026540000495306445,0.23299724090081858,0.07028916127868251,-0.14574121960327396,-0.02663364190116361
38.31,0.233,-0.0009229169858523087,0.002209489663936703,0.23298663775404607,0.07041485769820828,-0.1449383988379272,-0.02521501937734438
38.37,0.233,-0.0014825466062564601,0.0018670847142740385,0.2330104827867166,0.06148276565787856,-0.14300313730127723,-0.027150567437210518
38.43,0.233,-0.002326349258714727,0.0018071959763559498,0.23351715330689823,0.05143514200758173,-0.1411685686184857,-0.030966472350622512
38.486,0.233,-0.0027298920333318506,0.0018674923391100646,0.23367780965188875,0.04349476040931667,-0.13816428885526666,-0.03685677476119313
38.546,0.233,-0.0025696222422335042,0.001901376053609785,0.2331418006070443,0.033973165344581835,-0.1312555654612451,-0.04274143816424533
38.6,0.233,-0.0018553537599761123,0.0021441711466736162,0.23318289267425119,0.02443838966305056,-0.1230172272079944,-0.04427152150118344
38.66,0.233,-0.0022038066961930954,0.002770148060296894,0.23345647641235645,0.01846971744545046,-0.1137077984094981,-0.04414449519049358
38.72,0.233,-0.0023032061835198576,0.002684663644310028,0.2337496997709816,0.014429906070750073,-0.10330826502232089,-0.04723169555466607
38.78,0.233,-0.00140554696229685,0.0022878131963864397,0.23351713081237202,0.014778211044161788,-0.0966144058474088,-0.05249204379685926
38.84,0.233,-0.0018818684938800411,0.002011086775194776,0.23292805327959973,0.015623370080462119,-0.0934693093516179,-0.04713900016983723
38.9,0.233,-0.0018596262830479929,0.0019680030511337303,0.23282035276916438,0.022405265187822987,-0.09262916842762968,-0.04202822613244191
38.96,0.233,-0.001699361084356101,0.0017563448168840588,0.2332296183139956,0.03310339524533085,-0.09117967157209055,-0.04342298368000033
39.016,0.233,-0.0017606955435142818,0.0015485001812971305,0.23332296521949222,0.040234079553418595,-0.09170497519584075,-0.044330723106427675
39.07,0.233,-0.0015284128129428246,0.0015168220863428826,0.23323062310747264,0.046947695161704474,-0.09625501063327165,-0.039184019534013084
39.136,0.233,-0.0020546559310927115,0.0012640099774217197,0.23335294688189223,0.0488631678839766,-0.09595116154067529,-0.03686806273331149
39.19,0.233,-0.003191543546059399,0.002191335832811475,0.23334680991963974,0.058736304839612286,-0.08780535724437567,-0.03279052367573185
39.25,0.233,-0.0026385366179696524,0.0021677599341439653,0.233463216555876,0.05336929904213959,-0.0878768441928364,-0.037281482396031254
39.31,0.233,-0.0032745899231270727,0.002198174649887363,0.23340246609194593,0.04468737468934429,-0.08194779626831589,-0.0332897416322142
39.366,0.233,-0.003290709806542408,0.0021958017448514594,0.23336500118207024,0.03707667603655929,-0.08122799374373688,-0.03479100144170808
39.42,0.233,-0.0034474185681642655,0.0023254824575016726,0.2333774037308986,0.029540120024184335,-0.07146983331410531,-0.04240870966705601
39.48,0.233,-0.0028254193910540776,0.002339416705447222,0.23352967200627125,0.021084332266702865,-0.059088889676810634,-0.040761868152835196
39.54,0.233,-0.0024074992053676175,0.0026958303526840983,0.23349180423670318,0.017537386244126003,-0.05026414203295146,-0.033532834770644206
39.6,0.233,-0.0024823507802298832,0.00238632826752884,0.23326707641249186,0.014799134156248958,-0.04416653543837327,-0.038834302430991306
39.66,0.233,-0.0026209072443899397,0.0020051278406460894,0.2335258200550654,0.01598377665015804,-0.03696966427233227,-0.0453980086692201
39.72,0.233,-0.0019074432959642084,0.0020892220822822565,0.23340307775115285,0.021744634495964508,-0.033321959926264286,-0.03957217152981851
39.78,0.233,-0.0018730546610635432,0.002330526216621555,0.23362312580268663,0.031954637873219546,-0.03275981437249535,-0.03364568783344246
39.84,0.233,-0.0024695703807079204,0.0019086905212060124,0.2336894356738284,0.03774085358459144,-0.03277189553738776,-0.04270628990177273
39.9,0.233,-0.0021970316166152917,0.0015862492631823482,0.2333760803985021,0.04250553654807894,-0.037641374206955014,-0.04593435391053847
39.96,0.233,-0.0019290231601471089,0.0033131067322111443,0.23349251383517225,0.06230523519824481,-0.03824974727034836,-0.023391188558378875
40.021,0.233,-0.0025151202721101834,0.003055876515535961,0.2334994135393019,0.061679834827603364,-0.04429039737523182,-0.02174713328954998
40.08,0.233,-0.0030706775518496775,0.0019299045398518727,0.23336519625701174,0.0469900063530737,-0.05539717193693103,-0.04324105629032469
40.14,0.233,-0.003069371039299489,0.0023475654592345872,0.23374569753342145,0.04491645872549797,-0.06016730860409549,-0.03959625133113483
40.2,0.233,-0.003134729546960894,0.0023861824094303496,0.23363862669772972,0.03719781009627801,-0.06220389746215956,-0.029758504736391852
40.26,0.233,-0.003337972084166395,0.0021485146403712923,0.23345459394160073,0.02861539849986351,-0.06363806396994229,-0.0365572126851841
40.32,0.233,-0.0034436620563380775,0.002294226657202123,0.23368420054265088,0.02372617622222327,-0.061695154381050846,-0.04289849034974007
40.38,0.233,-0.003368897846559576,0.0024704462360955197,0.23372972626093302,0.021048152008309548,-0.05556264919082127,-0.03391816106031447
40.431,0.233,-0.002956097486516947,0.0026975901703036246,0.23358403203751418,0.02235602470224397,-0.051958217828941,-0.030065426828892353
40.49,0.233,-0.0028049006431474285,0.002294847828174436,0.2335002681868182,0.023423583722731307,-0.046600771043355076,-0.03950069544070939
40.546,0.233,-0.0028683949364487087,0.0024919881352765028,0.23349490055518507,0.027613050045459085,-0.040484779112776266,-0.04396827966603967
40.6,0.233,-0.0014601943992553362,0.0020731643465668652,0.23305179578878749,0.03215750518750663,-0.034708397836912805,-0.03808601690532399
40.66,0.233,-0.001524494279546379,0.0035609622810443453,0.23317063059508378,0.05360573712717393,-0.026741476607345556,-0.024967459293017788
40.72,0.233,-0.001481661245683123,0.0028206867069913892,0.23289817455012896,0.053246344236625005,-0.027711173281731352,-0.03418290693126198
40.771,0.233,-0.001470371492344906,0.002847496597436126,0.23302129404555774,0.05554381443405234,-0.028483870705108126,-0.03433657235488711
40.836,0.233,-0.0017785222024902447,0.0030589422663408338,0.23312564883126893,0.0588614515690351,-0.03037980041935443,-0.026370601336415368
40.896,0.233,-0.002437942879905951,0.0035614266576012867,0.23334238390812354,0.06105187362958871,-0.03739317844773001,-0.02322262966009691
40.95,0.233,-0.0024568976912914204,0.001685438841187913,0.23332220296871362,0.03969729983886185,-0.04969431875931093,-0.04219819924125845
41.01,0.233,-0.0026945038137832686,0.001969193922039077,0.23340522797873095,0.03541708558609797,-0.05533922096611272,-0.03837280683639533
41.076,0.233,-0.0028908978673919026,0.0025833353932040713,0.2349196982444099,0.03710340631700143,-0.05684806448757377,-0.03261655606167722
41.13,0.233,-0.0030059955313139295,0.002520190709315943,0.23503678833799624,0.03281451716036275,-0.06060556417333811,-0.03613806473390326
41.186,0.233,-0.0034655100600387207,0.003122397882778793,0.23579983931373485,0.03465080185367486,-0.05918073090103938,-0.038332187397304894
41.24,0.233,-0.0027984678436915656,0.002123030311999292,0.23482284399352296,0.028575624582842397,-0.06032792883485854,-0.03667767717953409
41.3,0.233,-0.003075891756790635,0.0028840779210227937,0.23565677412375588,0.03365058012014927,-0.05181269042703157,-0.033551217676156174
41.36,0.233,-0.002927405358016503,0.001935127423120195,0.23505426049291236,0.033391262978487456,-0.045399032051186325,-0.03744267402093853
41.42,0.233,-0.0025095068764854505,0.0028114233122182213,0.23564314469393893,0.04332791124037671,-0.041557469231844384,-0.041362322009733034
41.48,0.233,-0.001982517372250984,0.001716880812349859,0.23473047939511307,0.041266279545787474,-0.036684876352000115,-0.03824841474957664
41.54,0.233,-0.0017321371282874734,0.00363440973291103,0.23421932531716003,0.05977940510778642,-0.029250851571515663,-0.02736402662445996
41.6,0.233,-0.001772483825610162,0.0030267467007992614,0.23497029317210938,0.0606634864931471,-0.026582531184092983,-0.030382351874068646
41.66,0.233,-0.0022310350387573312,0.003541867976119493,0.23467503198143427,0.06176071144423096,-0.025233589561810005,-0.028842275331687255
41.716,0.233,-0.0018912331241791645,0.003313258859382086,0.23483501347280908,0.05939195091219606,-0.03203125917599988,-0.026216769992307137
41.77,0.233,-0.002163137299313541,0.003802822507095449,0.23431592075338895,0.05793384532611476,-0.036513618667864005,-0.025150759086248125
41.83,0.233,-0.0025900673990251442,0.0024835883995494466,0.2347867943457717,0.04232475968827985,-0.043593411002294864,-0.03471253851917007
41.89,0.233,-0.0027665278717645342,0.002604294294723926,0.23497102400417547,0.037029538995218006,-0.05128699408319667,-0.03663496678877888
41.95,0.233,-0.003147757698054036,0.002615652446932976,0.23488538686833177,0.03327566297762511,-0.05398032368328514,-0.03462300906986018
42.01,0.233,-0.0028719413850054358,0.002529372582242611,0.23465001516771966,0.03210353535218888,-0.0587263596931653,-0.03559229177117858
42.07,0.233,-0.00299895959990126,0.0026526677594536337,0.23469903457251162,0.03381079825295501,-0.060401446007152935,-0.0374543924418006
42.13,0.233,-0.0030833669856626415,0.0026531858099239775,0.23490595328968633,0.03609453803574518,-0.057514380190309744,-0.03697475167640217
42.191,0.233,-0.0028285993677373985,0.0023902229925842817,0.23506328599908283,0.0395226697001661,-0.05265113475392356,-0.03615891620118314
42.25,0.233,-0.002570473698168583,0.002283370662537259,0.23484877415025843,0.04144412894423206,-0.04798013692427159,-0.03828239547743176
42.31,0.233,-0.0023796869552864678,0.0021200109624597363,0.23479728312430867,0.04476367066201435,-0.043371502500989756,-0.03763820855646739
42.37,0.233,-0.0020237475585637146,0.0018370812756979033,0.234436491176405,0.04430504827204865,-0.04026400278765911,-0.04001838309255007
42.43,0.233,-0.0018122424544230393,0.003399092723313728,0.2346673376018336,0.06005085700270836,-0.03104474152330011,-0.027544856468679758
42.486,0.233,-0.001834750368193188,0.003657138350314393,0.23485913820654286,0.061407261256752506,-0.027115478148761495,-0.02657715684722789
42.54,0.233,-0.002318210841057898,0.003707195408559586,0.23478738083246453,0.05963681932306926,-0.027036850544103826,-0.02646673083159211
42.596,0.233,-0.0023268643193284865,0.004172791488623397,0.23443566720039397,0.05930457815089941,-0.030538071741834098,-0.028893279464725415
42.656,0.233,-0.0019737910580512417,0.003897180144926401,0.23457938822576208,0.053794938672979124,-0.0318379968147637,-0.02600381162608102
42.71,0.233,-0.002650563230637194,0.0029732662341943514,0.23490006163702964,0.039821299746889846,-0.03806541346837838,-0.02717483179567445
42.77,0.233,-0.0031227432451585565,0.0023490799615170496,0.23483364257736652,0.03255217185362296,-0.04555806003549845,-0.03765821820287854
42.83,0.233,-0.002706601706683249,0.0024512312701118716,0.2346331051778849,0.032419043900916614,-0.05221088854545951,-0.041219273720929865
42.89,0.233,-0.0024510002047451523,0.002279410228776927,0.23460016962477823,0.0319694135723737,-0.05590171793992547,-0.03354566152858428
42.95,0.233,-0.0031342065871917805,0.0023957075683031445,0.234669180215652,0.03601835216051692,-0.05660624104352295,-0.03288200765162605
43.01,0.233,-0.003508182399217989,0.002475225292784863,0.2351446589337895,0.04222890373012889,-0.05429303015425142,-0.042342594485209814
43.07,0.233,-0.0024625765373801657,0.0023312089125089356,0.23485673161007933,0.043687794143746225,-0.05371268137512206,-0.03967016513616085
43.13,0.233,-0.002287393647959787,0.0019594498215883883,0.23459922513399212,0.04351621677267582,-0.051891275296024976,-0.029761549093914413
43.186,0.233,-0.002612774385937899,0.0017858846428217801,0.23460492202951302,0.04413161751409442,-0.04765806742962322,-0.03693497243706758
43.24,0.233,-0.002399712104384501,0.0022107921775990262,0.23492767974302795,0.047784654698516206,-0.04243726083522615,-0.04717821281581074
43.3,0.233,-0.0019426467019926712,0.0021288200406219433,0.23504028073818223,0.04527745832657183,-0.03701781852605942,-0.03656044075577027
43.366,0.233,-0.0020164710981654373,0.0036575960646603894,0.23444121186815314,0.05704217253768013,-0.032289068740926144,-0.019757960555609824
43.42,0.233,-0.0022094968878842583,0.003893138559965999,0.2344456724704499,0.055832424355814037,-0.031395569397667536,-0.03275964813589998
43.48,0.233,-0.001960354884185801,0.002077795656473406,0.23490034252555572,0.03330485682780173,-0.03508506593200102,-0.04388425649314973
43.536,0.233,-0.0023975812134681804,0.0026295376398219003,0.2348301289157017,0.0372458523110431,-0.030281487649172382,-0.02402635218928759
43.59,0.233,-0.0024305403544332776,0.002705767321652089,0.23467192142907836,0.03601809977729111,-0.03854311244686756,-0.028105684319880773
43.65,0.233,-0.002563445907916863,0.0021053247288726766,0.2346490070871697,0.030655340199413367,-0.04503006203349978,-0.047035258419258354
43.71,0.233,-0.0024003614624130694,0.002387880093552062,0.23466915386381573,0.03393809571127151,-0.047591801221455274,-0.037805554863440706
43.77,0.233,-0.0028517728579682097,0.0024321474065017146,0.23493952375189808,0.03794712087253111,-0.050730235023874456,-0.026625840070319626
43.83,0.233,-0.00314105868628814,0.0023341829786769435,0.2348233468410181,0.04112908856681244,-0.05281312768972603,-0.04121639376635522
43.89,0.233,-0.0027284161731155315,0.002275869579518995,0.23483194102820024,0.04462783837847588,-0.055382461107649064,-0.04458507876593062
43.95,0.233,-0.0026603782878317403,0.0021906781819824596,0.2346828971994373,0.046043030747834106,-0.05420595679253729,-0.030055798580094717
44.01,0.233,-0.0025399142621116842,0.002068323399743373,0.2347387666984901,0.04638154656475147,-0.053189227708999615,-0.034291964766371294
44.07,0.233,-0.002590870626633485,0.0021747510464640574,0.23494075736026981,0.0476916285103698,-0.04852583711033556,-0.04606432521229342
44.13,0.233,-0.002388896672585342,0.0022397880957315754,0.23488933290819103,0.044872578164964365,-0.044652998619347094,-0.038216606849960616
44.19,0.233,-0.0022491311208942357,0.0019880689501454146,0.23463274621981622,0.03956907161181343,-0.04107508600252884,-0.030041320252590535
44.25,0.233,-0.0019896646756886755,0.0022141911995220078,0.23453985712891157,0.038027642551981725,-0.03930282800068133,-0.04145479430567316
44.31,0.233,-0.0021124415009021284,0.00221838451067574,0.23465108931970913,0.03493531866302618,-0.0360815496611293,-0.043696109893589026
44.376,0.233,-0.002685543390645944,0.002792339025128293,0.23467296560104883,0.03784076878003251,-0.029027942220039633,-0.02501553240605147
44.43,0.233,-0.002508399742610343,0.0027189252083001684,0.23475890134171856,0.036689052352755734,-0.032111352127757724,-0.030232363984161216
44.486,0.233,-0.0021182195823212886,0.002272764514883076,0.23457877675159963,0.03356109574457133,-0.03938477719253385,-0.0435083911189635
44.54,0.233,-0.002484903965078525,0.0022899849095615377,0.23448551439302415,0.03479199191033476,-0.04131939771534654,-0.03780634431722843
44.6,0.233,-0.0028257371018423267,0.0028571580223671427,0.23472310296702445,0.043404708197365846,-0.04208643010327299,-0.025714196488834638
44.66,0.233,-0.002629818368308442,0.0023198361435552827,0.23480641917668,0.041791245491596116,-0.04801677586063844,-0.03930475455632758
44.72,0.233,-0.0026961926726450265,0.0022966281805354735,0.23475804657607116,0.045282833495106666,-0.05231498616699595,-0.041607570720607945
44.78,0.233,-0.002637422084677633,0.0023125100572176528,0.23484710258155814,0.04734721255066946,-0.055016930871919556,-0.033394598271340566
44.84,0.233,-0.002579637775366491,0.002191256662750178,0.23482436409780866,0.046876622731813596,-0.053573200265098694,-0.03542584293590896
44.9,0.233,-0.0027735763273359242,0.0023036744390683805,0.23497178457750587,0.047643674406447185,-0.0506426993074801,-0.041173988666106096
44.96,0.233,-0.0027105470094911945,0.002388451937655949,0.2348221151425574,0.0454487552404145,-0.04902835784078199,-0.036893546194035176
45.02,0.233,-0.0026187257793952004,0.0023625861945915276,0.23483414850638545,0.04211813440242265,-0.04634598163675297,-0.03350646143416744
45.08,0.233,-0.0022450750618496114,0.002071000351249921,0.2344585266149235,0.03624118373771151,-0.04407325202880233,-0.03942024553230883
45.131,0.233,-0.0024755595059184994,0.0024542245374644836,0.23494088589793535,0.03705724246843277,-0.038997742772414225,-0.039549008105701215
45.19,0.233,-0.002705759307760853,0.002356350110812612,0.23509242433782046,0.03452812029189218,-0.03635800116853094,-0.03331708359743862
45.241,0.233,-0.0022678681319922966,0.0022049952398277444,0.2346136477387622,0.03206995505601137,-0.037849405869768836,-0.03579743563504381
45.3,0.233,-0.00207212122402668,0.0024321818243272326,0.23444871916043478,0.035988235035980795,-0.03504357527132643,-0.03582630711531894
45.36,0.233,-0.0025263210954890956,0.0028522082236108024,0.23485839448736393,0.041582517371316866,-0.033141091785296665,-0.03234304002229202
45.421,0.233,-0.002562006477904025,0.0026639664384648797,0.2349061952834389,0.043429106884981486,-0.03592635327541655,-0.03141293460746045
45.48,0.233,-0.002346121689262771,0.0027123059782081208,0.23468928751305304,0.046440516623918765,-0.0402946528518123,-0.03517991836859133
45.54,0.233,-0.0023290975882634462,0.0020877905777669887,0.2346177674826501,0.042889983644207486,-0.047705556058918096,-0.038443544627064764
45.6,0.233,-0.0025450774543668217,0.0021392282936725155,0.2346715611371917,0.04477034156728305,-0.05114905990256522,-0.035243955868819433
45.66,0.233,-0.002616172654069534,0.0023206745670238623,0.23488982537229558,0.047696621119342864,-0.052221800856502444,-0.03786024711223965
45.72,0.233,-0.003003672736295506,0.002610103901314249,0.23497921552424955,0.048723747689776824,-0.05031041747119325,-0.038019772660693694
45.78,0.233,-0.0028956775874829505,0.002281453153158351,0.23492849904322016,0.043402770584308005,-0.05289622687249418,-0.034693030487375334
45.84,0.233,-0.002602647262635396,0.0021216338153902253,0.23457235036769838,0.039305888964042704,-0.0525454580203286,-0.03623705658199661
45.891,0.233,-0.0027393523038410725,0.002376715986815469,0.23484960293190713,0.039702235865267096,-0.0475229287758824,-0.03862143226701446
45.95,0.233,-0.0027617423702678105,0.0025851600092808152,0.23499792531342892,0.038635318053517755,-0.04408509644183716,-0.03627901984970862
46.01,0.233,-0.0027375880119609453,0.002878418014182207,0.23492977477577875,0.04093721528577671,-0.03985630765119071,-0.029487363131532947
46.07,0.233,-0.0024391416381504675,0.002598235395784161,0.2347022565955876,0.03843118597186447,-0.03648642510769384,-0.034038852098089045
46.13,0.233,-0.0020197077859882557,0.0020745725075696827,0.23451023937386595,0.0341329039442688,-0.03859970043964174,-0.039188119514152395
46.186,0.233,-0.002280697518794706,0.0023094255947639893,0.23500016480053915,0.037472920352350565,-0.035721240462338,-0.036064108267866254
46.246,0.233,-0.0022669372006233262,0.0023814519087274754,0.23486498756092783,0.040875163073986476,-0.03571072586491511,-0.0366522689151387
46.306,0.233,-0.0021247189867684676,0.0023154566039337745,0.23466344590188726,0.04230974482520095,-0.037658821786497126,-0.04117598222989647
