sensor type:,aurora
timestamp (s),arclength (m),data
-0.051,0.466,0.01002264825399403,0.028733216873197482,0.46505514414563986,0.15970451560357457,-0.09693097886835794,0.0022329984799644097
-0.031,0.466,0.009897583355064275,0.028908514980161504,0.4651315973454604,0.1603132713373952,-0.09641062926512672,0.002226074560079776
-0.011,0.466,0.009524001813475765,0.029000764520931283,0.46518248296277315,0.16041046210936036,-0.09513448157502072,0.002295361831808573
0.009,0.466,0.009524001813475765,0.029000764520931283,0.46518248296277315,0.16041046210936036,-0.09513448157502072,0.002295361831808573
0.029,0.466,0.009640860012796468,0.02900015086695479,0.46521296716783567,0.16066333746242228,-0.09558692309301293,0.002190725558876762
0.049,0.466,0.00973314225597093,0.028986920902027067,0.46525360495769946,0.16065755880661367,-0.09573584655263029,0.002057538359605921
0.069,0.466,0.009361708737357316,0.029152094902788875,0.4653229579365955,0.16102507076790123,-0.09446488893600832,0.002422178338791432
0.089,0.466,0.00938589878722557,0.029202977118847295,0.4653403046688604,0.1610422785495318,-0.09433190385656498,0.0022729207959536262
0.109,0.466,0.00938589878722557,0.029202977118847295,0.4653403046688604,0.1610422785495318,-0.09433190385656498,0.0022729207959536262
0.129,0.466,0.009275412331080295,0.02912537511603326,0.4653047816770724,0.1608000044880004,-0.09389656337313015,0.002095257409129688
0.149,0.466,0.009013066582056679,0.029120956788525217,0.4652769088642668,0.16058691934164399,-0.09302977827847986,0.002035149982548949
0.169,0.466,0.009287750679435349,0.029102779254904215,0.4652663231003373,0.1603857144928321,-0.09387719509485022,0.0017920055429405145
0.189,0.466,0.00925283484095031,0.029024459885586298,0.4652051612060832,0.16001722974252475,-0.09345147661062707,0.0013283235667045986
0.209,0.466,0.00925283484095031,0.029024459885586298,0.4652051612060832,0.16001722974252475,-0.09345147661062707,0.0013283235667045986
0.229,0.466,0.009331650895240686,0.028966928481547898,0.46517182739692625,0.15985084401833222,-0.09371796308289171,0.0013351812139476647
0.249,0.466,0.009726624883249085,0.02897591201129646,0.4651673160204865,0.16006351752719838,-0.09490104518831168,0.0008459014767464962
0.269,0.466,0.009733091553517072,0.029065794082075054,0.4652517808198811,0.1605059780457067,-0.09480442144971166,0.0007182842907235208
0.289,0.466,0.00968713204214543,0.028979027250971425,0.465193136858007,0.15997605062138412,-0.09449724630794896,0.00039468003454057657
0.309,0.466,0.00968713204214543,0.028979027250971425,0.465193136858007,0.15997605062138412,-0.09449724630794896,0.00039468003454057657
0.329,0.466,0.009678702556007918,0.028887432663562657,0.46513403443784856,0.1598329457304026,-0.09448166768023583,0.0003860579239966085
0.349,0.466,0.00982203157378481,0.028952974383050167,0.4651683828154561,0.16006901304320342,-0.09506672350408454,0.0004303381834817816
0.369,0.466,0.009836342070529969,0.028989814471954565,0.46518152256451545,0.16019573775077506,-0.09521460713673101,0.0005879505569773217
0.389,0.466,0.010152046223965297,0.029074127265612773,0.4652359336464922,0.16071280959725198,-0.09613659279798067,9.550174659018406e-05
0.409,0.466,0.010152046223965297,0.029074127265612773,0.4652359336464922,0.16071280959725198,-0.09613659279798067,9.550174659018406e-05
0.429,0.466,0.010371226955140748,0.0291383635759566,0.46525340295884837,0.16080554759211158,-0.09686459879953634,2.7744811826737656e-06
0.449,0.466,0.010205373397080096,0.029093445995694234,0.46521139185188265,0.16066206153270238,-0.09653464182018838,0.000543310525298668
0.469,0.466,0.009873689022221016,0.02904783003295457,0.46521131289162804,0.16050553933475634,-0.09512015427817853,0.00016898240983028592
0.489,0.466,0.009494799943652515,0.028983572416562298,0.4651790708369193,0.1602755589313948,-0.0940709769958944,0.0008070915108888423
0.509,0.466,0.009494799943652515,0.028983572416562298,0.4651790708369193,0.1602755589313948,-0.0940709769958944,0.0008070915108888423
0.529,0.466,0.00938990444594595,0.028999148611227592,0.46517654508638995,0.16045374761493877,-0.093662949153972,0.0006463324122129678
0.549,0.466,0.009355822569745428,0.028986527950810945,0.46517437997121736,0.16058607372553238,-0.09366121632866738,0.000936258695401608
0.569,0.466,0.009609809213014398,0.0290746785447174,0.4652134260468813,0.1605457404957419,-0.09439098765141163,0.0005526490085598334
0.589,0.466,0.009687941312381106,0.02912194742819282,0.46520984398369847,0.16078798063073502,-0.09482657404166442,0.0007301684266988472
0.609,0.466,0.009687941312381106,0.02912194742819282,0.46520984398369847,0.16078798063073502,-0.09482657404166442,0.0007301684266988472
0.629,0.466,0.009580282815474352,0.029011092182990698,0.4651801639941294,0.16037381277304033,-0.09449102485045108,0.0009762589452641705
0.649,0.466,0.009584724261315326,0.02893286644517124,0.4651520939028832,0.16007512898547344,-0.09460239802508313,0.001112706546283692
0.669,0.466,0.009257578647294923,0.02895999355902865,0.4651600437109306,0.16001722974252475,-0.09345147661062707,0.0013283235667045986
0.689,0.466,0.009376209676017943,0.028846881958095708,0.46512708388998025,0.1595628971744998,-0.09384639340946768,0.0011902231245552706
0.709,0.466,0.009376209676017943,0.028846881958095708,0.46512708388998025,0.1595628971744998,-0.09384639340946768,0.0011902231245552706
0.729,0.466,0.009588641404630492,0.028872629896389737,0.4651075812680541,0.15944970906305253,-0.09493879423106173,0.0018183050391813766
0.749,0.466,0.009631406652488225,0.028860112955508048,0.4650975834270417,0.15944410205256115,-0.09508748450503342,0.0016850273281883805
0.769,0.466,0.009626097992624491,0.028897760993203896,0.4650994550328503,0.15957005607952915,-0.0952362744667317,0.0018428833575504526
0.789,0.466,0.009746611654567987,0.028973580002311622,0.4651251056232178,0.15981224935754437,-0.0956716970475247,0.002019941159364086
0.809,0.466,0.009746611654567987,0.028973580002311622,0.4651251056232178,0.15981224935754437,-0.0956716970475247,0.002019941159364086
0.829,0.466,0.009361701570628178,0.028832686260276918,0.4650646273087772,0.15930053086261806,-0.09460008366760829,0.0026457652148433883
0.849,0.466,0.00942177900110129,0.028902375515944257,0.4650795307886747,0.159311485235626,-0.09461712919601668,0.0023637483065932626
0.869,0.466,0.00936973033888225,0.028871403222812078,0.4650685248148677,0.1590295791856975,-0.09459558883793877,0.002351401936338966
0.889,0.466,0.009330129580854786,0.028928156871803896,0.46508704573874926,0.15930053086261806,-0.09460008366760829,0.0026457652148433883
0.909,0.466,0.009330129580854786,0.028928156871803896,0.46508704573874926,0.15930053086261806,-0.09460008366760829,0.0026457652148433883
0.929,0.466,0.009256698488834543,0.028831533488566277,0.4650401905872174,0.15918015831355728,-0.09430279354413543,0.002621026662263932
0.949,0.466,0.009250462366924775,0.029007350725727285,0.46513081329084977,0.15990420801152222,-0.09422926254964241,0.0025061016037387727
0.969,0.466,0.00903863202697429,0.02902883666302283,0.46514642057453837,0.16023725275378753,-0.09353812889814128,0.0026198636769908462
0.989,0.466,0.009180891625064535,0.029068087113257153,0.4651498247228765,0.16019127902562338,-0.09410158382184959,0.0026511386237025075
1.009,0.466,0.009180891625064535,0.029068087113257153,0.4651498247228765,0.16019127902562338,-0.09410158382184959,0.0026511386237025075
1.029,0.466,0.009252577990270773,0.02902487179773089,0.46509931545681665,0.15990420801152222,-0.09422926254964241,0.0025061016037387727
1.049,0.466,0.00906281082593773,0.029078788959339134,0.46514572751741773,0.16009350295688002,-0.09352332216569206,0.002610916729710747
1.069,0.466,0.009324046151340921,0.02913509342233197,0.46516627983062664,0.16046235567038447,-0.09442156231332031,0.0023971399165163125
1.089,0.466,0.008913729824829752,0.029083861234281718,0.465170747267829,0.16038728754646076,-0.09324598113808431,0.0028900008608557467
1.109,0.466,0.008913729824829752,0.029083861234281718,0.465170747267829,0.16038728754646076,-0.09324598113808431,0.0028900008608557467
1.129,0.466,0.008813609788120161,0.02903944923857836,0.4651577235252689,0.1602437344531337,-0.09307293980477509,0.0033016098030339367
1.149,0.466,0.008794318142040966,0.029071875331621307,0.4651742818919806,0.16041578939881254,-0.09281514519007467,0.0030072846245286543
1.169,0.466,0.00894789870344665,0.029171801464107992,0.46523238773153663,0.1607669186732001,-0.09353037026875548,0.003491583653944717
1.189,0.466,0.00911514140481628,0.02910683816961822,0.46523899167334426,0.16043420021319738,-0.09422141113029375,0.0033775429140044766
1.209,0.466,0.00911514140481628,0.02910683816961822,0.46523899167334426,0.16043420021319738,-0.09422141113029375,0.0033775429140044766
1.229,0.466,0.009077665881010536,0.029144466966213044,0.46523894317999903,0.16048509599211266,-0.09382402588688517,0.0029302075806876683
1.249,0.466,0.008931584109089251,0.029047131077997484,0.46517783763872966,0.16026590833637375,-0.09310692334645485,0.0027370753028354475
1.269,0.466,0.00902774981839,0.02915004879500075,0.4652011520134509,0.16053588562666335,-0.09342679866709222,0.0024831277969250025
1.289,0.466,0.00900358427048234,0.02909722719658334,0.465164975775911,0.1601105357082358,-0.09339043724722605,0.0024617010135620804
1.309,0.466,0.00900358427048234,0.02909722719658334,0.465164975775911,0.1601105357082358,-0.09339043724722605,0.0024617010135620804
1.329,0.466,0.008992624946229188,0.029072471283889456,0.465161843903485,0.15998902844279414,-0.09325159376185571,0.0023089578189958828
1.349,0.466,0.00920258741671175,0.029049947616408393,0.4651805647515954,0.15995536184406445,-0.0938316284884124,0.0020579515518871308
1.369,0.466,0.009420457504958932,0.02914072614897029,0.46522866082639297,0.16051816218503867,-0.09419025600639415,0.0015337087640325039
1.389,0.466,0.009381557625067458,0.029154330753234262,0.46522728255890605,0.16051816218503867,-0.09419025600639415,0.0015337087640325039
1.409,0.466,0.009381557625067458,0.029154330753234262,0.46522728255890605,0.16051816218503867,-0.09419025600639415,0.0015337087640325039
1.429,0.466,0.009477271142326453,0.02913119249330466,0.46522838580126813,0.16052309237712908,-0.0943573400191677,0.0011183083285797727
1.449,0.466,0.009856754070359816,0.029041836972394812,0.4651500207161363,0.15987424385961596,-0.09560697760620963,0.0007413599528538085
1.469,0.466,0.009877604449975408,0.02904994899384158,0.46514953203577336,0.15987424385961596,-0.09560697760620963,0.0007413599528538085
1.489,0.466,0.009947358874146536,0.0291369428943218,0.465208085185816,0.16041437079721801,-0.09593157387905298,0.0007814352394815148
1.509,0.466,0.009947358874146536,0.0291369428943218,0.465208085185816,0.16041437079721801,-0.09593157387905298,0.0007814352394815148
1.529,0.466,0.00995680035904082,0.029009566822330596,0.46518504294702323,0.1601327677067081,-0.09590995096492586,0.0007690044099477951
1.549,0.466,0.009942297509547983,0.028809823208211696,0.46507113559218044,0.1593045887544975,-0.09571313043981382,0.000582048806179551
1.569,0.466,0.010068231948105806,0.02891076465591058,0.4651337788441567,0.15955755383213976,-0.0961659922545741,0.000477717719117651
1.589,0.466,0.009986568708946014,0.028954085183440954,0.4651552807507615,0.15986238450795076,-0.09590527796603045,0.00047397938119549755
1.609,0.466,0.009986568708946014,0.028954085183440954,0.4651552807507615,0.15986238450795076,-0.09590527796603045,0.00047397938119549755
1.629,0.466,0.01011692254616541,0.028976552224374647,0.4651518519767481,0.15985036587080514,-0.09620456938149562,0.00020762645914324264
1.649,0.466,0.010137715091489278,0.028929401511406747,0.465102285526726,0.15957968644636622,-0.09619996259839896,-8.720739787624163e-05
1.669,0.466,0.01012616540728018,0.028907304282506284,0.46506375765339303,0.15957968644636622,-0.09619996259839896,-8.720739787624163e-05
1.689,0.466,0.009559583429371712,0.028814778451829396,0.46505573402562034,0.15955708470261312,-0.09431013305839063,0.0005073473406792533
1.709,0.466,0.009559583429371712,0.028814778451829396,0.46505573402562034,0.15955708470261312,-0.09431013305839063,0.0005073473406792533
1.729,0.466,0.009737941627368478,0.028796294336819628,0.46504959696914033,0.15963753371107553,-0.09502221494085988,0.0006967240911569301
1.749,0.466,0.009699206643744136,0.028710351107567037,0.46495982458399127,0.15906317978940937,-0.0949615143415487,0.0009549764413908912
1.769,0.466,0.00962873748087397,0.028840205245073178,0.4650056327307587,0.15939603866107732,-0.094586317003223,0.0005189971095443134
1.789,0.466,0.009566041336035854,0.02892443353333009,0.4651053713999083,0.15993723460032314,-0.09459562610159139,0.0011092409572392935
1.809,0.466,0.009566041336035854,0.02892443353333009,0.4651053713999083,0.15993723460032314,-0.09459562610159139,0.0011092409572392935
1.829,0.466,0.009556754325930505,0.02878865075838723,0.4649994375908713,0.15937366784619905,-0.09455249966541468,0.0010844676886790873
1.849,0.466,0.009679921451841971,0.02870878812254574,0.46494683580389107,0.15879816235785446,-0.09480802222064162,0.0007928570300578902
1.869,0.466,0.00949466434044872,0.028679676348394405,0.464916518264739,0.15868911801474214,-0.09421228121999785,0.0010353416167161124
1.889,0.466,0.009501280478511346,0.028618901031844793,0.46489306128513713,0.15853388609026128,-0.0943384950246857,0.001180784646432317
1.909,0.466,0.009501280478511346,0.028618901031844793,0.46489306128513713,0.15853388609026128,-0.0943384950246857,0.001180784646432317
1.929,0.466,0.009346503950900519,0.028717650023852587,0.4649523121837793,0.1588499841367029,-0.09377946800445258,0.001443656658676028
1.949,0.466,0.0093927201010529,0.02876415299298482,0.4649849758902499,0.15898265603670006,-0.09393544743978717,0.00131471442830723
1.969,0.466,0.009461423040647655,0.028810949810009253,0.4649986920281802,0.15913712956863976,-0.09396777063005773,0.0010404244536327445
1.989,0.466,0.009654927846912168,0.028847961079316118,0.46502858120388973,0.15924177135102474,-0.09455381545409604,0.0007930216417289744
2.009,0.466,0.009654927846912168,0.028847961079316118,0.46502858120388973,0.15924177135102474,-0.09455381545409604,0.0007930216417289744
2.029,0.466,0.009618318994223662,0.02878109869331838,0.46496527334965554,0.15863228030353393,-0.09475877794137193,0.001350035803192686
2.049,0.466,0.009569019700811,0.028688439672442872,0.46491314129238515,0.1582180493478431,-0.09458145986742328,0.0014659618131604337
2.069,0.466,0.009431872798099762,0.02871204590187174,0.46491686580935165,0.15852872590034936,-0.09417158172261093,0.001596498493339414
2.089,0.466,0.0095121365435419,0.028663150818933524,0.46490779004920935,0.15848886915469712,-0.09458622460697654,0.0017614371502821958
2.109,0.466,0.0095121365435419,0.028663150818933524,0.46490779004920935,0.15848886915469712,-0.09458622460697654,0.0017614371502821958
2.129,0.466,0.009841718815368248,0.028685661679276404,0.46491699754568694,0.15836352777523358,-0.0959772134071684,0.002123306307969731
2.149,0.466,0.00978740178682198,0.02875378720613971,0.4649134750534632,0.15839802392689015,-0.09571253861786845,0.001824772257889289
2.169,0.466,0.010054143664888151,0.028755062527838653,0.46490800402665466,0.15834022014027263,-0.09657451568014251,0.0015901735356492748
2.189,0.466,0.010101746838767437,0.02867837314970216,0.46490107850963375,0.15806905729981827,-0.09657003918752276,0.0012951167410508659
2.209,0.466,0.010101746838767437,0.02867837314970216,0.46490107850963375,0.15806905729981827,-0.09657003918752276,0.0012951167410508659
2.229,0.466,0.01001633373207907,0.028664215467619644,0.4649028976861343,0.15807580700609586,-0.09642095028593267,0.0014290038480225878
2.249,0.466,0.009715546286803762,0.028798171087969743,0.4649750630926962,0.1587023903202502,-0.0954526887658663,0.0018208476624090616
2.269,0.466,0.009872335067882605,0.028753334134651674,0.46496983076379284,0.15896650259384804,-0.09592165957960985,0.001433632225168686
2.289,0.466,0.009907569521598996,0.02891152436972132,0.465074002364449,0.15954174148117758,-0.09598235307730103,0.0011761864843258033
2.309,0.466,0.009907569521598996,0.02891152436972132,0.465074002364449,0.15954174148117758,-0.09598235307730103,0.0011761864843258033
2.329,0.466,0.010122329943936055,0.02892069997953285,0.46505572762168396,0.15920764510540433,-0.09667395376333099,0.0010625028834077466
2.349,0.466,0.010072405027390745,0.028979674738203506,0.46508518881541844,0.15949626083547397,-0.09654562104054525,0.0012079867518135566
2.369,0.466,0.010215723650007412,0.028899242792680215,0.46505053047460676,0.15931148952962648,-0.09710296357920732,0.001235503514823786
2.389,0.466,0.010397897744536191,0.029050237566931588,0.4651655222032345,0.16012264697527062,-0.0977481388453881,0.0010222739951027274
2.409,0.466,0.010397897744536191,0.029050237566931588,0.4651655222032345,0.16012264697527062,-0.0977481388453881,0.0010222739951027274
2.429,0.466,0.010216618088800707,0.028945075537811844,0.46511729746516284,0.1597322018171766,-0.09713100314836397,0.0012523067997134419
2.449,0.466,0.01057019669713023,0.02910571933576234,0.4652218144530185,0.16035864502778135,-0.09833292220998595,0.0010663800650420796
2.469,0.466,0.010784760393478431,0.029051332949215587,0.4651913447352585,0.16010130035854342,-0.09941027007327828,0.0016866979507068958
2.489,0.466,0.01112919531247969,0.028957134735550807,0.4651438583957428,0.15988361329809972,-0.10054740053098352,0.001463791588128226
2.509,0.466,0.01112919531247969,0.028957134735550807,0.4651438583957428,0.15988361329809972,-0.10054740053098352,0.001463791588128226
2.529,0.466,0.01119797441844921,0.0290194245914063,0.4651912119009011,0.160141740973764,-0.10085098755636313,0.0014916731196592435
2.549,0.466,0.011286210246655104,0.028894893719533334,0.465114672930976,0.1596180615256457,-0.10070964698201677,0.0007534960947328487
2.569,0.466,0.011275764292301042,0.028902305168763406,0.4651371451379287,0.15989973069987629,-0.1007312596972343,0.0007659040968967121
2.589,0.466,0.011257245147418134,0.028930109094841106,0.4651581399866627,0.15995085636296455,-0.10033411496504023,0.0003175406670645893
2.609,0.466,0.011257245147418134,0.028930109094841106,0.4651581399866627,0.15995085636296455,-0.10033411496504023,0.0003175406670645893
2.629,0.466,0.011168341560542952,0.02913846431211993,0.465235119733144,0.16083565904734495,-0.09998452283563572,0.00018968923436885317
2.649,0.466,0.011200424038082826,0.029151150686382292,0.4652120699946687,0.1608021850672768,-0.10024918810670935,0.0004884486413838689
2.669,0.466,0.011031979253599533,0.029022701226196237,0.4651977755441547,0.16026683559566463,-0.09977542784008334,0.0005806864749602433
2.689,0.466,0.010763606162066333,0.028915524905279332,0.46513773233321737,0.16001401729534737,-0.09900692294644671,0.0012351672629902282
2.709,0.466,0.010763606162066333,0.028915524905279332,0.46513773233321737,0.16001401729534737,-0.09900692294644671,0.0012351672629902282
2.729,0.466,0.01036640040922161,0.028855392488791667,0.4651037486146562,0.15973740287778618,-0.09729715263463078,0.0008368103051203805
2.749,0.466,0.010061793524110957,0.02900614593683318,0.46512342403026175,0.1601104094465303,-0.09619153304743715,0.0007854159505821556
2.769,0.466,0.009933933757914062,0.0289659197185475,0.4651262175022065,0.1598854442415009,-0.09562394784396733,0.00045868900856631034
2.789,0.466,0.009633529689908682,0.028995638623359795,0.4651170869851005,0.15988600259102906,-0.09499284030425831,0.0015562070786843928
2.809,0.466,0.009633529689908682,0.028995638623359795,0.4651170869851005,0.15988600259102906,-0.09499284030425831,0.0015562070786843928
2.829,0.466,0.009171148961936168,0.028897712480165226,0.46507692865099437,0.15942524468686242,-0.09352350760766896,0.0017347645380347894
2.849,0.466,0.009007737677402266,0.02887294373821748,0.46506938681113946,0.15917810059943338,-0.09292183021755444,0.00197313151472725
2.869,0.466,0.008955923216860225,0.02876355420814028,0.4650033694929325,0.15888516704908026,-0.09288396886088929,0.0022435114747714363
2.889,0.466,0.00891793759215024,0.0288071478777894,0.4650359418831257,0.15920070336691838,-0.09264083656134793,0.001957454405358587
2.909,0.466,0.00891793759215024,0.0288071478777894,0.4650359418831257,0.15920070336691838,-0.09264083656134793,0.001957454405358587
2.929,0.466,0.008724480883016299,0.02881658650422138,0.4650545434865542,0.15937327114683653,-0.09206637992433256,0.002211897429443106
2.949,0.466,0.008766648078984232,0.028906587709978636,0.4650666761437418,0.15936724871559155,-0.09221597169998684,0.0020790509910921175
2.969,0.466,0.008927439594303796,0.02893733704089945,0.4651111624890431,0.15932185617451092,-0.09277918818630523,0.0021107610762471757
2.989,0.466,0.009031352080289734,0.02887276719511889,0.4650412697500977,0.1590288256369579,-0.09305622747250412,0.001831634687679914
3.009,0.466,0.009031352080289734,0.02887276719511889,0.4650412697500977,0.1590288256369579,-0.09305622747250412,0.001831634687679914
3.029,0.466,0.008799164868796701,0.028899863431578503,0.4650562677526217,0.15891306797013902,-0.0924519886216082,0.0023605737116673127
3.049,0.466,0.00943286972943435,0.028855878100363285,0.465038116797322,0.15879387271704734,-0.09432601984509577,0.0017577504097126167
3.069,0.466,0.00964185212189732,0.028956179600128425,0.46510421382929246,0.15932238156571749,-0.09494963459130176,0.0015315485286058333
3.089,0.466,0.009766714226894598,0.02904772391105357,0.4651293774765324,0.15984082463351296,-0.09555606571106619,0.0015885248533952837
3.109,0.466,0.009766714226894598,0.02904772391105357,0.4651293774765324,0.15984082463351296,-0.09555606571106619,0.0015885248533952837
3.129,0.466,0.009577471425729716,0.029077948594060855,0.4651486759437689,0.1596099815299492,-0.09482136608932952,0.001677888052643647
3.149,0.466,0.009263051445885531,0.028966346248660277,0.4650669614309343,0.15912076970257977,-0.09378401648149517,0.0017389840594078858
3.169,0.466,0.00953573205027954,0.029043392120038338,0.46511716951903453,0.1590803768395969,-0.09451320290608849,0.0013541350645831674
3.189,0.466,0.009544622096892335,0.02903168590405364,0.4650810707345234,0.1589372581147081,-0.09449853178174418,0.0013464044339392982
3.209,0.466,0.009544622096892335,0.02903168590405364,0.4650810707345234,0.1589372581147081,-0.09449853178174418,0.0013464044339392982
3.229,0.466,0.00931456954934553,0.02911387229097727,0.4651411514880788,0.15924250148473704,-0.09392301600342695,0.0018917144527175588
3.249,0.466,0.009288519864581839,0.029193633005307685,0.4651820077718838,0.15937477517334706,-0.09392133220348027,0.0021821577015488465
3.269,0.466,0.009677814146460574,0.02927231602261395,0.46522625985408933,0.15988600259102906,-0.09499284030425831,0.0015562070786843928
3.289,0.466,0.009625925732596288,0.02940997708342489,0.46532682914448137,0.16051817609376862,-0.09450632053104062,0.0009845046029400084
3.309,0.466,0.009625925732596288,0.02940997708342489,0.46532682914448137,0.16051817609376862,-0.09450632053104062,0.0009845046029400084
3.329,0.466,0.009491728901079055,0.029328931776015737,0.46526342349338473,0.16008725595948833,-0.09430327029124623,0.0013800295389403284
3.349,0.466,0.00923305448752718,0.029270210119026117,0.46521191426983405,0.15970705255165812,-0.0935450719268887,0.001747169389311731
3.369,0.466,0.009104839256915449,0.029285632995611884,0.46524671838998466,0.1597866981746216,-0.0927170303082241,0.0014163536826941815
3.389,0.466,0.009383505266398423,0.029434910972437306,0.4652861519449712,0.15985084401833222,-0.09371796308289171,0.0013351812139476647
3.409,0.466,0.009383505266398423,0.029434910972437306,0.4652861519449712,0.15985084401833222,-0.09371796308289171,0.0013351812139476647
3.429,0.466,0.009373308897549806,0.029306953450267976,0.4652329005698874,0.1595689996245858,-0.09369641925925347,0.0013228224754480856
3.449,0.466,0.009417996140244198,0.02933465978027741,0.46524574396127416,0.16012641671635847,-0.09388953192645291,0.001214970249389106
3.469,0.466,0.009752534687460056,0.029240217302385373,0.46519883247198957,0.15990805222459203,-0.09502689336397543,0.0009918123694546016
3.489,0.466,0.009709711834630274,0.029101544474633617,0.4651603026470334,0.15992578069068664,-0.0948941646124144,0.0008422654206280679
3.509,0.466,0.009709711834630274,0.029101544474633617,0.4651603026470334,0.15992578069068664,-0.0948941646124144,0.0008422654206280679
3.529,0.466,0.009273605581655004,0.029126547945104674,0.4651098410552503,0.15985640523829409,-0.09356955175391243,0.0014684644992796405
3.549,0.466,0.008983758264744627,0.029003605290479604,0.46507920311804496,0.15958668311759575,-0.09293338978377737,0.002272114785088861
3.569,0.466,0.009014713444659294,0.0289569239003626,0.4650568835787977,0.1594764351976653,-0.09281136570861387,0.0018361951650870832
3.589,0.466,0.009003991717391727,0.02898039148227984,0.46511336584077545,0.15963205812475512,-0.09268489297278364,0.001690890854585596
3.609,0.466,0.009003991717391727,0.02898039148227984,0.46511336584077545,0.15963205812475512,-0.09268489297278364,0.001690890854585596
3.629,0.466,0.009182052864277727,0.02896121263467585,0.4650893150614473,0.1595524454186458,-0.09351396531431762,0.0020207626096887276
3.649,0.466,0.009237712076447377,0.028881258352293358,0.4650877503005856,0.1598286549177706,-0.09368478118135647,0.0019007482672729358
3.669,0.466,0.008994782416373828,0.028879635608634484,0.4651200881818857,0.15961517626369262,-0.09281750433454848,0.0018398175235238145
3.689,0.466,0.008883340818953922,0.028829455102454424,0.4650925573437446,0.15936172083430444,-0.09236531726706382,0.0019447043446351733
3.709,0.466,0.008883340818953922,0.028829455102454424,0.4650925573437446,0.15936172083430444,-0.09236531726706382,0.0019447043446351733
3.729,0.466,0.008783443166377077,0.02878572297530388,0.4650614455147812,0.15923451183717785,-0.09206019442568075,0.002208311723396794
3.749,0.466,0.008919559517571453,0.02887951577555765,0.46508377919561017,0.1590458428592602,-0.09260792349138693,0.0022312803116697117
3.769,0.466,0.009047324395052417,0.028736498630039985,0.4650351434073376,0.15843726134579106,-0.0931281352854544,0.002238181772324916
3.789,0.466,0.009272442667083342,0.028758670460311643,0.46501920099948374,0.15838525329767134,-0.09384137258098213,0.0021367136926996174
3.809,0.466,0.009272442667083342,0.028758670460311643,0.46501920099948374,0.15838525329767134,-0.09384137258098213,0.0021367136926996174
3.829,0.466,0.009348088370529785,0.028827848811712235,0.46506543696359365,0.15863327955900836,-0.09412760688983751,0.0024481995663640827
3.849,0.466,0.009355268942181789,0.02874279211598932,0.46501874303109775,0.15836248294231126,-0.09412288981039375,0.002152565845175152
3.869,0.466,0.009298691596867885,0.028812212666301115,0.4650190257898893,0.15849495196247873,-0.09412117396145644,0.00244305937404515
3.889,0.466,0.009318896495940242,0.028807473583327713,0.46501739693652183,0.15846061669540523,-0.09438608775294387,0.0027424051068775258
3.909,0.466,0.009318896495940242,0.028807473583327713,0.46501739693652183,0.15846061669540523,-0.09438608775294387,0.0027424051068775258
3.929,0.466,0.009562839235589659,0.02883506604536834,0.46501599049900755,0.15893961453473004,-0.09540646813507449,0.002963744533673029
3.949,0.466,0.009648214510334428,0.028928633876126614,0.4650971850034609,0.1589276358289196,-0.0957048634940159,0.0026968137507486305
3.969,0.466,0.009543717201671664,0.028984020067533763,0.4651298353204059,0.15925487403537336,-0.09516368865726943,0.002677592875036491
3.989,0.466,0.009249966383281185,0.02887874196089759,0.46508781246773223,0.15921380181915565,-0.09403836650929046,0.002323339434974218
4.009,0.466,0.009249966383281185,0.02887874196089759,0.46508781246773223,0.15921380181915565,-0.09403836650929046,0.002323339434974218
4.029,0.466,0.009244725235198828,0.0289651517301123,0.4651594065255091,0.15979451867878042,-0.09394862310872755,0.0021989934277465185
4.049,0.466,0.009092071955195147,0.028912728626539364,0.4651357470987437,0.15982269010453862,-0.09351883434108312,0.002316513694402777
4.069,0.466,0.009020134299587005,0.028937331273556095,0.46513450240374304,0.1598289108019304,-0.09336881090167527,0.0024492364231557453
4.089,0.466,0.009016743396364787,0.029158478731767606,0.46523677782693623,0.16042677608326494,-0.09314696865464432,0.0021754038235752976
4.109,0.466,0.009016743396364787,0.029158478731767606,0.46523677782693623,0.16042677608326494,-0.09314696865464432,0.0021754038235752976
4.129,0.466,0.009196097362150008,0.028997256250831122,0.46517171632267645,0.16011044537778468,-0.093706288440919,0.0019130988682388103
4.149,0.466,0.009157253508197242,0.02912573361509611,0.4652106389252494,0.160288090363191,-0.09345587372582513,0.0016223321444752137
4.169,0.466,0.009118183524338097,0.029138555268790757,0.4652015279042258,0.15989672644741398,-0.09315482080061212,0.0013039902510266243
4.189,0.466,0.009246577842092131,0.029026904655837144,0.4651775438932856,0.15986716935463324,-0.09358596994032908,0.0011860114621013126
4.209,0.466,0.009246577842092131,0.029026904655837144,0.4651775438932856,0.15986716935463324,-0.09358596994032908,0.0011860114621013126
4.229,0.466,0.009327405071452903,0.029123500869487316,0.46524347992597676,0.16039150655639428,-0.09404338712669302,0.0013766600405186586
4.249,0.466,0.00931581988902916,0.029255415522741912,0.4653104522981442,0.16052379199241862,-0.09404169645693682,0.0016669174118651593
4.269,0.466,0.009378664245798644,0.029258116449468508,0.4653064882602085,0.16065601734466958,-0.09419780791479634,0.0015380099529789615
4.289,0.466,0.009535602438207641,0.0293120935152616,0.4653268038967627,0.16079958497576147,-0.0945279689725045,0.0009969437845988984
4.309,0.466,0.00981072328477729,0.029292765830344313,0.4653231015178926,0.1607423776269214,-0.09539029003439323,0.0007620870472810308
4.329,0.466,0.00981072328477729,0.029292765830344313,0.4653231015178926,0.1607423776269214,-0.09539029003439323,0.0007620870472810308
4.349,0.466,0.009960920790567441,0.029047900243456982,0.4652272044814471,0.15983468174887572,-0.09602095288870287,0.0009058934000721813
4.369,0.466,0.009925269479733427,0.02902867013632143,0.4652107095673538,0.15985686971270913,-0.0957394407716113,0.000889556190467767
4.389,0.466,0.009765330167141838,0.029025606387752666,0.4651995344415252,0.16020097990265134,-0.09506531240482606,0.0007215013274563108
4.409,0.466,0.009765330167141838,0.029025606387752666,0.4651995344415252,0.16020097990265134,-0.09506531240482606,0.0007215013274563108
4.429,0.466,0.009646697152293597,0.029039940667257028,0.4652162065013085,0.16035099188761717,-0.09477266343710354,0.0009921638384757367
4.449,0.466,0.00934944900128024,0.02914214748545944,0.46522231739268155,0.16058607372553238,-0.09366121632866738,0.000936258695401608
4.469,0.466,0.009332892431472565,0.028959756353824462,0.4651173178357308,0.15974693667042048,-0.09344669876053148,0.001032967746323574
4.489,0.466,0.009667643854317008,0.029031771079111836,0.4652019911459999,0.1602302300883492,-0.09463415989905097,0.0008388301853782406
4.509,0.466,0.009667643854317008,0.029031771079111836,0.4652019911459999,0.1602302300883492,-0.09463415989905097,0.0008388301853782406
4.529,0.466,0.009467963848204647,0.029064809891599448,0.4651757148206223,0.16012129805348832,-0.09403857920750873,0.0010813465372323137
4.549,0.466,0.009311616651744209,0.029123490539457907,0.4651918058199521,0.16029885868527724,-0.09347310515588159,0.0013407453930979918
4.569,0.466,0.009254889557763183,0.029096827453181394,0.46518548205155424,0.16055260964129517,-0.09361031907148291,0.0017837367379612851
4.589,0.466,0.009086431804632087,0.029170036253640022,0.465232427811414,0.16098979621702358,-0.09319022867665705,0.0022002468352967835
4.609,0.466,0.009086431804632087,0.029170036253640022,0.465232427811414,0.16098979621702358,-0.09319022867665705,0.0022002468352967835
4.629,0.466,0.009026014957606064,0.029296991289044262,0.4653234166192055,0.16143222342091793,-0.09309438624882142,0.0020722318380083852
4.649,0.466,0.009493603541578098,0.029309250684531,0.4653030605911233,0.16131219723594672,-0.09465279378869317,0.0020189758562501625
4.669,0.466,0.00951723107099283,0.02923166628152189,0.4652580959674024,0.16129565752332262,-0.09478437796314569,0.0021675002373666113
4.689,0.466,0.009940701621274386,0.029180329626513193,0.4652339936597999,0.16102039145006114,-0.09646941646749913,0.0022593782309727273
4.709,0.466,0.009940701621274386,0.029180329626513193,0.4652339936597999,0.16102039145006114,-0.09646941646749913,0.0022593782309727273
4.729,0.466,0.009919907781179458,0.02917144371369359,0.4652245123691941,0.16102039145006114,-0.09646941646749913,0.0022593782309727273
4.749,0.466,0.009858068285850194,0.029094563789306076,0.46520535821776776,0.16088266757993766,-0.09630407088695513,0.0023842810401279464
4.769,0.466,0.009915072905790233,0.029104768563042074,0.4651865442989562,0.16073899286911372,-0.09644776921335758,0.0022469197773617305
4.789,0.466,0.01004734168893349,0.029028128363204123,0.46513861039491944,0.1602676280331465,-0.09697420632279197,0.0022578656720903677
4.809,0.466,0.01004734168893349,0.029028128363204123,0.46513861039491944,0.1602676280331465,-0.09697420632279197,0.0022578656720903677
4.829,0.466,0.010109841942033904,0.029130797321685806,0.46519100638495475,0.16027845997878712,-0.09699058427991827,0.0019752908309171994
4.849,0.466,0.010422663286509596,0.02915278847095298,0.46522100263263017,0.1603762632581728,-0.09788498143148854,0.0014661040303575127
4.869,0.466,0.010411707843575126,0.029144554500590995,0.465231632360707,0.1603762632581728,-0.09788498143148854,0.0014661040303575127
4.889,0.466,0.010258679927981648,0.02913116699674445,0.4652254650925932,0.16039356982766623,-0.09743730739607877,0.0018662056061828718
4.909,0.466,0.010303585543115853,0.02913561160160331,0.465221196326212,0.16012277953471002,-0.09743210737890096,0.0015713589095947482
4.929,0.466,0.010303585543115853,0.02913561160160331,0.465221196326212,0.16012277953471002,-0.09743210737890096,0.0015713589095947482
4.949,0.466,0.010139009517388107,0.029212962396959335,0.46525894888580405,0.1605892476838339,-0.09689676876428727,0.0015557193179960938
4.969,0.466,0.010077004888231909,0.029371643362237486,0.4653729080674024,0.16089379653343694,-0.09663670232770796,0.0015527792986558672
4.989,0.466,0.009821516150444782,0.02926066085240357,0.4653138525737647,0.16068545748519583,-0.09562102304771257,0.001625981342098808
5.009,0.466,0.009729229878250725,0.029309890516009428,0.46534885092175254,0.16127219464050102,-0.09538194197849874,0.0016345044566497809
5.029,0.466,0.009729229878250725,0.029309890516009428,0.46534885092175254,0.16127219464050102,-0.09538194197849874,0.0016345044566497809
5.049,0.466,0.009690772963840178,0.029262202128906345,0.4653826781453102,0.16126153839967156,-0.09536558798976329,0.0019170043510022758
5.069,0.466,0.009502709636985244,0.029147721951806472,0.4653127254266399,0.16104187328879235,-0.09464744368792496,0.001723809930402204
5.089,0.466,0.00934379128592413,0.02915486431719397,0.46523926611072947,0.1607601863150266,-0.09431095389852627,0.0022601882456293448
5.109,0.466,0.009673009971483295,0.028995321252388826,0.4651673428798127,0.1601001916201107,-0.0955437896615757,0.002165833575695154
5.129,0.466,0.009673009971483295,0.028995321252388826,0.4651673428798127,0.1601001916201107,-0.0955437896615757,0.002165833575695154
5.149,0.466,0.009591897459948952,0.029032907354212854,0.46517618477516576,0.16012316817752884,-0.09526161907833654,0.0021497303686370565
5.169,0.466,0.009530628999691695,0.028936416226921634,0.46512128318266555,0.1598466420835079,-0.09509082919264951,0.0022711410259846584
5.189,0.466,0.009602296470388426,0.02885972419813246,0.46508326986067083,0.15958715306112375,-0.0951032334287987,0.001693798748099034
5.209,0.466,0.009734736205562413,0.028799454901339176,0.4650302389068049,0.15943247621712406,-0.09538629512320015,0.001418099113340218
5.229,0.466,0.009734736205562413,0.028799454901339176,0.4650302389068049,0.15943247621712406,-0.09538629512320015,0.001418099113340218
5.249,0.466,0.010045245660081208,0.0289365422523948,0.46509669835628725,0.15921954053553475,-0.09637455852050851,0.0013291328305425351
5.269,0.466,0.01023469939660896,0.028885885430115936,0.4650528086600116,0.1588866531925639,-0.09706629921140279,0.001215154969352269
5.289,0.466,0.010295387560137044,0.028832794975935418,0.46499183501860986,0.15859899783756812,-0.09719370577308271,0.0010687460317914364
5.309,0.466,0.010385450758167254,0.02886203232532969,0.46502777898268016,0.15858714201138588,-0.09749224195732752,0.0008031581857896144
5.329,0.466,0.010385450758167254,0.02886203232532969,0.46502777898268016,0.15858714201138588,-0.09749224195732752,0.0008031581857896144
5.349,0.466,0.0105146922848322,0.028895039151217987,0.4650777426710448,0.15887481652076427,-0.0976797668725698,0.00039880391566912915
5.369,0.466,0.01050712978628572,0.02904646434726825,0.46512998370246167,0.15958172151347885,-0.09773868023985277,0.00043208584712079947
5.389,0.466,0.010428345705887927,0.02905853505429252,0.46514827307237205,0.15974862282750477,-0.09731405871812181,0.0005540714876905717
5.409,0.466,0.010502759616733455,0.029297534850840034,0.4652499377176044,0.16041538897083363,-0.09778660811026538,0.0007519707432824319
5.429,0.466,0.010502759616733455,0.029297534850840034,0.4652499377176044,0.16041538897083363,-0.09778660811026538,0.0007519707432824319
5.449,0.466,0.010509233892676249,0.029370518058482745,0.4653044315773956,0.16039874954631134,-0.09791958767628528,0.0009013647943137237
5.469,0.466,0.010500447847696387,0.029397587105875606,0.46533535696712663,0.1606801904081831,-0.09794117890961974,0.0009138409657130862
5.489,0.466,0.010391012750935838,0.029382432349885468,0.4653093708994776,0.1607094903519272,-0.0975097544691793,0.0010310715761908415
5.509,0.466,0.01021068310982544,0.02936731660185266,0.46531408360082854,0.16075473211543853,-0.09694636246224117,0.0009986957233994306
5.529,0.466,0.01021068310982544,0.02936731660185266,0.46531408360082854,0.16075473211543853,-0.09694636246224117,0.0009986957233994306
5.549,0.466,0.010048757430324682,0.02947207797095486,0.4653478054477229,0.16097245691101256,-0.09612369430075933,0.0006732440112670499
5.569,0.466,0.009810619418471661,0.02957589040215894,0.4653983029045391,0.16129498890161773,-0.09541650185802855,0.0010694693842492927
5.589,0.466,0.009390822709344956,0.02951859087999224,0.4653684956624425,0.16111566757618845,-0.09396824967739922,0.0012601776383428496
5.609,0.466,0.009021818831019664,0.02943245882563262,0.4653630242813902,0.16078688352092552,-0.09265633806206403,0.0013095717785625927
5.629,0.466,0.009021818831019664,0.02943245882563262,0.4653630242813902,0.16078688352092552,-0.09265633806206403,0.0013095717785625927
5.649,0.466,0.00895853226938358,0.02934092041124665,0.465312760287813,0.16062633950795352,-0.09261615174912466,0.00187049440314454
5.669,0.466,0.008774162239295988,0.02930283280593689,0.4652980674408926,0.16084436295228474,-0.09179414007940968,0.00154349929915666
5.689,0.466,0.00875493396463316,0.029186280810461943,0.4652338891444306,0.16057969479926992,-0.09164009743994185,0.0013821979969856736
5.709,0.466,0.008677082029086054,0.02902322629226501,0.4651257609778105,0.15969500029926872,-0.09167334606188463,0.002059301686259959
5.729,0.466,0.008677082029086054,0.02902322629226501,0.4651257609778105,0.15969500029926872,-0.09167334606188463,0.002059301686259959
5.749,0.466,0.008848904869023054,0.029178883143598764,0.4652106442912223,0.1600744520323304,-0.09227423730326759,0.0021110816528052377
5.769,0.466,0.009042058024886099,0.029201980193910855,0.4652105380564232,0.16016152450944146,-0.09299336803479075,0.002013665796721623
5.789,0.466,0.009141573621167513,0.02915695414567373,0.46522550499076093,0.16040374955199943,-0.09342958730102184,0.00219157708237673
5.809,0.466,0.009491908310885689,0.029137137643301576,0.46522405433995795,0.16043322478750233,-0.09485259260216071,0.002279503572242302
5.829,0.466,0.009491908310885689,0.029137137643301576,0.46522405433995795,0.16043322478750233,-0.09485259260216071,0.002279503572242302
5.849,0.466,0.009606003605843759,0.0292393490641248,0.46532288431682195,0.16100189116990526,-0.09506227775130094,0.0018887572689162573
5.869,0.466,0.010059728875133992,0.02928958313375682,0.4653010572899597,0.16092749224695344,-0.09637178901255215,0.0012534286780800869
5.889,0.466,0.010126081090189792,0.029300136578445206,0.46529429459449145,0.16062240324072025,-0.09663223642092346,0.0012578190839695723
5.909,0.466,0.01004535698870647,0.029200747997754933,0.4652075349413123,0.16008197464475998,-0.09630708746696441,0.0012163389627585256
5.929,0.466,0.01004535698870647,0.029200747997754933,0.4652075349413123,0.16008197464475998,-0.09630708746696441,0.0012163389627585256
5.949,0.466,0.009997423221031844,0.029148694739012656,0.46520856977548086,0.15980552163560388,-0.09613607612545633,0.0013375468054962864
5.969,0.466,0.0099048203167063,0.029336602262408498,0.46535045736870234,0.1607423776269214,-0.09539029003439323,0.0007620870472810308
5.989,0.466,0.009676673446046051,0.029167717780132326,0.46527175959963596,0.16065018566555295,-0.09466177078276915,0.0008550493998468363
6.009,0.466,0.009483812544868643,0.029139874935007765,0.4652220442920395,0.16038582825410258,-0.09419314572064823,0.001242663213471271
6.029,0.466,0.009483812544868643,0.029139874935007765,0.4652220442920395,0.16038582825410258,-0.09419314572064823,0.001242663213471271
6.049,0.466,0.009792185973545519,0.02914175628209651,0.4652016556607934,0.16043816356846258,-0.09533417442843173,0.0013145021333085005
6.069,0.466,0.009606619631251576,0.029063498712925084,0.4651721178100622,0.16007512898547344,-0.09460239802508313,0.001112706546283692
6.089,0.466,0.009664159869083661,0.029084776040483446,0.4651543075410301,0.16017899840627933,-0.09503206386469899,0.0012865736978982046
6.109,0.466,0.009346253766718823,0.028983694680286907,0.4651211803921965,0.15967886945060164,-0.0939768940234232,0.0016296305945559136
6.129,0.466,0.009346253766718823,0.028983694680286907,0.4651211803921965,0.15967886945060164,-0.0939768940234232,0.0016296305945559136
6.149,0.466,0.009418899485370493,0.029065836862016456,0.4651710918996844,0.16024802398616664,-0.09418632091716025,0.0012390698557658024
6.169,0.466,0.009588370423346565,0.02912196978050209,0.46522767146161886,0.16092021128183523,-0.09466655464142544,0.0011503949361614163
6.189,0.466,0.009632774796587876,0.0291361167488689,0.4652758686782247,0.16134063689066847,-0.09485274916810636,0.0010375567056545327
6.209,0.466,0.009906905691491132,0.029087440622299152,0.4652380659251967,0.16096723467910362,-0.09595764630496743,0.0010887574959865794
6.229,0.466,0.009906905691491132,0.029087440622299152,0.4652380659251967,0.16096723467910362,-0.09595764630496743,0.0010887574959865794
6.249,0.466,0.010045305302818443,0.029071334500521854,0.46518448075496444,0.1606739417476865,-0.09623529242560527,0.0008098462613099542
6.269,0.466,0.010213229899256035,0.02901747725312052,0.46515395745430393,0.16039109145607722,-0.09652865889705944,0.00024811911781627604
6.289,0.466,0.010204383928254509,0.02889377024719967,0.465086283081095,0.15982799776434303,-0.09648540636858792,0.00022313282945703823
6.309,0.466,0.010076864889970047,0.028903137306593968,0.4650793662917403,0.15987342224838758,-0.09592224191747668,0.00019149011819752815
6.329,0.466,0.010076864889970047,0.028903137306593968,0.4650793662917403,0.15987342224838758,-0.09592224191747668,0.00019149011819752815
6.349,0.466,0.010421673625322776,0.028821882459072284,0.4650452308902223,0.1595115580192116,-0.09704445110417556,-3.970348072701359e-05
6.369,0.466,0.010531092110004976,0.02885340239777542,0.4650840962086849,0.15978176192726512,-0.09736423876047154,-0.0002937997679171865
6.389,0.466,0.010706916814198658,0.028818712020999292,0.465083137031407,0.1597358188507078,-0.09792861928826517,-0.0002616402960646362
6.409,0.466,0.010695110930381873,0.02891307630626214,0.4650968392539082,0.15975290671903897,-0.09779623297641714,-0.00041140338600943667
6.429,0.466,0.010695110930381873,0.02891307630626214,0.4650968392539082,0.15975290671903897,-0.09779623297641714,-0.00041140338600943667
6.449,0.466,0.010582275215109384,0.028951308907354034,0.46509861125635504,0.1596094545470853,-0.09762290427284503,3.516451926373879e-07
6.469,0.466,0.010556852036949392,0.02890912064782709,0.4650877563325956,0.15974822708698322,-0.09762939060427821,5.017476522250472e-06
6.489,0.466,0.010393349503134669,0.029014787421773967,0.46512643376049095,0.16004750173921678,-0.09720331609957922,0.00041667586797606524
6.509,0.466,0.010302594820627274,0.02907129238692557,0.4651770152159984,0.1603521972927415,-0.09694308189354647,0.0004137081370098672
6.529,0.466,0.010302594820627274,0.02907129238692557,0.4651770152159984,0.1603521972927415,-0.09694308189354647,0.0004137081370098672
6.549,0.466,0.010211588599763755,0.029163863587556495,0.4652349317305853,0.16064495100385126,-0.09666594564862863,0.0006921791287850005
6.569,0.466,0.010441275592713038,0.029239171039947616,0.465254615713061,0.16059380024308298,-0.09737947960660157,0.0005908925619295929
6.589,0.466,0.010271797128059626,0.029267503303202987,0.4652640977572875,0.16059453462348725,-0.09706290213759897,0.001140063904196327
6.609,0.466,0.010372513247030925,0.029212685747847196,0.4652525863914047,0.1602727428670914,-0.09745549793186867,0.0012929214287461127
6.629,0.466,0.010372513247030925,0.029212685747847196,0.4652525863914047,0.1602727428670914,-0.09745549793186867,0.0012929214287461127
6.649,0.466,0.010364744718085577,0.029210205237177544,0.4651962967377627,0.15993968650832632,-0.09783133381512889,0.0017277270624315043
6.669,0.466,0.010416178403089393,0.029095289931649875,0.4651603506522251,0.15962383983295783,-0.09807449473088221,0.002014222428754024
6.689,0.466,0.010156241542027714,0.02904625951544107,0.46512558307019863,0.15940014773794559,-0.0971906196239757,0.0022363846411779637
6.709,0.466,0.009985783572802541,0.028995840026926133,0.46509288597193554,0.1590252141888702,-0.09659943109317132,0.002188497695289175
6.729,0.466,0.009985783572802541,0.028995840026926133,0.46509288597193554,0.1590252141888702,-0.09659943109317132,0.002188497695289175
6.749,0.466,0.010081233597931958,0.02902428901565727,0.465105005818937,0.1591235088294377,-0.09701940722907193,0.002357657624633158
6.769,0.466,0.009924040172383986,0.028921681427718574,0.4650935738554896,0.15888797906985272,-0.0964345330180117,0.002312707733158973
6.789,0.466,0.009844251980388593,0.028966515539607496,0.46508178449606496,0.15891039334739254,-0.09615371510156549,0.002297174938384166
6.809,0.466,0.009645396761501918,0.028897727709117322,0.46505149600794415,0.1589615972648923,-0.09543976329231461,0.0023987380019949967
6.829,0.466,0.009645396761501918,0.028897727709117322,0.46505149600794415,0.1589615972648923,-0.09543976329231461,0.0023987380019949967
6.849,0.466,0.009691567752609058,0.028948820079007835,0.4650949606621597,0.15912843443698999,-0.09533161031934904,0.001971294089520503
6.869,0.466,0.009715721787087359,0.028947975799695998,0.4650729417718535,0.1593002515929891,-0.09523079142188302,0.00154765062874859
6.889,0.466,0.009595063031516823,0.029060378004149526,0.4651531795445152,0.15989237978118745,-0.09484340693642593,0.0016897223370552178
6.909,0.466,0.009401968675722025,0.02905297563054195,0.46515818153462346,0.1599265512819531,-0.09426310708337574,0.0019409039772328217
6.929,0.466,0.009401968675722025,0.02905297563054195,0.46515818153462346,0.1599265512819531,-0.09426310708337574,0.0019409039772328217
6.949,0.466,0.009626567164991042,0.029173605123102644,0.46520270743680825,0.16005822767491903,-0.0947341673807322,0.0012625288101623608
6.969,0.466,0.009594383369136122,0.029179643494102136,0.46522634096736465,0.15992595723508513,-0.09457799639440269,0.0013912370067272063
6.989,0.466,0.009574586022606293,0.029182040077157648,0.4651980546855412,0.15996005710482186,-0.09431400614558234,0.0010932762493240746
7.009,0.466,0.009875764944351792,0.029251092545545216,0.4652526172050838,0.16043184206917918,-0.09548372305531479,0.0011811745108647512
7.029,0.466,0.009875764944351792,0.029251092545545216,0.4652526172050838,0.16043184206917918,-0.09548372305531479,0.0011811745108647512
7.049,0.466,0.010090327528914712,0.029281872113188886,0.46526880337350657,0.16066280980318245,-0.09621836199039477,0.0010924223911814232
7.069,0.466,0.010566109720612947,0.029100807092464553,0.46518544436464,0.15997296055610344,-0.09788229395231861,0.0008805875160665051
7.089,0.466,0.010631139687664201,0.029108604060415214,0.46518282736786054,0.1603760482493154,-0.09820119205582122,0.0009171672041372966
7.109,0.466,0.010415711203846196,0.02921738048491928,0.46526422820449514,0.16097354743601996,-0.09766301076214962,0.0011926421579020866
7.129,0.466,0.010415711203846196,0.02921738048491928,0.46526422820449514,0.16097354743601996,-0.09766301076214962,0.0011926421579020866
7.149,0.466,0.010578216784700709,0.029142059149591337,0.46525554609459013,0.1606801904081831,-0.09794117890961974,0.0009138409657130862
7.169,0.466,0.01082534221597422,0.029159024917761883,0.46525256869938014,0.1604966654878438,-0.09865508477630759,0.0005217306195909614
7.189,0.466,0.010591896401624458,0.029029679842653762,0.4652040723392812,0.16069203465570267,-0.09795749828846906,0.0006314292959559108
7.209,0.466,0.010818361004010027,0.02907846019191513,0.4652276572866941,0.16090482859744942,-0.0988243486172567,0.0006917756598068826
7.229,0.466,0.010818361004010027,0.02907846019191513,0.4652276572866941,0.16090482859744942,-0.0988243486172567,0.0006917756598068826
7.249,0.466,0.01071524109248001,0.02898011855340267,0.4651869610221249,0.1605021778111094,-0.0985050687657406,0.0006549178604979652
7.269,0.466,0.010586628809819134,0.028946999148843626,0.4651532441403729,0.16012788473613127,-0.09791440127033704,0.0006067403240266674
7.289,0.466,0.010294848137614795,0.028897490533418026,0.4651174701440513,0.16005882196467247,-0.09690527358646686,0.0006835922999604666
7.309,0.466,0.010031425236665389,0.029014849999293983,0.46516487078860674,0.16014395017969643,-0.09592694140678079,0.00048640557785469316
7.329,0.466,0.010031425236665389,0.029014849999293983,0.46516487078860674,0.16014395017969643,-0.09592694140678079,0.00048640557785469316
7.349,0.466,0.009923715439384117,0.029020109465407676,0.46513916738620925,0.16001205636769425,-0.09561369005825819,0.000744973498359431
7.369,0.466,0.009951909951368618,0.028960320413162096,0.46507263350265293,0.1595751337215566,-0.09571789188455564,0.0008771439895999134
7.389,0.466,0.009849533542154973,0.028876269793376715,0.46502467545888104,0.1594544632420712,-0.09542048520011522,0.0008539287027369244
7.409,0.466,0.009599351639892627,0.028928946285363664,0.46503899909861,0.15937366784619905,-0.09455249966541468,0.0010844676886790873
7.429,0.466,0.009599351639892627,0.028928946285363664,0.46503899909861,0.15937366784619905,-0.09455249966541468,0.0010844676886790873
7.449,0.466,0.010103930460839875,0.028866538470580766,0.4650212291134175,0.15898327161995668,-0.09610515772961885,0.0007358629647932732
7.469,0.466,0.009725673134199258,0.028909995548859594,0.4650389951762152,0.1589369960983088,-0.09481395904695798,0.0007966924536114147
7.489,0.466,0.010108785677374388,0.02895065504861309,0.4650738508109327,0.15938621760207336,-0.09626545251388827,0.0009016117350686853
7.509,0.466,0.01009273163271562,0.028995071902308846,0.4651275211811937,0.15954637170272495,-0.09614904767762215,0.000760257020774076
7.529,0.466,0.01009273163271562,0.028995071902308846,0.4651275211811937,0.15954637170272495,-0.09614904767762215,0.000760257020774076
7.549,0.466,0.010029723361408142,0.02901016914811902,0.46512827704386206,0.1595694243480298,-0.09586682786295002,0.0007441799019862926
7.569,0.466,0.010045136346787293,0.028957307996224063,0.4651314520679082,0.15955289675928122,-0.09599934907469741,0.0008934805119498029
7.589,0.466,0.009747829154192684,0.029077159277544153,0.46517143324761456,0.15990805222459203,-0.09502689336397543,0.0009918123694546016
7.609,0.466,0.009681664609784545,0.029065847964100597,0.46519727324118776,0.15977075834966784,-0.09486248742441149,0.0011162555592670311
7.629,0.466,0.009681664609784545,0.029065847964100597,0.46519727324118776,0.15977075834966784,-0.09486248742441149,0.0011162555592670311
7.649,0.466,0.009599592938285537,0.029130649838752905,0.46521420278206077,0.1597821970991514,-0.0945639004781608,0.0013831972596710937
7.669,0.466,0.009768765921305397,0.02910032528240806,0.46518470443309196,0.16001241858596693,-0.09529790303249319,0.0012944932853562242
7.689,0.466,0.009627107997941165,0.029173860321942042,0.4652297452158566,0.16020191975044498,-0.09475021704387025,0.00127055773952466
7.709,0.466,0.009688556319868813,0.029149736097741887,0.46521157182950074,0.1604434667726063,-0.09518478709616394,0.001448028772204276
7.729,0.466,0.009688556319868813,0.029149736097741887,0.46521157182950074,0.1604434667726063,-0.09518478709616394,0.001448028772204276
7.749,0.466,0.009443713437190169,0.02929862142300527,0.4652986371294644,0.16078244667331767,-0.0943449040928534,0.0016952118213758804
7.769,0.466,0.009501727659635091,0.0292159246629471,0.4652600777300911,0.16047832919331417,-0.09460485393318689,0.0016986094311292155
7.789,0.466,0.009578475251731822,0.029238156128501197,0.465236460167171,0.16045559517148622,-0.09488647440858036,0.0017144585800452903
7.809,0.466,0.009476530802098274,0.029324414282050508,0.46529578090956764,0.16076611166546959,-0.09447715300943861,0.0018445165981117496
7.829,0.466,0.009476530802098274,0.029324414282050508,0.46529578090956764,0.16076611166546959,-0.09447715300943861,0.0018445165981117496
7.849,0.466,0.009812851668825224,0.029381744892211906,0.4653042242675954,0.16068545748519583,-0.09562102304771257,0.001625981342098808
7.869,0.466,0.00980254175889787,0.029519008470673614,0.465371696945173,0.16126641362081173,-0.09553193719516331,0.0015005672391040982
7.889,0.466,0.01002973463932417,0.029524618990949877,0.46539275520687223,0.1613693621010358,-0.0962764977584004,0.001125068061393414
7.909,0.466,0.009750563135805006,0.02950651140342515,0.4653744842390489,0.16130007513761954,-0.09526727518090211,0.0012031179542390845
7.929,0.466,0.009750563135805006,0.02950651140342515,0.4653744842390489,0.16130007513761954,-0.09526727518090211,0.0012031179542390845
7.949,0.466,0.009677814121404355,0.029574742190110897,0.4654131883618298,0.16157689900130998,-0.09512222548917837,0.0016305284685696336
7.969,0.466,0.009969952631133821,0.029506834184585044,0.4654575579014341,0.1618295765594832,-0.09588972253341363,0.0009765632002971978
7.989,0.466,0.009954601032434812,0.02942684517937505,0.46538039123746483,0.1615478651685768,-0.09586879823165897,0.0009637748969203049
8.009,0.466,0.009866328393589875,0.029363163507873786,0.46531274581846277,0.16127200004522976,-0.09569768864884771,0.0010846851267089289
8.029,0.466,0.009866328393589875,0.029363163507873786,0.46531274581846277,0.16127200004522976,-0.09569768864884771,0.0010846851267089289
8.049,0.466,0.009947303566649171,0.029459062584102403,0.46537888654663656,0.16156501710055482,-0.09573648155237852,0.0008156505717327226
8.069,0.466,0.00991957058014049,0.029418630438719635,0.46539213437269356,0.16155382750937056,-0.09571867770684385,0.0010975110459368021
8.089,0.466,0.010021076718041226,0.029340149046330987,0.46533732188150617,0.16155851874632385,-0.09588608894888859,0.0006824791802420652
8.109,0.466,0.010172949873262612,0.029211983131951204,0.4652985533437099,0.16099484209213272,-0.09615749553029881,0.00010812084610347206
8.129,0.466,0.010172949873262612,0.029211983131951204,0.4652985533437099,0.16099484209213272,-0.09615749553029881,0.00010812084610347206
8.149,0.466,0.010130264850865853,0.029187294071987165,0.46530130066120023,0.16101180724525171,-0.09602549675983481,-4.1470114515903454e-05
8.169,0.466,0.010151566735979108,0.029211081955663604,0.46531364091100375,0.16129305237032882,-0.0960471295204533,-2.8999691655789606e-05
8.189,0.466,0.010230666597756777,0.029135578953082622,0.46526350260855664,0.16098871473771217,-0.09630783033760842,-2.5271988725816063e-05
8.209,0.466,0.009741219542854625,0.02912113025571852,0.4652213252639917,0.16039096936596328,-0.0946739865657391,0.00027739228333502005
8.229,0.466,0.009741219542854625,0.02912113025571852,0.4652213252639917,0.16039096936596328,-0.0946739865657391,0.00027739228333502005
8.249,0.466,0.009912988083343153,0.02914389008142483,0.46523195265010325,0.1604715122834834,-0.09538512470071334,0.0004675451189891938
8.269,0.466,0.010076773614771656,0.029336008204355776,0.4652995744525946,0.16098956526422764,-0.09599154759605846,0.0005235006657992563
8.289,0.466,0.010057411437693127,0.029258350368742598,0.46530950912755326,0.16107112303925222,-0.09638690289081057,0.0012624700171403613
8.309,0.466,0.010079894720127354,0.02925126195181865,0.46530303513670285,0.16093882635032672,-0.09638945352455695,0.0009714984041974813
8.329,0.466,0.010079894720127354,0.02925126195181865,0.46530303513670285,0.16093882635032672,-0.09638945352455695,0.0009714984041974813
8.349,0.466,0.009862897930469544,0.029223333372336634,0.4653027939671434,0.16039829172436038,-0.09574825382168121,0.0014803711947763796
8.369,0.466,0.010024717758733497,0.029248090004954534,0.46527608929630443,0.1603356277872717,-0.09644448642315337,0.0016611582557121024
8.389,0.466,0.009475658218515011,0.029195289860525546,0.4652446788077644,0.1603239712791707,-0.09457242118590847,0.0019729528034361115
8.409,0.466,0.009459278092143588,0.029357640149978294,0.46531311393522945,0.16076611166546959,-0.09447715300943861,0.0018445165981117496
8.429,0.466,0.009459278092143588,0.029357640149978294,0.46531311393522945,0.16076611166546959,-0.09447715300943861,0.0018445165981117496
8.449,0.466,0.009337075542513236,0.029197209707720564,0.4652581982244693,0.16036932894614175,-0.09400937017646378,0.0019413189049148562
8.469,0.466,0.009702787502171809,0.02927402315678274,0.4653125969925124,0.16085255320260275,-0.09519608714494569,0.0017467101573327595
8.489,0.466,0.009646013664075574,0.02923366196670917,0.4653117449461252,0.1607540999128967,-0.09477519718565568,0.0015779594277391016
8.509,0.466,0.009429030335021665,0.029152330281283657,0.4652672311202849,0.1606906542589363,-0.09393252902402752,0.001239550314449458
8.529,0.466,0.009429030335021665,0.029152330281283657,0.4652672311202849,0.1606906542589363,-0.09393252902402752,0.001239550314449458
8.549,0.466,0.00924646667954465,0.029216053976207173,0.46525473055504485,0.1605049324226325,-0.09295077997690795,0.0007474768775354502
8.569,0.466,0.009309466389704533,0.02925408143920997,0.4652741405259157,0.1607527699028613,-0.09323647708307363,0.001058364086058181
8.589,0.466,0.009323337089562272,0.02914228282718925,0.465232684242762,0.16076400663305437,-0.0932534617340107,0.0007755960341992695
8.609,0.466,0.009121183622580931,0.029143864461568022,0.46522578547545673,0.16079832959694607,-0.09267313194706076,0.0010265125667265882
8.629,0.466,0.009121183622580931,0.029143864461568022,0.46522578547545673,0.16079832959694607,-0.09267313194706076,0.0010265125667265882
8.649,0.466,0.009345500129969214,0.029156045052509176,0.4652284576436999,0.16071319258514682,-0.09365046935240023,0.0012229369849720564
8.669,0.466,0.009704141527399806,0.029095938847089626,0.46516680896475315,0.1604613139909682,-0.09505291127064085,0.0012992211868046684
8.689,0.466,0.009696828889511728,0.029261727612704656,0.4652492734059455,0.1607767799529385,-0.09480959957832123,0.001012898275470575
8.709,0.466,0.009581217882838373,0.029288761956387226,0.4652588549022549,0.16078830520736126,-0.0945111076406664,0.0012798850587680234
8.729,0.466,0.009581217882838373,0.029288761956387226,0.4652588549022549,0.16078830520736126,-0.0945111076406664,0.0012798850587680234
8.749,0.466,0.009467791834329912,0.02931202745934545,0.4652446978653081,0.16070198741412625,-0.09394942449999191,0.0009566486097620715
8.769,0.466,0.009562398653744725,0.02928068013178533,0.46522431410494053,0.16024166584723898,-0.09433562685629443,0.0011057373247788617
8.789,0.466,0.009652892978077515,0.029209713639402383,0.46522098873980144,0.1605116626790848,-0.0946558315492505,0.000851333540876476
8.809,0.466,0.009711868179406186,0.029138488097156176,0.4651535590352235,0.1602413598790325,-0.09465100218434233,0.0005561274616594433
8.829,0.466,0.009711868179406186,0.029138488097156176,0.4651535590352235,0.1602413598790325,-0.09465100218434233,0.0005561274616594433
8.849,0.466,0.009588009545958523,0.029204743931072436,0.4652042845660629,0.16055144575339714,-0.0942412461339765,0.0006865777060530837
8.869,0.466,0.00948428611509758,0.029268531834036757,0.46524529481119276,0.16086196735267366,-0.09383217554423824,0.0008165471850653148
8.889,0.466,0.009561269076246787,0.02930892040112174,0.46526342595582765,0.16112123091657773,-0.0941356239987298,0.0008441319979635617
8.909,0.466,0.009469577169254107,0.029220544809183978,0.46525901793760427,0.16086196735267366,-0.09383217554423824,0.0008165471850653148
8.929,0.466,0.009469577169254107,0.029220544809183978,0.46525901793760427,0.16086196735267366,-0.09383217554423824,0.0008165471850653148
8.949,0.466,0.009968394271118957,0.02921820003594137,0.4652705184608168,0.16100148930712072,-0.09569323570156842,0.000790765309288402
8.969,0.466,0.010055120481338822,0.029106234260998152,0.46520121280897003,0.16041437079721801,-0.09593157387905298,0.0007814352394815148
8.989,0.466,0.010098362288642427,0.029128216257453578,0.4651864598784813,0.16036338062344802,-0.0963288401438661,0.0012289207252379896
9.009,0.466,0.010106551412864305,0.0291230092610807,0.46521005923094005,0.16064554360166924,-0.09634975193258964,0.0012416322677513167
9.029,0.466,0.010106551412864305,0.0291230092610807,0.46521005923094005,0.16064554360166924,-0.09634975193258964,0.0012416322677513167
9.049,0.466,0.010104854204086265,0.029181698342640023,0.46526550317611326,0.16065694002740044,-0.09636741250431805,0.0009596459381945123
9.069,0.466,0.010079486535638716,0.02929056884422503,0.4653120248929512,0.1611750360405709,-0.09665836569940993,0.0015653635657868262
9.089,0.466,0.010499358033781148,0.02934437354398225,0.4653398182650764,0.16108984809167534,-0.09795146532101706,0.0012125415932277691
9.109,0.466,0.010604045316009681,0.029343188879249336,0.4653270812730527,0.16104970615959352,-0.09836484988656077,0.0013776456079432836
9.129,0.466,0.010604045316009681,0.029343188879249336,0.4653270812730527,0.16104970615959352,-0.09836484988656077,0.0013776456079432836
9.149,0.466,0.010593102260571662,0.029398315003534323,0.4653587720111114,0.1609733182535268,-0.09797912569966022,0.0006439835808092702
9.169,0.466,0.010700611727810115,0.029445089533730654,0.46535937056470145,0.16107215698184565,-0.09839945868426024,0.0008130827400134211
9.189,0.466,0.01022602654577911,0.029367784161876874,0.4653374493426085,0.16102544585781783,-0.09695045300310123,0.0012943124331428705
9.209,0.466,0.010130356172276695,0.02937287557759311,0.46534583811750724,0.16118627958171336,-0.09667527032618577,0.0012825071971179676
9.229,0.466,0.010130356172276695,0.02937287557759311,0.46534583811750724,0.16118627958171336,-0.09667527032618577,0.0012825071971179676
9.249,0.466,0.010209762732503116,0.029446020063305937,0.4654115610753371,0.1614454096241663,-0.09697856855217439,0.0013101407451119728
9.269,0.466,0.010235131319882244,0.02949041317510451,0.46540408585255,0.1615724985209156,-0.09712628140493725,0.0014683979650528935
9.289,0.466,0.010525083117058168,0.029517620179163127,0.465404424780771,0.16148095550374708,-0.09825277251888635,0.0015313949862722437
9.309,0.466,0.010254801278532599,0.02935460194777319,0.46533054900296844,0.16084787670470493,-0.09719973485379127,0.0015839986837887516
9.329,0.466,0.010254801278532599,0.02935460194777319,0.46533054900296844,0.16084787670470493,-0.09719973485379127,0.0015839986837887516
9.349,0.466,0.009901922744785695,0.02944129670351712,0.4653770248536629,0.16107144815236388,-0.09607204098964235,0.001811408496960804
9.369,0.466,0.009936773239186509,0.029333327333043526,0.46530531208751025,0.16065721551331852,-0.09605253222800855,0.0015083723453782364
9.389,0.466,0.010105789591781916,0.029208240535691172,0.46523726425208717,0.16031305189205367,-0.09672557317643014,0.001676852011308492
9.409,0.466,0.010023735941130698,0.02923789553486825,0.4652578593755843,0.16035211686564632,-0.09631199331343933,0.0015117518600850038
9.429,0.466,0.010023735941130698,0.02923789553486825,0.4652578593755843,0.16035211686564632,-0.09631199331343933,0.0015117518600850038
9.449,0.466,0.010053922525242147,0.029308705134999807,0.46529061128781957,0.16009924142752002,-0.09617456154622143,0.0010681179242245454
9.469,0.466,0.010240771477032503,0.029226243257729136,0.46520908560186314,0.1597825489749235,-0.09673398694000844,0.0008045604377836765
9.489,0.466,0.01020646159595493,0.02921256867923886,0.4651699386856213,0.15977123825179337,-0.09671716282279988,0.00108728208372168
9.509,0.466,0.009980102492771882,0.02918258647459806,0.46519792384652703,0.15984002325078717,-0.0958713825925695,0.001039245201808355
9.529,0.466,0.009980102492771882,0.02918258647459806,0.46519792384652703,0.15984002325078717,-0.0958713825925695,0.001039245201808355
9.549,0.466,0.009714011037067193,0.02900282555124055,0.46505174561254264,0.1589369960983088,-0.09481395904695798,0.0007966924536114147
9.569,0.466,0.010106630347019835,0.02901396392016386,0.46506180843083306,0.1592479985104557,-0.09626010218306341,0.0008972192592142008
9.589,0.466,0.010221411549398558,0.028839557958207623,0.46498421983415933,0.15863911854564872,-0.09677895908097801,0.0009038099223925077
9.609,0.466,0.01020563049955691,0.02891769326726679,0.4650853918185277,0.15920232188991223,-0.0968227510126838,0.0009282439225734103
9.629,0.466,0.01020563049955691,0.02891769326726679,0.4650853918185277,0.15920232188991223,-0.0968227510126838,0.0009282439225734103
9.649,0.466,0.010160364217392644,0.02889638302325993,0.46504783619675205,0.15920764510540433,-0.09667395376333099,0.0010625028834077466
9.669,0.466,0.010337620910463289,0.028864437947030773,0.46503048498093436,0.15925496846155862,-0.09764873739730709,0.0015498958490799937
9.689,0.466,0.01051875634869175,0.0287908755985709,0.4650064841184334,0.15931323282647683,-0.09848327026286904,0.0018840782227552478
9.709,0.466,0.01025408914851519,0.028943971310206814,0.46511349620079034,0.16007790976346656,-0.09768037955645877,0.002152752473571388
9.729,0.466,0.01025408914851519,0.028943971310206814,0.46511349620079034,0.16007790976346656,-0.09768037955645877,0.002152752473571388
9.749,0.466,0.010127611595985377,0.028828977042414897,0.46505899351500374,0.15954326910343075,-0.0972063650548886,0.0022450429855700835
9.769,0.466,0.010544458592995215,0.028851604514548993,0.4650499572720253,0.1597050869201369,-0.09878556251253652,0.002203922005265397
9.789,0.466,0.01012588653062071,0.02882357616119748,0.4650432604211544,0.16007297584395094,-0.09751388203871335,0.002567552671112571
9.809,0.466,0.010122861281585694,0.029043400473714773,0.4651737854971613,0.16040540946427034,-0.09713770680690344,0.002133099977243159
9.829,0.466,0.010122861281585694,0.029043400473714773,0.4651737854971613,0.16040540946427034,-0.09713770680690344,0.002133099977243159
9.849,0.466,0.010026239613872112,0.02906012199742347,0.4651854429568714,0.16043387947879964,-0.09670739594873673,0.0022504033399554945
9.869,0.466,0.01002367826759587,0.02914211435539606,0.46519904973622694,0.16043387947879964,-0.09670739594873673,0.0022504033399554945
9.889,0.466,0.009753978169536767,0.02909105945327219,0.4651362014463097,0.1598007855095152,-0.09565484827403094,0.0023032008648685444
9.909,0.466,0.009666879610701076,0.029053942113792017,0.4651278691877193,0.15955911465076295,-0.09521915743170876,0.0021247157614301625
9.929,0.466,0.009666879610701076,0.029053942113792017,0.4651278691877193,0.15955911465076295,-0.09521915743170876,0.0021247157614301625
9.949,0.466,0.009439785615600575,0.02899533546060304,0.46509464288213737,0.15934565742864149,-0.09435230697218004,0.002064583994158119
9.969,0.466,0.009555551976902846,0.028926576385762143,0.46503914116731004,0.1589372581147081,-0.09449853178174418,0.0013464044339392982
9.989,0.466,0.009631982691875577,0.028951932403241697,0.4650554670581494,0.15891444819236003,-0.09478024028873382,0.0013623523418510434
10.009,0.466,0.00948991108803602,0.028764016407896012,0.46496452562153057,0.15813165546050917,-0.09402042562211109,0.001143548639834035
10.029,0.466,0.00948991108803602,0.028764016407896012,0.46496452562153057,0.15813165546050917,-0.09402042562211109,0.001143548639834035
10.049,0.466,0.009947672878644743,0.02902156397719277,0.4651250933167964,0.15929323136020845,-0.09569632743616453,0.0008648191921488927
10.069,0.466,0.009563410893066242,0.02890812236739966,0.46507077838340793,0.1589372581147081,-0.09449853178174418,0.0013464044339392982
10.089,0.466,0.009619434483937648,0.02879088902518336,0.4649917903617514,0.15836786762901778,-0.09460462479385158,0.001188132595269614
10.109,0.466,0.009600473082455927,0.028671089950577707,0.46494591919633144,0.1578208716080739,-0.09442915190845992,0.001014071227112205
10.129,0.466,0.009600473082455927,0.028671089950577707,0.46494591919633144,0.1578208716080739,-0.09442915190845992,0.001014071227112205
10.149,0.466,0.009529276610275417,0.028843365584049988,0.4650294316417389,0.1588159801788745,-0.09436001987499641,0.0011931365270001046
10.169,0.466,0.009381652386394542,0.02885533749086866,0.465032072048406,0.15886136305645052,-0.09379620816988508,0.0011606475416124121
10.189,0.466,0.00939770897900195,0.02894524913537622,0.46511027803814053,0.1593907465765956,-0.0941046003715337,0.0014838105807729377
10.209,0.466,0.009128565911556622,0.028925606567374054,0.46509992093525065,0.15930463462102556,-0.0932268422517992,0.0017103701866587261
10.229,0.466,0.009128565911556622,0.028925606567374054,0.46509992093525065,0.15930463462102556,-0.0932268422517992,0.0017103701866587261
10.249,0.466,0.009193028672029424,0.029065806150990012,0.46519155649964367,0.1600065447469357,-0.09343422961851433,0.0016098337232706057
10.269,0.466,0.009045685027065093,0.0292245394209215,0.46528191946288733,0.16045409134355582,-0.09303210654749644,0.0017442992121011643
10.289,0.466,0.00879445739827903,0.029019345206890673,0.46517367824598643,0.15966667823591038,-0.09210549927722216,0.0019419255218141509
10.309,0.466,0.008978923332512684,0.028917537865906798,0.46511408258164244,0.159350171797953,-0.09266327524718516,0.001678545255422834
10.329,0.466,0.008978923332512684,0.028917537865906798,0.46511408258164244,0.159350171797953,-0.09266327524718516,0.001678545255422834
10.349,0.466,0.00894373000658189,0.02899260723824942,0.4651642995909293,0.15966586706002164,-0.0924208991275336,0.0013922692719309463
10.369,0.466,0.009062680045636934,0.02906232811924957,0.4651924988167091,0.16018949441516964,-0.09287784069974853,0.0015828774257727678
10.389,0.466,0.009585281415157394,0.02904505942534114,0.46520943655149943,0.16020191975044498,-0.09475021704387025,0.00127055773952466
10.409,0.466,0.009326416926293688,0.02913466933250398,0.46522775190237076,0.1602592432637779,-0.09388720710614466,0.0015054804266628299
10.429,0.466,0.009326416926293688,0.02913466933250398,0.46522775190237076,0.1602592432637779,-0.09388720710614466,0.0015054804266628299
10.449,0.466,0.009675483166303404,0.02912263737261761,0.4652069060760312,0.16006946524799984,-0.0947511060690942,0.000979697534154079
10.469,0.466,0.009781939644613285,0.02914395942655615,0.4652226655723317,0.16003025330673548,-0.0951650966642326,0.0011447586263399283
10.489,0.466,0.009638432146166635,0.028985024635243297,0.4651586162586761,0.15964420329070925,-0.09455639658615318,0.0013789021856198647
10.509,0.466,0.009740970668349107,0.028970170970232516,0.4651421740104567,0.1599201123204895,-0.09472873922638343,0.001258214547691124
10.529,0.466,0.009740970668349107,0.028970170970232516,0.4651421740104567,0.1599201123204895,-0.09472873922638343,0.001258214547691124
10.549,0.466,0.009741921183157693,0.028995582159875723,0.4651744030872606,0.15977644425694135,-0.094712634620513,0.0012501333684155423
10.569,0.466,0.00974921553643554,0.02898340285077768,0.4651584733710585,0.15962704420164298,-0.09468944743045928,0.0015279473712124594
10.589,0.466,0.009744232900273906,0.02904896417194066,0.4651853318088042,0.15989237978118745,-0.09484340693642593,0.0016897223370552178
10.609,0.466,0.009502742948715724,0.029071166632237095,0.46521899682895496,0.1599605621540074,-0.09399847414067616,0.001642040829625071
10.629,0.466,0.009262983104334693,0.028996557721382214,0.46520103461403245,0.15960351983958984,-0.09311565749894987,0.001573857701229755
10.649,0.466,0.009262983104334693,0.028996557721382214,0.46520103461403245,0.15960351983958984,-0.09311565749894987,0.001573857701229755
10.669,0.466,0.009612372273408174,0.028950754746270364,0.4651314473224919,0.15940203928550872,-0.09412148067162635,0.0012008382396493798
10.689,0.466,0.009099411691752301,0.028972785041032754,0.4651752304764288,0.15962132554607042,-0.09266856220703575,0.001973544063449377
10.709,0.466,0.008949240865317096,0.028972556363480253,0.465151725822431,0.1595164511103861,-0.09208176875553134,0.002220657029748133
10.729,0.466,0.008817973844250789,0.028923369641697182,0.4651328003226383,0.15922941730389437,-0.09189356701008373,0.00262336908668464
10.749,0.466,0.008817973844250789,0.028923369641697182,0.4651328003226383,0.15922941730389437,-0.09189356701008373,0.00262336908668464
10.769,0.466,0.008932557918609885,0.028884264771677944,0.4651050713259074,0.15904100156349216,-0.09244185238186613,0.002647023985813602
10.789,0.466,0.009134013525483316,0.02881508244712481,0.46505277426393543,0.15871880014293466,-0.0931503376600874,0.002250326046641223
10.809,0.466,0.009012479759960333,0.028939872092056396,0.46512634866148744,0.15944309149311992,-0.09307601921637124,0.0021344583100311064
10.829,0.466,0.00903872450743828,0.028975353167770085,0.46513554540858537,0.1597188313816505,-0.09324750658317346,0.002014069022006371
10.849,0.466,0.00903872450743828,0.028975353167770085,0.46513554540858537,0.1597188313816505,-0.09324750658317346,0.002014069022006371
10.869,0.466,0.009071607933419872,0.029015125579086695,0.46515462575148175,0.15996653295659194,-0.09353271804867543,0.0023246100603906148
10.889,0.466,0.00906988255165526,0.02906452837140676,0.4651810909144889,0.1603757862959459,-0.09354420867008151,0.0026235283436762792
10.909,0.466,0.00912237056763568,0.029091722390534275,0.46521634799534495,0.1607665839176606,-0.0938455883270166,0.0029427063342978028
10.929,0.466,0.009387419718887926,0.02911203748571058,0.4652108709929795,0.16071506521723203,-0.0945586737269816,0.0028413515971334622
10.949,0.466,0.009387419718887926,0.02911203748571058,0.4652108709929795,0.16071506521723203,-0.0945586737269816,0.0028413515971334622
10.969,0.466,0.010006791124568329,0.028977193653742173,0.46517786444285986,0.1605722354232858,-0.0967132463467587,0.0022541066408917256
10.989,0.466,0.010421339730982405,0.029012126218578484,0.46519994587623115,0.16056002182011173,-0.09764382079929815,0.0008892280818371187
11.009,0.466,0.010385027312090902,0.02902237871093055,0.46518166747198314,0.16085250808818638,-0.09768235023452354,0.0006191006133365846
11.029,0.466,0.010337984915596342,0.02909473654520039,0.4652943551212304,0.16143257641142844,-0.09759277385561357,0.0004946757417541238
11.049,0.466,0.010337984915596342,0.02909473654520039,0.4652943551212304,0.16143257641142844,-0.09759277385561357,0.0004946757417541238
11.069,0.466,0.010076343275246393,0.0290225848948987,0.465222181741459,0.16120883565059588,-0.09670900052956508,0.0007169494331067964
11.089,0.466,0.009828535645890538,0.029044320535024447,0.46522507522380596,0.16123758820650622,-0.09596306890066712,0.0013837769020673219
11.109,0.466,0.009883598080654336,0.029039763803249886,0.4652481202192606,0.16149154481649022,-0.09609888319139591,0.0018279801934620516
11.129,0.466,0.009914212157012346,0.028898441781655564,0.46515181049120397,0.1609106463338951,-0.09618909897665892,0.0019524679290396376
11.149,0.466,0.009914212157012346,0.028898441781655564,0.46515181049120397,0.1609106463338951,-0.09618909897665892,0.0019524679290396376
11.169,0.466,0.010077414314405599,0.02867908649265775,0.4650227892960818,0.15975519915089,-0.09653280110632066,0.001785500347505336
11.189,0.466,0.01017084721105293,0.02869972883526038,0.4650573795726077,0.15950730401077604,-0.09656263303307772,0.0009253024718497231
11.209,0.466,0.009825779426963853,0.028790392464208996,0.46506525937400894,0.1593446290741576,-0.09529876880529538,0.0004179216152334088
11.229,0.466,0.00993493601997898,0.028523914761921156,0.4650165882560782,0.15901156087597995,-0.09599004918394681,0.0003034727890878332
11.249,0.466,0.00993493601997898,0.028523914761921156,0.4650165882560782,0.15901156087597995,-0.09599004918394681,0.0003034727890878332
11.269,0.466,0.009978441138735574,0.02849131823572897,0.46501306585625146,0.15931555543343018,-0.09604561729793576,-0.00024887311951135013
11.289,0.466,0.009268775383411507,0.028727778487542842,0.4650874287861241,0.1609068998226787,-0.09358393246274022,0.00023464649658937786
11.309,0.466,0.009126996974008064,0.0291147031369581,0.46517761743826885,0.16169448622361066,-0.09265654232439408,6.654506395562187e-05
11.329,0.466,0.009292917161698035,0.029298155023566055,0.4652058589529064,0.16100241935854487,-0.09325542276977937,-0.001342717548541755
11.349,0.466,0.009292917161698035,0.029298155023566055,0.4652058589529064,0.16100241935854487,-0.09325542276977937,-0.001342717548541755
11.369,0.466,0.006729576703331823,0.028561137422542748,0.46436284042584836,0.1559979757442101,-0.08851751697214733,-0.005234712024858136
11.389,0.466,0.0034825097310486565,0.027931761247242944,0.46426801975626364,0.15152529060512415,-0.07928199545096899,-0.006673335443719783
11.409,0.466,-0.000741542856415179,0.030290092378771467,0.46449395648647096,0.1517463845470704,-0.07869160394723493,-0.001023024799007985
11.429,0.466,-0.0031380713863708885,0.030292780319755675,0.4644615328240992,0.15217513947514272,-0.08627857001487495,0.011376787883682567
11.449,0.466,-0.0031380713863708885,0.030292780319755675,0.4644615328240992,0.15217513947514272,-0.08627857001487495,0.011376787883682567
11.469,0.466,-0.010542491153372245,0.03149297548699032,0.4640299035896863,0.1578535437233132,-0.08101740909715768,0.014267869047723833
11.489,0.466,-0.014636120030950096,0.03248748794329613,0.46380181399942255,0.16560827044712909,-0.091716790834362,0.009682253571868098
11.509,0.466,-0.016632757771678604,0.03358396526265733,0.46396936067254996,0.17135601793291289,-0.11770819597501052,0.013891726434432851
11.529,0.466,-0.017042646641754373,0.033477910883222446,0.46369204274834186,0.1691565823809229,-0.1542570485566252,0.02454248930953189
11.549,0.466,-0.017042646641754373,0.033477910883222446,0.46369204274834186,0.1691565823809229,-0.1542570485566252,0.02454248930953189
11.569,0.466,-0.02096041672331906,0.033098155197321774,0.4633177427083074,0.16333856867823837,-0.18295368894698014,0.031039441756936934
11.589,0.466,-0.02689756736615061,0.0329683741364503,0.4631836049603024,0.16060727535759353,-0.2063766524755299,0.021838201302671507
11.609,0.466,-0.028003663834766206,0.03270953614845055,0.46337512024754884,0.1560080329270119,-0.2474820152019476,0.006532666670526129
11.629,0.466,-0.030285930997767045,0.031680373861344105,0.4632931812965796,0.14860906410140495,-0.282562744607468,0.003550355519061603
11.649,0.466,-0.030285930997767045,0.031680373861344105,0.4632931812965796,0.14860906410140495,-0.282562744607468,0.003550355519061603
11.669,0.466,-0.03674118854186296,0.03160658159839899,0.46234768862251346,0.14315097046370248,-0.3029515941045694,0.015416403425919527
11.689,0.466,-0.04363036963043928,0.03281185294238717,0.46216027052691877,0.1435884451008541,-0.31470345328658283,0.019440734408957085
11.709,0.466,-0.050504563950483645,0.032240777510587015,0.4612294080296351,0.14207713116798573,-0.3279101044211535,0.022767776323084576
11.729,0.466,-0.0557568510569368,0.03139858773940505,0.4607905625993996,0.1415354703416699,-0.3452597111754383,0.01583977125747029
11.749,0.466,-0.0557568510569368,0.03139858773940505,0.4607905625993996,0.1415354703416699,-0.3452597111754383,0.01583977125747029
11.769,0.466,-0.06171600984658872,0.03183025920170131,0.45986283843267517,0.1466526946429301,-0.36047752113627557,0.013845818623447397
11.789,0.466,-0.06522840960180405,0.03145349656043333,0.45890173703710485,0.14478411505952007,-0.38380652117752617,0.022367539530148726
11.809,0.466,-0.07300063002807806,0.033309225390986054,0.4582498836694795,0.1559925891928812,-0.39056126897552185,0.037525207456969745
11.829,0.466,-0.07881924839806317,0.03342993113608604,0.45676665349312623,0.16161890542515153,-0.4066367688026722,0.0484906542170463
11.849,0.466,-0.07881924839806317,0.03342993113608604,0.45676665349312623,0.16161890542515153,-0.4066367688026722,0.0484906542170463
11.869,0.466,-0.08075084805781792,0.034619644232474905,0.4569265255243317,0.1676979928486353,-0.4412042700968422,0.06025435642520517
11.889,0.466,-0.08394074800980085,0.03510280339014374,0.45579352695751507,0.1714855428357953,-0.47194279790445376,0.0790273140261723
11.909,0.466,-0.0883790558202076,0.03659961406043953,0.4549744122208312,0.1722886473056076,-0.4984131907853032,0.10192093050183128
11.929,0.466,-0.09143615433605663,0.03647312518742138,0.45411695200660623,0.16941699602732863,-0.5273711113706855,0.11554484225210526
11.949,0.466,-0.09143615433605663,0.03647312518742138,0.45411695200660623,0.16941699602732863,-0.5273711113706855,0.11554484225210526
11.969,0.466,-0.09338615544377946,0.035815070761588956,0.45390555355946544,0.16601097337269058,-0.555159324816956,0.11109787442737433
11.989,0.466,-0.09432070315921867,0.03518135692214136,0.4542466037000924,0.15920398799580168,-0.5830949189694467,0.1044880671642068
12.009,0.466,-0.09892685005040586,0.03553999566140635,0.453628841964817,0.15480549403068256,-0.591347252445331,0.10674743769571882
12.029,0.466,-0.09910452048900543,0.03554090416904749,0.4537036601698058,0.14944874998841923,-0.6089832225101124,0.1123573490174914
12.049,0.466,-0.09910452048900543,0.03554090416904749,0.4537036601698058,0.14944874998841923,-0.6089832225101124,0.1123573490174914
12.069,0.466,-0.10341221648006796,0.03581070342825328,0.4524408128497625,0.1402258406920677,-0.6080021996105728,0.12636004671541046
12.089,0.466,-0.10483010705987877,0.03608685507255575,0.4519020165122953,0.13859982286959915,-0.6092621501645767,0.13448294934901717
12.109,0.466,-0.10759690950602967,0.03680938268532287,0.45114844946783095,0.14132403565393972,-0.59954779438965,0.1370966245889757
12.129,0.466,-0.10843721157518892,0.03773992632191401,0.4512263894515903,0.14315797752168288,-0.5960411849072087,0.14443499342406363
12.149,0.466,-0.10843721157518892,0.03773992632191401,0.4512263894515903,0.14315797752168288,-0.5960411849072087,0.14443499342406363
12.169,0.466,-0.10955233408295231,0.03793852769504652,0.45071612938255723,0.14175795094175353,-0.5894001543984637,0.15576280391713174
12.189,0.466,-0.10615008134744904,0.03747995767577967,0.4514955602344249,0.13970395566867763,-0.6002012476463866,0.16469105246303511
12.209,0.466,-0.10334902071134477,0.03663194434487715,0.4515385580096212,0.1411590970595029,-0.6025388408921504,0.14770354486367832
12.229,0.466,-0.09158886003868724,0.03550415598251001,0.4557828307760674,0.1364807780283191,-0.6341699443360911,0.14974461505127476
12.249,0.466,-0.09158886003868724,0.03550415598251001,0.4557828307760674,0.1364807780283191,-0.6341699443360911,0.14974461505127476
12.269,0.466,-0.08399654888593813,0.03454388258218445,0.45766808759898336,0.13200564375154508,-0.6351403675236883,0.13848743995291876
12.289,0.466,-0.0797054279492536,0.033523542508799346,0.457698222605617,0.12932396022209344,-0.6113796260428926,0.14061133792919303
12.309,0.466,-0.07853025305423264,0.034190723916909097,0.45752152375449956,0.13355826651447575,-0.5584463015912656,0.13753498814655352
12.329,0.466,-0.08351414588046142,0.03529059149077073,0.4553686792536538,0.14256580744049088,-0.4728484698735295,0.1329037346786775
12.349,0.466,-0.08351414588046142,0.03529059149077073,0.4553686792536538,0.14256580744049088,-0.4728484698735295,0.1329037346786775
12.369,0.466,-0.09269515691458201,0.035304271790184,0.45177710026835,0.14792364755711096,-0.36616607258490275,0.12442809526520174
12.389,0.466,-0.10349357066726585,0.03595521193274782,0.4481968771828784,0.1566901755901434,-0.2589408959267137,0.10742670292024516
12.409,0.466,-0.1175293604721681,0.035203197030868695,0.44231174310106913,0.16209039729386826,-0.16338588384265576,0.0932410267004077
12.429,0.466,-0.12774459425474427,0.03508386916463371,0.4379297807845881,0.1688504208445198,-0.113741716796218,0.08335416263903302
12.449,0.466,-0.12774459425474427,0.03508386916463371,0.4379297807845881,0.1688504208445198,-0.113741716796218,0.08335416263903302
12.469,0.466,-0.1336287160488562,0.03468495734802002,0.43482135794254073,0.17011841765791919,-0.12260586886506487,0.08722396575600501
12.489,0.466,-0.1317350360815564,0.035768928145649435,0.4370502090363335,0.1688981001085027,-0.20777065307108927,0.10113331275984438
12.509,0.466,-0.11944797852768037,0.03488596088622671,0.4435060626509983,0.1574753883557275,-0.36677687250124735,0.11441029141722388
12.529,0.466,-0.10157447022025845,0.033711848635561564,0.4522022684278112,0.14318153588631877,-0.5666117387511213,0.13242659232442427
12.549,0.466,-0.10157447022025845,0.033711848635561564,0.4522022684278112,0.14318153588631877,-0.5666117387511213,0.13242659232442427
12.569,0.466,-0.0865264519834312,0.03241862357611992,0.45862357302679074,0.1239417461523987,-0.7478155069122158,0.15771352583691522
12.589,0.466,-0.06996598446237108,0.029442157548127516,0.46249173951130484,0.09534117267911638,-0.9080811971599059,0.19377095774691813
12.609,0.466,-0.05653567535087583,0.026537024338254743,0.4636219496577858,0.06736616299361717,-1.0121078544122593,0.22103391482049572
12.629,0.466,-0.047235722973234834,0.023176878277070427,0.46306713619719303,0.05254735642022596,-1.0492396899058338,0.2236671081183943
12.649,0.466,-0.047235722973234834,0.023176878277070427,0.46306713619719303,0.05254735642022596,-1.0492396899058338,0.2236671081183943
12.669,0.466,-0.04697606810731466,0.023056346243205437,0.4625872226044527,0.06513169415001276,-1.0003352523393367,0.2041912815598747
12.689,0.466,-0.0541211204623425,0.026643287443648817,0.46234819355243706,0.09203570317422079,-0.8750663266965693,0.17795744715459494
12.709,0.466,-0.07018459751220425,0.02994037867803557,0.4589181033677372,0.12108003401444645,-0.6720628476266456,0.15225445945326405
12.729,0.466,-0.09191284741093461,0.032439231567489825,0.4521740329685765,0.14652922262579218,-0.4245013657992991,0.13110687969637946
12.749,0.466,-0.09191284741093461,0.032439231567489825,0.4521740329685765,0.14652922262579218,-0.4245013657992991,0.13110687969637946
12.769,0.466,-0.11557677887055046,0.0339711288916909,0.4422003034799931,0.1688500062992184,-0.17822617114815184,0.11595316820599355
12.789,0.466,-0.1365887273238987,0.0333335942436659,0.43049228515413845,0.18723937933621798,0.026258709436209962,0.08736410057128097
12.809,0.466,-0.15578457952275387,0.031981249271462016,0.4199613911028747,0.20520817687108953,0.16856438913333813,0.050557457532079096
12.829,0.466,-0.1565250565069079,0.030289256173087545,0.41807438275392406,0.2028640896348331,0.16532875869547933,0.021049597272413054
12.849,0.466,-0.1565250565069079,0.030289256173087545,0.41807438275392406,0.2028640896348331,0.16532875869547933,0.021049597272413054
12.869,0.466,-0.15013066268327369,0.03219151759356954,0.4232021504037448,0.19099650710869207,0.057539521589662655,0.03407570919353158
12.889,0.466,-0.13588609263872636,0.03304692333791979,0.4329334825530621,0.16320356281292211,-0.14093381589503037,0.07311895662685677
12.909,0.466,-0.11210641237134059,0.034850134324786376,0.4477850113204489,0.13934661342602583,-0.41611799681632594,0.10302737617925294
12.929,0.466,-0.08388815418473347,0.03298474338875463,0.4595695802525062,0.114590998755987,-0.7229686637302842,0.13980419423626297
12.949,0.466,-0.08388815418473347,0.03298474338875463,0.4595695802525062,0.114590998755987,-0.7229686637302842,0.13980419423626297
12.969,0.466,-0.060351642672242856,0.02902376467869428,0.46526375012299304,0.08506183740986195,-0.9734364209714497,0.18099713945889395
12.989,0.466,-0.04244124490734228,0.022229326048159255,0.463992792168968,0.0390997420534476,-1.1479737609796345,0.23770542641952397
13.009,0.466,-0.02991313086988368,0.01958476789003025,0.46333480889285544,0.00869232150281549,-1.2404368894052369,0.2817692878479982
13.029,0.466,-0.029368943389447563,0.017012107848663395,0.4600530566572534,0.01762943643573321,-1.2143174555611729,0.2749790967344905
13.049,0.466,-0.029368943389447563,0.017012107848663395,0.4600530566572534,0.01762943643573321,-1.2143174555611729,0.2749790967344905
13.069,0.466,-0.03426343553599679,0.022100919978330028,0.46223602877210984,0.07510390417570664,-1.1017184351567144,0.23185802232556854
13.089,0.466,-0.04963791904526513,0.027130762232028618,0.4618409984610924,0.12288734897138605,-0.8893172957892931,0.1854615811328665
13.109,0.466,-0.07503058581896932,0.033270594633845706,0.4577648066551875,0.15040944051244806,-0.5995195798460006,0.16249119346927188
13.129,0.466,-0.10635839196519414,0.034899447826119596,0.445873035058314,0.16765492707232604,-0.2711490202360121,0.15779802277322313
13.149,0.466,-0.10635839196519414,0.034899447826119596,0.445873035058314,0.16765492707232604,-0.2711490202360121,0.15779802277322313
13.169,0.466,-0.1339174261754844,0.0335739960388013,0.4300456419932215,0.1782788159610969,0.017490927484531193,0.13833378930513648
13.189,0.466,-0.16122098890935738,0.030849872753138153,0.4154359398629182,0.19854357652066848,0.24964194127530115,0.08020531545370435
13.209,0.466,-0.15786946747212544,0.02718171060949762,0.41417580240391727,0.19820972410975626,0.28057629456719224,-0.009772712851323646
13.229,0.466,-0.15194530783553847,0.027995185818313676,0.41888215662635253,0.18638914792816513,0.20947841833151642,-0.022690901025670996
13.249,0.466,-0.15194530783553847,0.027995185818313676,0.41888215662635253,0.18638914792816513,0.20947841833151642,-0.022690901025670996
13.269,0.466,-0.1391275273919283,0.030415526715151776,0.42818167381281136,0.15396902366509593,0.0359013263143456,0.04109654861925307
13.289,0.466,-0.11874411327875016,0.033943449615555975,0.44264759748618526,0.13337442020295007,-0.2143303436284271,0.10066324055852535
13.309,0.466,-0.08789765667237077,0.03108581259532729,0.45433833268348833,0.11230314045881319,-0.5349250387137348,0.1238174935988819
13.329,0.466,-0.05929263096390564,0.030527106666587,0.46458747965481434,0.10641276548634054,-0.8336483211188793,0.14810977395745425
13.349,0.466,-0.05929263096390564,0.030527106666587,0.46458747965481434,0.10641276548634054,-0.8336483211188793,0.14810977395745425
13.369,0.466,-0.04350064696025412,0.02550501685642311,0.46457431310391245,0.0851817404563607,-1.0299791970919208,0.1959160781063473
13.389,0.466,-0.030965548426066126,0.023247631849749324,0.464517441086725,0.058715368265021765,-1.155974704564677,0.2643296151742319
13.409,0.466,-0.029180264245564122,0.020478640484542406,0.4620893119572696,0.038399555295833665,-1.171384148519907,0.30029952141665583
13.429,0.466,-0.033607503371657896,0.022943836257258432,0.4628834415677095,0.07675223204458591,-1.0984062059740465,0.2754694067124756
13.449,0.466,-0.033607503371657896,0.022943836257258432,0.4628834415677095,0.07675223204458591,-1.0984062059740465,0.2754694067124756
13.469,0.466,-0.046857062123588124,0.027320562006377242,0.46328780860615487,0.13592564625460762,-0.9336089353113194,0.2073597294062993
13.489,0.466,-0.0650644307059098,0.029968777012543697,0.46109334044413064,0.16530948290981615,-0.7037599660857474,0.14064469157865794
13.509,0.466,-0.08473144681987749,0.026653198227495983,0.4547799624562773,0.1769195415130368,-0.44892444553019584,0.07688740583688591
13.529,0.466,-0.07914680533529687,0.025507115011973065,0.4567391398946676,0.1982251993382595,-0.3003251262479628,-0.019339110974617837
13.549,0.466,-0.07914680533529687,0.025507115011973065,0.4567391398946676,0.1982251993382595,-0.3003251262479628,-0.019339110974617837
13.569,0.466,-0.05853070968275907,0.02611484559892322,0.46123926340987964,0.2035074703759395,-0.22717901574043053,-0.07623906527992978
13.589,0.466,-0.02666725736246296,0.026763327621876803,0.463688662327199,0.19741907502973235,-0.2206050560536913,-0.054947174019907966
13.609,0.466,0.011144663236513887,0.024575801697502068,0.46323794397276646,0.1792403209258181,-0.2379288476513548,0.003877969203335874
13.629,0.466,0.042559052375504405,0.02175881446529026,0.46034253580873263,0.15590193405431577,-0.19716392027229754,0.054517075359325685
13.649,0.466,0.042559052375504405,0.02175881446529026,0.46034253580873263,0.15590193405431577,-0.19716392027229754,0.054517075359325685
13.669,0.466,0.06011509177312709,0.019347412508686573,0.45735333350425983,0.1449272786231355,-0.08580989959956614,0.1256378435038646
13.689,0.466,0.059412891117564495,0.020898469059354583,0.45776983551183753,0.15095811952325994,0.11565380277340725,0.14746826743297992
13.709,0.466,0.03994136856458338,0.024562756165188875,0.4615075658086067,0.14695622010109502,0.4000136667745963,0.10045428815642878
13.729,0.466,0.027987499014673775,0.02943246391302112,0.46602320641988937,0.14026739067926544,0.6256572647007221,-0.013807115913002689
13.749,0.466,0.027987499014673775,0.02943246391302112,0.46602320641988937,0.14026739067926544,0.6256572647007221,-0.013807115913002689
13.769,0.466,0.04184331905629249,0.026510031984790725,0.4614885276147133,0.08196625040998715,0.695279716459334,-0.15088983366077416
13.789,0.466,0.06108236871580659,0.028222126572259854,0.4595238821105395,0.038439024035054226,0.7045285434704266,-0.26698171595112136
13.809,0.466,0.07433900502604615,0.033336066965982784,0.4606737929176204,0.03086841282865769,0.7066397373833042,-0.30618790556029535
13.829,0.466,0.09105228040475034,0.03770401654075845,0.4603919778903029,0.06426203803621497,0.6710623523144414,-0.23545890144372947
13.849,0.466,0.09105228040475034,0.03770401654075845,0.4603919778903029,0.06426203803621497,0.6710623523144414,-0.23545890144372947
13.869,0.466,0.10852237204894528,0.031167991602798668,0.45382763528592474,0.0968286609632101,0.5998491971498492,-0.06282566857871208
13.889,0.466,0.10993314468680601,0.021797625016918093,0.44853051836009117,0.11725047021036109,0.5703549399936965,0.1110242504058089
13.909,0.466,0.09395528235646725,0.021243170124247347,0.45353275079255,0.12769691726588459,0.6105104012775857,0.18339517261218713
13.929,0.466,0.07621603696710987,0.02336229265205671,0.45794886621999026,0.11359942646269713,0.6237448159565846,0.14789508752075595
13.949,0.466,0.07621603696710987,0.02336229265205671,0.45794886621999026,0.11359942646269713,0.6237448159565846,0.14789508752075595
13.969,0.466,0.05940853547512172,0.025870465744729627,0.4600168505461174,0.07168892361321784,0.6007856074415129,0.016623655548009757
13.989,0.466,0.044896688773499414,0.029737583403166724,0.46197918899041923,0.04298626884688942,0.5307767467242117,-0.15365469313156369
14.009,0.466,0.042260517771758335,0.03191551908981997,0.46145164604657957,0.051077262355343746,0.3839696327460165,-0.2684042301950563
14.029,0.466,0.03375415577655535,0.0385866384257023,0.46435061486689744,0.10322911469708058,0.2460985577639058,-0.2670387492232098
14.049,0.466,0.03375415577655535,0.0385866384257023,0.46435061486689744,0.10322911469708058,0.2460985577639058,-0.2670387492232098
14.069,0.466,0.030718980602982653,0.03879932954784099,0.46460393097050695,0.14227312180900112,0.08048937436727466,-0.14843162642914393
14.089,0.466,0.024810656993023518,0.03324627782413002,0.4632267254499497,0.1415507940102485,-0.07877769466794514,0.033508786817910335
14.109,0.466,0.013063563922142675,0.0264468385345063,0.4621588053797968,0.10891377838892301,-0.21122818910389546,0.1966588624116451
14.129,0.466,0.00038969587902226986,0.022866556878765817,0.46257525485852646,0.07918018770201889,-0.3245370489186016,0.2766917802515154
14.149,0.466,0.00038969587902226986,0.022866556878765817,0.46257525485852646,0.07918018770201889,-0.3245370489186016,0.2766917802515154
14.169,0.466,-0.026799947091710876,0.023364091386931466,0.46274513171253534,0.08721579853363151,-0.3704452941526674,0.23629634324260504
14.189,0.466,-0.048895172236224096,0.02276130591528489,0.45980321351527115,0.12559701608833587,-0.42406250220315495,0.10127803068488256
14.209,0.466,-0.060103819175416934,0.023536345135116977,0.4601722497738438,0.18929295866386592,-0.5141457940132592,-0.03871308686491878
14.229,0.466,-0.06664741636090284,0.023548150351690222,0.4611034359146467,0.2501421455450313,-0.6117306175960406,-0.12924493507820342
14.249,0.466,-0.06664741636090284,0.023548150351690222,0.4611034359146467,0.2501421455450313,-0.6117306175960406,-0.12924493507820342
14.269,0.466,-0.06821805296543018,0.024066279077407916,0.4621817752985667,0.2880377216616649,-0.7139536856401548,-0.1383297699162587
14.289,0.466,-0.06387758696305247,0.02266401503226739,0.46224002019226285,0.26821838715036594,-0.8149248958360314,-0.05719941474271531
14.309,0.466,-0.05850613759380843,0.01990889157241034,0.4622731328963075,0.2027690330102227,-0.8934507363731466,0.07715475523798922
14.329,0.466,-0.056143016889046105,0.017925979394331,0.4626481482382025,0.14374681881037207,-0.9242377683746262,0.18712206368575288
14.349,0.466,-0.056143016889046105,0.017925979394331,0.4626481482382025,0.14374681881037207,-0.9242377683746262,0.18712206368575288
14.369,0.466,-0.05965803390199401,0.017494698082170253,0.4620836543995647,0.128574363831142,-0.8905820899759562,0.2219611261779532
14.389,0.466,-0.0627905929645733,0.01864406419587953,0.46183439085251676,0.16665288771097814,-0.817910849946518,0.1731530854808151
14.409,0.466,-0.06415312539501035,0.020130239087637582,0.4618507440122255,0.2241758139642091,-0.7225143461245126,0.07036343332509919
14.429,0.466,-0.06203242591416645,0.021788176606985135,0.46246280418961616,0.26991641041212655,-0.6184505202526571,-0.03689018872003544
14.449,0.466,-0.06203242591416645,0.021788176606985135,0.46246280418961616,0.26991641041212655,-0.6184505202526571,-0.03689018872003544
14.469,0.466,-0.05664789190841705,0.02263794742049207,0.4625849352698783,0.2717911588877911,-0.5124925163705036,-0.09672844614288854
14.489,0.466,-0.04368289640357522,0.022548112691289226,0.46274517914074265,0.24661502845565672,-0.4316714219482625,-0.0777241724668074
14.509,0.466,-0.028837464114449,0.0210139246873668,0.46266740491897873,0.20486702005241328,-0.3507851656185413,-0.005717991847051998
14.529,0.466,-0.009702464448520288,0.018923573205546395,0.46303014172214835,0.16407912731261723,-0.2795963468290932,0.08707031987042944
14.549,0.466,-0.009702464448520288,0.018923573205546395,0.46303014172214835,0.16407912731261723,-0.2795963468290932,0.08707031987042944
14.569,0.466,0.00940902880269151,0.018179105357652943,0.4628893513579767,0.14372027971856047,-0.19605144733982585,0.15182867137541373
14.589,0.466,0.02570297633331226,0.02148053210276197,0.46278821391323877,0.15131513814990064,-0.09158958415098802,0.15603845953976508
14.609,0.466,0.030551861006456092,0.027514198725198426,0.46359472969799814,0.16516108784885497,0.059898906770362415,0.0975732483750634
14.629,0.466,0.03557691461992379,0.03127352321579617,0.4634653870736408,0.16052323399609578,0.20871886298197032,-0.004901788133263624
14.649,0.466,0.03557691461992379,0.03127352321579617,0.4634653870736408,0.16052323399609578,0.20871886298197032,-0.004901788133263624
14.669,0.466,0.03936115262730493,0.03393037698123457,0.46382037119344693,0.1326394061118916,0.34609264048733446,-0.10992067265510418
14.689,0.466,0.049365597280082246,0.033381501237595604,0.4624696350261956,0.09028307584642109,0.43609069498890213,-0.17337843694885524
14.709,0.466,0.05989973433143645,0.03244399272042393,0.46102904344736223,0.058583137145951175,0.5052590687882,-0.1766608967763244
14.729,0.466,0.06944430968935299,0.030611471864318153,0.4593630271963058,0.04807791004977546,0.5553273934558708,-0.11482396354267023
14.749,0.466,0.06944430968935299,0.030611471864318153,0.4593630271963058,0.04807791004977546,0.5553273934558708,-0.11482396354267023
14.769,0.466,0.07890438274130869,0.030835062861419973,0.45819177785357146,0.06388149423272571,0.5847485903325217,-0.024287567973516323
14.789,0.466,0.08239154794910385,0.029552285768413077,0.4564782672447558,0.07459751383181572,0.6080136096767772,0.047937066956715284
14.809,0.466,0.08352852657764752,0.029844737714984297,0.4563525895559067,0.08016207103908213,0.616866860974889,0.05753119222443101
14.829,0.466,0.0805779776358917,0.031124112093288754,0.4565301974024139,0.06217863941647451,0.6084842329656225,0.02003781069523296
14.849,0.466,0.0805779776358917,0.031124112093288754,0.4565301974024139,0.06217863941647451,0.6084842329656225,0.02003781069523296
14.869,0.466,0.07615074871606485,0.03400942571580556,0.4579121444686896,0.044420022334089336,0.5782416739257161,-0.05302069581865544
14.889,0.466,0.06772379604849728,0.034801095027685296,0.45959992201325556,0.027660417756636173,0.5425346560678734,-0.1270730413981917
14.909,0.466,0.0588927539991828,0.034235992651209184,0.4605243944836576,0.030048183882622377,0.4866101426106134,-0.1555231943622698
14.929,0.466,0.0520560338804453,0.033290535792236293,0.4606924048513305,0.052438040356327334,0.40046218007929957,-0.11834565321765676
14.949,0.466,0.0520560338804453,0.033290535792236293,0.4606924048513305,0.052438040356327334,0.40046218007929957,-0.11834565321765676
14.969,0.466,0.04506384042145122,0.033239797912883055,0.4618174769479988,0.08398694494728064,0.2981152767801807,-0.04148254740112049
14.989,0.466,0.037854570908731365,0.03301768292905258,0.4626212222000599,0.11478293746755572,0.17761951392202305,0.04296726032730951
15.009,0.466,0.03296286814353986,0.030763923158244444,0.46224657324752516,0.1232807369281584,0.037021754255213486,0.10587606751429891
15.029,0.466,0.02204542266326554,0.02742502265764007,0.4626430565548795,0.12607184350979375,-0.0827431710213863,0.12055077560208496
15.049,0.466,0.02204542266326554,0.02742502265764007,0.4626430565548795,0.12607184350979375,-0.0827431710213863,0.12055077560208496
15.069,0.466,0.0028387501349546483,0.026392782868291408,0.4637312330244947,0.13889134609996848,-0.16760631634010256,0.0862960830062859
15.089,0.466,-0.013686120135657927,0.025209616405954833,0.463568133073494,0.1600224372599354,-0.2511227883033401,0.018585827610216453
15.109,0.466,-0.02502720204978247,0.02344222817057927,0.4637008055355863,0.1843365383058035,-0.34799427796147364,-0.03752920265786462
15.129,0.466,-0.03955350524507737,0.02271395049007997,0.4634098868600714,0.2132069724575792,-0.4234517081937425,-0.059018228492604484
15.149,0.466,-0.03955350524507737,0.02271395049007997,0.4634098868600714,0.2132069724575792,-0.4234517081937425,-0.059018228492604484
15.169,0.466,-0.0493073688679971,0.022673070495588903,0.4634699537385149,0.23387571382101713,-0.5084914030230497,-0.03502094004959683
15.189,0.466,-0.05539780492527035,0.021975408005798582,0.46272616848463066,0.2344631407223158,-0.5991065624462796,0.03140851573013855
15.209,0.466,-0.05637661709245274,0.0205269662638942,0.4625493705948142,0.22249324669181825,-0.6883214790466645,0.10226276353686686
15.229,0.466,-0.05721077355767944,0.018757813015989163,0.4623679820326901,0.20874905093222015,-0.7552131297119846,0.1470297822759369
15.249,0.466,-0.05721077355767944,0.018757813015989163,0.4623679820326901,0.20874905093222015,-0.7552131297119846,0.1470297822759369
15.269,0.466,-0.057351433737441934,0.01797182379134353,0.4627415951121882,0.21193201508675974,-0.7947503478967427,0.14681629053668105
15.289,0.466,-0.05726765246442726,0.017265300741848406,0.46308125631092856,0.23075831974773134,-0.8035691635691974,0.10856977372954348
15.309,0.466,-0.05704685055491771,0.01753578009677489,0.46406113305529917,0.25702402791449064,-0.7803469668394607,0.05005877613271633
15.329,0.466,-0.057950504197312076,0.018137074443157722,0.4638977008432709,0.27226991922222876,-0.7249374365608451,0.0057244980316824064
15.349,0.466,-0.057950504197312076,0.018137074443157722,0.4638977008432709,0.27226991922222876,-0.7249374365608451,0.0057244980316824064
15.369,0.466,-0.05684692098213007,0.01831867368226423,0.4631850857113602,0.26440837031995723,-0.647773864448352,-0.013760586320054674
15.389,0.466,-0.052895963620572924,0.019048909010634427,0.4623983362163668,0.24357751077076034,-0.5686249445464306,0.014837965443324002
15.409,0.466,-0.04583127471196489,0.02024329475749377,0.46220506251356774,0.21824224619758545,-0.4852013349332183,0.05926098697147433
15.429,0.466,-0.03612144791757569,0.021644848766645075,0.46275462604205414,0.1972283610719753,-0.4007105802214689,0.09807737678324206
15.449,0.466,-0.03612144791757569,0.021644848766645075,0.46275462604205414,0.1972283610719753,-0.4007105802214689,0.09807737678324206
15.469,0.466,-0.021399363390566747,0.022551424741551463,0.46374259185881345,0.1827948717280288,-0.32661932402058497,0.1101324047179415
15.489,0.466,-0.00630388658910908,0.024079131492504433,0.4644355753240645,0.17560134569171398,-0.24265098759857057,0.08050673347447727
15.509,0.466,0.006395739481415941,0.027130154462346175,0.46505415924183546,0.1700762309122283,-0.142021993531087,0.025543477506692884
15.529,0.466,0.018100116032249695,0.02858662037675054,0.46448521683123584,0.15052429931565908,-0.03478371305923216,-0.02881573829419751
15.549,0.466,0.018100116032249695,0.02858662037675054,0.46448521683123584,0.15052429931565908,-0.03478371305923216,-0.02881573829419751
15.569,0.466,0.02993392230570122,0.03112153106459054,0.46382118782971454,0.13271893668979726,0.07313925152551154,-0.06527800695924878
15.589,0.466,0.034250878135926956,0.03165556891754852,0.46274183010134684,0.10974087913453787,0.19943996060547148,-0.0663428831327255
15.609,0.466,0.042326510203923834,0.03282863730825772,0.4622092522828269,0.0968009295095485,0.303301355551277,-0.0495380442614835
15.629,0.466,0.05236176850736814,0.033400093920258084,0.4612345315666122,0.08018149052521678,0.3824620569110905,-0.01703942059523057
15.649,0.466,0.05236176850736814,0.033400093920258084,0.4612345315666122,0.08018149052521678,0.3824620569110905,-0.01703942059523057
15.669,0.466,0.061235688018819324,0.03287116161552181,0.45987301035095385,0.06897519993428135,0.44361386372013106,0.006158917212636984
15.689,0.466,0.06806063840052128,0.03320749112073031,0.4591902957497631,0.05924810487354017,0.4900927647232243,0.0037061406510600636
15.709,0.466,0.0737505971812707,0.03372053075484754,0.4586413393364462,0.0487737834415787,0.5226952235122653,-0.01981399946920829
15.729,0.466,0.07901083326726706,0.03574526008785631,0.4578678490255668,0.04102404327523479,0.5294899966058265,-0.04415044396860929
15.749,0.466,0.07901083326726706,0.03574526008785631,0.4578678490255668,0.04102404327523479,0.5294899966058265,-0.04415044396860929
15.769,0.466,0.07601843472102363,0.03632352407158528,0.45816652085648585,0.03414713183662143,0.5468658069346518,-0.07150094491389775
15.789,0.466,0.06910581908267693,0.035797594095945386,0.4593820222563881,0.03284634390369249,0.5544192053954785,-0.08145229236731823
15.809,0.466,0.06410508877918393,0.036264820070597614,0.46036300807196767,0.04349482903290818,0.5371680415663498,-0.07834462750854643
15.829,0.466,0.057760535361171914,0.03470718917778781,0.46082697287055213,0.05419944793989274,0.49507166380682677,-0.0585005321340946
15.849,0.466,0.057760535361171914,0.03470718917778781,0.46082697287055213,0.05419944793989274,0.49507166380682677,-0.0585005321340946
15.869,0.466,0.05238063413520859,0.03328668640008212,0.46152637828181975,0.07044965751830815,0.42572243264641524,-0.03425282297843356
15.889,0.466,0.04957185971426256,0.03198424971246265,0.46163070550286,0.08802239458162862,0.32541195223260033,-0.009407264491744442
15.909,0.466,0.047721452363140154,0.03110091984436721,0.46182469914836666,0.10655002670681311,0.2065126463927732,0.009294869067282593
15.929,0.466,0.04017274728590928,0.02970823032534953,0.46238574561385015,0.12134765187923431,0.10035694381417808,0.02082302455920334
15.949,0.466,0.04017274728590928,0.02970823032534953,0.46238574561385015,0.12134765187923431,0.10035694381417808,0.02082302455920334
15.969,0.466,0.02761552736353214,0.029743953758671064,0.4641140237197993,0.14491531075052333,0.009847745071273787,0.01827411741282418
15.989,0.466,0.011825618275043118,0.02683407260930605,0.4640648194075185,0.15661990495394557,-0.07230350397109356,0.015684846437114708
16.009,0.466,-0.0025033205126719516,0.025202151854309875,0.46439002141042834,0.1731909932133477,-0.15369186716356675,0.005056304209448201
16.029,0.466,-0.017836779377810183,0.02452155208911238,0.4646218247516146,0.19515435798113026,-0.22956798780533097,0.00044296798687814176
16.049,0.466,-0.017836779377810183,0.02452155208911238,0.4646218247516146,0.19515435798113026,-0.22956798780533097,0.00044296798687814176
16.069,0.466,-0.027963843582457258,0.02230981212514711,0.46390649759022207,0.2074384300843648,-0.32064606300132464,0.003805822757317639
16.089,0.466,-0.036111053352654646,0.020959388049739885,0.46358824106830493,0.21868062749394807,-0.4133505619336655,0.021157337346724342
16.109,0.466,-0.04193427927969591,0.02007889381063347,0.4634012783458349,0.22718353125492122,-0.5071232423963524,0.04781912101288503
16.129,0.466,-0.04588011520041995,0.01905465940561716,0.463306483444362,0.23041506476666965,-0.5921283835513149,0.07034114302808486
16.149,0.466,-0.04588011520041995,0.01905465940561716,0.463306483444362,0.23041506476666965,-0.5921283835513149,0.07034114302808486
16.169,0.466,-0.048559564779362845,0.018406662817321007,0.4634478462614164,0.2347798671834929,-0.6612611993732318,0.084095595141652
16.189,0.466,-0.05098403121683983,0.018107202559108856,0.4637169427710871,0.24111484633900038,-0.7053987436836563,0.08371231810324171
16.209,0.466,-0.05297787057021844,0.017797707641420055,0.4637238543013794,0.24784988278268408,-0.7223044147477153,0.06855238019866501
16.229,0.466,-0.05656806362107581,0.018031677011401334,0.4633277390740064,0.2487024957358103,-0.708495228248225,0.054733749606412155
16.249,0.466,-0.05656806362107581,0.018031677011401334,0.4633277390740064,0.2487024957358103,-0.708495228248225,0.054733749606412155
16.269,0.466,-0.05715178854237511,0.019009751009266166,0.4634966295155388,0.2486688037342986,-0.6789419679995572,0.04292603064077687
16.289,0.466,-0.05410984726382695,0.0190389335012502,0.4633050875246541,0.23879564886339932,-0.6400577162176335,0.038699998516021177
16.309,0.466,-0.05138139491989091,0.021228568733306905,0.4632476555670216,0.23200783897407537,-0.5820458843643331,0.04636998465414684
16.329,0.466,-0.04316994370844479,0.02231945038537343,0.46363780271061966,0.21673696076838472,-0.5279774564025533,0.05708030698647043
16.349,0.466,-0.04316994370844479,0.02231945038537343,0.46363780271061966,0.21673696076838472,-0.5279774564025533,0.05708030698647043
16.369,0.466,-0.03517526929960594,0.02293867890578587,0.4634827111300171,0.19972735136552744,-0.45762523117513154,0.06088649245444211
16.389,0.466,-0.025237512184284657,0.02383318860670851,0.4638242842589348,0.18605666470168963,-0.37918316016924813,0.05101769958953602
16.409,0.466,-0.015037585311813824,0.025372972352705865,0.4641948079080702,0.1733037068210273,-0.29187639994317266,0.03730700395191074
16.429,0.466,-0.003053236135977395,0.027561395436159594,0.46491756461153544,0.16255532537329778,-0.20055452546233044,0.01402263726629666
16.449,0.466,-0.003053236135977395,0.027561395436159594,0.46491756461153544,0.16255532537329778,-0.20055452546233044,0.01402263726629666
16.469,0.466,0.007592202563514496,0.029359214914267767,0.4649863865828681,0.14822660690375322,-0.10006739407689526,-0.003997011555089751
16.489,0.466,0.015880056161266826,0.03022529399133713,0.46411250120184006,0.13256060294065078,0.007258137418561931,-0.01200862890498855
16.509,0.466,0.02581208299790981,0.0316783412019703,0.4634925830266109,0.11701357812308144,0.10526353899481913,-0.01455210554297968
16.529,0.466,0.034128252873175134,0.03251040951876534,0.462346074794409,0.10066311642387402,0.20101600339888495,-0.01450142793740904
16.549,0.466,0.034128252873175134,0.03251040951876534,0.462346074794409,0.10066311642387402,0.20101600339888495,-0.01450142793740904
16.569,0.466,0.04473872104311433,0.03243840221580909,0.4611696387417952,0.08660033519990237,0.2724445996944018,-0.011026293607738198
16.589,0.466,0.05320578891633188,0.03280274265600214,0.46042744458853235,0.07212313102727202,0.3408606062380904,-0.013460876089261173
16.609,0.466,0.06082553527905324,0.03214095864042559,0.4593743870316428,0.060848265883868796,0.3937786103502167,-0.015426217162228745
16.629,0.466,0.0653939330684911,0.03494448765347658,0.46071609100209254,0.061251498591603955,0.4439726975568989,-0.026333651199069517
16.649,0.466,0.0653939330684911,0.03494448765347658,0.46071609100209254,0.061251498591603955,0.4439726975568989,-0.026333651199069517
16.669,0.466,0.0673483847985363,0.03367988309792542,0.4593415813262668,0.05265441027551413,0.48260233288665016,-0.0369566440734259
16.689,0.466,0.06726155940319838,0.03434263848477312,0.45962875231932776,0.05261964650364255,0.5088561037787341,-0.04887007341407149
16.709,0.466,0.06503487810637977,0.03429012910691413,0.4599818072022913,0.05256112585345086,0.5191468050722826,-0.059768172848402176
16.729,0.466,0.06300455518969272,0.03431085324376461,0.46062973144374175,0.061996348369176175,0.5015014670700428,-0.0637175501852381
16.749,0.466,0.06300455518969272,0.03431085324376461,0.46062973144374175,0.061996348369176175,0.5015014670700428,-0.0637175501852381
16.769,0.466,0.059857239954770894,0.03301926608791498,0.46088733004769517,0.06891711596408369,0.46767657380849653,-0.06369082434412951
16.789,0.466,0.057942889617598664,0.03247483407239777,0.4615092410512281,0.08348362588889179,0.4040103240880828,-0.05109183555941549
16.809,0.466,0.051654405061838486,0.030599790182260302,0.4618436723767424,0.09470491949119954,0.340230812703496,-0.03178386150865369
16.829,0.466,0.04819278240894584,0.030191491145888087,0.4623557484910308,0.11735525797554978,0.25073810807427405,-0.009866618969377999
16.849,0.466,0.04819278240894584,0.030191491145888087,0.4623557484910308,0.11735525797554978,0.25073810807427405,-0.009866618969377999
16.869,0.466,0.0420150153357883,0.028345015706652578,0.46239028245721936,0.13164639970223108,0.16147443544022466,0.008182323608722359
16.889,0.466,0.03192597260842048,0.02797557263633472,0.46373014774734683,0.14721585802315318,0.07764880661289843,0.01749861057654715
16.909,0.466,0.021101706345249955,0.025775783371643497,0.4640407939042631,0.158044210433523,-0.009976751558724463,0.0179853226447363
16.929,0.466,0.007846918981642519,0.024232192901993032,0.4643167558729049,0.17095509730754604,-0.08829740003071353,0.007130975282501044
16.949,0.466,0.007846918981642519,0.024232192901993032,0.4643167558729049,0.17095509730754604,-0.08829740003071353,0.007130975282501044
16.969,0.466,-0.005162775336762309,0.02367460323197379,0.4646748698335678,0.1873950805680034,-0.1670963725335773,-0.0022388497347147593
16.989,0.466,-0.016823364701515863,0.02273824436011152,0.46458976342445346,0.20254749473403186,-0.2477185315119064,-0.006131194699666227
17.009,0.466,-0.024898225903173934,0.022371772061143085,0.4644591917321713,0.21195794423786693,-0.34004929676793344,0.00860862760368662
17.029,0.466,-0.03223407016593744,0.021684927053056437,0.4641695351682667,0.22045710829055198,-0.4235897973269387,0.03060742276678175
17.049,0.466,-0.03799109826358393,0.020547252660379704,0.4636620427319893,0.2204929823360045,-0.5019812029044387,0.05554997267114282
17.069,0.466,-0.03799109826358393,0.020547252660379704,0.4636620427319893,0.2204929823360045,-0.5019812029044387,0.05554997267114282
17.089,0.466,-0.03460820962708687,0.022679850170592673,0.46608324608994584,0.22361404709079494,-0.6024351025174651,0.08749810000602866
17.109,0.466,-0.03071858574418314,0.01985551967157267,0.4644665188414073,0.19116471610377186,-0.6833028279611144,0.18126597618344698
17.129,0.466,-0.03958943482143884,0.019042524684956503,0.462236039022207,0.16218612856181377,-0.6741592789554495,0.256041575270062
17.149,0.466,-0.04311733363714247,0.02027593353850711,0.4619092370380435,0.1779447322802938,-0.6552892881059389,0.21021315997722614
17.169,0.466,-0.04311733363714247,0.02027593353850711,0.4619092370380435,0.1779447322802938,-0.6552892881059389,0.21021315997722614
17.189,0.466,-0.037806546741768525,0.02334350497498738,0.4657615193620407,0.20493220201144993,-0.6489273085513217,0.10666504201574649
17.209,0.466,-0.047440577032422646,0.023206376815870015,0.46473632044205065,0.20094477970336744,-0.5520928359493236,0.05066648628115751
17.229,0.466,-0.053729620089075336,0.02315181837725545,0.46221290869998705,0.17307030749955252,-0.4510492158199024,0.06941531705765648
17.249,0.466,-0.06790668017395148,0.02625976255372286,0.45836347238989084,0.17089905569712766,-0.31500401756633556,0.10645251238578791
17.269,0.466,-0.06790668017395148,0.02625976255372286,0.45836347238989084,0.17089905569712766,-0.31500401756633556,0.10645251238578791
17.289,0.466,-0.07046070225953187,0.02994077766557463,0.4573289373164043,0.17535074239698376,-0.23336377956390925,0.1054251093047721
17.309,0.466,-0.07072164935069898,0.033011234764883705,0.4570702096982381,0.17978473747067536,-0.17352092255850768,0.0933153220465342
17.329,0.466,-0.06659720796519483,0.033479738783508704,0.45695342492544827,0.1678989388841861,-0.14640659371993606,0.10439231556179818
17.349,0.466,-0.06250043849064059,0.03408196724188091,0.4580818409496803,0.1555215361107828,-0.1383264075064693,0.12147522677191287
17.369,0.466,-0.06250043849064059,0.03408196724188091,0.4580818409496803,0.1555215361107828,-0.1383264075064693,0.12147522677191287
17.389,0.466,-0.051720405183039525,0.03283621838919435,0.46034351696857895,0.14077403595220297,-0.17142745932425343,0.11010410947263714
17.409,0.466,-0.04292962440824047,0.03268127957994337,0.46266079942356203,0.13451876544668884,-0.20873312495655988,0.08227239595520028
17.429,0.466,-0.031321223400757145,0.0314917759035628,0.4634251371302611,0.1281321513968822,-0.26227423491844626,0.07468672777082899
17.449,0.466,-0.021581731611163,0.03193648216488637,0.46385156991507975,0.12311638386201712,-0.302511902327119,0.09729204255198871
17.469,0.466,-0.021581731611163,0.03193648216488637,0.46385156991507975,0.12311638386201712,-0.302511902327119,0.09729204255198871
17.489,0.466,-0.013881399524977257,0.03139247082035768,0.46367814896444387,0.12018518499253568,-0.32384274158838483,0.1261116514438825
17.509,0.466,-0.008920092113233363,0.03314858372641774,0.46450706965602634,0.13132391667525203,-0.3216826634458877,0.12985464649007947
17.529,0.466,-0.005869205763569503,0.03429910813153502,0.4642956921821721,0.14326918760592874,-0.2998147200897451,0.11363017229438728
17.549,0.466,-0.006826050342420416,0.03556428254841549,0.46405214082320684,0.15338564643720304,-0.2508905906885033,0.10036017890940137
17.569,0.466,-0.006826050342420416,0.03556428254841549,0.46405214082320684,0.15338564643720304,-0.2508905906885033,0.10036017890940137
17.589,0.466,-0.007275198039876382,0.03675462394822217,0.464241122376978,0.16214021117779387,-0.1905863260338446,0.09179728329411047
17.609,0.466,-0.011027276870976578,0.03734348454304352,0.4641227305785249,0.16839689055191745,-0.11887905323485061,0.0876322179172482
17.629,0.466,-0.013793882973101228,0.03635604283577009,0.46345113868698395,0.16570306476467253,-0.05867822093126342,0.08073028490141768
17.649,0.466,-0.011446945044685634,0.03747787428038841,0.46444390310229,0.17163058989342633,-0.024740268207528258,0.07012329498196578
17.669,0.466,-0.011446945044685634,0.03747787428038841,0.46444390310229,0.17163058989342633,-0.024740268207528258,0.07012329498196578
17.689,0.466,-0.008846223058538528,0.036255182332132825,0.4642219092796307,0.16461033409895914,-0.006930251131862061,0.07333139030444484
17.709,0.466,-0.006529275369912702,0.03497127678260578,0.4646625807021119,0.1586747393314318,-0.004092736822644924,0.0899814640235493
17.729,0.466,-0.0028968677916477565,0.033121273125176084,0.4646523329523274,0.15135717301967816,-0.01653335685606091,0.09881295184328931
17.749,0.466,0.0030759912379034887,0.03201305840046124,0.46503693729065404,0.1507518840356425,-0.048542149648421205,0.0955819904899703
17.769,0.466,0.0030759912379034887,0.03201305840046124,0.46503693729065404,0.1507518840356425,-0.048542149648421205,0.0955819904899703
17.789,0.466,0.004880813012427069,0.031816145022737455,0.46563978422114377,0.15685431110419792,-0.07174893769970996,0.08130389633604183
17.809,0.466,0.010550163570824006,0.03094945865699867,0.4654480190254982,0.1590416649197544,-0.10694853835086642,0.07613272717874095
17.829,0.466,0.013572722866604369,0.03008637030015833,0.4649998976032941,0.16046050462397504,-0.13089692874739092,0.10085762447822277
17.849,0.466,0.017412790433420606,0.029313853135778226,0.464637676789927,0.16264279601075032,-0.15172463429498056,0.12929391704013612
17.869,0.466,0.017412790433420606,0.029313853135778226,0.464637676789927,0.16264279601075032,-0.15172463429498056,0.12929391704013612
17.889,0.466,0.01543546676028499,0.028514813287370214,0.46444478930115246,0.16578717312296437,-0.14269635753684637,0.13199529779043376
17.909,0.466,0.014655580540245879,0.02963731144262549,0.4651203818057216,0.1743377971458595,-0.1300518255461137,0.11290634916139174
17.929,0.466,0.014584059552577739,0.029924202613463194,0.4654861490559806,0.17686170651762334,-0.11066260346251502,0.09373352676112424
17.949,0.466,0.013318606817483373,0.02971589522724848,0.4651971098143728,0.1746016870716947,-0.08606513564410838,0.09485032470950223
17.969,0.466,0.013318606817483373,0.02971589522724848,0.4651971098143728,0.1746016870716947,-0.08606513564410838,0.09485032470950223
17.989,0.466,0.008438394656585694,0.02873558936839611,0.4645066107115125,0.16888026108426468,-0.05024742675037364,0.10340948205365466
18.009,0.466,0.00520270029965053,0.029785675304595832,0.4648886014431237,0.17327502133427863,-0.02274090195408902,0.10009171914587987
18.029,0.466,0.0023130090717777274,0.030894913930566845,0.46541708299209217,0.1744300351696645,-0.0023364061885985587,0.09009206875330061
18.049,0.466,0.003042497962565527,0.0307093480445924,0.4654212486994092,0.17170858523827515,-0.004425529622270159,0.0871253588655854
18.069,0.466,0.003042497962565527,0.0307093480445924,0.4654212486994092,0.17170858523827515,-0.004425529622270159,0.0871253588655854
18.089,0.466,0.005780068700811573,0.0294039195318639,0.4646808949488966,0.16423391295749673,-0.020886735466752775,0.09263469731723514
18.109,0.466,0.009796640385839793,0.03024506504401527,0.4656127835094999,0.1680042984698351,-0.04927138633687594,0.09933046001783453
18.129,0.466,0.008961198506088551,0.028583697815451243,0.4649986312458713,0.15721389296315236,-0.06283106213293557,0.10112397909473979
18.149,0.466,0.009541436469003095,0.02813452373480854,0.46502836519693064,0.15516219114681207,-0.08369149714832913,0.10443610693249623
18.169,0.466,0.009541436469003095,0.02813452373480854,0.46502836519693064,0.15516219114681207,-0.08369149714832913,0.10443610693249623
18.189,0.466,0.011496568856521118,0.02836905375294529,0.465196386536096,0.15487998141481785,-0.10691169687339262,0.11154071884128136
18.209,0.466,0.015073953333143193,0.02891207109169665,0.46564317398784805,0.15869009428598935,-0.12988079403899377,0.11637576874191499
18.229,0.466,0.015140200362805991,0.02876958563884163,0.46547252622635854,0.15667688995426332,-0.1353695618963533,0.1199122978758305
18.249,0.466,0.012973851674629073,0.027931073974864003,0.4653666247363756,0.15649793138389612,-0.12683906001928388,0.11666968252687844
18.269,0.466,0.012973851674629073,0.027931073974864003,0.4653666247363756,0.15649793138389612,-0.12683906001928388,0.11666968252687844
18.289,0.466,0.012166209434652228,0.02787483486484768,0.4653131515594517,0.15748802692752095,-0.11727129143289641,0.10829018017363616
18.309,0.466,0.008183576718055523,0.02792995540454681,0.4653247530032368,0.15816199802850764,-0.09186210086354711,0.10263577471355238
18.329,0.466,0.00781067557842786,0.027919252111325805,0.4652496166117305,0.16145879803267665,-0.07559138388978236,0.095378336801885
18.349,0.466,0.0067689007177358824,0.027365951589061504,0.46466917206784913,0.15898840700846115,-0.05902078603996192,0.09043824757015331
18.369,0.466,0.0067689007177358824,0.027365951589061504,0.46466917206784913,0.15898840700846115,-0.05902078603996192,0.09043824757015331
18.389,0.466,0.006396742406907807,0.028408632576503584,0.4655227380622987,0.16657909833279222,-0.04886136205407743,0.08445049002037805
18.409,0.466,0.002010867612495126,0.027349745024288153,0.465249331058212,0.16377001624909077,-0.029299416482981726,0.07917312833217205
18.429,0.466,0.005830578689746607,0.027835668015646135,0.46561467574496856,0.1677365987809859,-0.042734977602457515,0.06607184159933009
18.449,0.466,0.007618262822296333,0.027099344080630448,0.465354992006173,0.16449491357386717,-0.05194069093101989,0.04972376226566167
18.469,0.466,0.007618262822296333,0.027099344080630448,0.465354992006173,0.16449491357386717,-0.05194069093101989,0.04972376226566167
18.489,0.466,0.008251217803924888,0.026381114090648878,0.46545288730540724,0.16405768965700665,-0.06060480045983898,0.03175699937196025
18.509,0.466,0.011367115580116693,0.025768958991203485,0.46527863254315127,0.16256395793088677,-0.07952661479255461,0.019623142165175123
18.529,0.466,0.011561379440653179,0.02639455954215591,0.46538263409474484,0.1677179579648567,-0.08891383084417362,0.011870373859927123
18.549,0.466,0.012829315471828648,0.02825159239561098,0.4660328314836472,0.17614384014226794,-0.09871313909246157,0.006545760119334104
18.569,0.466,0.012829315471828648,0.02825159239561098,0.4660328314836472,0.17614384014226794,-0.09871313909246157,0.006545760119334104
18.589,0.466,0.009843965705468312,0.027816357044484517,0.4654624918319485,0.17513855124327737,-0.09110917501759554,0.013719429493698986
18.609,0.466,0.006881493087787177,0.02768425884252046,0.46545286355683185,0.17399322842128107,-0.0819185427024965,0.023633715596825856
18.629,0.466,0.007730555843166945,0.027349102588742104,0.4655396698266053,0.17246498200512425,-0.08671500904270321,0.02726937952670795
18.649,0.466,0.005106487559388289,0.02704800114805411,0.46546273080926814,0.16804014309752166,-0.08132688424098639,0.030745658075785533
18.669,0.466,0.005106487559388289,0.02704800114805411,0.46546273080926814,0.16804014309752166,-0.08132688424098639,0.030745658075785533
18.689,0.466,0.006563614982718658,0.02759510227500395,0.4659726407127033,0.16914270323836453,-0.09375484188545795,0.028980009317420705
18.709,0.466,0.00334983991705959,0.02655771230529636,0.46504422198709827,0.1611713374515117,-0.08913499499484595,0.02142394755144645
18.729,0.466,0.005081382702133808,0.027405812977567962,0.46512767855978643,0.16356493528034619,-0.10099598031558076,0.013851678684246065
18.749,0.466,0.005751085647001975,0.027746701777032205,0.4651369559727782,0.16420460932718522,-0.10793777601229886,0.012875446969387418
18.769,0.466,0.005751085647001975,0.027746701777032205,0.4651369559727782,0.16420460932718522,-0.10793777601229886,0.012875446969387418
18.789,0.466,0.005991210776539112,0.02712723145162925,0.4646905898271963,0.16101391299117576,-0.11213277170409287,0.019820507206896543
18.809,0.466,0.005470302092967018,0.0278042170032621,0.46488189865265844,0.15757870422374629,-0.10863010292316366,0.02657550222331789
18.829,0.466,0.006278941148530735,0.028821565962913447,0.4655932748363285,0.15920769371410645,-0.10756001932201974,0.030125634715532097
18.849,0.466,0.004347565455960352,0.028414005853555892,0.46527659494176304,0.15446719176911775,-0.09917842730965079,0.033268732877106307
18.869,0.466,0.004347565455960352,0.028414005853555892,0.46527659494176304,0.15446719176911775,-0.09917842730965079,0.033268732877106307
18.889,0.466,0.004238934857271105,0.028912536200296806,0.4655732681667334,0.15486028734422122,-0.09755628460981448,0.02721882673684892
18.909,0.466,0.003259244645178754,0.029813804488173192,0.46584677520297885,0.15823842463335427,-0.09253862480854014,0.017535578522358493
18.929,0.466,0.007572434500587785,0.029440515855145677,0.46567531234101994,0.15712912974906734,-0.10692021137189889,0.010829034872179823
18.949,0.466,0.0027846552696131036,0.029268054536550583,0.4655217009193731,0.1586633798211682,-0.09616633367121477,0.014361277599894988
18.969,0.466,0.0027846552696131036,0.029268054536550583,0.4655217009193731,0.1586633798211682,-0.09616633367121477,0.014361277599894988
18.989,0.466,0.0022000656618032465,0.029745676180425895,0.4658206350617738,0.15975868455650324,-0.09336000367836911,0.020199915562784214
19.009,0.466,0.0032715087040939964,0.029943025199397615,0.46597323242507405,0.1606575571649616,-0.09298811529327328,0.023056194658518537
19.029,0.466,0.007701383007287805,0.029049353556048662,0.4657981233984925,0.15563246712334122,-0.09829949828375914,0.02771903054610614
19.049,0.466,0.006794744450847351,0.02966218139246571,0.46582444543618345,0.15623484606822177,-0.0792025544439148,0.03156380932886661
19.069,0.466,0.006794744450847351,0.02966218139246571,0.46582444543618345,0.15623484606822177,-0.0792025544439148,0.03156380932886661
19.089,0.466,0.00750055074549257,0.029053376566341597,0.465397137067882,0.15462863054555825,-0.07479044058454845,0.02427596916168692
19.109,0.466,0.008332119852534103,0.02877416450303117,0.46527834546558194,0.1578643377403861,-0.07453308714538012,0.015724896368825483
19.129,0.466,0.007318054568285468,0.02862728104177623,0.46558617795463536,0.16299937276117496,-0.06848599354350032,0.006623569391344533
19.149,0.466,0.00858550511579731,0.02839642464455728,0.4653492125263345,0.16166614439933222,-0.07278339215467611,0.006682825062613256
19.169,0.466,0.00858550511579731,0.02839642464455728,0.4653492125263345,0.16166614439933222,-0.07278339215467611,0.006682825062613256
19.189,0.466,0.011542569586511429,0.02765225492080321,0.46533725753135985,0.1606483048778689,-0.08002338651232782,0.010628532410471398
19.209,0.466,0.01192066080884155,0.028344435044329517,0.46579178831238666,0.16436827686793815,-0.07824781361920988,0.019618894249522192
19.229,0.466,0.010164352338028535,0.02691501016601216,0.4650995618542481,0.15947072927529823,-0.06880772798913293,0.031211486746314274
19.249,0.466,0.011742339929080558,0.02778957448344405,0.4655081303613461,0.16541352726826772,-0.07079165468244861,0.03469504551404894
19.269,0.466,0.011742339929080558,0.02778957448344405,0.4655081303613461,0.16541352726826772,-0.07079165468244861,0.03469504551404894
19.289,0.466,0.00906616851885865,0.02810186827049875,0.46560533376101537,0.16776650717330097,-0.058196732499636174,0.029204904564588907
19.309,0.466,0.005899122949733255,0.027689750815990892,0.4657113368122169,0.16916108974527874,-0.04747061912583303,0.019526803392801398
19.329,0.466,0.007810889965018461,0.026975731198466833,0.4653268503333799,0.16673309447481607,-0.057566847946979534,0.0086734057970954
19.349,0.466,0.008228801874203686,0.027125069011139914,0.46539686519757,0.16585299702056938,-0.06186927593787746,0.0017972055495445915
19.369,0.466,0.008228801874203686,0.027125069011139914,0.46539686519757,0.16585299702056938,-0.06186927593787746,0.0017972055495445915
19.389,0.466,0.009067594403182302,0.027562792798581606,0.4654691371190696,0.1657544170626857,-0.0697132619754015,0.006380321049697606
19.409,0.466,0.011636607248002308,0.02593735064823342,0.4656881655798864,0.1606346803882152,-0.07298129128027099,0.016880056707559963
19.429,0.466,0.011585143526144018,0.025910598779089005,0.46575122002634134,0.16050874970819623,-0.07381064638525787,0.02473798918634637
19.449,0.466,0.01131847258221361,0.02649973729779952,0.46608192091150186,0.1624198285958806,-0.07398520306578578,0.02936906984853988
19.469,0.466,0.01131847258221361,0.02649973729779952,0.46608192091150186,0.1624198285958806,-0.07398520306578578,0.02936906984853988
19.489,0.466,0.01093971799560623,0.027059944057122996,0.46616016427908424,0.1632126361662784,-0.07448756472461358,0.02658843813869043
19.509,0.466,0.012110782286806732,0.026616196068014575,0.4661232121456657,0.159860071041784,-0.08251115217354006,0.020975621251020822
19.529,0.466,0.00690953909485112,0.027302848116183852,0.4649100802061127,0.15783620879824412,-0.08426665917035,0.012192500921489284
19.549,0.466,0.007181611573228355,0.02750239902458269,0.46518876747567733,0.1586817419506668,-0.09017857575218818,0.001930243510143407
19.569,0.466,0.007181611573228355,0.02750239902458269,0.46518876747567733,0.1586817419506668,-0.09017857575218818,0.001930243510143407
19.589,0.466,0.008646237155337352,0.02820087855555815,0.4652610258145424,0.1579595746275739,-0.09909103573470703,-0.0006886498209757508
19.609,0.466,0.00849679434091382,0.02784579313662734,0.46502264073934707,0.15622225936783546,-0.10474888014486884,0.012649687712654317
19.629,0.466,0.00725008419877209,0.02807410202015792,0.4649480000826423,0.15543890129743576,-0.10424590592550433,0.028072942980372162
19.649,0.466,0.005768757719163582,0.027960703207298813,0.4649456537648012,0.1551693987416242,-0.09950371858809373,0.03601307908442931
19.669,0.466,0.005768757719163582,0.027960703207298813,0.4649456537648012,0.1551693987416242,-0.09950371858809373,0.03601307908442931
19.689,0.466,0.006250849958501889,0.02887883590694848,0.4652728901789407,0.1555113837315159,-0.10371265592089732,0.04011690816370095
19.709,0.466,0.004915085296134051,0.027997976037401985,0.46479169837725876,0.15033812666629262,-0.0986832622552513,0.031081474470446825
19.729,0.466,0.00925464266427372,0.028145751598522062,0.4650949602637751,0.1545761282076491,-0.10523059435112325,0.01687179074634382
19.749,0.466,0.008299384126421823,0.028338114472514466,0.465261032124578,0.15552941678822177,-0.10466804628322664,0.01559852804352513
19.769,0.466,0.008299384126421823,0.028338114472514466,0.465261032124578,0.15552941678822177,-0.10466804628322664,0.01559852804352513
19.789,0.466,0.006733499101778386,0.028830328114819524,0.4662354729967604,0.15852914127209788,-0.10054786872276258,0.009648197219138115
19.809,0.466,0.007025809957192709,0.028384697512661677,0.4659568460778151,0.15659070257416124,-0.10284595060181345,0.014111685945065507
19.829,0.466,0.0075843304903251965,0.0277403248447926,0.4656408454370114,0.15488359141147562,-0.10461514376381661,0.020683617016289364
19.849,0.466,0.007107923764701745,0.0275485924273271,0.4646367688914295,0.1534437052927384,-0.10062584587813035,0.03132349384368876
19.869,0.466,0.007107923764701745,0.0275485924273271,0.4646367688914295,0.1534437052927384,-0.10062584587813035,0.03132349384368876
19.889,0.466,0.009895057957314764,0.027532797789640778,0.4646736619726754,0.15398821068455523,-0.1069082726352322,0.0368400840857664
19.909,0.466,0.008795061787843821,0.028681463677496914,0.46531055346170386,0.15960203565014158,-0.0985565268556255,0.03386077645218357
19.929,0.466,0.005872430260571223,0.027967060131582965,0.46513092751762536,0.15905280077547218,-0.08415487006713221,0.02345419062895203
19.949,0.466,0.005673459909215235,0.028032826222043578,0.4652580513526308,0.16107174877376557,-0.07852004157349854,0.010129478306587121
19.969,0.466,0.005673459909215235,0.028032826222043578,0.4652580513526308,0.16107174877376557,-0.07852004157349854,0.010129478306587121
19.989,0.466,0.007449402480070951,0.027681099591356367,0.4653470125169098,0.16219898882602182,-0.0810218256762451,0.002654672448178215
20.009,0.466,0.007864952669753403,0.027882578886298182,0.4654211376371408,0.1630405257475798,-0.07753496171842397,0.0026226123147384327
20.029,0.466,0.008072595849914885,0.027427836210630975,0.46518970852439706,0.16236174516380622,-0.07400064723917583,0.01132784029952407
20.049,0.466,0.007744502088109034,0.028186717785392543,0.46562432744333143,0.16614441412364503,-0.07022404311820461,0.02559817136011083
20.069,0.466,0.007744502088109034,0.028186717785392543,0.46562432744333143,0.16614441412364503,-0.07022404311820461,0.02559817136011083
20.089,0.466,0.010164769282984544,0.028096902636168618,0.4655313787427837,0.16600658667810791,-0.07595957343148044,0.03474623938968245
20.109,0.466,0.009330218613608013,0.02776543558483047,0.46536448971381456,0.16363124037905716,-0.0705262961782028,0.03687950186318305
20.129,0.466,0.009961740521840092,0.02767343841180241,0.4653251817224056,0.16398457572215291,-0.07058218350646174,0.02879899739010991
20.149,0.466,0.009635130755289073,0.02847249045207909,0.4660024808247116,0.16990521108056264,-0.06735192166662465,0.016200430278350674
20.169,0.466,0.009635130755289073,0.02847249045207909,0.4660024808247116,0.16990521108056264,-0.06735192166662465,0.016200430278350674
20.189,0.466,0.009236209942196157,0.027117780773767683,0.4651395031901917,0.16338847946423932,-0.0643383071566531,0.004968744188361586
20.209,0.466,0.010595263098004834,0.02862239826477481,0.4661606255662768,0.17051660225303683,-0.0685935331436401,0.00011000732446262454
20.229,0.466,0.009781695101846039,0.02756322392972036,0.4657854339828667,0.16572978500742097,-0.06852585382493197,0.012273695283735135
20.249,0.466,0.008014144717274492,0.028440056845503648,0.46585976284012026,0.16783446329397084,-0.06456827614905376,0.01978873387652626
20.269,0.466,0.008014144717274492,0.028440056845503648,0.46585976284012026,0.16783446329397084,-0.06456827614905376,0.01978873387652626
20.289,0.466,0.008876003352620732,0.028466246401269213,0.46585344619046004,0.16708998274551418,-0.06646469712175682,0.02044083228139328
20.309,0.466,0.009820200733519715,0.028231211535510687,0.46564486359776447,0.16503592856450872,-0.06930618858371859,0.020099286910561884
20.329,0.466,0.010807343686920018,0.028023589581735446,0.46544594136482004,0.16300984444912064,-0.07281851076441354,0.018103310849953553
20.349,0.466,0.01120523343518415,0.028008531138795888,0.46539979772718787,0.16179217445255242,-0.0751224634946219,0.015920758288688806
20.369,0.466,0.01120523343518415,0.028008531138795888,0.46539979772718787,0.16179217445255242,-0.0751224634946219,0.015920758288688806
20.389,0.466,0.010757315958398463,0.028112269639368644,0.46543696145202196,0.16087084189998224,-0.0751456156849382,0.014179519839710185
20.409,0.466,0.007870092162570395,0.02875646705037975,0.4656781195513369,0.16037057071991537,-0.08269353508137314,0.005807746267387912
20.429,0.466,0.005621797237796928,0.028274899250312017,0.465409159913637,0.1586959626348376,-0.07899964006249002,0.008358305880100052
20.449,0.466,0.00602846846666133,0.029172104580792956,0.46576120540034116,0.1591671840444714,-0.08362422543532778,0.015330136925430615
20.469,0.466,0.00602846846666133,0.029172104580792956,0.46576120540034116,0.1591671840444714,-0.08362422543532778,0.015330136925430615
20.489,0.466,0.007634699270227206,0.028210124476426846,0.4652536808663625,0.15686397917856304,-0.09330006420426883,0.024770305546254503
20.509,0.466,0.007435436066817989,0.028014814281650813,0.46483562206578094,0.1530050176769715,-0.09638959148969806,0.03261158242768734
20.529,0.466,0.005109659624370035,0.028455720219303034,0.4651731111645848,0.15510355014942262,-0.09293896864768043,0.03617989657919713
20.549,0.466,0.009275792219435636,0.027676259567434115,0.4662581268122583,0.15415528346533888,-0.0941534046161943,0.023433172566672943
20.569,0.466,0.009275792219435636,0.027676259567434115,0.4662581268122583,0.15415528346533888,-0.0941534046161943,0.023433172566672943
20.589,0.466,0.009557915647368673,0.027492349951806532,0.46609730120496606,0.15287061242197855,-0.09845488297249291,0.015969188558076573
20.609,0.466,0.006654714482043648,0.02840908945026899,0.46607966129620176,0.1574461146729517,-0.09105958671147586,0.01230007207946661
20.629,0.466,0.005391477359610371,0.028253023249009544,0.46583301670725535,0.15843927265088517,-0.08913518844906715,0.012508689159859228
20.649,0.466,0.0073660514230762895,0.027273788825592674,0.46564735665008383,0.1549636464163589,-0.09890365663885274,0.016082100859519215
20.669,0.466,0.0073660514230762895,0.027273788825592674,0.46564735665008383,0.1549636464163589,-0.09890365663885274,0.016082100859519215
20.689,0.466,0.005703876835071935,0.028146387193339447,0.46571560973139686,0.15851337522967598,-0.0938841504585955,0.021743340793276375
20.709,0.466,0.006407183075531091,0.027805491845528538,0.46560470314338265,0.15788874773910375,-0.09698320390949035,0.024040025834536457
20.729,0.466,0.0069259221253809115,0.02744096987445283,0.4655431712396102,0.15758107094976906,-0.09936495377056978,0.02672441068284958
20.749,0.466,0.007157015048934247,0.02722027799005151,0.4647294155434693,0.15634424196894603,-0.10337863068216205,0.021945023871419268
20.769,0.466,0.007157015048934247,0.02722027799005151,0.4647294155434693,0.15634424196894603,-0.10337863068216205,0.021945023871419268
20.789,0.466,0.007388332444171066,0.027209635358075298,0.46400494920551777,0.15823037527942282,-0.10482391192071806,0.021679974364351404
20.809,0.466,0.006413549289362193,0.02715903183184425,0.4648097187859129,0.15859474342749807,-0.0994095242401381,0.01980793704198365
20.829,0.466,0.005729953761119457,0.027372876412410097,0.46499074160871223,0.1611400852083674,-0.09575429423339547,0.020116646396474588
20.849,0.466,0.005430383724707153,0.02742945336469377,0.4650949803274944,0.16262243467789467,-0.09269720510589712,0.020841849894726337
20.869,0.466,0.005430383724707153,0.02742945336469377,0.4650949803274944,0.16262243467789467,-0.09269720510589712,0.020841849894726337
20.889,0.466,0.00507928285942248,0.02763263367122372,0.4652466811478082,0.16441447133937034,-0.08907194483258725,0.02211995218831207
20.909,0.466,0.005410733390002896,0.0277457262931055,0.46531454575724535,0.16514317776260998,-0.08683582757179328,0.02229270057208172
20.929,0.466,0.007646101714316996,0.02779018211025837,0.46548897660604516,0.1658964561153233,-0.0847512941875463,0.025040202010245
20.949,0.466,0.009707346606499552,0.0279777885826336,0.46547441313643756,0.16493212891123513,-0.07910978322163144,0.02778589959092071
20.969,0.466,0.009707346606499552,0.0279777885826336,0.46547441313643756,0.16493212891123513,-0.07910978322163144,0.02778589959092071
20.989,0.466,0.009682801567748941,0.027787632206744413,0.4653884670655273,0.16326967858384903,-0.07615176250641478,0.02243071304541174
21.009,0.466,0.009503212106827703,0.027323713002363893,0.4651787981361326,0.16165949401996077,-0.07417868311104536,0.017275379421678408
21.029,0.466,0.008847282987747163,0.028139066889494392,0.46562289782860833,0.16317451620226567,-0.0681885900644592,0.009594503250096543
21.049,0.466,0.010495510431015835,0.028004826491409864,0.46552158055131587,0.163075094469973,-0.07226052067505247,0.007843410507708844
21.069,0.466,0.010495510431015835,0.028004826491409864,0.46552158055131587,0.163075094469973,-0.07226052067505247,0.007843410507708844
21.089,0.466,0.010362965257582651,0.027655454512678063,0.46517061695655987,0.15792549421936655,-0.07049142020122152,0.01179304080388962
21.109,0.466,0.00745069464619399,0.02892748291249242,0.4660349858089786,0.1669351031996777,-0.0676967842915791,0.018517648828970567
21.129,0.466,0.008443618880253132,0.028933225080259587,0.4660105384822683,0.16583937064273568,-0.06903279048108478,0.01855719760282112
21.149,0.466,0.009211735323342608,0.028850587661075178,0.4658889191561061,0.16390904937460501,-0.0701668433994312,0.01840367106126938
21.169,0.466,0.009211735323342608,0.028850587661075178,0.4658889191561061,0.16390904937460501,-0.0701668433994312,0.01840367106126938
21.189,0.466,0.009920606063475218,0.02873562018395578,0.46576072141618097,0.16213361751032151,-0.07164663730260545,0.017427940611304375
21.209,0.466,0.01016712519639163,0.028558471039433934,0.4656346563018102,0.16054743571894603,-0.07242212523590266,0.016556503212075954
21.229,0.466,0.010440774153401302,0.028465185242170836,0.46549891224715234,0.15895574112984742,-0.07350074337922148,0.015425042750382907
21.249,0.466,0.010383582699213674,0.028482275564828418,0.46544648836616903,0.15780545114428557,-0.07401166065135491,0.014842196884722325
21.269,0.466,0.010383582699213674,0.028482275564828418,0.46544648836616903,0.15780545114428557,-0.07401166065135491,0.014842196884722325
21.289,0.466,0.012085258097957264,0.027691400388464824,0.46620118655687437,0.15350020569085035,-0.0811783901347373,0.012824846833350188
21.309,0.466,0.010555459487036244,0.028137944457707585,0.4662908835001576,0.15485676821632413,-0.07809133351763595,0.01652987547688332
21.329,0.466,0.01157799384313123,0.027601031413919338,0.46618231651130165,0.15203130445366508,-0.08475567628030015,0.02050893511404433
21.349,0.466,0.009779640220115772,0.02829297089802258,0.46633399926897573,0.15451341181492886,-0.08084814116733285,0.02264532460057026
21.369,0.466,0.009779640220115772,0.02829297089802258,0.46633399926897573,0.15451341181492886,-0.08084814116733285,0.02264532460057026
21.389,0.466,0.008838578267551397,0.028364500693044973,0.4662490662706935,0.1547833334521398,-0.08085272497505358,0.02293983155110151
21.409,0.466,0.0067175351447855795,0.027958019086194618,0.46513207108672744,0.15635140975665945,-0.09286047808983315,0.024297227861784523
21.429,0.466,0.003999711620616955,0.02845361944323106,0.4653691734907007,0.15894398937351042,-0.0873080171979669,0.02037245553127716
21.449,0.466,0.006409791784253891,0.02845959222317583,0.4658585559621354,0.1623200711867043,-0.0972275193105648,0.013290856966419871
21.469,0.466,0.006409791784253891,0.02845959222317583,0.4658585559621354,0.1623200711867043,-0.0972275193105648,0.013290856966419871
21.489,0.466,0.006103172074324756,0.028142878724299252,0.46558882925095424,0.1623706966417418,-0.09746177005859481,0.011744846691165493
21.509,0.466,0.00548719942663046,0.0283653564791042,0.4656939183531031,0.1651621420689317,-0.09621421812175655,0.015046014290365733
21.529,0.466,0.00609990486148137,0.02820632154237103,0.4657607968655175,0.16660557868395487,-0.09967910751665893,0.02127887442815976
21.549,0.466,0.005674973456497061,0.027817688713802743,0.4657130127856408,0.16752942094772094,-0.09898529041101178,0.027386266167724153
21.569,0.466,0.005674973456497061,0.027817688713802743,0.4657130127856408,0.16752942094772094,-0.09898529041101178,0.027386266167724153
21.589,0.466,0.006988437376587369,0.027012104508978178,0.465218513090966,0.1659438528012584,-0.10283713073002523,0.0275558341422068
21.609,0.466,0.007420436549520665,0.026950534053586543,0.46489087945945184,0.1596324290241619,-0.10152995707445789,0.02153982655831674
21.629,0.466,0.007273937120312451,0.027012357224383953,0.4649894939921798,0.16121262611346196,-0.10185401656530599,0.02063042116126962
21.649,0.466,0.006726195750609427,0.02712417203431058,0.46511353766031055,0.16293722801115365,-0.10017997230111857,0.01988597908926142
21.669,0.466,0.006726195750609427,0.02712417203431058,0.46511353766031055,0.16293722801115365,-0.10017997230111857,0.01988597908926142
21.689,0.466,0.006076127595650133,0.02728111703460299,0.4652977008497427,0.16487825257142125,-0.09752619127372446,0.01923670451574947
21.709,0.466,0.005120565888288927,0.027478817307028284,0.465401880739953,0.1664171987800836,-0.09360679711697596,0.020197012607525766
21.729,0.466,0.004455553314431279,0.02770497791741824,0.4655732690613781,0.1679106231444469,-0.09025004771552358,0.021188797920826837
21.749,0.466,0.004514807389731318,0.027900622095708087,0.4656802211676635,0.16847855493284297,-0.08844712155245278,0.021249016217014586
21.769,0.466,0.004514807389731318,0.027900622095708087,0.4656802211676635,0.16847855493284297,-0.08844712155245278,0.021249016217014586
21.789,0.466,0.007730039590986159,0.027880734925621,0.46569168650513204,0.1658244962609312,-0.09150787410197014,0.02118090680923652
21.809,0.466,0.006872894793887658,0.02690198415014302,0.4648651824056065,0.15689902702459071,-0.08007058804407462,0.024684248235901617
21.829,0.466,0.006564876403601888,0.02762673145752924,0.4651711636661719,0.156349235218284,-0.07839753725439293,0.02072332546251272
21.849,0.466,0.005743227648451007,0.02781765423271272,0.46503942483559196,0.1531427009951329,-0.07458288659594377,0.013270053126802258
21.869,0.466,0.005743227648451007,0.02781765423271272,0.46503942483559196,0.1531427009951329,-0.07458288659594377,0.013270053126802258
21.889,0.466,0.007146244468807019,0.02747600952579976,0.46442239992991513,0.1464435945341825,-0.07976063092231667,0.007921103647006612
21.909,0.466,0.0055491393053695255,0.028479351260216685,0.46479483615007866,0.1467712108148294,-0.07547195403598429,0.011224185137615417
21.929,0.466,0.005423613152024962,0.02869820851020871,0.4649619587672119,0.14724256409132075,-0.07702633134342803,0.017160067370708538
21.949,0.466,0.004194710369304436,0.02897304229834427,0.4646062451731932,0.14015933916125867,-0.07247983970527719,0.02469906907759343
21.969,0.466,0.004194710369304436,0.02897304229834427,0.4646062451731932,0.14015933916125867,-0.07247983970527719,0.02469906907759343
21.989,0.466,0.004641573817911221,0.028897677932377235,0.4644049765378508,0.13539070016350602,-0.07332110373806307,0.028249543105857068
22.009,0.466,0.004399834951201395,0.028784507356132687,0.46417756202578486,0.1332427251251596,-0.07287675282735395,0.023026026331427404
22.029,0.466,0.0021030306884897505,0.030035436850896744,0.4647142934833171,0.13300456297110944,-0.06867282535751465,0.016516625158566178
22.049,0.466,0.0024631948286290917,0.029833242774214716,0.46442456422903045,0.12823751532140196,-0.07508460337648999,0.0070589772708262765
22.069,0.466,0.0024631948286290917,0.029833242774214716,0.46442456422903045,0.12823751532140196,-0.07508460337648999,0.0070589772708262765
22.089,0.466,0.004804755796942686,0.03032491017356119,0.46469724928585776,0.1273304823529656,-0.09156995331738663,-0.0014976197600644239
22.109,0.466,0.003219934015454975,0.03082271983838383,0.46439341744851415,0.12355861231714135,-0.09711401116652635,0.0033716313462183586
22.129,0.466,0.00169475053753232,0.03096443133709868,0.4644232881075545,0.12220369269985401,-0.10077252838577427,0.014752122746712167
22.149,0.466,-0.0005463442140925413,0.030678750780879484,0.4637131978999961,0.11481030287730869,-0.09970981453141632,0.023200804270209475
22.169,0.466,-0.0005463442140925413,0.030678750780879484,0.4637131978999961,0.11481030287730869,-0.09970981453141632,0.023200804270209475
22.189,0.466,-0.0007922595268806022,0.030799358506271676,0.4636753172651964,0.1133455245404318,-0.10487868130110133,0.02785634449849903
22.209,0.466,0.0011328261195045224,0.030078372989744494,0.463518503808251,0.10689099290413973,-0.11917793285189059,0.03272914340627743
22.229,0.466,-0.003152122782630026,0.0311172905115017,0.46395710005154656,0.10977159403322574,-0.11045021517856121,0.024927084773735085
22.249,0.466,-0.0017591527193460015,0.03167574940546947,0.4642568946136811,0.10705661108211098,-0.12382034024660145,0.011146965219727177
22.269,0.466,-0.0017591527193460015,0.03167574940546947,0.4642568946136811,0.10705661108211098,-0.12382034024660145,0.011146965219727177
22.289,0.466,-0.005405455508733192,0.03183849656434989,0.46396736347425105,0.10234347321003187,-0.11994633080220134,0.0024940493068879663
22.309,0.466,-0.005521174377341792,0.03112091550581181,0.4632237537149044,0.09690333506669832,-0.13057885573466618,0.0005079517510023599
22.329,0.466,-0.005483004943443728,0.031269546934049416,0.46290167816650624,0.09130390013751197,-0.13976103858097205,0.0014110013517133443
22.349,0.466,-0.00939050499827575,0.03158414689159233,0.4631276997613177,0.08936600970687165,-0.13459562039999667,0.009541549162343628
22.369,0.466,-0.00939050499827575,0.03158414689159233,0.4631276997613177,0.08936600970687165,-0.13459562039999667,0.009541549162343628
22.389,0.466,-0.008347151400671712,0.030990763066186543,0.4625787394036285,0.07570466580936802,-0.1468670584474197,0.019974617117167026
22.409,0.466,-0.012148190496200887,0.031551574463773664,0.462354336250077,0.06629309121529046,-0.14286010071607946,0.02461698009538088
22.429,0.466,-0.012641136319380764,0.03223268401865597,0.46224541267612324,0.056885428865755865,-0.15014623386140694,0.018445704086424746
22.449,0.466,-0.010615804312186759,0.03244101478394863,0.46223691706947473,0.04954132140366228,-0.1710348716428613,0.011479649137396407
22.469,0.466,-0.010615804312186759,0.03244101478394863,0.46223691706947473,0.04954132140366228,-0.1710348716428613,0.011479649137396407
22.489,0.466,-0.01592499834501009,0.034021424909532444,0.4619189849543937,0.04252800561259191,-0.16573452419414092,-0.0004726250094146103
22.509,0.466,-0.015208682397911682,0.0357402704513622,0.4619915969448095,0.03287574759358927,-0.18289495012989004,-0.010028949124016985
22.529,0.466,-0.018343987007385026,0.03785101395217289,0.46212457265920476,0.02821555017009833,-0.18246841123963972,-0.01662483057543716
22.549,0.466,-0.019654415944397444,0.037348457041145214,0.4606793584125086,0.005888117804333624,-0.19128809762101653,-0.007576088584308739
22.569,0.466,-0.019654415944397444,0.037348457041145214,0.4606793584125086,0.005888117804333624,-0.19128809762101653,-0.007576088584308739
22.589,0.466,-0.017689644585831978,0.038477032070123277,0.46086002408001425,-0.007844162310069907,-0.21085063582191602,0.005588002371778956
22.609,0.466,-0.018952269652375384,0.03999023852785973,0.46091459689517217,-0.021528259307974244,-0.21628970509789208,0.01136595439618089
22.629,0.466,-0.019062344101466528,0.04048111503999834,0.46040812261000646,-0.040214662938971725,-0.22500264615070378,0.007777515193821
22.649,0.466,-0.022234335411286107,0.04130983475587373,0.45970723193584917,-0.05250919106263283,-0.22453762042601919,-0.0009594939073383403
22.669,0.466,-0.022234335411286107,0.04130983475587373,0.45970723193584917,-0.05250919106263283,-0.22453762042601919,-0.0009594939073383403
22.689,0.466,-0.02436932526407586,0.042435085166599065,0.4593023395719698,-0.06208197276243753,-0.23026065434415818,-0.011916067487516592
22.709,0.466,-0.02263128625610381,0.043922142678911605,0.45959108898569034,-0.06974561860253377,-0.24719621111151052,-0.026386717103613073
22.729,0.466,-0.022844765234671816,0.04444722785245178,0.4592853574378833,-0.08076993262638353,-0.25317051609958235,-0.038245585717183964
22.749,0.466,-0.025990351075071114,0.04591223906331096,0.4588581952978298,-0.09375252145510164,-0.250607501759616,-0.03391508038750808
22.769,0.466,-0.025990351075071114,0.04591223906331096,0.4588581952978298,-0.09375252145510164,-0.250607501759616,-0.03391508038750808
22.789,0.466,-0.02832166772156297,0.04632408943535571,0.4585255772947296,-0.10558154247607462,-0.24298583930396353,-0.03681431850703461
22.809,0.466,-0.027592994621785237,0.04750307726729784,0.4584252677233536,-0.11740582805529423,-0.24982110373471217,-0.03229507269399438
22.829,0.466,-0.03066841093974057,0.047066246364227085,0.45726394533043163,-0.13115605153142157,-0.24593993022847135,-0.02821228641851666
22.849,0.466,-0.02996773489381589,0.04781318511739198,0.4573907666397873,-0.14022856413219248,-0.25740621197704217,-0.03070218664590384
22.869,0.466,-0.02996773489381589,0.04781318511739198,0.4573907666397873,-0.14022856413219248,-0.25740621197704217,-0.03070218664590384
22.889,0.466,-0.030625435240234828,0.048713147852054314,0.45809485741404044,-0.13765309932291353,-0.2574556350423224,-0.050664205282947836
22.909,0.466,-0.02903173411666643,0.04936233049499328,0.4582684705764621,-0.14373805607240936,-0.2694554050534601,-0.057859161724508966
22.929,0.466,-0.02874726964021142,0.04775581320764589,0.4569699304300172,-0.1518154302821394,-0.2700833492862174,-0.0649577462807965
22.949,0.466,-0.03231121354806943,0.04950386081378738,0.4567383526534117,-0.1540086143723646,-0.26363333095949654,-0.06058759425594115
22.969,0.466,-0.03231121354806943,0.04950386081378738,0.4567383526534117,-0.1540086143723646,-0.26363333095949654,-0.06058759425594115
22.989,0.466,-0.02751420034481736,0.049026603763746256,0.45770448694562804,-0.1622597645884109,-0.27851182427674814,-0.060576641163485864
23.009,0.466,-0.03506403173710324,0.04929681388444807,0.4563646889094662,-0.16390155886821955,-0.2508771986851078,-0.05874074640970324
23.029,0.466,-0.03468472810877981,0.04941357955913033,0.4570524414726976,-0.1665541956379877,-0.25282624132164394,-0.06854714853389395
23.049,0.466,-0.03186390499612585,0.0478021850527418,0.45621198476566766,-0.1778010233808123,-0.27091545266321054,-0.07173227351110377
23.069,0.466,-0.03186390499612585,0.0478021850527418,0.45621198476566766,-0.1778010233808123,-0.27091545266321054,-0.07173227351110377
23.089,0.466,-0.03915246038890148,0.047676082735278666,0.45616456949441,-0.1655099600210887,-0.23994122435905085,-0.0799506143300669
23.109,0.466,-0.0385484995528571,0.04723984984411898,0.4556956284073131,-0.1688592839949554,-0.2445876553244102,-0.0854953441692194
23.129,0.466,-0.037565045970133125,0.04760206781714696,0.4555504898762576,-0.17004750872793842,-0.2508708507714896,-0.08416895056056123
23.149,0.466,-0.037411750710206866,0.047785357454611974,0.4554386092602164,-0.1719458633273164,-0.25282088597042707,-0.08070969212379493
23.169,0.466,-0.037411750710206866,0.047785357454611974,0.4554386092602164,-0.1719458633273164,-0.25282088597042707,-0.08070969212379493
23.189,0.466,-0.037141241067115846,0.04795528725776875,0.4556144980273383,-0.17415546250441044,-0.25540383164945496,-0.08134948902090601
23.209,0.466,-0.036224045363903605,0.04746990427815658,0.45542245844903206,-0.1756541507629213,-0.26100627127520326,-0.08563411375636833
23.229,0.466,-0.037150875458796535,0.0473739038623551,0.4551730446392317,-0.18060563137629404,-0.26186640950515067,-0.09260389420285106
23.249,0.466,-0.03668515509058625,0.047448064345414626,0.45523325718088054,-0.18318835511338866,-0.2685113871028562,-0.10413238576647535
23.269,0.466,-0.03668515509058625,0.047448064345414626,0.45523325718088054,-0.18318835511338866,-0.2685113871028562,-0.10413238576647535
23.289,0.466,-0.038906058097662594,0.047891267034468166,0.45513492508820125,-0.1855907819554536,-0.26589030506210665,-0.10665991065018873
23.309,0.466,-0.03862018878054888,0.04833731264435877,0.4563107743609181,-0.1961960230839699,-0.2920771318653543,-0.10637928965590372
23.329,0.466,-0.03781128385617721,0.04786819515894339,0.45529434343544484,-0.20623597551368528,-0.3007408080165427,-0.09541341422911966
23.349,0.466,-0.03515103970766159,0.047714792998486924,0.45523149736728,-0.21892152100682757,-0.3155697622491118,-0.07988870639883575
23.369,0.466,-0.03647950563099179,0.049310308814854154,0.4553151437612599,-0.21373120222637604,-0.31470145176859465,-0.07346012185903254
23.389,0.466,-0.03647950563099179,0.049310308814854154,0.4553151437612599,-0.21373120222637604,-0.31470145176859465,-0.07346012185903254
23.409,0.466,-0.033589106775524076,0.048204627703515246,0.45531727898297597,-0.22304384230366955,-0.326108011679924,-0.07341864510404936
23.429,0.466,-0.031819880405020796,0.04743136033059667,0.45883197622318533,-0.2170179852815842,-0.3193232179188385,-0.08515703201121044
23.449,0.466,-0.0336548333117226,0.048571045873210636,0.4586227693463937,-0.21607671728859099,-0.3190744075936766,-0.0896993699078642
23.469,0.466,-0.03358126167561238,0.04802661270504625,0.45801138083110965,-0.2200251303743314,-0.32380220802902826,-0.08914289390553286
23.489,0.466,-0.03358126167561238,0.04802661270504625,0.45801138083110965,-0.2200251303743314,-0.32380220802902826,-0.08914289390553286
23.509,0.466,-0.038018740850998926,0.04999800869191491,0.45617763643561815,-0.21084198272937105,-0.30964004676640305,-0.09106606869757813
23.529,0.466,-0.03790976175951863,0.04971009220587507,0.4558517989810369,-0.21304156181588377,-0.313503829438151,-0.08849309104467704
23.549,0.466,-0.03749175544019556,0.04970048221440764,0.45572721439426206,-0.21458302296827725,-0.31729695775978756,-0.08689349614248021
23.569,0.466,-0.03718057750121106,0.049385094343501384,0.45548988854732236,-0.21614994281018907,-0.31991525110527524,-0.08665724122953876
23.589,0.466,-0.03718057750121106,0.049385094343501384,0.45548988854732236,-0.21614994281018907,-0.31991525110527524,-0.08665724122953876
23.609,0.466,-0.03765382010527366,0.04936693108946859,0.4552765286076685,-0.21665433575361964,-0.31962883019506433,-0.08754967961307729
23.629,0.466,-0.03794921305185707,0.04876362211314536,0.45494335729899343,-0.2163662407865985,-0.3185734530857899,-0.08874299904402852
23.649,0.466,-0.03774087850586649,0.048996616836731545,0.4551554192099302,-0.2151709957371197,-0.3187944016268946,-0.09068565393320945
23.669,0.466,-0.03762989676584199,0.048565891298653165,0.45491033536196895,-0.21472506147036308,-0.3178793408050557,-0.09200480228077401
23.689,0.466,-0.03762989676584199,0.048565891298653165,0.45491033536196895,-0.21472506147036308,-0.3178793408050557,-0.09200480228077401
23.709,0.466,-0.037460299380017,0.04851298924483508,0.4549500089473003,-0.21296212505578055,-0.3161968327184533,-0.09275354844458475
23.729,0.466,-0.037673335067671926,0.04836826338380722,0.45482171769268237,-0.2117916750941852,-0.3131633727091823,-0.09345933025211998
23.749,0.466,-0.037823911689725764,0.048408791952515184,0.45483692681974575,-0.2102214882626753,-0.3103978536695736,-0.09356256216643637
23.769,0.466,-0.037566982170953715,0.04823772151302948,0.45481011135846333,-0.21024329171708508,-0.3083270920891238,-0.09525326655478289
23.789,0.466,-0.037566982170953715,0.04823772151302948,0.45481011135846333,-0.21024329171708508,-0.3083270920891238,-0.09525326655478289
23.809,0.466,-0.03788879941165401,0.04845241177511407,0.4548968860426277,-0.2090209765843616,-0.3047515039640838,-0.09627756231098752
23.829,0.466,-0.038382775348896746,0.048760248079531596,0.4550751194891045,-0.20680214573423666,-0.30014838383830644,-0.09818067904117626
23.849,0.466,-0.03782411842551991,0.04851841717597811,0.4550445335909809,-0.20723052922635313,-0.29935331133138515,-0.09995556011538391
23.869,0.466,-0.037807311983719755,0.04863923267343983,0.4550720000457161,-0.20696207998966962,-0.2960777713377031,-0.10270311360820407
23.889,0.466,-0.037807311983719755,0.04863923267343983,0.4550720000457161,-0.20696207998966962,-0.2960777713377031,-0.10270311360820407
23.909,0.466,-0.03790557926987745,0.04857704105088303,0.45493577045839173,-0.20695891284232026,-0.29358009368511545,-0.1042777262823702
23.929,0.466,-0.03801868056329224,0.04901481278476633,0.45518659875690404,-0.20571681230026703,-0.2906413616911226,-0.10668268315745945
23.949,0.466,-0.038106403974489736,0.04926113244729406,0.45525006045118144,-0.20664358488971324,-0.2889528230036408,-0.10853062856977369
23.969,0.466,-0.038036183504866004,0.0496153972515018,0.4554589387101512,-0.2072260571987643,-0.28817736162249236,-0.11059722555637005
23.989,0.466,-0.038036183504866004,0.0496153972515018,0.4554589387101512,-0.2072260571987643,-0.28817736162249236,-0.11059722555637005
24.009,0.466,-0.037758606181659236,0.04975479017531147,0.45552349740925896,-0.20848723376887746,-0.2883537344052963,-0.11249584735800408
24.029,0.466,-0.03825237799404621,0.0503511490909799,0.45575561479894056,-0.20874813984486593,-0.28694624619088804,-0.11344235039709684
24.049,0.466,-0.03797953947458598,0.050354571691324235,0.4557361223627217,-0.21136608973428442,-0.2876790046451427,-0.11464172545379653
24.069,0.466,-0.03788160876963208,0.05045991062994433,0.455637852592719,-0.21462288689088213,-0.2885578138741034,-0.11442768839758811
24.089,0.466,-0.03788160876963208,0.05045991062994433,0.455637852592719,-0.21462288689088213,-0.2885578138741034,-0.11442768839758811
24.109,0.466,-0.03781763202939696,0.0506475817042724,0.45572876820414077,-0.21555854181149833,-0.28905644621292026,-0.11415163706387302
24.129,0.466,-0.03773253953195209,0.05099049651720471,0.45587695290008984,-0.21742027773961242,-0.2912203060438031,-0.11195307807716896
24.149,0.466,-0.03769105639064937,0.051014763951694415,0.45580005063363943,-0.2196926772703797,-0.29309766594164666,-0.1100737421148937
24.169,0.466,-0.0377758682708981,0.050858665495113836,0.4556483522921516,-0.22225158433418374,-0.29478360210794524,-0.10779082213461462
24.189,0.466,-0.0377758682708981,0.050858665495113836,0.4556483522921516,-0.22225158433418374,-0.29478360210794524,-0.10779082213461462
24.209,0.466,-0.03768492442085416,0.0504823488544543,0.4554338684383543,-0.2236964951847501,-0.29593330564001574,-0.10706642875567317
24.229,0.466,-0.03728747997978678,0.050079489491027016,0.45529746632036416,-0.22543130618691928,-0.2986033065202232,-0.10583287298244505
24.249,0.466,-0.03741835863490549,0.04974338669707019,0.4550601479620664,-0.22606918176618143,-0.2988947247263666,-0.10455203235372608
24.269,0.466,-0.036970794389547194,0.04931847146934151,0.45490656936602375,-0.22600774132595822,-0.30072028751929336,-0.10344521964695379
24.289,0.466,-0.036970794389547194,0.04931847146934151,0.45490656936602375,-0.22600774132595822,-0.30072028751929336,-0.10344521964695379
24.309,0.466,-0.037112241826997384,0.04889978051907933,0.4546488866592968,-0.22516927121856692,-0.3007020853871953,-0.10226847459972349
24.329,0.466,-0.036453070163875737,0.04848963879361022,0.45466664592837625,-0.2236013387494243,-0.303344461680215,-0.10091617459537366
24.349,0.466,-0.03652794438059399,0.04825896866143666,0.45458135478650147,-0.22232516341243128,-0.3035956272873932,-0.10099665877040541
24.369,0.466,-0.036293512573600396,0.04797668052398955,0.454588596620091,-0.22058114041960156,-0.304212873585947,-0.10217280242680916
24.389,0.466,-0.036293512573600396,0.04797668052398955,0.454588596620091,-0.22058114041960156,-0.304212873585947,-0.10217280242680916
24.409,0.466,-0.03639207932238853,0.04774160802295085,0.4545638992958272,-0.21852580307109049,-0.3041340803177916,-0.10295557860026203
24.429,0.466,-0.03657790057933405,0.04756525386521175,0.4545534748986448,-0.21656206619292587,-0.3035956777479733,-0.10362409262825686
24.449,0.466,-0.03647144284918127,0.04769530909686173,0.45478358098937227,-0.2144678783084633,-0.304204299600668,-0.10365712964806979
24.469,0.466,-0.036841628240392915,0.047759129371363396,0.4547860533334613,-0.21218209831108123,-0.30288533999189476,-0.10306925655707198
24.489,0.466,-0.036841628240392915,0.047759129371363396,0.4547860533334613,-0.21218209831108123,-0.30288533999189476,-0.10306925655707198
24.509,0.466,-0.03707150533797831,0.04788216553173739,0.45489098882076756,-0.21047458500225522,-0.3026809886546377,-0.10216294678290275
24.529,0.466,-0.036816398587520366,0.047921793522120816,0.45501111741216643,-0.2105418758011433,-0.3046039402718623,-0.10090693258995267
24.549,0.466,-0.03724864548243958,0.048125491880066436,0.45503528457881876,-0.20952191961393973,-0.30408723330808524,-0.10033366781652978
24.569,0.466,-0.03759832556365724,0.048115778515232986,0.4550459034056105,-0.2093557952907671,-0.3039356201954446,-0.10018861291164462
24.589,0.466,-0.03759832556365724,0.048115778515232986,0.4550459034056105,-0.2093557952907671,-0.3039356201954446,-0.10018861291164462
24.609,0.466,-0.03750576023674045,0.048385472558784615,0.45519144724985494,-0.20949577914306464,-0.30522114295538283,-0.09998071334749863
24.629,0.466,-0.038225522894210516,0.048402845098543645,0.45509913303167737,-0.20963071957236723,-0.30330322780589736,-0.0993820167198834
24.649,0.466,-0.038173448013212166,0.048832145549174616,0.4553522526698591,-0.20969741190060695,-0.30397587609215454,-0.0989148615757048
24.669,0.466,-0.038138956621356114,0.04887891646128245,0.4553424437175581,-0.20989332603787278,-0.30439141447282053,-0.09875815690569612
24.689,0.466,-0.038138956621356114,0.04887891646128245,0.4553424437175581,-0.20989332603787278,-0.30439141447282053,-0.09875815690569612
24.709,0.466,-0.03830533015341088,0.049042447415251295,0.4552600395354451,-0.21107920092650376,-0.304603579268225,-0.0987921498852931
24.729,0.466,-0.03846396544914443,0.04919988122019899,0.4552228233997947,-0.21279020902727877,-0.30449451333194466,-0.09914903629663609
24.749,0.466,-0.03846528680797074,0.04922590522917015,0.45520474702800917,-0.213547217882816,-0.30406693316267,-0.10048274236656915
24.769,0.466,-0.038636189536904876,0.04917690782427447,0.45512766617326794,-0.21372291832901327,-0.3021643188433279,-0.10260123645741129
24.789,0.466,-0.038636189536904876,0.04917690782427447,0.45512766617326794,-0.21372291832901327,-0.3021643188433279,-0.10260123645741129
24.809,0.466,-0.038319418688589964,0.049428700378565324,0.4553065076137072,-0.2145468007934536,-0.30205364943965163,-0.10392788773682729
24.829,0.466,-0.03854424680151295,0.049759765537170875,0.45531958735620703,-0.21537403140246833,-0.30042900078825585,-0.1044806363647273
24.849,0.466,-0.03861845576206894,0.04970164052661452,0.4551688985966246,-0.2168518877456663,-0.2994938778001349,-0.10516289986268951
24.869,0.466,-0.0383382894957585,0.049857654651756136,0.4552487688395649,-0.2175572625105846,-0.2997696200334187,-0.10602834950728643
24.889,0.466,-0.0383382894957585,0.049857654651756136,0.4552487688395649,-0.2175572625105846,-0.2997696200334187,-0.10602834950728643
24.909,0.466,-0.038171258350923755,0.049492519837070356,0.4550198760483916,-0.21887025153590514,-0.2987838236576084,-0.10771055751119185
24.929,0.466,-0.038394828735565774,0.04965540300964299,0.454951024393796,-0.21989577194227297,-0.2964705134888566,-0.10902840096961276
24.949,0.466,-0.03824143753871947,0.049468519535062094,0.45493513218841786,-0.22015797305764767,-0.29506238201869855,-0.1099746503115996
24.969,0.466,-0.0380787423852544,0.04970689978913048,0.4550440170164213,-0.21961392114908093,-0.29399820007003963,-0.11059012817127632
24.989,0.466,-0.0380787423852544,0.04970689978913048,0.4550440170164213,-0.21961392114908093,-0.29399820007003963,-0.11059012817127632
25.009,0.466,-0.0377200132289452,0.050042147849440034,0.4552871293179272,-0.22122924537924402,-0.29466090859921235,-0.11161249474662126
25.029,0.466,-0.019750864269719722,0.047707078519404506,0.46043159845145576,-0.208378413175913,-0.36004457913740373,-0.10654239866533051
25.049,0.466,0.012608708695255252,0.04018347989599165,0.4593070239088415,-0.27790033504353245,-0.4560061537789412,0.009515612517526811
25.069,0.466,0.006750228103215574,0.03736514894030161,0.4546118467149435,-0.2913897289756209,-0.3868954242821684,0.1466707198126246
25.089,0.466,0.006750228103215574,0.03736514894030161,0.4546118467149435,-0.2913897289756209,-0.3868954242821684,0.1466707198126246
25.109,0.466,0.011848443049302368,0.037661060707052205,0.4551605461703167,-0.2672457723966788,-0.32297920813094816,0.21734387501763788
25.129,0.466,0.015820210522686198,0.036785353875423234,0.452755974150119,-0.25893158262049193,-0.2510573145748238,0.3063018608010014
25.149,0.466,-0.011321300523084084,0.03806809982666755,0.4538406517293568,-0.2143443530157261,-0.11385907725883374,0.2209544131449117
25.169,0.466,-0.03066033281516652,0.03961756209093099,0.452664733428196,-0.17004609394139303,-0.017908116173648226,-0.11137481528331376
25.189,0.466,-0.03066033281516652,0.03961756209093099,0.452664733428196,-0.17004609394139303,-0.017908116173648226,-0.11137481528331376
25.209,0.466,-0.031256206323518936,0.037169622527593975,0.45441260906303144,-0.1544051506236202,-0.016982500165818214,-0.502720970330725
25.229,0.466,-0.02022791747359692,0.033253899316705145,0.4602360060395187,-0.1795816648055665,-0.07458276063807918,-0.7768110538897699
25.249,0.466,-0.015741844468922694,0.03790095238413313,0.4654800197232856,-0.18086671935529636,-0.09760894196595245,-0.8399494995962526
25.269,0.466,-0.014239023467657357,0.03447950573133244,0.4575461903761366,-0.19917597607533438,-0.09137548545226327,-0.6450734415471744
25.289,0.466,-0.014239023467657357,0.03447950573133244,0.4575461903761366,-0.19917597607533438,-0.09137548545226327,-0.6450734415471744
25.309,0.466,-0.016580166294130876,0.03772182383478513,0.45273286944290514,-0.19860543774480635,-0.05267881317212174,-0.3530179730996298
25.329,0.466,-0.013562040734268614,0.037860703569514605,0.4512024343535366,-0.21930915526051253,-0.049057402406866166,-0.039076733750507894
25.349,0.466,-0.0007606683901899529,0.039698703064253396,0.4546765780992215,-0.2353754890901261,-0.11314791555230788,0.14485576963105196
25.369,0.466,0.005609252950961266,0.039565386905868485,0.4547350411043909,-0.26252200772594975,-0.18826451538103348,0.14950981550083436
25.389,0.466,0.005609252950961266,0.039565386905868485,0.4547350411043909,-0.26252200772594975,-0.18826451538103348,0.14950981550083436
25.409,0.466,0.00459116730956443,0.041915296329147055,0.4559153831344294,-0.27360663880215075,-0.24471296253522531,0.021333090296503373
25.429,0.466,-0.0010729088664537703,0.04448759123874644,0.4565890884998837,-0.2707289829805634,-0.27764474354863383,-0.12995195836135595
25.449,0.466,-0.013767014103469331,0.04946482519210205,0.4574762413511564,-0.2670533173921866,-0.2755219511660126,-0.21974691337803148
25.469,0.466,-0.02756278559761748,0.05200594473737741,0.4564259231592738,-0.2645121403202003,-0.258813271022882,-0.2611739705559738
25.489,0.466,-0.02756278559761748,0.05200594473737741,0.4564259231592738,-0.2645121403202003,-0.258813271022882,-0.2611739705559738
25.509,0.466,-0.045757954995101546,0.055408173112601454,0.4534854092610557,-0.2476893622498262,-0.22714107148428223,-0.2896454017843434
25.529,0.466,-0.05183197615183296,0.05627303318991,0.45254618083719733,-0.24473468369069093,-0.25109784591077533,-0.30113576004771203
25.549,0.466,-0.04705446154951791,0.05603129842024966,0.4537819299298691,-0.24655148600188695,-0.3269360894706877,-0.2886954869167401
25.569,0.466,-0.03819855807772146,0.05696092809682155,0.45580043331955056,-0.26091402040691475,-0.4173176715733183,-0.2204706722036665
25.589,0.466,-0.03819855807772146,0.05696092809682155,0.45580043331955056,-0.26091402040691475,-0.4173176715733183,-0.2204706722036665
25.609,0.466,-0.03279427346274423,0.056672869006815396,0.4552970587084228,-0.2922163635014867,-0.4671915174664699,-0.09642566062679502
25.629,0.466,-0.03375364972406313,0.05951643163801632,0.45518979813925486,-0.322163927565164,-0.47880608524626833,0.061304962084390915
25.649,0.466,-0.03571468642779124,0.05793319605787859,0.45233930417175217,-0.34432122913622687,-0.4748707059745662,0.19192295241637672
25.669,0.466,-0.042579431526523284,0.058295404029372104,0.4516423881033079,-0.34093027370621076,-0.4662970710765603,0.22370281106663364
25.689,0.466,-0.042579431526523284,0.058295404029372104,0.4516423881033079,-0.34093027370621076,-0.4662970710765603,0.22370281106663364
25.709,0.466,-0.05009302677826842,0.056243438692155846,0.4512966928818951,-0.3050585709754571,-0.4654659271584153,0.11916535435325154
25.729,0.466,-0.05404055844910165,0.05379513196420359,0.45159686538593174,-0.25785730104875304,-0.48689912743214164,-0.0294517320944034
25.749,0.466,-0.054266043332531384,0.0519273752061059,0.4548519021355616,-0.21272679849149703,-0.5064206407087579,-0.16135883901088832
25.769,0.466,-0.056959400515656726,0.04989706803602523,0.4557304805756595,-0.1774649461629961,-0.4902889873881928,-0.2324014490200694
25.789,0.466,-0.056959400515656726,0.04989706803602523,0.4557304805756595,-0.1774649461629961,-0.4902889873881928,-0.2324014490200694
25.809,0.466,-0.0575000677678058,0.05013850360941455,0.45616566266327424,-0.1686156451933787,-0.46806013357503023,-0.19525372505719812
25.829,0.466,-0.053640254413922464,0.04655341827328826,0.4537647209056595,-0.18461641115046917,-0.4399564073436815,-0.08402252579040477
25.849,0.466,-0.05121449052780643,0.04595986958256436,0.4534600326788057,-0.18658297554453768,-0.4127847486041396,0.028565825398251723
25.869,0.466,-0.04682453154731336,0.0451189941875915,0.45363988673757566,-0.19411471658356452,-0.40405158752141107,0.09244019816561629
25.889,0.466,-0.04682453154731336,0.0451189941875915,0.45363988673757566,-0.19411471658356452,-0.40405158752141107,0.09244019816561629
25.909,0.466,-0.04245931450259542,0.04214989140923042,0.45351773444512117,-0.18692275629117538,-0.4029699602861765,0.09548832786943619
25.929,0.466,-0.03498189787599006,0.0387354945447612,0.4547760413920313,-0.1699548919497414,-0.41313413626465506,0.04979878176883675
25.949,0.466,-0.03207696744950585,0.03762364286694756,0.4555363596344136,-0.16049090086515552,-0.39876807945268844,-0.0016677324244496782
25.969,0.466,-0.03655524646405317,0.03683687455791781,0.45477894977781885,-0.15455953556738258,-0.34542073257381417,-0.051260180172093224
25.989,0.466,-0.03655524646405317,0.03683687455791781,0.45477894977781885,-0.15455953556738258,-0.34542073257381417,-0.051260180172093224
26.009,0.466,-0.040391156773189815,0.03768266585215908,0.45520466229615,-0.1494754896725031,-0.2961767590255858,-0.0982116949616191
26.029,0.466,-0.040071995515632765,0.037313875705300814,0.455291396855184,-0.15954238284585315,-0.26970086989520803,-0.14462682945195873
26.049,0.466,-0.03923564220441963,0.03682070001284909,0.45504399029908676,-0.1661836348235103,-0.2558280350443931,-0.1972069329597705
26.069,0.466,-0.031783269379454235,0.03905981760922844,0.45727350510745285,-0.1737691072217439,-0.2708415552196912,-0.24614338871619335
26.089,0.466,-0.031783269379454235,0.03905981760922844,0.45727350510745285,-0.1737691072217439,-0.2708415552196912,-0.24614338871619335
26.109,0.466,-0.02946731178540211,0.04080456899798151,0.4566333797867565,-0.18715908323960784,-0.2656643692309177,-0.255727941928821
26.129,0.466,-0.027162901978497217,0.04362323970584654,0.45578914695047223,-0.2096732220866437,-0.2574053365834283,-0.21686888443308258
26.149,0.466,-0.026624420771499836,0.04615248283837873,0.4552090092137956,-0.22903289408524152,-0.23697943820937792,-0.16152907943713948
26.169,0.466,-0.025609857654207313,0.048922137857052864,0.45475535949852613,-0.2569904063834467,-0.22211903132374555,-0.12554251779939268
26.189,0.466,-0.025609857654207313,0.048922137857052864,0.45475535949852613,-0.2569904063834467,-0.22211903132374555,-0.12554251779939268
26.209,0.466,-0.020236681300283742,0.051650032988675945,0.45597667087278754,-0.2833243819169045,-0.239979188637586,-0.11666364615472882
26.229,0.466,-0.01839103880341285,0.05139411552047461,0.4545361366551936,-0.3148870508079459,-0.25270553290951997,-0.1485671873249307
26.249,0.466,-0.020792219036116173,0.054834322476133054,0.45533364041765184,-0.32508380218338834,-0.2541395432817282,-0.2044364307237336
26.269,0.466,-0.023353635569440236,0.059331409884846614,0.4551611937613097,-0.33595211863829283,-0.2588358917074435,-0.2357525288710205
26.289,0.466,-0.023353635569440236,0.059331409884846614,0.4551611937613097,-0.33595211863829283,-0.2588358917074435,-0.2357525288710205
26.309,0.466,-0.02256515413990908,0.0621349744337156,0.45590204666188355,-0.34305314345498317,-0.26156943254299414,-0.2419268772610537
26.329,0.466,-0.022515428787458186,0.06403520297838308,0.45474155555879237,-0.35612489790817076,-0.26409274433267377,-0.22093769966372354
26.349,0.466,-0.02236314274003415,0.06492226951655682,0.4547801330889031,-0.35317399205591987,-0.26298547375725334,-0.20393889263968978
26.369,0.466,-0.02399881917852017,0.06468771213621351,0.45437641911757,-0.3534148338233542,-0.2669135536761912,-0.1903899616729845
26.389,0.466,-0.02399881917852017,0.06468771213621351,0.45437641911757,-0.3534148338233542,-0.2669135536761912,-0.1903899616729845
26.409,0.466,-0.02411317604510983,0.06499539906488375,0.45535826988552464,-0.3542205630528149,-0.28031249757902266,-0.1863507363945466
26.429,0.466,-0.021424034271989807,0.06384019358270746,0.45516508407325973,-0.3598578735578706,-0.30232016377111054,-0.18201601052264121
26.449,0.466,-0.024731976421409348,0.06264538310421243,0.4557814219001138,-0.3491257706873422,-0.3026199102499208,-0.17139135759728333
26.469,0.466,-0.026348245255340928,0.061234231218677576,0.4550782063306057,-0.3378498852649503,-0.30382885218479216,-0.15667214348777478
26.489,0.466,-0.026348245255340928,0.061234231218677576,0.4550782063306057,-0.3378498852649503,-0.30382885218479216,-0.15667214348777478
26.509,0.466,-0.028957540729409436,0.06052544428875321,0.4543513475733769,-0.32413301962057517,-0.3036697465406213,-0.1469689793550242
26.529,0.466,-0.029614873593297904,0.05795422658457287,0.4543294389578769,-0.30080439914829776,-0.31599636285476534,-0.14590419606177207
26.549,0.466,-0.031704624540805276,0.05482955452013491,0.4542902941692956,-0.28415309799841726,-0.32320784067279246,-0.15399304461043525
26.569,0.466,-0.03223661449481702,0.053896072870020184,0.45656459991589127,-0.2546341463561271,-0.3316211175308017,-0.16664117786853042
26.589,0.466,-0.03223661449481702,0.053896072870020184,0.45656459991589127,-0.2546341463561271,-0.3316211175308017,-0.16664117786853042
26.609,0.466,-0.03389376111959067,0.0507692553855259,0.4556569265831535,-0.24337399561760945,-0.34071692001008824,-0.1526507083990452
26.629,0.466,-0.037761364160953756,0.04761123950071736,0.45519575705318993,-0.22172218300871788,-0.33398938546194873,-0.13659828659969261
26.649,0.466,-0.039580565145682374,0.04514688549708081,0.45488661764008537,-0.2049535085092826,-0.3344652074669159,-0.11120980252272442
26.669,0.466,-0.038094900860262036,0.04345048634508519,0.4552603638711295,-0.19575014885950867,-0.35248659757121653,-0.07965559602486058
26.689,0.466,-0.038094900860262036,0.04345048634508519,0.4552603638711295,-0.19575014885950867,-0.35248659757121653,-0.07965559602486058
26.709,0.466,-0.03948857220256509,0.04188519659776084,0.45511751199691497,-0.18743134648223572,-0.3566812038121171,-0.06951805564281174
26.729,0.466,-0.04106900678424855,0.040846217235279446,0.4554472548547091,-0.1729446743631383,-0.36676985395496325,-0.055228496106112746
26.749,0.466,-0.04269827694449543,0.03966808307556162,0.4559095466135752,-0.15759862386010218,-0.3693197231387531,-0.05177989195253036
26.769,0.466,-0.03441032542908393,0.03960511431941181,0.4581541081976894,-0.18545669339902668,-0.42979898478618467,-0.050885787958616605
26.789,0.466,-0.03441032542908393,0.03960511431941181,0.4581541081976894,-0.18545669339902668,-0.42979898478618467,-0.050885787958616605
26.809,0.466,-0.00290754222903681,0.02940597623107392,0.4591142093763741,-0.15872005081027965,-0.5814833976408063,-0.10845144986766238
26.829,0.466,0.019988559376519284,0.025758886093634602,0.4619416176299345,-0.19739262749192452,-0.6444336732561715,-0.16436258213659208
26.849,0.466,0.02759458784321246,0.024821838029664905,0.4581542283079505,-0.1529390365025417,-0.5990136471182722,-0.18024735679010728
26.869,0.466,0.015309054307085342,0.019512015361067992,0.451018169852695,-0.19754500373981734,-0.39765998331225244,0.011906005461943805
26.889,0.466,0.015309054307085342,0.019512015361067992,0.451018169852695,-0.19754500373981734,-0.39765998331225244,0.011906005461943805
26.909,0.466,0.015461468800724892,0.01662661382895415,0.4481163520206574,-0.19001123801646708,-0.2573467597626844,0.3360521744531253
26.929,0.466,0.007134764422815352,0.026752472261171802,0.4500296542315785,-0.1308038480591435,-0.13032793562956937,0.45958393562079647
26.949,0.466,-0.020954997903596794,0.0327457107086505,0.4543289959057006,-0.08555228037051513,0.04860950517937137,0.16502235081067435
26.969,0.466,-0.028781173785015057,0.02285144400410049,0.44945603606227463,-0.08876653239261179,0.09181228727030116,-0.37251472093663157
27.029,0.466,0.01058236900730048,0.031798854894616396,0.46738498628649905,-0.2095180540694065,-0.10790992076258005,-1.0309251411019766
27.049,0.466,0.012729778128051067,0.03674801997062698,0.4666492586338288,-0.23876690580889692,-0.08526431791042109,-0.9384689584722096
27.069,0.466,0.00550175334752506,0.032086607779600776,0.45239766783271124,-0.27398195880100995,0.00547132164610937,-0.565648979872755
27.089,0.466,0.00550175334752506,0.032086607779600776,0.45239766783271124,-0.27398195880100995,0.00547132164610937,-0.565648979872755
27.109,0.466,-0.017199338607297717,0.03636494920054564,0.4444227535415113,-0.26153971862776143,0.14177995926671114,-0.15269107666697976
27.129,0.466,0.0027745078904245473,0.04588722870310617,0.4519144967545372,-0.26044468195685677,0.053088033793759225,0.058480582773089144
27.149,0.466,0.016662733850832476,0.05192177490366855,0.4546287721893597,-0.299274915943942,-0.07085152583180658,-0.0372937847880933
27.169,0.466,0.02636075423877166,0.05209420987694528,0.4528588944955214,-0.3491044143710031,-0.2144883486008133,-0.24256125416672636
27.189,0.466,0.02636075423877166,0.05209420987694528,0.4528588944955214,-0.3491044143710031,-0.2144883486008133,-0.24256125416672636
27.209,0.466,0.02618117934398653,0.06262347293893376,0.4575670144625865,-0.36303777356039335,-0.3038127217588419,-0.3893038066911367
27.229,0.466,0.014836112356781452,0.06501902961466101,0.45626904281737907,-0.38456569946292235,-0.2948250950559053,-0.35261832549134986
27.249,0.466,-0.006687350365892596,0.06811766937172901,0.4529361075615618,-0.41009662135436253,-0.22122398345601896,-0.2265068391441622
27.269,0.466,-0.029742375526544806,0.07314738534202542,0.44819323154075497,-0.4084500550169829,-0.1541493508476496,-0.17036860361270023
27.289,0.466,-0.029742375526544806,0.07314738534202542,0.44819323154075497,-0.4084500550169829,-0.1541493508476496,-0.17036860361270023
27.309,0.466,-0.04408505561622307,0.0777837921752227,0.44756710400168964,-0.3886019035223153,-0.1723601858524238,-0.21034381616048575
27.329,0.466,-0.03569634913907664,0.07681409095323852,0.4514138875143164,-0.3790874302695783,-0.3216655386884461,-0.31918898292934506
27.349,0.466,-0.027926521937377328,0.08078657830493384,0.4582645665946433,-0.3505252940704556,-0.4820855981122889,-0.3803499658240877
27.369,0.466,-0.025373131221014672,0.0787122957534784,0.45815586899657945,-0.33621955698384876,-0.549277696844542,-0.3332034957508956
27.389,0.466,-0.025373131221014672,0.0787122957534784,0.45815586899657945,-0.33621955698384876,-0.549277696844542,-0.3332034957508956
27.409,0.466,-0.025088174141777535,0.07341898862680167,0.4535152158981949,-0.3611590347535348,-0.5610489423345786,-0.13517431976572677
27.429,0.466,-0.030244371968687622,0.07353942563090171,0.449955839737442,-0.39377452154669995,-0.5091470649330229,0.12015163995144625
27.449,0.466,-0.0417861300397023,0.07458862244147645,0.450568958398455,-0.39526529360808016,-0.458327541986934,0.2804825880894144
27.469,0.466,-0.05050219358243642,0.07003121264096825,0.4513157602696528,-0.34796700363919725,-0.46824103473007217,0.22218053118363548
27.489,0.466,-0.05050219358243642,0.07003121264096825,0.4513157602696528,-0.34796700363919725,-0.46824103473007217,0.22218053118363548
27.509,0.466,-0.05236893813254494,0.05924085366141037,0.4502865206690552,-0.27596532700922655,-0.5372841041273557,0.036498527309647255
27.529,0.466,-0.05173550751645851,0.053049140198085716,0.4543960927264422,-0.17610966950855186,-0.6057385683920474,-0.15638844155245443
27.549,0.466,-0.05266596438633981,0.05148323078941738,0.45984244889978165,-0.08891543935191609,-0.6175975638265992,-0.2649229598438065
27.569,0.466,-0.05653034889790607,0.044758945369034436,0.45730563250159173,-0.07552199074497402,-0.5743591763039536,-0.20869825161169764
27.589,0.466,-0.05653034889790607,0.044758945369034436,0.45730563250159173,-0.07552199074497402,-0.5743591763039536,-0.20869825161169764
27.609,0.466,-0.06214939905565536,0.0401682789328985,0.45270243611209254,-0.08876226564733541,-0.5023118620418352,-0.03765181677359952
27.629,0.466,-0.0630412194872014,0.038939619164596886,0.45234976708150804,-0.09915548604091748,-0.4561813198800505,0.1501144836718253
27.649,0.466,-0.06045751359834341,0.03675865069118869,0.4543495584836759,-0.09523974438589956,-0.4442908845120854,0.2528187494521803
27.669,0.466,-0.05247658679940701,0.03121607836933314,0.4549785597558288,-0.06898942619998975,-0.4685319810270853,0.2322838601721559
27.689,0.466,-0.05247658679940701,0.03121607836933314,0.4549785597558288,-0.06898942619998975,-0.4685319810270853,0.2322838601721559
27.709,0.466,-0.03778631476421396,0.02695781328462943,0.4577961763455924,-0.0237854870357146,-0.5161650819980012,0.13403198826343227
27.729,0.466,-0.02978301652684157,0.025715275074763524,0.4593696919514276,0.013290529145341555,-0.5219138758673808,0.0562450909431214
27.749,0.466,-0.032118378001710746,0.023491602562397153,0.4579127049636941,0.0152887495088386,-0.4699124402509535,0.04507418039218187
27.769,0.466,-0.03836459832362732,0.0235879104285689,0.4571244326377954,0.006229868436784932,-0.3925939877134793,0.0724986604314454
27.789,0.466,-0.03836459832362732,0.0235879104285689,0.4571244326377954,0.006229868436784932,-0.3925939877134793,0.0724986604314454
27.809,0.466,-0.04379044793776988,0.02391210541028915,0.4568132002323606,-0.011273620919228799,-0.31708487016397036,0.09109527629426878
27.829,0.466,-0.044168608105589854,0.022484000579146433,0.4562388627612098,-0.030946049014247835,-0.280209708153107,0.062490266595370304
27.849,0.466,-0.034920351275627586,0.02264664266413436,0.45774829237375725,-0.041006287554415405,-0.29362460549073804,-0.049367369171716066
27.869,0.466,-0.02523444801129866,0.02565705291004692,0.46021521568839063,-0.053912048457276825,-0.3162663177985831,-0.16821320692479427
27.889,0.466,-0.02523444801129866,0.02565705291004692,0.46021521568839063,-0.053912048457276825,-0.3162663177985831,-0.16821320692479427
27.909,0.466,-0.019585769938655153,0.030420077670218603,0.4603482743181642,-0.0760957372872363,-0.3253041515801792,-0.2177194442572478
27.929,0.466,-0.0182669352920805,0.03466448870571632,0.4587293125508876,-0.11302966041957183,-0.3053032269432411,-0.18471203408071568
27.949,0.466,-0.020506939692880862,0.04141724809003442,0.4574793623970782,-0.15299632813892838,-0.2606432567243386,-0.10386929230883094
27.969,0.466,-0.021808750009231295,0.04700104335242592,0.4561655700527312,-0.20602863649728967,-0.22154729012453528,-0.0333384236066768
27.989,0.466,-0.021808750009231295,0.04700104335242592,0.4561655700527312,-0.20602863649728967,-0.22154729012453528,-0.0333384236066768
28.009,0.466,-0.021191555630065473,0.05093814146951487,0.45558152069895375,-0.24929415508835062,-0.20318353152712462,-0.03790067600234779
28.029,0.466,-0.014919262526094747,0.05532046648074305,0.455876156255516,-0.2870891797517633,-0.23234199725679017,-0.11840457946678079
28.049,0.466,-0.0054284768490326304,0.0601853969308317,0.45792153190188234,-0.31717706370536575,-0.2816560471883193,-0.2395582724574796
28.069,0.466,-0.005907491446158614,0.06505117832705078,0.45846867110568224,-0.3391779622989953,-0.29556543092852977,-0.31041674546988396
28.089,0.466,-0.005907491446158614,0.06505117832705078,0.45846867110568224,-0.3391779622989953,-0.29556543092852977,-0.31041674546988396
28.109,0.466,-0.006511831648337897,0.06904246926691984,0.45532528813699086,-0.37681893817600803,-0.28986259165980205,-0.3092401138060252
28.129,0.466,-0.011393682405204067,0.07549220338869062,0.4543981378168637,-0.38654425338531645,-0.2532544023551439,-0.26209069663620843
28.149,0.466,-0.013848760693687245,0.07611688651734955,0.4525791587465414,-0.40097904955758684,-0.22166784647780963,-0.1985320671894879
28.169,0.466,-0.015415185729608214,0.07665961278415051,0.4508772139863238,-0.41344217042288534,-0.20772769981591283,-0.1756111973293179
28.189,0.466,-0.015415185729608214,0.07665961278415051,0.4508772139863238,-0.41344217042288534,-0.20772769981591283,-0.1756111973293179
28.209,0.466,-0.010526467241742646,0.07671777868926874,0.45285367137859966,-0.42214307578325777,-0.23686549144697885,-0.1963836868844695
28.229,0.466,-0.006918181620153718,0.07705834926098902,0.45556002564991993,-0.41942228847362767,-0.27713139614234555,-0.22601749675235325
28.249,0.466,-0.003142440960176635,0.07351262039646068,0.4557622728635939,-0.4097592272120819,-0.30685627322459386,-0.2458271668415035
28.269,0.466,-0.006905467574400233,0.07142150397423463,0.45440361447989736,-0.3929189763244446,-0.29890389064042583,-0.23373719252304362
28.289,0.466,-0.006905467574400233,0.07142150397423463,0.45440361447989736,-0.3929189763244446,-0.29890389064042583,-0.23373719252304362
28.309,0.466,-0.014546320628759725,0.0724236102825646,0.4552684016539994,-0.36000840253392485,-0.2704762636585445,-0.20967530415672214
28.329,0.466,-0.01884737720415854,0.0698152231302491,0.4535145239633883,-0.3372960605907666,-0.2653846081980564,-0.18595133432906574
28.349,0.466,-0.022744387477528032,0.06619939991659031,0.45474397970844427,-0.29813708960392693,-0.26617978973736284,-0.19648570944074586
28.369,0.466,-0.019827290199696892,0.05884074928569446,0.45508379611418487,-0.27330879915552936,-0.3048441884944033,-0.20959364265984817
28.389,0.466,-0.019827290199696892,0.05884074928569446,0.45508379611418487,-0.27330879915552936,-0.3048441884944033,-0.20959364265984817
28.409,0.466,-0.02381236882894557,0.055697295801560326,0.45680060533399397,-0.2331433706266379,-0.3119013038238231,-0.22633256191567755
28.429,0.466,-0.02640668950365568,0.05201807177925065,0.4572581555543643,-0.19754895755074084,-0.32268309247909116,-0.20767355268409893
28.449,0.466,-0.024235490939646973,0.04610492312671707,0.45750728646250893,-0.18003430164862472,-0.3456875455539715,-0.15130789650773313
28.469,0.466,-0.028504481209006904,0.04334846687084526,0.457171518149957,-0.15584965816550275,-0.34188501801094695,-0.0857629464789848
28.489,0.466,-0.028504481209006904,0.04334846687084526,0.457171518149957,-0.15584965816550275,-0.34188501801094695,-0.0857629464789848
28.509,0.466,-0.03401421175376931,0.04146282692313363,0.4576807747319695,-0.12383462081663095,-0.3405130807965918,-0.03257253655385198
28.529,0.466,-0.0351744028272189,0.03766449029865772,0.45717642307461,-0.10296615966067302,-0.36031114750140975,-0.00804294621250655
28.549,0.466,-0.036973575125833644,0.036096074471616384,0.4578560853226694,-0.07694865857700078,-0.3836447891700053,-0.001335565001037091
28.569,0.466,-0.03745769594787713,0.03263067617441396,0.4573804950027347,-0.05908633109629178,-0.410360291874523,-0.0017136240877341242
28.589,0.466,-0.03745769594787713,0.03263067617441396,0.4573804950027347,-0.05908633109629178,-0.410360291874523,-0.0017136240877341242
28.609,0.466,-0.03833137201936112,0.0304053656149898,0.4575225717678647,-0.05258145831974391,-0.43185911368723573,0.0018754829440650927
28.629,0.466,-0.040313663126976984,0.029673207496902027,0.4572693420007076,-0.04954618169796095,-0.4459020781890022,0.02460695288838977
28.649,0.466,-0.04170895492929322,0.029211661870785437,0.45724912233215836,-0.052986875649128816,-0.4549616773487591,0.050527243488921715
28.669,0.466,-0.04531778793265256,0.030160715152256996,0.45744238541359233,-0.047830909562652575,-0.45198291782044514,0.0694250673283417
28.689,0.466,-0.04531778793265256,0.030160715152256996,0.45744238541359233,-0.047830909562652575,-0.45198291782044514,0.0694250673283417
28.709,0.466,-0.04510262730391881,0.031066189835118566,0.45756007091603007,-0.0542627956967505,-0.4628366363360544,0.07204010041786849
28.729,0.466,-0.04282470865850355,0.03231306628821359,0.45785581334297193,-0.058822635537139296,-0.4777059257717936,0.06324061377049933
28.749,0.466,-0.044551161353827425,0.03440900376338192,0.45762232852210044,-0.06369407213173345,-0.4742341285958077,0.04778596713203001
28.769,0.466,-0.04302244401743705,0.0357953391223353,0.457712835519909,-0.07431895349850659,-0.4737172891959684,0.029161636741597295
28.789,0.466,-0.04302244401743705,0.0357953391223353,0.457712835519909,-0.07431895349850659,-0.4737172891959684,0.029161636741597295
28.809,0.466,-0.040916812891560406,0.037313060322827385,0.45749372517126735,-0.0982622160226131,-0.47121445791487176,0.022230398965912678
28.829,0.466,-0.03932017515078062,0.03965414087717661,0.4573039167748604,-0.11619364091479349,-0.46002681637262505,0.017844492049518077
28.849,0.466,-0.03770776114817638,0.04273335716501192,0.45805195560315304,-0.13556410269126887,-0.44325190680230486,0.00246787400196297
28.869,0.466,-0.036051072682166604,0.04464501119042141,0.45763951543945675,-0.15518745022586639,-0.42322682464128936,-0.023826214034503166
28.889,0.466,-0.03308350942901457,0.04727323625587147,0.4572965274979033,-0.1800213232991223,-0.4135640102288756,-0.046944156332561104
28.909,0.466,-0.03308350942901457,0.04727323625587147,0.4572965274979033,-0.1800213232991223,-0.4135640102288756,-0.046944156332561104
28.929,0.466,-0.03164903825633274,0.05069829791565882,0.45713768923384046,-0.19754538731267327,-0.38929533195954824,-0.08109417433994827
28.949,0.466,-0.028432991348100196,0.05235901485864975,0.4559394619585367,-0.22093707512377656,-0.37561556363810217,-0.09424444870117128
28.969,0.466,-0.023150118993729103,0.05525012855979413,0.4575362884596985,-0.23496160957864995,-0.3521576414681735,-0.1234791062419426
28.989,0.466,-0.023426152799489494,0.057839212944561874,0.4564241292833171,-0.25657220930546976,-0.31567564402898085,-0.13660380512931117
29.009,0.466,-0.023426152799489494,0.057839212944561874,0.4564241292833171,-0.25657220930546976,-0.31567564402898085,-0.13660380512931117
29.029,0.466,-0.018727442176978273,0.05854974997815022,0.4565483056044473,-0.27852966142655444,-0.29830771697654285,-0.1554937365007733
29.049,0.466,-0.019734129164153128,0.06043803779899294,0.45629258276861323,-0.2895554703018628,-0.26514450766702896,-0.18518402138121584
29.069,0.466,-0.015119934994606362,0.06290141945387183,0.4579269141581216,-0.2990775369948082,-0.2554486393650871,-0.21303856307452204
29.089,0.466,-0.01054259375179341,0.06407485645316083,0.4566360921386513,-0.31281394856175404,-0.2483224841970053,-0.22878158985182356
29.109,0.466,-0.01054259375179341,0.06407485645316083,0.4566360921386513,-0.31281394856175404,-0.2483224841970053,-0.22878158985182356
29.129,0.466,-0.002965951797485034,0.06638309474107928,0.4579124140288355,-0.3124315048448137,-0.2475135022152099,-0.21504031315008976
29.149,0.466,0.0028643250440707367,0.06648914744520718,0.4577384974999065,-0.2970234067161183,-0.23397018894790408,-0.18083502325873863
29.169,0.466,0.006452277954025942,0.06972912342185118,0.45867212315501676,-0.27030206983186467,-0.21195385413064455,-0.12580524956542044
29.189,0.466,0.006341049482452908,0.07173027556153895,0.4578126023873466,-0.23331461221798142,-0.1758645638291015,-0.05888133355667969
29.209,0.466,0.006341049482452908,0.07173027556153895,0.4578126023873466,-0.23331461221798142,-0.1758645638291015,-0.05888133355667969
29.229,0.466,0.009504190106736352,0.0701095151437249,0.45756013315352534,-0.1889209149348848,-0.15852212748713515,-0.004523973327733242
29.249,0.466,0.010058140441670563,0.06732063754031382,0.45756897969399984,-0.14642356645839852,-0.13380198891572923,0.019835116164609794
29.269,0.466,0.015906518919940618,0.0633662016309676,0.4597086111882674,-0.09079537010337758,-0.13712216245613273,0.03374633055533483
29.289,0.466,0.018678923884445378,0.0569313028569818,0.46103212580426745,-0.045580943355787745,-0.12274493604795002,0.006324618619918138
29.309,0.466,0.018678923884445378,0.0569313028569818,0.46103212580426745,-0.045580943355787745,-0.12274493604795002,0.006324618619918138
29.329,0.466,0.01611226024258534,0.04887830873522834,0.46310082924033485,0.01057461755417023,-0.09482635935186114,-0.03492057242752857
29.349,0.466,0.014635903894338147,0.041199614595165315,0.4645324958735397,0.06901449503112614,-0.07164608357891317,-0.06582672490498478
29.369,0.466,0.018421910305335784,0.03429555370665745,0.46562377319008286,0.13527741403387944,-0.06402122809452894,-0.07691837865042243
29.389,0.466,0.01844494711053531,0.02869247464128231,0.4662966898025353,0.20954107349978485,-0.04527730514108773,-0.071897212873091
29.409,0.466,0.01844494711053531,0.02869247464128231,0.4662966898025353,0.20954107349978485,-0.04527730514108773,-0.071897212873091
29.429,0.466,0.017956043651528895,0.02317584208063616,0.46714534379981393,0.2794650063968644,-0.03314787579549983,-0.042297734692316784
29.449,0.466,0.020860506353227448,0.016498613621574607,0.46766333383971836,0.3382329435077647,-0.04187927432880369,0.0007352671159794811
29.469,0.466,0.02382003522153844,0.00870014532259117,0.4677224209174067,0.3799166922615198,-0.05308957019495618,0.031947773519928675
29.489,0.466,0.02382003522153844,0.00870014532259117,0.4677224209174067,0.3799166922615198,-0.05308957019495618,0.031947773519928675
29.509,0.466,0.02300405209974809,0.001808815498769981,0.46822893091950685,0.41316587281765293,-0.050849037222510725,0.03908121198985032
29.529,0.466,0.021718841606764332,-0.004150372972205491,0.468601286062469,0.4367033640046343,-0.04656840677435872,0.030682764623660267
29.549,0.466,0.02022471795264439,-0.007952628623196702,0.4685940651484413,0.45343711588988755,-0.04086606113766175,0.010028801604833692
29.569,0.466,0.01571831728585739,-0.008805445249457136,0.4691493498727827,0.4698518995012403,-0.024752682221445495,-0.01743223466419341
29.589,0.466,0.012086389178803964,-0.007478425055865167,0.46954686736875884,0.48078522903438103,-0.018186558143099916,-0.03125953586425824
29.609,0.466,0.012086389178803964,-0.007478425055865167,0.46954686736875884,0.48078522903438103,-0.018186558143099916,-0.03125953586425824
29.629,0.466,0.012110920306420114,-0.006294462427791381,0.46908386068165087,0.4738071871295649,-0.03451382354509377,-0.022414717096556985
29.649,0.466,0.011560977680790032,-0.00363912041992677,0.4687730882536659,0.4554863662357981,-0.05440002979786161,-0.0009521399638870594
29.669,0.466,0.013422231643717062,-9.095705647337465e-05,0.4683606402499933,0.42322684084762074,-0.08431570728553567,0.023221596730126335
29.689,0.466,0.013422231643717062,-9.095705647337465e-05,0.4683606402499933,0.42322684084762074,-0.08431570728553567,0.023221596730126335
29.709,0.466,0.015038882437235009,0.004589716925499997,0.4680621472800555,0.3822816289390344,-0.11374340028522288,0.04511874369074938
29.729,0.466,0.013863361320070936,0.009862681561380333,0.46766401372750105,0.3356914611627558,-0.12935122427042633,0.0493748774451997
29.749,0.466,0.01004052467560422,0.01729069092039937,0.4674268421359561,0.2912937537887655,-0.13051487382165097,0.03105412194385435
29.769,0.466,0.0050317041575389555,0.025112859530070794,0.4667475206335832,0.24336277686916544,-0.12529929678779528,-0.0005359938474754656
29.789,0.466,0.004007249396396205,0.03282455283196221,0.46602681548424363,0.19199212717401667,-0.13624834190746363,-0.03277079662193493
29.809,0.466,0.004007249396396205,0.03282455283196221,0.46602681548424363,0.19199212717401667,-0.13624834190746363,-0.03277079662193493
29.829,0.466,0.0035543875730490748,0.03979605625816456,0.4651001478752893,0.13401139491251016,-0.1516926723519977,-0.048174633296112795
29.849,0.466,0.003545955074427712,0.045901802162337184,0.46459166749256137,0.07702190648572103,-0.16488529037492256,-0.049876440852848626
29.869,0.466,0.005405401841897138,0.05072767886748878,0.4638020243564948,0.012958249389164731,-0.18425040698213296,-0.02931439232225623
29.889,0.466,0.0030968391407947033,0.053171544218620505,0.46193989045371414,-0.04795212989838602,-0.18564145251136416,0.0016731745688584332
29.909,0.466,0.0030968391407947033,0.053171544218620505,0.46193989045371414,-0.04795212989838602,-0.18564145251136416,0.0016731745688584332
29.929,0.466,0.004639428097820468,0.05703439655147544,0.46127920190232874,-0.09715568356687757,-0.19502637418160407,0.02696301659618054
29.949,0.466,0.0069258407811782115,0.060900152152894654,0.4612074838723765,-0.12832418168377846,-0.2041546350002393,0.03432833521756071
29.969,0.466,0.008443586882706838,0.0620591780270694,0.4596376975917138,-0.15671345006945142,-0.20844607161597875,0.025586809522893973
29.989,0.466,0.005306523013354182,0.06423809601282078,0.4601008473413558,-0.16304128572195703,-0.19226209278678522,0.002317768319359467
30.009,0.466,0.005306523013354182,0.06423809601282078,0.4601008473413558,-0.16304128572195703,-0.19226209278678522,0.002317768319359467
30.029,0.466,0.005965972395380521,0.06395093994070226,0.45944302415652893,-0.1655772002600302,-0.1902606851238271,-0.021214608560284974
30.049,0.466,0.0017713388504667527,0.06389357409044896,0.45947555623779834,-0.1557377821353512,-0.1653139077647488,-0.04083114149395515
30.069,0.466,0.0036697498592899386,0.062457981729758874,0.46086178794062177,-0.13310173257655294,-0.15665284400622964,-0.04305750123745896
30.089,0.466,0.00539962791091585,0.060001995892662786,0.4615814239382901,-0.10341915704752376,-0.14750892574527008,-0.026587682127516468
30.109,0.466,0.00539962791091585,0.060001995892662786,0.4615814239382901,-0.10341915704752376,-0.14750892574527008,-0.026587682127516468
30.129,0.466,0.009985240687229896,0.05546151680951257,0.461436834342324,-0.07051576332055332,-0.14511141922520368,-0.00632527124541765
30.149,0.466,0.010507582956783428,0.050144337098233224,0.46171126728179546,-0.02984950355696378,-0.13093953591753385,0.019337254909966555
30.169,0.466,0.009538693652171417,0.045267332792435236,0.462623857572495,0.023990902145092672,-0.11107567266271041,0.02871411414098348
30.189,0.466,0.012229243568998438,0.039494275009600316,0.4631104601655672,0.08096793263599777,-0.10149558500155384,0.014313787663421671
30.209,0.466,0.012229243568998438,0.039494275009600316,0.4631104601655672,0.08096793263599777,-0.10149558500155384,0.014313787663421671
30.229,0.466,0.015220046426708163,0.034939936982100524,0.46462265498591393,0.14480512960456315,-0.09226752227084958,-0.009284899985633466
30.249,0.466,0.015230690652284624,0.02920520467132849,0.4657332047380227,0.19925102156684468,-0.07397860048414394,-0.02967499327908546
30.269,0.466,0.015363017687799154,0.02397813534839292,0.46722751455437667,0.2559392975233906,-0.05707218946052405,-0.04436363406572349
30.289,0.466,0.015707701712845464,0.01823873129912033,0.46812338278951743,0.304055979557498,-0.042633253057708084,-0.04745105947563024
30.309,0.466,0.015707701712845464,0.01823873129912033,0.46812338278951743,0.304055979557498,-0.042633253057708084,-0.04745105947563024
30.329,0.466,0.016990809720317388,0.011505182858588541,0.4680609506013649,0.3397588903023962,-0.036480605121502425,-0.028020727359029367
30.349,0.466,0.018715259541213156,0.005449850653566992,0.46780234682160304,0.37207629492932975,-0.041083498404992584,0.0033647839715053337
30.369,0.466,0.01815313405229534,0.0019107006926657548,0.4683568780704948,0.40246862160683083,-0.037816080415692246,0.024563406325485326
30.389,0.466,0.02040794959891719,-0.0013676518219362195,0.4682115122175002,0.4215603375441798,-0.046586584027384324,0.03489600229999689
30.409,0.466,0.02040794959891719,-0.0013676518219362195,0.4682115122175002,0.4215603375441798,-0.046586584027384324,0.03489600229999689
30.429,0.466,0.01800134899825211,-0.0029173868028466183,0.46839177525832676,0.43350321677219783,-0.039704163115293456,0.03371242080947636
30.449,0.466,0.01771849194651032,-0.003177482700594569,0.4683737534071818,0.4362098646981304,-0.0392408757495671,0.015210514479234527
30.469,0.466,0.014963020230509199,-0.002196989501749576,0.46848003617980977,0.42981225656552563,-0.030975757988261868,-0.004415259624254004
30.489,0.466,0.014224818709439166,-0.00014261068426267275,0.46837847284654166,0.4136913163837167,-0.03653252583622895,-0.013320865548161935
30.509,0.466,0.014224818709439166,-0.00014261068426267275,0.46837847284654166,0.4136913163837167,-0.03653252583622895,-0.013320865548161935
30.529,0.466,0.014030234636870387,0.0033748313596875185,0.46838275995187906,0.39078387069272996,-0.04599052393738136,-0.017263163491861855
30.549,0.466,0.013376180476126822,0.007813435583489457,0.468251125759977,0.36207980551010677,-0.059270414177134245,-0.006087904274213535
30.569,0.466,0.012566216894598881,0.012509851586805376,0.46756684768847295,0.32428523667420045,-0.07337839770416696,0.010024051447528258
30.589,0.466,0.011707987284782258,0.018150030738352328,0.4668415925260838,0.2810890597040591,-0.08853108653135294,0.02211885122111914
30.609,0.466,0.011707987284782258,0.018150030738352328,0.4668415925260838,0.2810890597040591,-0.08853108653135294,0.02211885122111914
30.629,0.466,0.010769487698408412,0.02428249624691911,0.4660203824176823,0.23516895740425464,-0.10314965396251535,0.024112534844924823
30.649,0.466,0.011382721905747904,0.029769468659718253,0.4652460125706138,0.18501450733812905,-0.12202115270629241,0.012424780783981468
30.669,0.466,0.0073613490815159326,0.03547699549075943,0.4649106651001526,0.13563399418443073,-0.12392299338656076,-0.005613311956657888
30.689,0.466,0.007386210648991075,0.040899704499039666,0.46423357802190474,0.0843142546940343,-0.14139202082051508,-0.01721711904000487
30.709,0.466,0.007386210648991075,0.040899704499039666,0.46423357802190474,0.0843142546940343,-0.14139202082051508,-0.01721711904000487
30.729,0.466,0.006865909810159397,0.044386338329311,0.46297247143133835,0.03227035135071156,-0.15228697105539898,-0.024111561980212033
30.749,0.466,0.0055132013277992865,0.04862200514547685,0.4620674965164123,-0.012893345191345862,-0.15713732831860502,-0.022429216949372038
30.769,0.466,0.0037159261163344655,0.05346368192271104,0.4622571131631033,-0.04543939782253054,-0.15879718156974773,-0.011645715836221468
30.789,0.466,0.00513434106181068,0.05640465967174715,0.46146771137802906,-0.075876425988368,-0.17392478300661945,0.006013812703035997
30.809,0.466,0.00513434106181068,0.05640465967174715,0.46146771137802906,-0.075876425988368,-0.17392478300661945,0.006013812703035997
30.829,0.466,0.0012221242590775099,0.05879427866515545,0.4605475510892504,-0.10136806538888611,-0.16719040394150497,0.016437610849694643
30.849,0.466,0.006014888182989112,0.05799767054183843,0.4593455039798671,-0.12017398071399449,-0.1884808356349205,0.01973454332075002
30.869,0.466,0.005528207071222521,0.05865719042877934,0.46041972456310476,-0.11894270279958002,-0.18694979271445306,0.008031734193637665
30.889,0.466,0.0032748331242984366,0.058320332444179834,0.4606042297812328,-0.11406258287204227,-0.17730793888561217,-0.0035950418939287407
30.909,0.466,0.0032748331242984366,0.058320332444179834,0.4606042297812328,-0.11406258287204227,-0.17730793888561217,-0.0035950418939287407
30.929,0.466,0.00393262687202064,0.055819337451799234,0.4606671809526382,-0.10077077608537596,-0.16914117912094867,-0.019928118462526692
30.949,0.466,0.0073802928393962835,0.053330659384585595,0.4609275316385367,-0.0764152247914771,-0.17101532095941221,-0.021593739631215497
30.969,0.466,0.0029450274480161574,0.051916790528185326,0.46209014897507306,-0.03344289837776714,-0.1451806233539604,-0.01598720948562507
30.989,0.466,0.004761445611874157,0.04909816416350971,0.46239877511023164,0.00438046094696504,-0.13893026363455585,-0.005979319151444167
31.009,0.466,0.004761445611874157,0.04909816416350971,0.46239877511023164,0.00438046094696504,-0.13893026363455585,-0.005979319151444167
31.029,0.466,0.008904259147774108,0.04509361880941495,0.46349815433526365,0.0520323166073471,-0.13746982100165114,-0.0033763131932041876
31.049,0.466,0.01053518268161663,0.04002210975684668,0.46405580514218286,0.09765204129278496,-0.12948490034748347,-0.0016573616322478764
31.069,0.466,0.011473857881563963,0.03483441431928254,0.4650902099057702,0.1468563093235454,-0.11989649273637222,-0.001579404957773081
31.089,0.466,0.013018630813781086,0.02881315653238689,0.46584354129847405,0.19230207121065557,-0.11055292201602851,-0.0037503244557390856
31.109,0.466,0.013018630813781086,0.02881315653238689,0.46584354129847405,0.19230207121065557,-0.11055292201602851,-0.0037503244557390856
31.129,0.466,0.013742211304602571,0.023496797468733614,0.4665667523828342,0.23588964908659013,-0.09577444247277071,-0.00829798165236433
31.149,0.466,0.01405058615771953,0.018942347500788718,0.4673243210423813,0.28030560692316553,-0.08001584293724051,-0.010019317685791451
31.169,0.466,0.015701354481458717,0.014346038730008314,0.4676100974234205,0.3187959938554138,-0.06920207165524062,-0.007116693015638816
31.189,0.466,0.013781005699371785,0.01006502886123454,0.46781497561575536,0.3506089549328542,-0.04875302527269983,-0.00020004540880549031
31.209,0.466,0.013781005699371785,0.01006502886123454,0.46781497561575536,0.3506089549328542,-0.04875302527269983,-0.00020004540880549031
31.229,0.466,0.013246617414424016,0.00641293491890164,0.46796786205899393,0.37456577771224175,-0.037471209031268424,0.004963887605601287
31.249,0.466,0.01636338540115068,0.004086703392483777,0.46822783708051285,0.39208086192726116,-0.04268178003659513,0.007712380588763563
31.269,0.466,0.016632183259224338,0.0022753764424567175,0.4683774882153961,0.4008790254559592,-0.04081457947928559,0.009824014167587408
31.289,0.466,0.018378510710194185,0.0012625718832536311,0.4681066126764318,0.39919201546154487,-0.045862905934983086,0.006771335816895615
31.309,0.466,0.018378510710194185,0.0012625718832536311,0.4681066126764318,0.39919201546154487,-0.045862905934983086,0.006771335816895615
31.329,0.466,0.01829522434042914,0.002606033416507829,0.4683608973427268,0.3964902786703224,-0.046143407312306914,0.00567479153160617
31.349,0.466,0.01813084079429362,0.003839295676309463,0.4677976654443566,0.3818341810652222,-0.046575580892034146,0.003096900365604664
31.369,0.466,0.015282100285381826,0.006967655012833451,0.4675938491915581,0.3622004357339472,-0.03857723931013801,0.001239262973182613
31.389,0.466,0.01405278939710593,0.011445749663316405,0.4677552422807174,0.3389631594061927,-0.04084940152431047,0.002271655999368932
31.409,0.466,0.01405278939710593,0.011445749663316405,0.4677552422807174,0.3389631594061927,-0.04084940152431047,0.002271655999368932
31.429,0.466,0.014133376020023123,0.01510400776488021,0.46709433190269006,0.30310987572713516,-0.051508997063160616,0.0038598769136079457
31.449,0.466,0.012221650793929196,0.019756683203564916,0.4667572599434823,0.26476185788483053,-0.055986806901240624,-0.00013376594999722866
31.469,0.466,0.015147395642970215,0.02418898155741099,0.46604916741456737,0.2228842549875519,-0.08093564635084308,-0.00359603062273237
31.489,0.466,0.01235255897093529,0.02904694983244006,0.4654877159956825,0.18041794834715366,-0.0873354907916223,-0.002775274469689195
31.509,0.466,0.01235255897093529,0.02904694983244006,0.4654877159956825,0.18041794834715366,-0.0873354907916223,-0.002775274469689195
31.529,0.466,0.012227585849439625,0.034296583365339396,0.46471452077974373,0.13571014091965605,-0.10115245210851644,-0.005559051758822864
31.549,0.466,0.011287601031515073,0.04032484381102036,0.46496884672171723,0.10101390254009768,-0.11273818120386662,-0.0028194770668027065
31.569,0.466,0.005096706819033033,0.044209230576807576,0.4635303906273126,0.05588854000525777,-0.10707008279524145,0.006005783628640845
31.589,0.466,0.008291074686443897,0.048681168055314146,0.46341766892678354,0.01953382211022727,-0.12936337249771745,0.003391811665989778
31.609,0.466,0.008291074686443897,0.048681168055314146,0.46341766892678354,0.01953382211022727,-0.12936337249771745,0.003391811665989778
31.629,0.466,0.008077818589143327,0.05127030585572672,0.46249054209713164,-0.01765370560358907,-0.13916661921582926,-0.0008473733639459549
31.649,0.466,0.0012897830692859692,0.053305582929961,0.46246821821990475,-0.04060648506259406,-0.12790251442863038,-0.0025440537157867243
31.669,0.466,0.0060032431250137954,0.05296843921924095,0.461524263144732,-0.06520970076443713,-0.15553639012541803,-0.006913290995587843
31.689,0.466,0.005849178592234636,0.05461363702411622,0.461684028638493,-0.07651089075712136,-0.16433049573539116,-0.00680759172461294
31.709,0.466,0.005849178592234636,0.05461363702411622,0.461684028638493,-0.07651089075712136,-0.16433049573539116,-0.00680759172461294
31.729,0.466,0.007061901775344867,0.05491903923450667,0.46102753152737047,-0.08275888175603442,-0.17574038637083844,-0.0030849626210006638
31.749,0.466,0.008659010441694117,0.05410944447600558,0.46147786455775874,-0.07347330175172354,-0.182600894475374,-0.0030288101328812557
31.769,0.466,0.002306758269095051,0.05482932086340483,0.46239765436674884,-0.051013795786576346,-0.16241442981112242,0.004688088804668136
31.789,0.466,0.004634371358592156,0.05270895406551353,0.4627108067363962,-0.02944091662938622,-0.16572225965340043,0.004146812388718419
31.809,0.466,0.004634371358592156,0.05270895406551353,0.4627108067363962,-0.02944091662938622,-0.16572225965340043,0.004146812388718419
31.829,0.466,0.00550450856386388,0.04881884308838527,0.4623376768645165,-0.005559843595720528,-0.16236874573257376,-0.0012502107247201709
31.849,0.466,0.004935657504088354,0.04540057411462191,0.4631552417773768,0.029878776555660038,-0.15614661865898902,-0.0025377700162815034
31.869,0.466,0.0054771641600605886,0.04252252899254337,0.46433328453875844,0.07192027681006254,-0.15008329066750786,-0.009651394040417993
31.889,0.466,0.007054913416500003,0.037350692992520244,0.4643325086880928,0.10877563021563003,-0.14686704975894252,-0.011248480023015808
31.909,0.466,0.007054913416500003,0.037350692992520244,0.4643325086880928,0.10877563021563003,-0.14686704975894252,-0.011248480023015808
31.929,0.466,0.00835497984632176,0.03284224929116565,0.464814947947149,0.1512042614051263,-0.1378325449393304,-0.012969138455858599
31.949,0.466,0.010957772496379727,0.02854204482828175,0.46561051990541613,0.19432552522817084,-0.13261305862756934,-0.008026550142835367
31.969,0.466,0.008862581076303123,0.024912952347047428,0.4664465573733087,0.2364817584513598,-0.11300685900032739,0.002856705492130248
31.989,0.466,0.012080014819617504,0.020280180805105314,0.4669689526255457,0.272363518845844,-0.10971264545244144,0.008517722862534646
32.009,0.466,0.012080014819617504,0.020280180805105314,0.4669689526255457,0.272363518845844,-0.10971264545244144,0.008517722862534646
32.029,0.466,0.011248338969189637,0.015754032549041355,0.46705344768442253,0.301312129411879,-0.09160493757463556,0.013878410103910799
32.049,0.466,0.011619440638469097,0.011404200321478722,0.46704485590689304,0.3250987119733432,-0.07985732716241839,0.01272597285332412
32.069,0.466,0.01213525114720014,0.009213859667817008,0.4678016539978333,0.34928169224755373,-0.0684754072655037,0.00534184535012149
32.089,0.466,0.013961688076748016,0.006007481649006076,0.4673491444062512,0.3590256701415747,-0.06458595125123706,0.0018035889191126355
32.109,0.466,0.013961688076748016,0.006007481649006076,0.4673491444062512,0.3590256701415747,-0.06458595125123706,0.0018035889191126355
32.129,0.466,0.013789940592142122,0.0054945075612451025,0.4678459194794147,0.37033427663825297,-0.05610917788736837,0.0006232898897991966
32.149,0.466,0.014873628900007593,0.005353856544402465,0.4678105997197816,0.3716532926922502,-0.05332764327596339,0.001080563493528444
32.169,0.466,0.016624316765166496,0.006471688970603383,0.4676807344076633,0.36565462838453844,-0.05446105256789513,0.005608860139801558
32.189,0.466,0.01683707147785124,0.008651500628182792,0.4679281749631567,0.356640998049405,-0.05103924818965935,0.00816873691295683
32.209,0.466,0.01683707147785124,0.008651500628182792,0.4679281749631567,0.356640998049405,-0.05103924818965935,0.00816873691295683
32.229,0.466,0.01651055956022492,0.010048949710656728,0.4671885041739901,0.3340653894091913,-0.04863120786010795,0.009374699268577839
32.249,0.466,0.015012228263417794,0.01345508654629212,0.46697249070323193,0.30833349647443553,-0.04410570519650806,0.008331612211272151
32.269,0.466,0.015833094320294148,0.01776015242494848,0.4670835189445955,0.2810467846509273,-0.049857027513110067,-0.00012376793431697608
32.289,0.466,0.017387624588463543,0.021637803572699087,0.46656178856731406,0.24785312946845842,-0.0622432687230827,-0.008404488595232693
32.309,0.466,0.017387624588463543,0.021637803572699087,0.46656178856731406,0.24785312946845842,-0.0622432687230827,-0.008404488595232693
32.329,0.466,0.016919572086278287,0.02583766240779791,0.4657413642258424,0.20993791665404907,-0.06837972477566694,-0.01381652894277467
32.349,0.466,0.01534552039251017,0.030469785145194547,0.4654250866422959,0.1739533668320634,-0.07175632317590876,-0.015750897064544432
32.369,0.466,0.014122513821836335,0.03392390321002764,0.46430142997336615,0.1306421647784093,-0.07799353494519712,-0.01083935867096954
32.389,0.466,0.013771453516565136,0.038869196228086336,0.4640896141202365,0.0950569696084238,-0.08737632961839872,-0.0030158535869692147
32.409,0.466,0.013771453516565136,0.038869196228086336,0.4640896141202365,0.0950569696084238,-0.08737632961839872,-0.0030158535869692147
32.429,0.466,0.011826699906743445,0.04169597634040838,0.46313578910085856,0.05688013175922494,-0.09264492723934391,0.006029175604948043
32.449,0.466,0.010061811552815816,0.04514496422757475,0.46280356677197615,0.02741159693534434,-0.09822792628735517,0.006644256711361817
32.469,0.466,0.008518495494760449,0.04873197904948614,0.4630783915061912,0.0017423972412212762,-0.10538096185246767,0.004951481552982921
32.489,0.466,0.0068765161558578345,0.050476099895477654,0.46252548407983834,-0.019308435926848107,-0.11338314578080004,-0.00019603912511568996
32.509,0.466,0.0068765161558578345,0.050476099895477654,0.46252548407983834,-0.019308435926848107,-0.11338314578080004,-0.00019603912511568996
32.529,0.466,0.007822805002874161,0.05153946261152105,0.4619277979313128,-0.038315477726204666,-0.13105216681573964,-0.0021242681692878107
32.549,0.466,0.007524172831351781,0.052144576810271646,0.461658165360446,-0.046130799635370395,-0.13981932799298702,-0.009411834760523438
32.569,0.466,0.007834240987153499,0.05132659789488348,0.4611047543978446,-0.04960918008193584,-0.14873003380442784,-0.008296119543272498
32.589,0.466,0.00683859352750365,0.051719287526212555,0.46199177122537943,-0.03730469894872491,-0.14982432989440922,-0.007905030034541276
32.609,0.466,0.00683859352750365,0.051719287526212555,0.46199177122537943,-0.03730469894872491,-0.14982432989440922,-0.007905030034541276
32.629,0.466,0.004393172819747925,0.05072594517040649,0.4620259726232081,-0.02563946682861398,-0.14863633912606924,0.00439103523551094
32.649,0.466,0.004510910248692893,0.04713863995169162,0.46189974778248033,-0.00752058972037112,-0.15203380400384942,0.007415929583145552
32.669,0.466,0.004412895276270796,0.045022601084937414,0.46251350190219626,0.018244621072403645,-0.151687768867276,0.004695784424220288
32.689,0.466,0.005247874880454438,0.04185052400783624,0.46301538264979963,0.04901135515993196,-0.15382988916790596,4.9641348399760445e-05
32.709,0.466,0.005247874880454438,0.04185052400783624,0.46301538264979963,0.04901135515993196,-0.15382988916790596,4.9641348399760445e-05
32.729,0.466,0.006592604449914242,0.03965347797288642,0.4643917637149492,0.09091741677570114,-0.1571985895189908,-0.005216387079029744
32.749,0.466,0.006469493840704697,0.03663116926286384,0.46512923327321093,0.13070704981714149,-0.15251638880497215,-0.009479589618274883
32.769,0.466,0.00613323010251037,0.032548583893078985,0.46561641129105286,0.1665585028436189,-0.14453464290270987,-0.008833890057819224
32.789,0.466,0.004240001002630341,0.02805806017666852,0.46531827443713786,0.1964460190279633,-0.12977387257991255,-0.0025687610455098816
32.809,0.466,0.004240001002630341,0.02805806017666852,0.46531827443713786,0.1964460190279633,-0.12977387257991255,-0.0025687610455098816
32.829,0.466,0.007118761599316097,0.024620715806753138,0.46653455722868087,0.23548741430871595,-0.1293075736218833,0.0030873534817244686
32.849,0.466,0.007543566111904891,0.019890271323399426,0.4665354291178087,0.26295150119617444,-0.1204722721944082,0.009211384007814597
32.869,0.466,0.0070897933306044054,0.016553012942757794,0.4667928479543144,0.28902910711220814,-0.10717609632986189,0.01644784867340687
32.889,0.466,0.00844766113374404,0.014113961989183384,0.4674180160566519,0.3152381061222215,-0.10103915366925123,0.01815245610812805
32.909,0.466,0.00844766113374404,0.014113961989183384,0.4674180160566519,0.3152381061222215,-0.10103915366925123,0.01815245610812805
32.929,0.466,0.009708675378707484,0.011707388388638704,0.4674690951172837,0.3329102883812698,-0.09500736731381942,0.013388431091562073
32.949,0.466,0.010470753001961298,0.01025874587826266,0.4675523109092519,0.34438157253900875,-0.08742387031657455,0.009557359407611437
32.969,0.466,0.012055954949383762,0.009385037187729232,0.46777078402910693,0.3509775734117045,-0.08327835120136784,0.006156764591729959
32.989,0.466,0.012170757070097044,0.008948793714221522,0.46754324857336327,0.34778771851679113,-0.0741696244758806,0.0036275142195567045
33.009,0.466,0.012170757070097044,0.008948793714221522,0.46754324857336327,0.34778771851679113,-0.0741696244758806,0.0036275142195567045
33.029,0.466,0.013140732887986685,0.009689263340352356,0.4674300975494143,0.33972919825937503,-0.06876767757263458,0.004539724362587484
33.049,0.466,0.01384550822065179,0.011343988046360774,0.46713956942296625,0.32628694879509934,-0.06416732420544007,0.006563774288246258
33.069,0.466,0.01435618223050457,0.01370834689609313,0.4670296945429027,0.3105056414512544,-0.06042162927229746,0.005409115486652161
33.089,0.466,0.015079193844196134,0.016032319372414477,0.4663875537366529,0.28444075686442016,-0.06098204762506145,0.007083236840367783
33.109,0.466,0.015079193844196134,0.016032319372414477,0.4663875537366529,0.28444075686442016,-0.06098204762506145,0.007083236840367783
33.129,0.466,0.014824886360142448,0.02041771355576301,0.46678819524351506,0.26298746284177554,-0.05985805153471005,0.004579642866854669
33.149,0.466,0.015582248272946261,0.023588688974617914,0.4660231160535189,0.2299235543072023,-0.06309207323796621,-0.003102311492172377
33.169,0.466,0.01450849186814059,0.02705826781707543,0.4656240605347192,0.1957060696998399,-0.060440353469093676,-0.009174521080507519
33.189,0.466,0.015803545636264505,0.03097223811193764,0.4653657091183355,0.16320750687888547,-0.07031524016972927,-0.007884788906063103
33.209,0.466,0.015803545636264505,0.03097223811193764,0.4653657091183355,0.16320750687888547,-0.07031524016972927,-0.007884788906063103
33.229,0.466,0.016522429913233758,0.03497862656069292,0.4649109430111361,0.13005030526917163,-0.07531312604924148,-0.012015970954001788
33.249,0.466,0.013961926581013097,0.03800195272050516,0.464050921874778,0.09604228682898788,-0.07252802780185953,-0.005568555169381204
33.269,0.466,0.013371593369615475,0.04079343024740585,0.4631601317381334,0.06400503211344247,-0.07640823243152264,-0.001051669537501983
33.289,0.466,0.014567824562188726,0.04438634934287144,0.4632085904365975,0.04177557006189376,-0.08980388824030726,0.0022941664260752465
33.309,0.466,0.014567824562188726,0.04438634934287144,0.4632085904365975,0.04177557006189376,-0.08980388824030726,0.0022941664260752465
33.329,0.466,0.011942940734975737,0.04646868885773986,0.46258740790160374,0.017028168866469833,-0.09057259365174804,0.004223135988188449
33.349,0.466,0.011496100520019216,0.047614029243809364,0.46175135347660046,-0.003969207228523987,-0.09982180479117417,0.002272474213701749
33.369,0.466,0.013551797518898992,0.04821972082427624,0.46209337296317615,-0.013934537430153724,-0.11650356924098482,-0.005052987544071012
33.389,0.466,0.010972906125037075,0.04886952376852382,0.46209266949613037,-0.01781317131023372,-0.11755845896558342,-0.006412627342055994
33.409,0.466,0.010972906125037075,0.04886952376852382,0.46209266949613037,-0.01781317131023372,-0.11755845896558342,-0.006412627342055994
33.429,0.466,0.008062168257870846,0.04937366640729442,0.46248510858387193,-0.01603359297280736,-0.11713331643363019,-0.0039575972098987045
33.449,0.466,0.00926786289472869,0.04941059178898751,0.46303906832539987,-0.005806992283643636,-0.13002568810466267,-0.001085055146063656
33.469,0.466,0.004079780529370808,0.046090259775471966,0.4613483937621821,-0.0031002196969363532,-0.12024228691471965,0.0070829174448342365
33.489,0.466,0.006556383153078309,0.04597272826769169,0.46307365509258985,0.02580658377300194,-0.13404553345358447,0.0074655801352566465
33.509,0.466,0.006556383153078309,0.04597272826769169,0.46307365509258985,0.02580658377300194,-0.13404553345358447,0.0074655801352566465
33.529,0.466,0.006339015845392573,0.04368466334144581,0.46358073071310485,0.04926960199410164,-0.1362805983696351,0.0035397879132757124
33.549,0.466,0.005561481149110095,0.04014093791575179,0.4634816707825259,0.07369559237626808,-0.13732358546639892,0.002141169336773493
33.569,0.466,0.006582971539607481,0.03703028733499998,0.46412924150536916,0.10664171327466922,-0.14223042074652692,-0.00280779312141345
33.589,0.466,0.007929446158544634,0.034197983267813016,0.4650764881443119,0.14121365425178675,-0.14734015883191914,-0.006397450716228357
33.609,0.466,0.007929446158544634,0.034197983267813016,0.4650764881443119,0.14121365425178675,-0.14734015883191914,-0.006397450716228357
33.629,0.466,0.00797874264266624,0.0302470523040042,0.4651065733749354,0.17081985707054878,-0.14624899596518545,-0.005293882171040772
33.649,0.466,0.007954522144223666,0.02632417964525765,0.46532069568837126,0.20017733485386902,-0.1420434413196553,-0.002533112623342989
33.669,0.466,0.006042533021250569,0.023817642739255657,0.46596588858878224,0.23135978356356657,-0.13232495060873156,0.004527674856667588
33.689,0.466,0.008543135301387483,0.021230506399976496,0.46678096225554044,0.26261846820986845,-0.13451839790291928,0.0050642465730273275
33.709,0.466,0.008543135301387483,0.021230506399976496,0.46678096225554044,0.26261846820986845,-0.13451839790291928,0.0050642465730273275
33.729,0.466,0.009692527880561953,0.01797331069272861,0.46684160724994,0.28418932800616536,-0.13235404434119813,0.011076940316290732
33.749,0.466,0.006539968414589223,0.015691862521008047,0.46713902621691195,0.3039230242234994,-0.11565704172585471,0.01628805119193791
33.769,0.466,0.009349191468481654,0.013326973277377828,0.4671098130359086,0.31702264777102895,-0.1174480290917027,0.010807603607521574
33.789,0.466,0.00921312300629625,0.011901192707445163,0.4671356307049257,0.32374178412333854,-0.10951832925265995,0.01160491239220659
33.809,0.466,0.00921312300629625,0.011901192707445163,0.4671356307049257,0.32374178412333854,-0.10951832925265995,0.01160491239220659
33.829,0.466,0.00887297899242326,0.011963422044681055,0.46747288940839793,0.32896861724729143,-0.10201707559384121,0.012647965999669648
33.849,0.466,0.008747014036401435,0.012380721788513346,0.46760422889092235,0.32798802731719545,-0.092875674974454,0.00878156291865297
33.869,0.466,0.012033566667617773,0.012460715501682923,0.4669247806708924,0.3159470658522506,-0.0972025521764298,0.008689566192284684
33.889,0.466,0.010916168651451036,0.01479065794660603,0.4671494116889619,0.30626577298080326,-0.08586756712929315,0.00875332476647511
33.909,0.466,0.010916168651451036,0.01479065794660603,0.4671494116889619,0.30626577298080326,-0.08586756712929315,0.00875332476647511
33.929,0.466,0.01016831442058678,0.017389652982956746,0.4672854579912472,0.29176274902050925,-0.07649133004835355,0.007883148485530336
33.949,0.466,0.012418342895471668,0.019317711121877728,0.4666217201403046,0.2671771067203573,-0.07804288902267587,0.0039889308450348285
33.969,0.466,0.014749381459576888,0.02188838521660389,0.4659640925754389,0.2403660752289313,-0.08268889382716355,5.316294908496876e-05
33.989,0.466,0.013917360615055182,0.02518485489885629,0.4657633128997801,0.21310268701206933,-0.07689235402966621,-0.0038043284667857425
34.009,0.466,0.013917360615055182,0.02518485489885629,0.4657633128997801,0.21310268701206933,-0.07689235402966621,-0.0038043284667857425
34.029,0.466,0.012287150711944946,0.029572440935069142,0.46603340376074465,0.18765218190603294,-0.06974966882488351,-0.003824631057657599
34.049,0.466,0.012929929240062492,0.03194377062679905,0.4650903809985756,0.15296445962678631,-0.07214165828849095,-0.004204751767266449
34.069,0.466,0.012723587208655128,0.035026148127928966,0.4646005789036321,0.12413781608572262,-0.06984976390175805,-0.006757332228435931
34.089,0.466,0.013025983029494,0.03816079253567406,0.46379938848095176,0.09381727222045053,-0.07188253013063474,-0.002288540659617518
34.109,0.466,0.013025983029494,0.03816079253567406,0.46379938848095176,0.09381727222045053,-0.07188253013063474,-0.002288540659617518
34.129,0.466,0.014380420116658686,0.04055712051089971,0.4634137428023111,0.0718588341053888,-0.07896555107233116,-2.5394444824062056e-05
34.149,0.466,0.012310323287389638,0.04206067476610973,0.4625543663781902,0.04270462108700872,-0.07575941491513678,0.0030471560448317773
34.169,0.466,0.013668346277347013,0.04505731442010403,0.46310464315800715,0.028865698543271263,-0.08558716972339814,0.005940906263005619
34.189,0.466,0.011333326393164863,0.04694661618958053,0.4633051867366729,0.019894306149086733,-0.08114811431139306,0.0013548662798034744
34.209,0.466,0.011333326393164863,0.04694661618958053,0.4633051867366729,0.019894306149086733,-0.08114811431139306,0.0013548662798034744
34.229,0.466,0.016967261258523554,0.04670657298473147,0.4628343592271973,0.009671458070206865,-0.10463421138158305,-0.005854098757889035
34.249,0.466,0.012199474016223982,0.047822486801405946,0.46311266483651414,0.008685633027083821,-0.09480779303869855,-0.004496501165654842
34.269,0.466,0.011125749315852206,0.04618107060516879,0.46250937634198924,0.0075938040451308305,-0.09966644483484192,-0.0014086867843151284
34.289,0.466,0.01000335677517658,0.04641620989416409,0.46285586908041293,0.01764666426794361,-0.1015402791659836,-0.0003438750146586725
34.309,0.466,0.01000335677517658,0.04641620989416409,0.46285586908041293,0.01764666426794361,-0.1015402791659836,-0.0003438750146586725
34.329,0.466,0.011408023479981233,0.044849408621407856,0.4629929885773427,0.030804372751369265,-0.11216719985743333,0.0013720699477354468
34.349,0.466,0.009211342271133455,0.043164594537427894,0.46367367903852585,0.05182940597385757,-0.11008666910611203,0.002342752738400342
34.369,0.466,0.011231526531851941,0.040013152310141416,0.46329401184252067,0.06909519583188163,-0.12249302171096324,0.001065556221654772
34.389,0.466,0.008720083876082611,0.03816791834705799,0.4641349100757171,0.09809752330721484,-0.12006577389956288,0.0019084302214694643
