sensor type:,aurora
timestamp (s),arclength (m),data
-0.051,0.0,-0.0003589844273023731,-0.00014455866021387351,0.00026080253047559973,0.001510836454836612,-0.0004086789357429522,0.0013241748011012509
-0.031,0.0,-0.00031649009389689184,-0.00013201364670471026,0.000306778995978668,0.0018035734549005891,-0.0004238174360129183,0.001052813324529378
-0.011,0.0,-0.000246236261430349,-0.00013966301669844538,0.00031197136217625104,0.0017992503788876125,-0.0007076380996719883,0.0007701078901676807
0.009,0.0,-0.000246236261430349,-0.00013966301669844538,0.00031197136217625104,0.0017992503788876125,-0.0007076380996719883,0.0007701078901676807
0.029,0.0,-0.0002108773155346915,-0.0001808428330045965,0.00025758013924950715,0.001543947986485922,-0.00027058161791854916,0.0006177549374956157
0.049,0.0,-0.00021798825788490705,-0.00015003212227482772,0.0002572129772319671,0.001543947986485922,-0.00027058161791854916,0.0006177549374956157
0.069,0.0,-0.0002607044429458825,-0.00014469945976318895,0.00024506128648545366,0.0015332099797745655,-0.0002690280480808197,0.0009000494364425751
0.089,0.0,-0.00020006602085703376,-0.00014430943825936748,0.00020419385257244586,0.0013765606853928301,-0.0006891866684694638,0.0007488220601866393
0.109,0.0,-0.00020006602085703376,-0.00014430943825936748,0.00020419385257244586,0.0013765606853928301,-0.0006891866684694638,0.0007488220601866393
0.129,0.0,-0.00016572087353961811,-0.00015411237189103628,0.00024373243473327017,0.0015017836556093349,-0.0011175999879852066,0.00061976037463945
0.149,0.0,-0.0001537509669962261,-0.00015608293669512035,0.0002645325583761882,0.0015134630144024894,-0.0009762615548592347,0.00047797701276217736
0.169,0.0,-0.00015630271572065658,-0.00016157388313084697,0.0003001646357493754,0.001657097733207133,-0.0008440833750046812,0.0006179059199359206
0.189,0.0,-0.00015724588750324267,-0.00017152913771356965,0.00030010665881431437,0.001657097733207133,-0.0008440833750046812,0.0006179059199359206
0.209,0.0,-0.00015724588750324267,-0.00017152913771356965,0.00030010665881431437,0.001657097733207133,-0.0008440833750046812,0.0006179059199359206
0.229,0.0,-0.00015298389383333619,-0.0001725646357310473,0.0002794289723046525,0.0016697446037706254,-0.0007039482317966537,0.000476159046386724
0.249,0.0,-0.0002555751961551759,-0.00017257325888853206,0.0002928006832712673,0.001675586107469172,-0.0002790774155051443,0.0008987387558004316
0.269,0.0,-0.00025462043739706025,-0.0001487058711490164,0.0003092651431611529,0.0018161692540422467,-0.00028282828161718443,0.000910082781594482
0.289,0.0,-0.00023345239148641272,-0.00014767229816284934,0.0003570128360935677,0.0019699594589439712,-0.0001518613263556752,0.0007671756105413431
0.309,0.0,-0.00023345239148641272,-0.00014767229816284934,0.0003570128360935677,0.0019699594589439712,-0.0001518613263556752,0.0007671756105413431
0.329,0.0,-0.00018956270631919578,-0.00012611113656727055,0.0003930533879103392,0.0022624009666813347,-0.00016715502200702033,0.0004960556965143488
0.349,0.0,-0.0001694104080193984,-0.00014796824068668773,0.00041329734088824745,0.0022748547659746593,-2.6301687511060273e-05,0.00035362052386168815
0.369,0.0,-0.00015103517441278203,-0.0001305295239511256,0.00040185070563663033,0.002300558792216966,0.0003958735570456207,0.00021214384218177682
0.389,0.0,-0.00018670511640159483,-0.0001237245062888469,0.0004472173754223911,0.002429449289915215,0.0002519974486449634,0.00036430000497068225
0.409,0.0,-0.00018670511640159483,-0.0001237245062888469,0.0004472173754223911,0.002429449289915215,0.0002519974486449634,0.00036430000497068225
0.429,0.0,-0.00016972870245695346,-9.580549489721285e-05,0.00042824637774786003,0.002441210588254305,0.0003922157690859984,0.00022347714258116064
0.449,0.0,-0.00018953682835382734,-0.0001675189901944875,0.0004306479654833665,0.0022888429761430567,0.0002556988826174836,0.00035302512321099173
0.469,0.0,-0.00020007996923540172,-0.00016902746444280128,0.0004229707824630433,0.002148251927243285,0.0004070084211349306,0.000495949143638174
0.489,0.0,-0.00015808614666429143,-0.00016738770162869805,0.0004589130005505646,0.002441210588254305,0.0003922157690859984,0.00022347714258116064
0.509,0.0,-0.00015808614666429143,-0.00016738770162869805,0.0004589130005505646,0.002441210588254305,0.0003922157690859984,0.00022347714258116064
0.529,0.0,-0.00016629058326026328,-0.00018228189460229403,0.00048702914461898236,0.0025552108125105866,-0.00018200308263174598,0.00022365409895745055
0.549,0.0,-0.00019901770846138318,-0.00022573898711383404,0.0004517046611310425,0.0022748547659746593,-2.6301687511060273e-05,0.00035362052386168815
0.569,0.0,-0.0001982198421540196,-0.0002297044070027114,0.00042429768504965694,0.0021330027939595263,-1.694109730002695e-05,0.0003554561929072837
0.589,0.0,-0.0002548553659015919,-0.00021347530578869238,0.00044229490319291686,0.002110064792253705,-0.0001570348742395412,0.0007789964441156437
0.609,0.0,-0.0002548553659015919,-0.00021347530578869238,0.00044229490319291686,0.002110064792253705,-0.0001570348742395412,0.0007789964441156437
0.629,0.0,-0.0002580772317114596,-0.00022289976376968704,0.0004336742323798226,0.0020960042637732726,-0.0004393133415051267,0.0007796339112883183
0.649,0.0,-0.00025705792473614176,-0.00024973152017253064,0.0003698510234031151,0.0018140059667323153,-0.00042462404085206963,0.0007697857997633676
0.669,0.0,-0.00022052425298851847,-0.00026293721603475105,0.0003633753365416703,0.0017992503788876125,-0.0007076380996719883,0.0007701078901676807
0.689,0.0,-0.0001843134827964185,-0.00024228458964773887,0.00038463050102505565,0.0019115397315254247,-0.0014231630083327562,0.0006296765289949144
0.709,0.0,-0.0001843134827964185,-0.00024228458964773887,0.00038463050102505565,0.0019115397315254247,-0.0014231630083327562,0.0006296765289949144
0.729,0.0,-0.00014630613389552717,-0.00021818328419658645,0.0004227831432554213,0.0021776772369166385,-0.0018618851085728852,0.000500508731189248
0.749,0.0,-0.00015260229295339147,-0.00022815121149001097,0.00033111160978639676,0.0017536618678055305,-0.0018383101712960705,0.0004906774087234882
0.769,0.0,-0.0002116249617810781,-0.00022888079126826162,0.0002830052471656553,0.0014767498569332761,-0.0013987155796482127,0.0009029288877206391
0.789,0.0,-0.0001780838263586285,-0.00020233375396561825,0.000275514409002275,0.0014748174030272468,-0.0015406027306355023,0.0007624136644778162
0.809,0.0,-0.0001780838263586285,-0.00020233375396561825,0.000275514409002275,0.0014748174030272468,-0.0015406027306355023,0.0007624136644778162
0.829,0.0,-0.0001409895162919383,-0.0001882119309057849,0.00031260856288938547,0.0017408848156493673,-0.00197870322956486,0.0006325315863837407
0.849,0.0,-0.00011114625205891901,-0.0001776671593286989,0.0003513639087774365,0.0018812357887441535,-0.0021304280733076162,0.0004896849730073211
0.869,0.0,-0.00017290567664266375,-0.00018434588963955092,0.0004229907217625836,0.002140681671640627,-0.0022840509197138165,0.0009247101839574742
0.889,0.0,-0.00012953984003629483,-0.00018867080919980546,0.0004251309305431334,0.002151308089500782,-0.0022856641579307516,0.0006425031395794756
0.909,0.0,-0.00012953984003629483,-0.00018867080919980546,0.0004251309305431334,0.002151308089500782,-0.0022856641579307516,0.0006425031395794756
0.929,0.0,-0.0001008457056807997,-0.00020194782101025708,0.00043736451387448,0.0021489953869044975,-0.0024269784414814016,0.0005013631272333269
0.949,0.0,-0.0001592187060733609,-0.0001833970230447072,0.0004694014025313473,0.0023054127504697664,-0.00200733243435389,0.0006526975223866856
0.969,0.0,-0.00015278601683638493,-0.00021360610926899986,0.00038091727888952057,0.0018572794947413944,-0.0024118540430185294,0.0007737423871323382
0.989,0.0,-0.0001747274858920577,-0.00018500294970718475,0.00044060586394870576,0.0021799540034472117,-0.0017198336576354546,0.0006407361594262808
1.009,0.0,-0.0001747274858920577,-0.00018500294970718475,0.00044060586394870576,0.0021799540034472117,-0.0017198336576354546,0.0006407361594262808
1.029,0.0,-0.00015737518786651877,-0.0001711097460873549,0.000491384950688302,0.0025019924945910463,-0.0010286334679123373,0.0005081342279743284
1.049,0.0,-0.0002038386181448401,-0.00018489603462584927,0.000542615249480497,0.0026846870294944575,-0.00018564716109528194,0.0005174229145265098
1.069,0.0,-0.00018298922434644823,-0.00022710987959372793,0.00047317871046880406,0.0022610093804487025,-0.000309196173205492,0.00035502415536585853
1.089,0.0,-0.00019064976025097563,-0.0002172352482250162,0.0003602682746882282,0.0018640373782903919,0.00027984002869817714,0.0003438552656846436
1.109,0.0,-0.00019064976025097563,-0.0002172352482250162,0.0003602682746882282,0.0018640373782903919,0.00027984002869817714,0.0003438552656846436
1.129,0.0,-0.00017220865132346153,-0.00021063950814096817,0.00027945473588304146,0.0014553857835312369,0.0005802227797340218,0.00032190984633614347
1.149,0.0,-0.00016068281784232884,-0.0001703315122072621,0.00032099964254495597,0.001875928195571139,0.00042013143645936314,0.00020295443066566926
1.169,0.0,-0.0002741344511115104,-0.00013964127660470098,0.00032060105306926226,0.0019101812649302446,0.0014105047638785925,0.0006237729697570703
1.189,0.0,-0.00024535847267095076,-0.00011961332487703862,0.0002584673878478561,0.001640446126363873,0.0015657102476430832,0.0004714239574053361
1.209,0.0,-0.00024535847267095076,-0.00011961332487703862,0.0002584673878478561,0.001640446126363873,0.0015657102476430832,0.0004714239574053361
1.229,0.0,-0.00019911568783957128,-0.00013732008680950307,0.00031522996360536953,0.0019186025353207297,0.0012682550069179602,0.00020051953780721523
1.249,0.0,-0.00013002497088654283,-0.00016076790544845628,0.00025739480878654065,0.00162018270954983,0.0008573348024925489,5.005081197283231e-05
1.269,0.0,-9.137761821170656e-05,-0.00016042346019451523,0.0002711537655700814,0.0017060462105569054,-0.0002821436314033426,5.187508593586832e-05
1.289,0.0,-3.411192240617736e-05,-0.000158487892255609,0.00022958892265823573,0.0015336220235446037,-0.0009785890706433065,-8.597548939841145e-05
1.309,0.0,-3.411192240617736e-05,-0.000158487892255609,0.00022958892265823573,0.0015336220235446037,-0.0009785890706433065,-8.597548939841145e-05
1.329,0.0,-1.4152323136376158e-05,-0.0001733158680397888,0.00021426290340197026,0.0013936866720711408,-0.0009749919011373555,-9.799649037432978e-05
1.349,0.0,-1.296296141764669e-05,-0.00015092954556492565,0.000231420228273443,0.0015319257584510513,-0.001120086257394897,-0.00022766545211266891
1.369,0.0,-8.01958544009042e-05,-0.0001713415287695291,0.00029091044845053063,0.0017177397736928845,-0.00014099766924086202,-8.985149338752836e-05
1.389,0.0,-0.00014434033652760788,-0.0001995539190673033,0.0002896120197086663,0.0015800448858533695,0.00015181392724806654,0.00019253395625910792
1.409,0.0,-0.00014434033652760788,-0.0001995539190673033,0.0002896120197086663,0.0015800448858533695,0.00015181392724806654,0.00019253395625910792
1.429,0.0,-0.00010260981893741963,-0.00020675385276449078,0.0002651780779226398,0.0014380090129594277,1.4653630286275244e-05,4.1235943691765086e-05
1.449,0.0,-7.12592658813551e-05,-0.00019861882222339342,0.0003302235687170108,0.001831974697261718,-0.0005688422639267292,6.33598901537774e-05
1.469,0.0,-0.0001790234504605324,-0.00016196169403485475,0.00030293111253611675,0.0017381360472993395,0.0005662150405451732,0.0003322377536605736
1.489,0.0,-0.00024029337217304746,-0.0001657548038183333,0.00042007153981007457,0.0021503192594308626,0.0005486873273221792,0.0006363734726466053
1.509,0.0,-0.00024029337217304746,-0.0001657548038183333,0.00042007153981007457,0.0021503192594308626,0.0005486873273221792,0.0006363734726466053
1.529,0.0,-0.0003055728807861881,-0.00016965336601181176,0.0004136582022866631,0.00218114975941648,0.0012556296407443281,0.0007758087676441426
1.549,0.0,-0.000289944922545439,-0.000150587667624761,0.0004266867483788054,0.0021531178848217085,0.0006909428456708938,0.0007771566213168848
1.569,0.0,-0.000309564636532614,-0.00012130666511121652,0.00045875184139008887,0.0024367675340643807,0.0008187128641659337,0.0009287196021404837
1.589,0.0,-0.0002742726325075221,-8.622639433398322e-05,0.0005066807354578713,0.00269090468739843,0.0002395374098821485,0.0009405930574305969
1.609,0.0,-0.0002742726325075221,-8.622639433398322e-05,0.0005066807354578713,0.00269090468739843,0.0002395374098821485,0.0009405930574305969
1.629,0.0,-0.00017259065735858724,-6.117271638367297e-05,0.0005245940277047296,0.0027739410968420637,-0.0010419213492301876,0.0008013458533292537
1.649,0.0,-0.00015745195285477292,-2.2817696034890218e-05,0.0005060751191467565,0.002772425840652669,-0.0011832982999263034,0.0006594786620293024
1.669,0.0,-0.00015603860657944233,-6.420628011701729e-06,0.0005584273509683848,0.0030687952416023592,-0.0009148941500783607,0.0006690964222027006
1.689,0.0,-0.00011532282990917031,-1.7123108315898824e-05,0.000489015335390518,0.00277016247415171,-0.001325330598218815,0.0005191868740547311
1.709,0.0,-0.00011532282990917031,-1.7123108315898824e-05,0.000489015335390518,0.00277016247415171,-0.001325330598218815,0.0005191868740547311
1.729,0.0,-0.00014897671434516865,-1.9780701272646087e-05,0.0005329421271391774,0.002913046627868494,-0.001188009257267825,0.0006716479411567338
1.749,0.0,-0.0001695720696560054,4.524401984146619e-05,0.0005276440449227086,0.0030687952416023592,-0.0009148941500783607,0.0006690964222027006
1.769,0.0,-0.00012499770910448944,8.478674216903028e-05,0.0005170911749515295,0.003207126080634813,-0.0010606315916548282,0.0005401474503379193
1.789,0.0,-0.00010385137439461356,6.194281984725275e-05,0.0005173673229031854,0.003219821220589564,-0.0009204241125809264,0.00039836243214851785
1.809,0.0,-0.00010385137439461356,6.194281984725275e-05,0.0005173673229031854,0.003219821220589564,-0.0009204241125809264,0.00039836243214851785
1.829,0.0,-0.0001677337897537895,6.216477368649342e-05,0.000580690218881838,0.0033628630931521446,-0.0007884512499838487,0.0005384506014710882
1.849,0.0,-0.00019188793712663922,2.6871403416086145e-06,0.0005154679499896087,0.0029817154633055153,8.307600031381435e-05,0.0005274749640954438
1.869,0.0,-0.00023054853842859442,-1.3321591155762085e-05,0.0005251116058632513,0.0029565201606055365,-0.0001989294813859053,0.0008106986559827832
1.889,0.0,-0.00019403261481678325,-6.733606238170293e-05,0.0004574356016187118,0.0025196879358358563,-0.00046323162015365465,0.000789562701238042
1.909,0.0,-0.00019403261481678325,-6.733606238170293e-05,0.0004574356016187118,0.0025196879358358563,-0.00046323162015365465,0.000789562701238042
1.929,0.0,-0.00019630176631102136,-6.680794204261624e-05,0.00044886433842599577,0.002505685705750339,-0.0007454462330458261,0.0007902127101593502
1.949,0.0,-0.000261780112265165,-5.7266720640645285e-05,0.00046955426577461706,0.0026742001935726434,-0.0001848929275221499,0.0008004021309356342
1.969,0.0,-0.00022668577209809655,-9.436502375161852e-05,0.00045564472955293196,0.0025196879358358563,-0.00046323162015365465,0.000789562701238042
1.989,0.0,-0.00018907763867189112,-0.00013151400678559824,0.00044094971373006794,0.0023764524321822017,-0.0005951099498086789,0.0006496173503234498
2.009,0.0,-0.00018907763867189112,-0.00013151400678559824,0.00044094971373006794,0.0023764524321822017,-0.0005951099498086789,0.0006496173503234498
2.029,0.0,-0.00018195289439440102,-0.00013193331931350357,0.00044290405312594184,0.00236241088409521,-0.0008773879158266155,0.000650274141722289
2.049,0.0,-0.00021605202209858004,-0.00017240929289870285,0.0004439769459530647,0.002224074988799304,-0.0007316611437973678,0.0007791638049096896
2.069,0.0,-0.00016087245598086318,-0.0001711572880018104,0.0004096480009299309,0.002093842343709289,-0.000581109289321313,0.0006392732999873843
2.089,0.0,-0.00012838519226422948,-0.000214725703523867,0.00043266882204833553,0.0020774448773611945,-0.0010045589148060172,0.0004988874813277846
2.109,0.0,-0.00012838519226422948,-0.000214725703523867,0.00043266882204833553,0.0020774448773611945,-0.0010045589148060172,0.0004988874813277846
2.129,0.0,-0.0001335132909970547,-0.00019094828558246062,0.0004489541784224164,0.0022322137794040394,-0.0008744409172639129,0.0003560436360745656
2.149,0.0,-0.00017515036478425508,-0.00017323693229336315,0.0004817569417921418,0.0023764524321822017,-0.0005951099498086789,0.0006496173503234498
2.169,0.0,-0.0002231814571639681,-0.0001690428461662042,0.0004985967103513661,0.0023904654772847417,-0.00031284225502714445,0.0006488822071442199
2.189,0.0,-0.00024491799664403427,-0.0001905510848422492,0.000490346427843379,0.002252568195719917,-0.0001657982360383817,0.0007774706855474768
2.209,0.0,-0.00024491799664403427,-0.0001905510848422492,0.000490346427843379,0.002252568195719917,-0.0001657982360383817,0.0007774706855474768
2.229,0.0,-0.0002481195937011833,-0.00016025824058662374,0.00046857822867650903,0.0022665449581340037,0.00011623365980918962,0.0007768883323925329
2.249,0.0,-0.0002354632328833767,-0.00019901829015595961,0.0004145073859910298,0.0019957826063230176,0.0002705555936932676,0.0006255905545114984
2.269,0.0,-0.00024229525814282302,-0.0002089815838509203,0.0003338327293749527,0.001572438875759169,0.0002950413047020434,0.0006160587968705492
2.289,0.0,-0.00023143748073866752,-0.00018893637503834202,0.0002952521744181274,0.0015591590654678992,0.00015346925120181233,0.0007583746959581042
2.309,0.0,-0.00023143748073866752,-0.00018893637503834202,0.0002952521744181274,0.0015591590654678992,0.00015346925120181233,0.0007583746959581042
2.329,0.0,-0.00025186675407802057,-0.0001870521484259918,0.0003041456864243005,0.0015591590654678992,0.00015346925120181233,0.0007583746959581042
2.349,0.0,-0.00038398283748149805,-0.0001568552782433795,0.0003480071528721211,0.001849997714767513,0.0007068694642528158,0.0013315621386537928
2.369,0.0,-0.0003391536920400257,-0.00016224912049959337,0.0003804277284934267,0.001872366257627552,0.0008464192736484369,0.0009073986826862747
2.389,0.0,-0.0003007217198813801,-0.00019638298158202705,0.0003621906986338139,0.0018703880171384581,0.0007048358956691615,0.0007669341157392197
2.409,0.0,-0.0003007217198813801,-0.00019638298158202705,0.0003621906986338139,0.0018703880171384581,0.0007048358956691615,0.0007669341157392197
2.429,0.0,-0.00024497518408711565,-0.00026269866726431575,0.0002972089230811079,0.0014317899291945721,0.00029883122102784387,0.0006047060201835435
2.449,0.0,-0.00017230291732898636,-0.0003095465039337882,0.0003231299514794463,0.0014136689135559575,-0.00026663145817795513,0.00032458759053921365
2.469,0.0,-0.00013538448303294554,-0.0003505783895388162,0.0002627790924018811,0.0011173569968064524,-0.0005352999763168499,0.00031439160392877674
2.489,0.0,-0.0001371903844550564,-0.00033910386231733087,0.0002642523887453255,0.0011032950806991826,-0.0008177022778816592,0.0003150994928965998
2.509,0.0,-0.0001371903844550564,-0.00033910386231733087,0.0002642523887453255,0.0011032950806991826,-0.0008177022778816592,0.0003150994928965998
2.529,0.0,-0.00018238405402959046,-0.0003517972764197778,0.00031754085409385315,0.001244637378132702,-0.000679949643114467,0.0004670766177256538
2.549,0.0,-0.0002229117790324644,-0.0003713818776935972,0.0002882223241094987,0.0011067042531872073,-0.0005337527898737632,0.0005965563942141697
2.569,0.0,-0.00017799585448553964,-0.00037803877105188475,0.0002663363998269069,0.0009372815713290476,-0.0010894866457081616,0.000599047722466632
2.589,0.0,-0.000177014714156982,-0.00038198378604941183,0.0002489720309530537,0.0007963552361317325,-0.0010849233576683307,0.000587023852778275
2.609,0.0,-0.000177014714156982,-0.00038198378604941183,0.0002489720309530537,0.0007963552361317325,-0.0010849233576683307,0.000587023852778275
2.629,0.0,-0.00023106209228577785,-0.0003603576871584873,0.00020832500968068183,0.000670324656014717,-0.0006513031080766903,0.0007285992455755173
2.649,0.0,-0.0002861805678548423,-0.00028113479156634583,0.0002908428139118081,0.0012503107788355307,-0.0002551287539857403,0.0008897993224306495
2.669,0.0,-0.0002363977302039539,-0.0002788596666699991,0.0002684280645850844,0.0010950473854404608,-0.0006749665006274389,0.0007382896548736499
2.689,0.0,-0.000241691510104467,-0.0002456200225641665,0.0002829801872306726,0.00124900627652122,-0.0003971794968006029,0.0007486475922106647
2.709,0.0,-0.000241691510104467,-0.0002456200225641665,0.0002829801872306726,0.00124900627652122,-0.0003971794968006029,0.0007486475922106647
2.729,0.0,-0.0002602832099021704,-0.00025421700571356883,0.00029139739651632714,0.0012632658676772221,-0.00011485275002473979,0.0007478729964814295
2.749,0.0,-0.00028199927683943566,-0.00024835808767639773,0.00033671110491696217,0.001405295255419005,-0.00012402142192555868,0.0007478569389748966
2.769,0.0,-0.0002550540248690878,-0.000267148382184913,0.00035556286736350624,0.0015452550861566132,-0.0001285701637906725,0.0007588636213138779
2.789,0.0,-0.00024322358758763912,-0.00026516192916541955,0.00039179244036608644,0.0016991089847114913,2.471488601789211e-06,0.0006159768950599558
2.809,0.0,-0.00024322358758763912,-0.00026516192916541955,0.00039179244036608644,0.0016991089847114913,2.471488601789211e-06,0.0006159768950599558
2.829,0.0,-0.00029514359455933703,-0.00027194580341979245,0.0003158157881239473,0.0013061672252587635,0.0007331169524823688,0.000746107965153291
2.849,0.0,-0.0003228626094592036,-0.0002486559999613116,0.00030359955088198005,0.001307447317204095,0.0008748799209485078,0.0008872972380756416
2.869,0.0,-0.00023598338130422755,-0.0002975047432212664,0.00030939455027108895,0.001301384235968273,0.00044923097374907313,0.00046491282302884044
2.889,0.0,-0.0002925540364539764,-0.00033017040423416233,0.00027960012347808184,0.00104940500244112,0.0011703888185744613,0.0005939755275444875
2.909,0.0,-0.0002925540364539764,-0.00033017040423416233,0.00027960012347808184,0.00104940500244112,0.0011703888185744613,0.0005939755275444875
2.929,0.0,-0.00028544690792614943,-0.0003212530134357488,0.00026785314043030294,0.001077288754313792,0.001735471489990454,0.0005919229637008937
2.949,0.0,-0.00031274787626717036,-0.00027522784686991503,0.0003425008283389978,0.0016560522570406707,0.001989320540055905,0.0006126479480633977
2.969,0.0,-0.00033552391015780894,-0.00022570966066303588,0.0003930037931988522,0.001967190318867416,0.0025405674667830294,0.0006213295467596056
2.989,0.0,-0.0002820933313176589,-0.0002383607979945384,0.0003324514438775369,0.0016806983933710458,0.002271178231080834,0.0003289263857515495
3.009,0.0,-0.0002820933313176589,-0.0002383607979945384,0.0003324514438775369,0.0016806983933710458,0.002271178231080834,0.0003289263857515495
3.029,0.0,-0.0002314996762748715,-0.00021316950674706651,0.0003275236211818472,0.0016645081783184675,0.0018471406680091223,0.00018941326695368752
3.049,0.0,-0.00024757969692338613,-0.0001640350534411981,0.00032975992502214455,0.001949322290644118,0.0019746283384440935,0.0003399830398439798
3.069,0.0,-0.0002687770188008083,-0.00017904179383268094,0.0003247807548255874,0.0016664640028527936,0.001988494751554655,0.0003298104779608926
3.089,0.0,-0.00014425438463758203,-0.00020130360940486246,0.00029212494653170935,0.0016748329741780785,0.0018462630554668652,-9.333389559502943e-05
3.109,0.0,-0.00014425438463758203,-0.00020130360940486246,0.00029212494653170935,0.0016748329741780785,0.0018462630554668652,-9.333389559502943e-05
3.129,0.0,-0.0001870712396472728,-0.00019699623403988904,0.0002799364290861509,0.0016645081783184675,0.0018471406680091223,0.00018941326695368752
3.149,0.0,-0.00016497468176538118,-0.00020520858001409471,0.00026099416452665035,0.0013399651531354035,0.0010134286492780543,0.00018058968948118153
3.169,0.0,-0.000142458291226323,-0.00017964301390749414,0.0002897296777016501,0.0015800448858533695,0.00015181392724806654,0.00019253395625910792
3.189,0.0,-0.00010449590030817871,-0.00017481749696936967,0.00023681478181773887,0.0014136689135559575,-0.00026663145817795513,0.00032458759053921365
3.209,0.0,-0.00010449590030817871,-0.00017481749696936967,0.00023681478181773887,0.0014136689135559575,-0.00026663145817795513,0.00032458759053921365
3.229,0.0,-0.00016681545083433865,-0.0001984224044758922,0.00024570414322848313,0.0013750468228933678,-0.00083048277334268,0.0006069116852612588
3.249,0.0,-0.00018214954850504016,-0.00018369208454128874,0.0002791810001073167,0.001543947986485922,-0.00027058161791854916,0.0006177549374956157
3.269,0.0,-0.00022084161460125026,-0.00017696706188733045,0.0003122921099026809,0.001701921739776037,0.00014486011613552653,0.0007566561345766316
3.289,0.0,-0.00018700561832544674,-0.00016742126783819694,0.00032132189371787256,0.0018523718775591564,0.0001387782030491959,0.0004856227557485712
3.309,0.0,-0.00018700561832544674,-0.00016742126783819694,0.00032132189371787256,0.0018523718775591564,0.0001387782030491959,0.0004856227557485712
3.329,0.0,-0.000151882435738105,-0.0001363980054913391,0.00042218964704729856,0.0024009258087333905,-0.00031364758820322654,0.00036596142054544134
3.349,0.0,-0.00021369964051357125,-0.00012624845139252603,0.0004646135028099407,0.002544907217093321,-0.00018107600836164638,0.0005063769052637745
3.369,0.0,-0.00021282307580754707,-9.773514424140186e-05,0.0005118209428174519,0.002788018906650827,-0.000759481889606809,0.0008005969061151286
3.389,0.0,-0.0001650609225624249,-0.00010060354765750357,0.0005381949496339901,0.00296493060021309,-0.0003414642272511573,0.00038738907182777157
3.409,0.0,-0.0001650609225624249,-0.00010060354765750357,0.0005381949496339901,0.00296493060021309,-0.0003414642272511573,0.00038738907182777157
3.429,0.0,-0.0001976649092761958,-0.00011719706747640896,0.0005457411585523859,0.002966940345761741,-0.00019970068988950317,0.0005277794098079885
3.449,0.0,-0.0001864020823349317,-0.0001683381918922757,0.0005679534500416562,0.0029529337532314044,-0.0004819226879232367,0.0005284886019602447
3.469,0.0,-8.867052925242006e-05,-0.00015196106463607657,0.0005473578073369224,0.002820765964837196,-0.0006207127496039326,9.397308355485656e-05
3.489,0.0,-7.552436706399266e-05,-0.00015090219175390812,0.0004942186847563053,0.002538466615335169,-0.0006066413959770409,8.357180084714757e-05
3.509,0.0,-7.552436706399266e-05,-0.00015090219175390812,0.0004942186847563053,0.002538466615335169,-0.0006066413959770409,8.357180084714757e-05
3.529,0.0,-0.00010417090708880682,-0.00016051616940363736,0.0004354871913862183,0.0023987489164794167,-0.00045550839303652583,0.00022569885346520178
3.549,0.0,-0.00011178738307547675,-0.0001740251412195548,0.0004261417490269588,0.0022727752264571715,-0.00016795676361055934,0.00021325842109966439
3.569,0.0,-0.0001316098287806987,-0.00014528369552790622,0.00046890789667220525,0.0025552108125105866,-0.00018200308263174598,0.00022365409895745055
3.589,0.0,-0.00011509480863879017,-0.00014664786061556782,0.0004813855709742719,0.0025413125321234534,-0.00046413508838664567,0.0002242026637222317
3.609,0.0,-0.00011509480863879017,-0.00014664786061556782,0.0004813855709742719,0.0025413125321234534,-0.00046413508838664567,0.0002242026637222317
3.629,0.0,-0.0001072952808249271,-0.0001704837513829572,0.00047537310928905834,0.0023987489164794167,-0.00045550839303652583,0.00022569885346520178
3.649,0.0,-0.00012130982272152413,-0.0002272649851498546,0.00045076615178531046,0.002116261109983275,-0.00044145715663277156,0.0002153664286934746
3.669,0.0,-0.00017022197202647615,-0.00021158044304528793,0.0004367192237566284,0.00211974471005145,-0.00015760411726310007,0.000496778727391987
3.689,0.0,-0.00016086875354075604,-0.00019720405942711517,0.00040839524616411723,0.0020061893026070217,0.00026964141236900205,0.00034272144796977584
3.709,0.0,-0.00016086875354075604,-0.00019720405942711517,0.00040839524616411723,0.0020061893026070217,0.00026964141236900205,0.00034272144796977584
3.729,0.0,-0.0001255331322108551,-0.00024768208027988386,0.00036869423425320237,0.0017074405535863067,-0.00014001612666127302,0.00019275149081514258
3.749,0.0,-0.00019911799516809987,-0.00022918312545538755,0.00043358017113166193,0.002134312559746421,0.00012509109269317342,0.0004965838000355859
3.769,0.0,-0.00012844915878883166,-0.0002407678861706025,0.00043242557944303105,0.0019902108558654823,-0.00015395136000263777,0.00020301849123478393
3.789,0.0,-0.000142175585772894,-0.00026566293483192775,0.0003986973614536295,0.0016957882260862022,-0.00028124180674945007,0.00033450064947039603
3.809,0.0,-0.000142175585772894,-0.00026566293483192775,0.0003986973614536295,0.0016957882260862022,-0.00028124180674945007,0.00033450064947039603
3.829,0.0,-0.0001195842827053253,-0.00028839044031961066,0.0003095732135368951,0.001271416587690507,-0.0002574983617406114,0.00032460080871627784
3.849,0.0,-9.522866515594419e-05,-0.00027736341809342135,0.0003164818571248055,0.0014259869177453582,-0.00012580044561393946,0.00018222148758236512
3.869,0.0,-7.07349256640308e-05,-0.00029422104695977667,0.0003196511262281454,0.0013081832142928138,0.0001655204111115729,-9.99779195739287e-05
3.889,0.0,-8.73820393505102e-05,-0.00024506876688801016,0.0003319128129559359,0.0015925925646154517,0.0002928253719029048,5.1981823133012044e-05
3.909,0.0,-8.73820393505102e-05,-0.00024506876688801016,0.0003319128129559359,0.0015925925646154517,0.0002928253719029048,5.1981823133012044e-05
3.929,0.0,-2.0945434273264563e-05,-0.00026614324529171174,0.0003180698749341545,0.00147386568647772,0.0004366185553637067,-0.00038351081864951866
3.949,0.0,-0.0001096519630875836,-0.0002665832140504673,0.0003336168526354618,0.0014540871383140822,0.0004382871146680068,0.00018086889217464668
3.969,0.0,-0.0001709317439327423,-0.00021082832303359527,0.00040689353849528495,0.0019186025353207297,0.0012682550069179602,0.00020051953780721523
3.989,0.0,-4.9282006479086216e-05,-0.00020315459362209342,0.00037613474960731017,0.0018986624204305358,0.0005609501648506814,-0.00022107343997715477
4.009,0.0,-4.9282006479086216e-05,-0.00020315459362209342,0.00037613474960731017,0.0018986624204305358,0.0005609501648506814,-0.00022107343997715477
4.029,0.0,-8.055115042198919e-05,-0.00019986477488777172,0.000393766681969349,0.0019010071986994147,0.000701828516361651,-8.005024532123087e-05
4.049,0.0,-0.0001224375336689963,-0.00021204683895320473,0.00040887949287340817,0.002042786051478783,0.000692288974979367,-8.181763689433596e-05
4.069,0.0,-0.00010943466515709998,-0.00022232220310892283,0.00041100977324070947,0.002015700537370594,0.00026901643585605666,6.0779224192254166e-05
4.089,0.0,-0.00014223609930205035,-0.00022245430758021216,0.00039365444203951026,0.0018620349944014059,0.00013816495696949746,0.00020349586045886726
4.109,0.0,-0.00014223609930205035,-0.00022245430758021216,0.00039365444203951026,0.0018620349944014059,0.00013816495696949746,0.00020349586045886726
4.129,0.0,-0.00010903784079391362,-0.00020587891345845685,0.0003751348706930898,0.0018607272291220848,-3.78823359721772e-06,6.239020952153381e-05
4.149,0.0,-8.620211693968753e-05,-0.0002275668781278653,0.0003694501165364884,0.001831974697261718,-0.0005688422639267292,6.33598901537774e-05
4.169,0.0,-0.00011838347803726312,-0.000182935056696378,0.000428894275604055,0.002244635821652708,-0.0007324945538737033,0.0002146922565628955
4.189,0.0,-4.976038619545434e-05,-0.00018258751041876802,0.00047681267546261093,0.0025229307881914852,-0.0010312092702271537,-5.6607747726875386e-05
4.209,0.0,-4.976038619545434e-05,-0.00018258751041876802,0.00047681267546261093,0.0025229307881914852,-0.0010312092702271537,-5.6607747726875386e-05
4.229,0.0,6.350325998041014e-05,-0.0002679030164969676,0.0003893240125769398,0.0019237006937750615,-0.0019929127968267226,-0.0004978750095280354
4.249,0.0,-2.8647610912848828e-05,-0.00026893199447579666,0.0003933386389406674,0.0019299287902127295,-0.0015670188856377473,-7.600191456863661e-05
4.269,0.0,1.814311042997517e-05,-0.000283066307806407,0.0003977520739962178,0.0019117702242963993,-0.0021335884444079844,-0.00035693481286205007
4.289,0.0,7.519337626818048e-05,-0.000271289531565185,0.0004261902461469295,0.0021801112162520174,-0.002430568906734862,-0.0003458104241233164
4.309,0.0,8.507433580914977e-05,-0.00027031279260396194,0.00040998234456100406,0.0019380578812747736,-0.0017099634520952721,-0.0004987549527044772
4.329,0.0,8.507433580914977e-05,-0.00027031279260396194,0.00040998234456100406,0.0019380578812747736,-0.0017099634520952721,-0.0004987549527044772
4.349,0.0,0.00010993244606705407,-0.0002801410148167464,0.00036659944095900087,0.0016679371955589893,-0.001555756589067879,-0.0006505313693040586
4.369,0.0,-2.849735887490562e-05,-0.0003014027927471783,0.0003585624436862882,0.001560264440039168,-0.000555180587291519,-0.0002291418282131145
4.389,0.0,3.1448875013789223e-05,-0.0002831154836877544,0.00036046587893956476,0.001686033413616507,-0.0009896454871340117,-0.0003696205460826685
4.409,0.0,3.1448875013789223e-05,-0.0002831154836877544,0.00036046587893956476,0.001686033413616507,-0.0009896454871340117,-0.0003696205460826685
4.429,0.0,-2.123242301096251e-06,-0.0002957048279608577,0.0003349950432853751,0.0013936866720711408,-0.0009749919011373555,-9.799649037432978e-05
4.449,0.0,-1.8118196059602576e-05,-0.0003016789215902362,0.00025021953400402366,0.001111378462746014,-0.000960531733791374,-0.00010780667749010597
4.469,0.0,-8.00897726848465e-05,-0.0002616974940862186,0.00027448380851428775,0.0012411434066584757,-0.0009640430631069373,0.00018581632669029902
4.489,0.0,-3.9346907937579767e-05,-0.000318613577116364,0.00026303306889530247,0.0010711376695337724,-0.0016662531719008624,3.470622847985127e-05
4.509,0.0,-3.9346907937579767e-05,-0.000318613577116364,0.00026303306889530247,0.0010711376695337724,-0.0016662531719008624,3.470622847985127e-05
4.529,0.0,-0.00015700382245326986,-0.00032368888101420265,0.00021951634547706433,0.0008105796257884965,-0.0008032081736563834,0.0005870119466722503
4.549,0.0,-0.00012908281236661645,-0.0003264732007888681,0.00021226125691187737,0.0007941011651167537,-0.0012269048354228173,0.00044680344238309734
4.569,0.0,-0.00012517825191406368,-0.00032588347199785357,0.00021492796373583686,0.0007687295287447135,-0.0016495156288522108,0.0005888822048882021
4.589,0.0,-5.5665713161754345e-05,-0.0003260520672712152,0.00025354971276685167,0.001044041339039873,-0.0020896886125769286,0.00017731592243356493
4.609,0.0,-5.5665713161754345e-05,-0.0003260520672712152,0.00025354971276685167,0.001044041339039873,-0.0020896886125769286,0.00017731592243356493
4.629,0.0,-3.557672833690304e-05,-0.0002806815731753821,0.00028005172617129933,0.001312595978103878,-0.002385625572458207,0.00018758683520159715
4.649,0.0,-5.24531344200678e-05,-0.00030272729303883027,0.00027959740674224077,0.0011983329698322016,-0.0018112728896839583,0.00018735461104179413
4.669,0.0,-4.570143204689732e-05,-0.00031309223648785003,0.0002705054428328069,0.0011848581504217933,-0.0020934334538757677,0.00018852707742656046
4.689,0.0,-7.566550850152668e-05,-0.00033419221367658616,0.0002812751753243513,0.0010606423613451277,-0.0016645423409678835,0.0003166005834938877
4.709,0.0,-7.566550850152668e-05,-0.00033419221367658616,0.0002812751753243513,0.0010606423613451277,-0.0016645423409678835,0.0003166005834938877
4.729,0.0,-0.00014080669638465328,-0.00029427294032786743,0.00028223987591056293,0.0012188343112163466,-0.001103685738623165,0.0006096422305136674
4.749,0.0,-2.5859432733813596e-05,-0.00025988573094680125,0.00022066453912027482,0.0010994936541407448,-0.0011009452634150958,3.3067895608368955e-05
4.769,0.0,-4.878311717180012e-05,-0.00025456190811644916,0.0002661785760771792,0.0012411434066584757,-0.0009640430631069373,0.00018581632669029902
4.789,0.0,-3.218318639789947e-05,-0.00025602281184035266,0.00025464388840449654,0.0012669622614068423,-0.0005403541853287831,4.329543550080183e-05
4.809,0.0,-3.218318639789947e-05,-0.00025602281184035266,0.00025464388840449654,0.0012669622614068423,-0.0005403541853287831,4.329543550080183e-05
4.829,0.0,-6.425519063825114e-05,-0.0002561422786228031,0.00023738290230884232,0.0011148939989928102,-0.0006764413006857419,0.00017340680547960047
4.849,0.0,-6.853521184087886e-05,-0.00027898344844248845,0.00021055037287142684,0.0009609681812130887,-0.000807580771317861,0.00031624688921589304
4.869,0.0,-5.5752135948884255e-05,-0.0002972393601188183,0.00013799593943736785,0.0006764008049932588,-0.0009359205414522098,0.0001650186687579512
4.889,0.0,-7.937488245844341e-05,-0.0002943616700548977,0.00014760310470174784,0.0006643650934844398,-0.001076543392727132,0.0003061669547064012
4.909,0.0,-6.321204835651113e-05,-0.000263489135023558,0.00015507187714936248,0.0008186975880273061,-0.0009452437509921393,0.00016320331023156266
4.929,0.0,-6.321204835651113e-05,-0.000263489135023558,0.00015507187714936248,0.0008186975880273061,-0.0009452437509921393,0.00016320331023156266
4.949,0.0,-4.50024002801599e-05,-0.00021317588451442567,0.0002168947238924199,0.0012269823226504328,-0.00124662993497783,0.00018651124385906103
4.969,0.0,-0.00011137077566432639,-0.000261306773582003,0.00023556338182438913,0.0010913733492029106,-0.0009581460334353401,0.0004560904644063005
4.989,0.0,-0.0002289134758858356,-0.00021120044440845815,0.00036383229939393724,0.0017872916447039915,-0.0008481535942773467,0.0009111576282773436
5.009,0.0,-0.00017954167852292488,-0.00018207007809304592,0.00039425057473224494,0.0019138371958274515,-0.0012819761381520558,0.000770765251941433
5.029,0.0,-0.00017954167852292488,-0.00018207007809304592,0.00039425057473224494,0.0019138371958274515,-0.0012819761381520558,0.000770765251941433
5.049,0.0,-0.00019059888310952826,-0.00016721354632464417,0.0004310684645394663,0.002053710865793545,-0.0012864951798186883,0.0007818280068069232
5.069,0.0,-0.00021795703241545163,-0.00017829630849533655,0.0004109428093326183,0.0019292992261412492,-0.0008573009581974874,0.0009111615125049348
5.089,0.0,-0.00029530079073073937,-0.00017827669716873783,0.00044029330882683793,0.0020992983287518893,-0.00015560834554335012,0.0010612790497254482
5.109,0.0,-0.00024881708431353426,-0.00017418394969934316,0.0004511046231959669,0.0021246600047133885,0.00012558904865776047,0.000778776583366891
5.129,0.0,-0.00024881708431353426,-0.00017418394969934316,0.0004511046231959669,0.0021246600047133885,0.00012558904865776047,0.000778776583366891
5.149,0.0,-0.00021119420050698875,-0.00012030710635791638,0.00046610364873090037,0.002418972247556709,0.00025279206941576914,0.0006472377437798929
5.169,0.0,-0.00018047991501599049,-0.0001236227500695212,0.0004584593851226406,0.0024169852151411735,0.00011115671268628658,0.000506768626786407
5.189,0.0,-0.00015453115234530698,-0.00017321427660693306,0.0004082322744928254,0.0021182672443360523,-0.00029971995774787536,0.00035580715545421355
5.209,0.0,-7.788806153370374e-06,-0.00012417842049040353,0.00041471969039326054,0.002255211478197622,-0.0007341532506974032,-6.726294553085529e-05
5.229,0.0,-7.788806153370374e-06,-0.00012417842049040353,0.00041471969039326054,0.002255211478197622,-0.0007341532506974032,-6.726294553085529e-05
5.249,0.0,5.18448568963034e-05,-0.00014779631084713154,0.0003815319753634455,0.002008590745433063,-0.00029765062647619763,-0.0005023401516466283
5.269,0.0,6.1003788007367913e-05,-0.00016863680342922734,0.00036199257723315743,0.002008590745433063,-0.00029765062647619763,-0.0005023401516466283
5.289,0.0,-1.5556951094438935e-06,-0.0001834385969624463,0.00036890399293645014,0.0020108568643666057,-0.00015580125378525535,-0.0003622362911137584
5.309,0.0,-2.3420334724669642e-05,-0.0001810592052551404,0.0003970782675195464,0.0020123766705118142,-1.4606592165813542e-05,-0.0002205592812886259
5.329,0.0,-2.3420334724669642e-05,-0.0001810592052551404,0.0003970782675195464,0.0020123766705118142,-1.4606592165813542e-05,-0.0002205592812886259
5.349,0.0,-2.5648551194356222e-05,-0.00018053261564975336,0.0003874878508560923,0.001998422463461374,-0.00029664974758706735,-0.0002199349594810994
5.369,0.0,-8.631708586016142e-06,-0.00016797478442158605,0.0004073523204657245,0.0021241953533233976,-0.0005834596383975069,-0.00020826691273589842
5.389,0.0,-9.025931787573485e-06,-0.00024797748818936185,0.0003584831078301715,0.001675683294121408,-0.0009887341929600932,-8.703746887366198e-05
5.409,0.0,-2.9043661810977165e-05,-0.00026654008524712794,0.00037586586111514275,0.0016898476381446374,-0.0007062667115945029,-8.776103805296543e-05
5.429,0.0,-2.9043661810977165e-05,-0.00026654008524712794,0.00037586586111514275,0.0016898476381446374,-0.0007062667115945029,-8.776103805296543e-05
5.449,0.0,-4.436214353030146e-05,-0.0002323458898177255,0.000390908271760386,0.0018446872702352897,-0.000427654076663236,-7.724718031009075e-05
5.469,0.0,-9.726853678598642e-05,-0.000280786473001949,0.00029045063047100216,0.001269256523647828,-0.00039938707968491694,0.0001844046906355814
5.489,0.0,-0.0001383186181201696,-0.00028535252146919725,0.0003115489695823673,0.0012306568724895987,-0.0009623388028987249,0.0004677490446805334
5.509,0.0,-0.00011870757327722208,-0.0003052398212306051,0.0002657631345448317,0.000989103696842282,-0.00024293695584587773,0.00031485551600520114
5.529,0.0,-0.00011870757327722208,-0.0003052398212306051,0.0002657631345448317,0.000989103696842282,-0.00024293695584587773,0.00031485551600520114
5.549,0.0,-6.025704126644479e-05,-0.0002969447487875148,0.0002776218582966648,0.0011148939989928102,-0.0006764413006857419,0.00017340680547960047
5.569,0.0,-7.971455327111571e-06,-0.00031312541296067974,0.0002802635847296564,0.0011255096105279203,-0.000678091776531264,-0.0001085211386933975
5.589,0.0,-9.319437693528389e-05,-0.00031859920593338523,0.0002546978918557775,0.0010148796746030544,0.00018038925293788823,0.00017242277764102694
5.609,0.0,-0.00011660409519141112,-0.0003366541814799648,0.0002834381608761878,0.0010148796746030544,0.00018038925293788823,0.00017242277764102694
5.629,0.0,-0.00011660409519141112,-0.0003366541814799648,0.0002834381608761878,0.0010148796746030544,0.00018038925293788823,0.00017242277764102694
5.649,0.0,-0.00014468168879032178,-0.000296561407277156,0.00030509196917846444,0.0012999831917756396,0.0003081152141459361,0.0003229905181736381
5.669,0.0,-0.00010533413991845713,-0.00026449578105897505,0.00025997239950396845,0.0011718682797208773,0.0004528732331943299,0.00017107389552413596
5.689,0.0,-9.389924324721064e-05,-0.0002415722435052447,0.00026699430262627007,0.0013116822620227596,0.000448296940072114,0.00018220681630431665
5.709,0.0,-7.633309578953848e-05,-0.00021725313665323703,0.0003395908631905701,0.0016325135880018947,0.0009988478114085647,-9.117098391983627e-05
5.729,0.0,-7.633309578953848e-05,-0.00021725313665323703,0.0003395908631905701,0.0016325135880018947,0.0009988478114085647,-9.117098391983627e-05
5.749,0.0,-0.00013533174483486936,-0.00020472746880401309,0.0003779426278938542,0.0019311133296187745,0.0014079891321387308,5.8934763423697694e-05
5.769,0.0,-0.00020118028680327885,-0.00023724587003811566,0.0003774769948134127,0.0018808911056378817,0.0007040855111771835,0.0004839230033544877
5.789,0.0,-0.0001467669185839395,-0.0002120615326969111,0.0003618034932839884,0.001875928195571139,0.00042013143645936314,0.00020295443066566926
5.809,0.0,-0.00010983238688504874,-0.00020188276872707176,0.0004025412624827339,0.0020020303931261563,-1.3647649397432318e-05,6.208552735149567e-05
5.829,0.0,-0.00010983238688504874,-0.00020188276872707176,0.0004025412624827339,0.0020020303931261563,-1.3647649397432318e-05,6.208552735149567e-05
5.849,0.0,-8.2166583400503e-05,-0.00017733809626945001,0.00043845606968925853,0.002270600586150349,-0.0003098155836385596,7.301577266680462e-05
5.869,0.0,-8.314963330877322e-05,-0.00017336620440967652,0.0004557858544282931,0.0024104847865870213,-0.00031427516447968,8.398058630456533e-05
5.889,0.0,-9.854561279410981e-05,-0.00019693108652369138,0.0004461332055297813,0.002297055715032093,0.00011311531629028089,-6.997312407404622e-05
5.909,0.0,-0.00022068126747761034,-0.00020155745687976828,0.0004832650764365182,0.002457136044745344,0.0008166202967347937,0.0003642640528141671
5.929,0.0,-0.00022068126747761034,-0.00020155745687976828,0.0004832650764365182,0.002457136044745344,0.0008166202967347937,0.0003642640528141671
5.949,0.0,-0.0001948729545909702,-0.00024120457834995486,0.0004530693327469786,0.0021586773652537364,0.0004062263854353246,0.0002131024165745066
5.969,0.0,-0.0002839660068343665,-0.00023809124883445104,0.0004957360646313603,0.002278427802428652,0.0002565606221462149,0.0006358012093890053
5.989,0.0,-0.00023903192358381545,-0.0002890562275829425,0.0004558994295327208,0.0019818502207453706,-1.1492358077945138e-05,0.0006261963190590241
6.009,0.0,-0.00020348624856140026,-0.0002507445822849846,0.00046105656265530136,0.0021730860716278402,0.0006894774173081029,0.00021220757450294636
6.029,0.0,-0.00020348624856140026,-0.0002507445822849846,0.00046105656265530136,0.0021730860716278402,0.0006894774173081029,0.00021220757450294636
6.049,0.0,-0.00019674425652433817,-0.00023531629418390928,0.0004234506885693779,0.0020470948048887105,0.000975684699057351,0.00020061453697707107
6.069,0.0,-0.0002670231460973212,-0.00022769689571760477,0.00041819096350514083,0.002050268752262822,0.001258826145520483,0.00048221183699744354
6.089,0.0,-0.00023499687033993232,-0.00023500458712222066,0.00037416838823407133,0.0019070206248352195,0.0011273972167492993,0.0003420921404785182
6.109,0.0,-0.00026221766706105003,-0.00023858714990139055,0.0003080828445243157,0.0016262535704541516,0.0012828484937931468,0.0004722787953978118
6.129,0.0,-0.00026221766706105003,-0.00023858714990139055,0.0003080828445243157,0.0016262535704541516,0.0012828484937931468,0.0004722787953978118
6.149,0.0,-0.00019945200760362346,-0.00022534642543847296,0.00030292615422721305,0.001622839955824262,0.0009994093337177966,0.00019087410463277632
6.169,0.0,-0.00017475853425848363,-0.0002604826778050422,0.0002984419784869187,0.0014683429128851402,0.0007214913139475612,0.0001800213147377185
6.189,0.0,-0.00019683026025277023,-0.0002720363384621159,0.00030012511794996424,0.0013283771001654486,0.0008724250626546485,0.0003222756804290835
6.209,0.0,-0.00014290200048387377,-0.00025778347845158963,0.0002744100582994836,0.0013233896852756458,0.0005894810929918818,4.0415317049255724e-05
6.229,0.0,-0.00014290200048387377,-0.00025778347845158963,0.0002744100582994836,0.0013233896852756458,0.0005894810929918818,4.0415317049255724e-05
6.249,0.0,-9.716631756135843e-05,-0.00022476983755634325,0.00028888896522262817,0.0016181132722807858,0.0007157356165021365,-9.020249016919934e-05
6.269,0.0,-0.0001814534708365206,-0.0002471429590871582,0.0003039080070195418,0.001622839955824262,0.0009994093337177966,0.00019087410463277632
6.289,0.0,-0.0001876430432397722,-0.00030387022051774055,0.00031974812733594514,0.0013399651531354035,0.0010134286492780543,0.00018058968948118153
6.309,0.0,-0.0001789162969742563,-0.0003310713006344613,0.0002478602280187823,0.0010431555632426377,0.0007455744021983421,0.00017089111392701566
6.329,0.0,-0.0001789162969742563,-0.0003310713006344613,0.0002478602280187823,0.0010431555632426377,0.0007455744021983421,0.00017089111392701566
6.349,0.0,-5.9156878059146165e-05,-0.0003518400569728756,0.00033890482940560844,0.0014343282393533942,-0.00026839117964097726,-0.000240804909585223
6.369,0.0,-4.735836692220025e-06,-0.00035205227916680507,0.00032421962366672384,0.001301555273216268,-0.0002599764656450668,-0.0005225072367025305
6.389,0.0,-3.9045325874545017e-05,-0.0003715820041528013,0.00030613235146202965,0.001151303240828995,-0.0002545264736134261,-0.00025086707373716806
6.409,0.0,6.912903192025294e-06,-0.0003354880438142885,0.0002799835029925421,0.0011475210538514015,-0.0005377905830161631,-0.0005327505377257268
6.429,0.0,6.912903192025294e-06,-0.0003354880438142885,0.0002799835029925421,0.0011475210538514015,-0.0005377905830161631,-0.0005327505377257268
6.449,0.0,-3.009923847271906e-06,-0.00036493532642370614,0.00027786781220412964,0.001161524814726456,-0.00025553945432737633,-0.0005333904005917931
6.469,0.0,-9.396631195688505e-07,-0.00034901088816000525,0.00026155303872875613,0.0010200581203035476,-0.00024569354781546205,-0.0005331293116722473
6.489,0.0,1.8434466964742544e-06,-0.0003544035596631252,0.0002805607538616258,0.0011357841014780186,-0.0006789959817986272,-0.000391089480342234
6.509,0.0,3.596689133645745e-05,-0.00032673543434010575,0.0002860681896044544,0.0010934020402045255,-0.0015266082687048618,-0.00038878994764808143
6.529,0.0,3.596689133645745e-05,-0.00032673543434010575,0.0002860681896044544,0.0010934020402045255,-0.0015266082687048618,-0.00038878994764808143
6.549,0.0,6.60530151950711e-05,-0.00028229763627655796,0.00031210322319557144,0.0013620985516545722,-0.0018224035562406943,-0.0003787081681412962
6.569,0.0,2.7176532820491472e-05,-0.00026216939988635545,0.000372343783261794,0.0016575651737984988,-0.0015540073820203464,-0.00036888066916457995
6.589,0.0,-2.5428890417310733e-05,-0.0002291150907575947,0.00040354915423912517,0.0019299287902127295,-0.0015670188856377473,-7.600191456863661e-05
6.609,0.0,-3.312992893516504e-05,-0.00022705876521674298,0.00038606790421583185,0.0018893604560395957,-0.002273457190551305,6.668448119130089e-05
6.629,0.0,-3.312992893516504e-05,-0.00022705876521674298,0.00038606790421583185,0.0018893604560395957,-0.002273457190551305,6.668448119130089e-05
6.649,0.0,2.746331670361235e-05,-0.00019539635555651473,0.00044387785842651674,0.0021697180485636815,-0.002428766539539134,-6.411249751466056e-05
6.669,0.0,-2.9080667333561463e-05,-0.0001628946717097702,0.00047245784004348634,0.00246810036737226,-0.0020181242711790827,8.706720822697993e-05
6.689,0.0,-4.055467113803984e-05,-9.373749307875827e-05,0.0005070911728907758,0.002724108350415314,-0.0024559970475204864,0.0002393443490009624
6.709,0.0,-0.00010811041463977,-0.00013547747316462557,0.00047785678179591937,0.0024727879002528408,-0.0017346639418498193,0.0003681784466059579
6.729,0.0,-0.00010811041463977,-0.00013547747316462557,0.00047785678179591937,0.0024727879002528408,-0.0017346639418498193,0.0003681784466059579
6.749,0.0,-0.00011112315526449741,-0.0001261094229483882,0.00047524339973101427,0.0024982010026342316,-0.0013120830367305259,0.00022602278774428637
6.769,0.0,-5.540131812642887e-05,-0.0001248376591128625,0.0004309255917221692,0.0023682107367427726,-0.0011614187195313527,8.609228905461914e-05
6.789,0.0,-2.9737374185024583e-05,-0.00012876182109130313,0.0004405892676590583,0.0023926701132943296,-0.0008798038588934225,-0.00019727494275218588
6.809,0.0,-6.743281561961949e-05,-0.0001319641925400884,0.00037431148861274076,0.002114582959089376,-0.0005828420790128831,7.367689459812406e-05
6.829,0.0,-6.743281561961949e-05,-0.0001319641925400884,0.00037431148861274076,0.002114582959089376,-0.0005828420790128831,7.367689459812406e-05
6.849,0.0,-0.00012277916686033707,-0.00014714577412923993,0.0003088204488613365,0.0017074405535863067,-0.00014001612666127302,0.00019275149081514258
6.869,0.0,-0.00016589003080562102,-0.00015055112263108187,0.00036869014517088396,0.0019042964825212042,0.0009852481360731076,0.00020138749337118977
6.889,0.0,-0.00023936293571828873,-0.00015683477297315048,0.00034675950626278227,0.0017558324326445377,0.001132685196558688,0.000612826971673927
6.909,0.0,-0.00021079841908949227,-0.0001830666824157891,0.00033257918923069123,0.00161267055336001,0.0010004017383585635,0.0004735841808457429
6.929,0.0,-0.00021079841908949227,-0.0001830666824157891,0.00033257918923069123,0.00161267055336001,0.0010004017383585635,0.0004735841808457429
6.949,0.0,-0.00018285896549024213,-0.00023015254574260311,0.00030735405652091276,0.0014698057031627709,0.0008633620335173164,0.0003210884310405012
6.969,0.0,-0.00012083658391847503,-0.0001820666260855819,0.0003094076029028819,0.0015946712469801134,0.0004344708725091868,0.0001922680725048916
6.989,0.0,-0.00013940945807438916,-0.00019551656681741068,0.000337242791727642,0.001709445323644256,1.59337408694453e-06,0.00033313712910936145
7.009,0.0,-0.0001401553206493838,-0.00020942933385562364,0.0003207624628016946,0.0015676324328202653,1.1048491081262711e-05,0.0003349825986498585
7.029,0.0,-0.0001401553206493838,-0.00020942933385562364,0.0003207624628016946,0.0015676324328202653,1.1048491081262711e-05,0.0003349825986498585
7.049,0.0,-0.00019079333183259564,-0.000193236829824105,0.0002881477148846954,0.0015577370157317623,1.2413608005457733e-05,0.0006163541256340048
7.069,0.0,-0.00014634379148599025,-0.00019002462460611017,0.0003557102837135764,0.0018244761897556327,-0.0004253959923040002,0.00048680743656852435
7.089,0.0,-0.00016006175064725548,-0.00019851151517030676,0.0003564981105883917,0.0018096702616956146,-0.0007084501481671038,0.00048717879261619295
7.109,0.0,-9.985282438656043e-05,-0.0002135049311839288,0.0003634565901238241,0.001767897159393086,-0.0015554715066619126,0.000489800680924789
7.129,0.0,-9.985282438656043e-05,-0.0002135049311839288,0.0003634565901238241,0.001767897159393086,-0.0015554715066619126,0.000489800680924789
7.149,0.0,-5.656484523791251e-05,-0.00021876506850159982,0.00036560071326634166,0.0017776941589274832,-0.0015567546964495593,0.0002084503721561503
7.169,0.0,-4.0238843281487726e-05,-0.0002161719475799448,0.00039448097632071395,0.0019053679124168125,-0.0018488664052556617,0.00020753925189859236
7.189,0.0,-4.775870801543894e-05,-0.00019531271670221128,0.0003840721231858979,0.0019053679124168125,-0.0018488664052556617,0.00020753925189859236
7.209,0.0,-6.364616858159104e-05,-0.00024764034331679294,0.00038610180629094554,0.0017657725117766322,-0.0016974779139600417,0.00034950835204349635
7.229,0.0,-6.364616858159104e-05,-0.00024764034331679294,0.00038610180629094554,0.0017657725117766322,-0.0016974779139600417,0.00034950835204349635
7.249,0.0,-0.00010003961311767552,-0.00024438366078951163,0.00037254628024916965,0.0017792258405858034,-0.0014154323845671879,0.00034835496013120956
7.269,0.0,-0.00016848241761672968,-0.0002641063485756539,0.00042553513151992234,0.0019115397315254247,-0.0014231630083327562,0.0006296765289949144
7.289,0.0,-0.00018519217567049154,-0.0003059333152172456,0.0004090467760205459,0.0017575353147512205,-0.0015545663050417274,0.0007726283708753602
7.309,0.0,-0.00014301915154011998,-0.0003172030791391788,0.00042756899301399923,0.0019092710863597932,-0.001565191602016922,0.000489422976140016
7.329,0.0,-0.00014301915154011998,-0.0003172030791391788,0.00042756899301399923,0.0019092710863597932,-0.001565191602016922,0.000489422976140016
7.349,0.0,-9.3989947091767e-05,-0.0003270488646197895,0.0004211480110495911,0.001803612367739008,-0.0011337755211696132,6.49465024056563e-05
7.369,0.0,-0.00010879654981809815,-0.00031409571566061824,0.00041208799934428343,0.0017792258405858034,-0.0014154323845671879,0.00034835496013120956
7.389,0.0,-0.00011815876953914064,-0.0003270628101877679,0.00038416954294917603,0.0016393368538339492,-0.0014108874879373583,0.0003374287236265437
7.409,0.0,-9.769205232739802e-05,-0.00033531481694741745,0.00031293382069767924,0.0013427818866910345,-0.001678196749997544,0.00032750564793388267
7.429,0.0,-9.769205232739802e-05,-0.00033531481694741745,0.00031293382069767924,0.0013427818866910345,-0.001678196749997544,0.00032750564793388267
7.449,0.0,-0.00013479951211928283,-0.0003494751698269348,0.00027582453855875936,0.0010772312756293799,-0.0012407515019724157,0.000456889019489769
7.469,0.0,-0.00010764503918427439,-0.0003295174644862322,0.00029295432536722746,0.0012411434066584757,-0.0009640430631069373,0.00018581632669029902
7.489,0.0,-5.6916501138265686e-05,-0.00034764884525280464,0.0002689666731059375,0.0010994936541407448,-0.0011009452634150958,3.3067895608368955e-05
7.509,0.0,-6.081603202951814e-05,-0.0003301612834180003,0.000253755308664918,0.0009311384140326626,-0.001515066980240321,0.00017687726831341712
7.529,0.0,-6.081603202951814e-05,-0.0003301612834180003,0.000253755308664918,0.0009311384140326626,-0.001515066980240321,0.00017687726831341712
7.549,0.0,-6.94513839207691e-05,-0.00025916112039848545,0.0002821654666744397,0.0013810272537809491,-0.0011153314831156272,4.373395030917313e-05
7.569,0.0,-4.557823536684436e-05,-0.00022824387642042277,0.00031904634146597563,0.0015336220235446037,-0.0009785890706433065,-8.597548939841145e-05
7.589,0.0,2.9679792953517285e-07,-0.0002179812081216383,0.00032103775904431805,0.0016472277283637443,-0.0015530694970785283,-8.632996716957654e-05
7.609,0.0,8.230203839189801e-06,-0.00019556864653994416,0.0002670817289005022,0.0013795202402325205,-0.0012576367988434854,-9.721815014391799e-05
7.629,0.0,8.230203839189801e-06,-0.00019556864653994416,0.0002670817289005022,0.0013795202402325205,-0.0012576367988434854,-9.721815014391799e-05
7.649,0.0,3.0419011467552935e-06,-0.00021199707531137425,0.0002747174937729303,0.0015059758538028835,-0.0015441216218551434,-8.513441997941002e-05
7.669,0.0,2.8863854882765294e-05,-0.00024419102347693203,0.00030680577882856365,0.0015035583557938166,-0.0016854172382809805,-0.000226072376315073
7.689,0.0,3.638739239619541e-05,-0.00026505071529625676,0.0003172110532561209,0.0015035583557938166,-0.0016854172382809805,-0.000226072376315073
7.709,0.0,1.2503634758054214e-05,-0.00025917691147913345,0.0003432428769795704,0.0016330405775849329,-0.0018357870725678384,-8.549735987446825e-05
7.729,0.0,1.2503634758054214e-05,-0.00025917691147913345,0.0003432428769795704,0.0016330405775849329,-0.0018357870725678384,-8.549735987446825e-05
7.749,0.0,7.320632361206014e-09,-0.00023040131873600626,0.0003772914616623104,0.0019037405958933153,-0.001990503353997658,6.578831528865592e-05
7.769,0.0,8.950583066200304e-05,-0.00024042884551999343,0.0003801945528396864,0.0019380578812747736,-0.0017099634520952721,-0.0004987549527044772
7.789,0.0,0.00010237682323806335,-0.0002756744660623241,0.0003950073834619237,0.0017823826961699035,-0.0019830623704172727,-0.0004975386810581458
7.809,0.0,3.723714146337168e-05,-0.000315269306117591,0.00034780079519806413,0.0014893290335333763,-0.001968192183313499,-0.00022524178456611487
7.829,0.0,3.723714146337168e-05,-0.000315269306117591,0.00034780079519806413,0.0014893290335333763,-0.001968192183313499,-0.00022524178456611487
7.849,0.0,-2.1746048924972e-05,-0.0003135718318517355,0.00031686533924417675,0.0013532881859564245,-0.001679954389006227,4.5599206896147094e-05
7.869,0.0,-8.077309794747718e-05,-0.0003571292702642624,0.0003338593724670768,0.0013427818866910345,-0.001678196749997544,0.00032750564793388267
7.889,0.0,-0.0001090554275544672,-0.00036877916153370646,0.00032431810327897547,0.0012150572774494515,-0.0013871642284423416,0.0003275124610794009
7.909,0.0,-0.00018093926175508736,-0.00034671783200580894,0.00032806364585330423,0.0013466882186955592,-0.0013956061688739421,0.0006084946689520904
7.929,0.0,-0.00018093926175508736,-0.00034671783200580894,0.00032806364585330423,0.0013466882186955592,-0.0013956061688739421,0.0006084946689520904
7.949,0.0,-0.00012120813769068738,-0.0003056071532348485,0.0003664206755566065,0.0016130270196463702,-0.0018343648709558467,0.00047929656796821395
7.969,0.0,-0.0001350305086281673,-0.0003011901867101611,0.0003112421610443732,0.0013444984647660182,-0.0015376048832916396,0.00046823283013593245
7.989,0.0,-0.00015770173701199573,-0.0002894408719458934,0.0002968860105189988,0.0013728766443152868,-0.0009724275511511953,0.00046667168257610224
8.009,0.0,-0.0001713020147350375,-0.0002313853527944219,0.000328465401692923,0.0016697446037706254,-0.0007039482317966537,0.000476159046386724
8.029,0.0,-0.0001713020147350375,-0.0002313853527944219,0.000328465401692923,0.0016697446037706254,-0.0007039482317966537,0.000476159046386724
8.049,0.0,-0.00016887253819390205,-0.0002114681080782536,0.0003185962003574631,0.0016697446037706254,-0.0007039482317966537,0.000476159046386724
8.069,0.0,-0.0001424609346370106,-0.00021030533253511293,0.000338662581762182,0.0017932958839958699,-0.001132871090172036,0.0003476453289257015
8.089,0.0,-0.00012025680493984864,-0.00017245707913504042,0.00043033447632285664,0.0022298384260820187,-0.0010156178010007249,0.00021501049118927064
8.109,0.0,-9.727532691296665e-05,-0.00012757083679514901,0.000454408814117899,0.0025123877270271486,-0.0010295644605116097,0.00022531814488528835
8.129,0.0,-9.727532691296665e-05,-0.00012757083679514901,0.000454408814117899,0.0025123877270271486,-0.0010295644605116097,0.00022531814488528835
8.149,0.0,-9.321673272837156e-05,-0.00010468902256169588,0.0004711578908318475,0.002664749963204285,-0.0008929267573960665,9.575232835576311e-05
8.169,0.0,-8.938255844367739e-05,-6.8384601727626e-05,0.0005136481427538154,0.002961242412589988,-0.0006245814384589875,0.00010529523659735996
8.189,0.0,-9.932329706498033e-05,-6.744257681606043e-05,0.0005131056432292153,0.002961242412589988,-0.0006245814384589875,0.00010529523659735996
8.209,0.0,-7.877865163537969e-05,-9.326601694643148e-05,0.00052699759490393,0.002833256771051348,-0.00047973129513923543,-4.847347275062665e-05
8.229,0.0,-7.877865163537969e-05,-9.326601694643148e-05,0.00052699759490393,0.002833256771051348,-0.00047973129513923543,-4.847347275062665e-05
8.249,0.0,-7.900698889017398e-05,-6.884964695862765e-05,0.0005148931298237047,0.002959820645031719,-0.0007667446112447048,-3.5599236882672876e-05
8.269,0.0,-0.00011548749673388994,-0.0001262131226736548,0.00047289168322432816,0.002526376395047943,-0.0007472011398140891,0.00022469140400148427
8.289,0.0,-8.526129205707085e-05,-0.0001295206057257368,0.00047421618995840156,0.0025243575902543,-0.0008889817869044171,8.432058984467357e-05
8.309,0.0,-9.46584854061568e-05,-0.00012857612396983378,0.00046368999516171853,0.0025243575902543,-0.0008889817869044171,8.432058984467357e-05
8.329,0.0,-9.46584854061568e-05,-0.00012857612396983378,0.00046368999516171853,0.0025243575902543,-0.0008889817869044171,8.432058984467357e-05
8.349,0.0,-8.827591913508773e-05,-0.00010807893240373537,0.0004564576087601096,0.0024982010026342316,-0.0013120830367305259,0.00022602278774428637
8.369,0.0,-4.545126889933222e-05,-0.00011237561608805941,0.00046860009096273637,0.0025086951825017624,-0.001313777450269992,-5.584750285727488e-05
8.389,0.0,-2.7991620681815833e-05,-0.00010378411856695884,0.0004811320153689917,0.002495039002813182,-0.0015950042710566365,-5.545982608435149e-05
8.409,0.0,9.146571473790566e-06,-0.00011697651354620967,0.00046364901155454373,0.002480864507931216,-0.001877756460291335,-5.4668832594154366e-05
8.429,0.0,9.146571473790566e-06,-0.00011697651354620967,0.00046364901155454373,0.002480864507931216,-0.001877756460291335,-5.4668832594154366e-05
8.449,0.0,5.402153418983391e-05,-0.00013403939976423327,0.0004323578241048882,0.0023078410897876857,-0.0025750332337345465,-0.00019277275002377512
8.469,0.0,9.268154248248748e-05,-0.00016219518281269783,0.0004277268258479072,0.0021661678066577034,-0.0027122543159070122,-0.000345206994470819
8.489,0.0,2.275764420098633e-05,-0.00021478632476158233,0.00044517757404113683,0.002155928250159576,-0.0027112617479124836,-6.270795932997864e-05
8.509,0.0,3.336439924386349e-06,-0.0001924855548848934,0.0004634986920700169,0.002157659777447739,-0.0025694636780026845,7.890884021378044e-05
8.529,0.0,3.336439924386349e-06,-0.0001924855548848934,0.0004634986920700169,0.002157659777447739,-0.0025694636780026845,7.890884021378044e-05
8.549,0.0,-4.748665436073209e-05,-0.00020873650964121617,0.0004885615846400955,0.0021737617094095565,-0.0021457048578180553,0.00021857004021299744
8.569,0.0,-1.0368016993359746e-05,-0.0002265200860527932,0.0004423427419271552,0.002056574452634981,-0.0018544106529366717,-6.320217936316665e-05
8.589,0.0,-7.213599523569592e-05,-0.00025182857896895834,0.0003944286551194603,0.0016779593537250038,-0.0008466615952341864,5.3141862563110745e-05
8.609,0.0,-8.36373675272372e-05,-0.0002479260631869894,0.00042020529711361186,0.00181794267542159,-0.0008512058394858514,6.403027727693532e-05
8.629,0.0,-8.36373675272372e-05,-0.0002479260631869894,0.00042020529711361186,0.00181794267542159,-0.0008512058394858514,6.403027727693532e-05
8.649,0.0,-7.271510874743156e-05,-0.00029265451326697617,0.0003934965705269611,0.0016898476381446374,-0.0007062667115945029,-8.776103805296543e-05
8.669,0.0,-0.00013422681116064786,-0.0003238129535416227,0.0003458915609677423,0.0014114071811435714,-0.00040857324086254987,0.0001824172412168751
8.689,0.0,-0.00025070672053553706,-0.0003130532164378599,0.00036538760062742746,0.0014454661876591032,0.000581475687287058,0.0006034173287935459
8.709,0.0,-0.00029624466759459894,-0.0003023522337895458,0.00033418059929136415,0.001319814160154226,0.0010155469618757114,0.0007448441970919791
8.729,0.0,-0.00029624466759459894,-0.0003023522337895458,0.00033418059929136415,0.001319814160154226,0.0010155469618757114,0.0007448441970919791
8.749,0.0,-0.00022736200505640044,-0.00031891697062386967,0.0003493610914167117,0.0013157814365197603,0.0007325966025703905,0.0004639150385476671
8.769,0.0,-0.0002162648767059034,-0.0003337527187533078,0.0003125204363097756,0.0011749968602939025,0.0007361968102825069,0.0004526736317069787
8.789,0.0,-0.00022308108519692013,-0.00034366141777136816,0.00023180871679484886,0.00075112427901097,0.0007606967384597267,0.00044320703787260657
8.809,0.0,-0.0002648742918437003,-0.0003284121359662351,0.00021970725219290645,0.0007414545809353523,0.0007611533208875283,0.000725447881148027
8.829,0.0,-0.0002648742918437003,-0.0003284121359662351,0.00021970725219290645,0.0007414545809353523,0.0007611533208875283,0.000725447881148027
8.849,0.0,-0.0002805794953094504,-0.0003229249454212347,0.00022772291079375224,0.0008565978361289021,0.0003285104943788704,0.0008662702684738567
8.869,0.0,-0.000341933510506703,-0.00035747742367575277,0.00017333058330674857,0.00043462907630489666,0.0004937187470396197,0.0009981365123056841
8.889,0.0,-0.00035035271729678806,-0.00030872294417297926,0.0001675959557076519,0.000704560588023732,0.0003391731700406401,0.0011497209965151479
8.909,0.0,-0.0002888701170034063,-0.0002776587147508109,0.00021523332154170294,0.0009828655835375688,4.12966794157471e-05,0.000878609643396231
8.929,0.0,-0.0002888701170034063,-0.0002776587147508109,0.00021523332154170294,0.0009828655835375688,4.12966794157471e-05,0.000878609643396231
8.949,0.0,-0.00025438088975422257,-0.0002854468975368808,0.00018982842368967667,0.0008546084287519969,0.0001869207289199357,0.0007256896398825946
8.969,0.0,-0.0002739837125227029,-0.00024232239557931507,0.0002383348964221457,0.0012791046667405114,0.00030980340630323746,0.0008888684159994106
8.989,0.0,-0.0002937390579195502,-0.0002473841039594631,0.00022443230323698757,0.000996819818322856,0.00032335543398408624,0.0008779292855131548
9.009,0.0,-0.0002607329524575104,-0.00025124000818515396,0.00022537507061453675,0.0010092918514074609,0.000465126273056073,0.0007364036787565599
9.029,0.0,-0.0002607329524575104,-0.00025124000818515396,0.00022537507061453675,0.0010092918514074609,0.000465126273056073,0.0007364036787565599
9.049,0.0,-0.0001822119682576648,-0.00025189160011504204,0.0002739039969469257,0.0012874209388872547,0.00016726018659866414,0.00046557813702745494
9.069,0.0,-0.00023145826386548714,-0.00025471022817148844,0.0003070894029898274,0.001443409024181858,0.00043981570874310037,0.0004630772169121457
9.089,0.0,-0.00021719661872899294,-0.00027550419428327576,0.0003187581661481074,0.0014317899291945721,0.00029883122102784387,0.0006047060201835435
9.109,0.0,-0.00019377242284121223,-0.00023013980439863898,0.0003435888554587087,0.0017125332578764127,0.0001432624413139672,0.0004745855607955356
9.129,0.0,-0.00019377242284121223,-0.00023013980439863898,0.0003435888554587087,0.0017125332578764127,0.0001432624413139672,0.0004745855607955356
9.149,0.0,-0.0002076600680881294,-0.0002541933127946185,0.00034337901363449647,0.0016098650479917063,0.0008581749924042564,0.0003327732919612763
9.169,0.0,-0.00022135347652281896,-0.0002119608814318954,0.0002919132759786322,0.00161267055336001,0.0010004017383585635,0.0004735841808457429
9.189,0.0,-0.00021907935519631928,-0.00018210180346937022,0.00030207516712514316,0.00161267055336001,0.0010004017383585635,0.0004735841808457429
9.209,0.0,-0.00014473277280683408,-0.00022587923807789774,0.0002450583977272589,0.0012999831917756396,0.0003081152141459361,0.0003229905181736381
9.229,0.0,-0.00014473277280683408,-0.00022587923807789774,0.0002450583977272589,0.0012999831917756396,0.0003081152141459361,0.0003229905181736381
9.249,0.0,-0.0001252596202334172,-0.0002243063500033821,0.0002732570994933467,0.0014400968414403032,0.00015633576372825754,0.00018154275280011912
9.269,0.0,-0.0001861199380915474,-0.00023055350927159287,0.0003355416552127817,0.0016977992574245223,-0.00013951060751248864,0.00047490266127558716
9.289,0.0,-0.00029748763941595007,-0.00022361264145840594,0.00033096667196347946,0.001561215833709572,0.0002951583777569096,0.0008987492310705118
9.309,0.0,-0.00028288040255841553,-0.0002448960246785045,0.000343348586509903,0.0015473215901565512,1.3145846491286949e-05,0.0008992491087216678
9.329,0.0,-0.00028288040255841553,-0.0002448960246785045,0.000343348586509903,0.0015473215901565512,1.3145846491286949e-05,0.0008992491087216678
9.349,0.0,-0.0002894705153157459,-0.0001956676573193459,0.00035613880825128733,0.0018312480655652994,0.00014111371687693707,0.0010508920758030638
9.369,0.0,-0.0002533665064811213,-0.00021092287166741462,0.00029767745544850784,0.0014191298329530979,0.00015879768940774754,0.0007464067463536493
9.389,0.0,-0.00022732062038125002,-0.00020928000816941502,0.0003170646732255696,0.0015452550861566132,-0.0001285701637906725,0.0007588636213138779
9.409,0.0,-0.00017139891795663037,-0.00024585241301473934,0.000350511326680723,0.001541587727427623,-0.0004116061918957228,0.00047670083911154445
9.429,0.0,-0.00017139891795663037,-0.00024585241301473934,0.000350511326680723,0.001541587727427623,-0.0004116061918957228,0.00047670083911154445
9.449,0.0,-0.00011387484091250566,-0.0002888867620258002,0.0004009087384890974,0.001693426001116315,-0.00042224139314867205,0.00019337914936977225
9.469,0.0,-0.00010729093608984767,-0.00030578312761021136,0.0004276835871816976,0.0018343123643556976,-0.0004268064163175866,0.00020547469592533066
9.489,0.0,-9.90306085875811e-05,-0.00028233150990126377,0.00045615547160578906,0.0019620293506985866,-0.0007185309709008788,0.00020441020315025525
9.509,0.0,-1.3749560336138376e-05,-0.00028538744958263285,0.00042411967383873246,0.0018297863123258214,-0.0007106907296591271,-7.678784909626211e-05
9.529,0.0,-1.3749560336138376e-05,-0.00028538744958263285,0.00042411967383873246,0.0018297863123258214,-0.0007106907296591271,-7.678784909626211e-05
9.549,0.0,8.833826731323902e-05,-0.0003296317728921216,0.0004027223824718748,0.001698527506505165,-0.0008485411826292061,-0.0005119601155485375
9.569,0.0,0.00012633687806471589,-0.0003323359856582951,0.00039596807371587896,0.0016822046688655206,-0.001273031076368421,-0.0006513655177517398
9.589,0.0,0.00016418879100470687,-0.00036645516700516877,0.00038864831793707734,0.0016804892194309503,-0.0014147014290422821,-0.0007929059839591091
9.609,0.0,0.0001220841604171879,-0.00041048840671548223,0.00039134125773969034,0.0014133810699858839,-0.000976714631203665,-0.0006622255716554069
9.629,0.0,0.0001220841604171879,-0.00041048840671548223,0.00039134125773969034,0.0014133810699858839,-0.000976714631203665,-0.0006622255716554069
9.649,0.0,0.00010165858603168704,-0.00040861933625911017,0.0004002464537694152,0.0014133810699858839,-0.000976714631203665,-0.0006622255716554069
9.669,0.0,6.0883035498702895e-05,-0.0004173135361104335,0.0003809018627709427,0.001273599407168643,-0.0008253573107804388,-0.0005203953134742412
9.689,0.0,1.6281608266294147e-05,-0.0003423771158900758,0.0003386783326471296,0.0012633691856347436,-0.000824455362552327,-0.00023788753523120917
9.709,0.0,-2.6070629230625737e-05,-0.0003271456376348751,0.00033657978635246344,0.0012527942075448572,-0.0008227095628302201,4.408459836993448e-05
9.729,0.0,-2.6070629230625737e-05,-0.0003271456376348751,0.00033657978635246344,0.0012527942075448572,-0.0008227095628302201,4.408459836993448e-05
9.749,0.0,6.1604359467965854e-06,-0.0003374809579790135,0.000354573510560271,0.00140545180481987,-0.0008337620158440902,-0.00023968701259418235
9.769,0.0,-1.3082107090839368e-05,-0.0002917655232580701,0.0003508111446498582,0.0015336220235446037,-0.0009785890706433065,-8.597548939841145e-05
9.789,0.0,-6.422911675708697e-05,-0.00023226728956891513,0.0003572405163067569,0.0016511445369757466,-0.0012694861581328083,0.00019556136279805036
9.809,0.0,-4.353313197298633e-05,-0.00022481494718015028,0.0003450589024640472,0.0016898476381446374,-0.0007062667115945029,-8.776103805296543e-05
9.829,0.0,-4.353313197298633e-05,-0.00022481494718015028,0.0003450589024640472,0.0016898476381446374,-0.0007062667115945029,-8.776103805296543e-05
9.849,0.0,-5.5044307218463285e-05,-0.00021048811104459767,0.0003811764478126299,0.001831974697261718,-0.0005688422639267292,6.33598901537774e-05
9.869,0.0,-9.281731642422771e-05,-0.00017988683782463243,0.0004307805456674161,0.002130811750065788,-0.00015775832852211178,0.00021434699126992625
9.889,0.0,-0.00010056461314616803,-0.0001714178818071057,0.00047561637157605464,0.002386708962368343,-0.0005959965643119969,0.00036678309731459944
9.909,0.0,-0.0001087822793950512,-0.00018044224296099502,0.0004853037376725445,0.0023987489164794167,-0.00045550839303652583,0.00022569885346520178
9.929,0.0,-0.0001087822793950512,-0.00018044224296099502,0.0004853037376725445,0.0023987489164794167,-0.00045550839303652583,0.00022569885346520178
9.949,0.0,-9.032159952904385e-05,-0.00023200826521733547,0.0005084330820620335,0.0023706657596481986,-0.0010201514543831988,0.00022711496648704152
9.969,0.0,-0.00012286951468937354,-0.00022916676795463898,0.0004975262169960611,0.0023586248290136,-0.0011608144447314399,0.0003681984698744286
9.989,0.0,-0.00015676397472893334,-0.00021893135704243908,0.0004576922590870405,0.0022322137794040394,-0.0008744409172639129,0.0003560436360745656
10.009,0.0,-0.0002422679222007058,-0.0002447189301957244,0.000474588658736202,0.0020960042637732726,-0.0004393133415051267,0.0007796339112883183
10.029,0.0,-0.0002422679222007058,-0.0002447189301957244,0.000474588658736202,0.0020960042637732726,-0.0004393133415051267,0.0007796339112883183
10.049,0.0,-0.0002591784577377772,-0.0002533003953507656,0.0004520557349555492,0.002110064792253705,-0.0001570348742395412,0.0007789964441156437
10.069,0.0,-0.0002784762908263907,-0.0002548473410901427,0.0004339230901508574,0.0019714486520035265,-1.0583553977244855e-05,0.0009091516263572505
10.089,0.0,-0.00023077235332478205,-0.0002864147959024882,0.00038490537582873006,0.0016734233832483808,-0.0004208829581846251,0.0007584321659098964
10.109,0.0,-0.00019522609352378204,-0.00030907247752376963,0.0003880801869561391,0.001657097733207133,-0.0008440833750046812,0.0006179059199359206
10.129,0.0,-0.00019522609352378204,-0.00030907247752376963,0.0003880801869561391,0.001657097733207133,-0.0008440833750046812,0.0006179059199359206
10.149,0.0,-0.00017216844180452067,-0.00031201175367004185,0.00038845402690007276,0.0016697446037706254,-0.0007039482317966537,0.000476159046386724
10.169,0.0,-0.00016641459023051088,-0.0002785510764296072,0.000407618465323114,0.0017829320093601868,-0.001132004525274586,0.0006304719426628719
10.189,0.0,-0.0001985643292892741,-0.00026883271911257476,0.0003863595790313168,0.00167115690905318,-0.000561841364210509,0.0006171775624567763
10.209,0.0,-0.00018263824028926328,-0.00025437413285999257,0.0003492082180382143,0.001543947986485922,-0.00027058161791854916,0.0006177549374956157
10.229,0.0,-0.00018263824028926328,-0.00025437413285999257,0.0003492082180382143,0.001543947986485922,-0.00027058161791854916,0.0006177549374956157
10.249,0.0,-0.00017692818801135401,-0.00024541034989021066,0.0003195989950059714,0.001555584576445482,-0.00012935978168021787,0.0004759687192794025
10.269,0.0,-0.00020934769648302414,-0.0002689364528315127,0.00031334125080303277,0.0012755451923889749,2.6946925424041884e-05,0.0006065090969602075
10.289,0.0,-0.0002389008540659245,-0.00023874768107929844,0.00034488213596710397,0.0015591590654678992,0.00015346925120181233,0.0007583746959581042
10.309,0.0,-0.000264902512103524,-0.00021356771297816995,0.00036936393353028264,0.0017159115330644668,0.0004267979132501896,0.0007560660363687923
10.329,0.0,-0.000264902512103524,-0.00021356771297816995,0.00036936393353028264,0.0017159115330644668,0.0004267979132501896,0.0007560660363687923
10.349,0.0,-0.0003239347381451548,-0.00021084876830357744,0.0003282691703642174,0.0015777579818022334,0.0007200851693094927,0.0010382250820514037
10.369,0.0,-0.0003407072241962405,-0.00016216740351387513,0.00035018988407663904,0.0018598168276532374,0.0007064795293218848,0.0010491401958511702
10.389,0.0,-0.0003802916282727863,-0.00019265758352977625,0.0002806440669200135,0.0012975091497445456,0.0008761830120266461,0.0011689537157791537
10.409,0.0,-0.0003651884873956301,-0.0002041157581434115,0.0002790023329857388,0.00132369623022879,0.0012993849714309639,0.0010269564626565854
10.429,0.0,-0.0003651884873956301,-0.0002041157581434115,0.0002790023329857388,0.00132369623022879,0.0012993849714309639,0.0010269564626565854
10.449,0.0,-0.0003077253000869336,-0.00019925275137720714,0.0002459481598333735,0.0012927470689445726,0.0005923652686892299,0.0008875938523913603
10.469,0.0,-0.0002965074110704942,-0.00016238247649904297,0.000372889232643125,0.0019714486520035265,-1.0583553977244855e-05,0.0009091516263572505
10.489,0.0,-0.00027771286351288967,-0.000150363272570869,0.0004103561912299771,0.002112031029779518,-1.4454631070358175e-05,0.0009204943517206869
10.509,0.0,-0.00023337427358663653,-0.00010690790786732109,0.00041725107116240344,0.0023924609076757235,-0.00017115113747402237,0.0007893768889583969
10.529,0.0,-0.00023337427358663653,-0.00010690790786732109,0.00041725107116240344,0.0023924609076757235,-0.00017115113747402237,0.0007893768889583969
10.549,0.0,-0.00014929334221344806,-0.00015213373919818637,0.00037147162056525067,0.0020774448773611945,-0.0010045589148060172,0.0004988874813277846
10.569,0.0,-0.0001374429152174544,-0.00016245319936598993,0.00039457819457032397,0.0020514435329179862,-0.0014285996524555928,0.0006415724842680086
10.589,0.0,-0.00012293238887701476,-0.00014639387388315974,0.00042129657775239474,0.0023054127504697664,-0.00200733243435389,0.0006526975223866856
10.609,0.0,-8.730950945955839e-05,-0.00015319673447363046,0.00037592000616458346,0.0021776772369166385,-0.0018618851085728852,0.000500508731189248
10.629,0.0,-2.5046102271442997e-05,-0.00013994539916674812,0.00037963859877057746,0.0021737617094095565,-0.0021457048578180553,0.00021857004021299744
10.649,0.0,-2.5046102271442997e-05,-0.00013994539916674812,0.00037963859877057746,0.0021737617094095565,-0.0021457048578180553,0.00021857004021299744
10.669,0.0,-4.527165804843409e-05,-0.00013757893140646453,0.00037787199183435185,0.002175972878479995,-0.0020035775873534696,0.00035881670893170384
10.689,0.0,-3.523756909294579e-05,-0.0001723648387055668,0.0003711160748804954,0.0020459981220010528,-0.001852738453516517,0.00021875083844026397
10.709,0.0,-7.82508837616637e-05,-0.0002477743316760802,0.0002710027584361956,0.001383218355661931,-0.0009733914461455896,0.0001839297278556783
10.729,0.0,-7.88577866088051e-05,-0.00027161765742220753,0.00023448289698263806,0.0012411434066584757,-0.0009640430631069373,0.00018581632669029902
10.749,0.0,-7.88577866088051e-05,-0.00027161765742220753,0.00023448289698263806,0.0012411434066584757,-0.0009640430631069373,0.00018581632669029902
10.769,0.0,-6.599739276624649e-05,-0.0003257154316554699,0.00022931219045332994,0.0010868178114422568,-0.0012413182015846502,0.00017483227071845287
10.789,0.0,-7.363304592332096e-05,-0.00032530588567442124,0.00023736059101708,0.0011009278732384317,-0.0009588756413441641,0.00017410199150008775
10.809,0.0,-8.466995250006042e-05,-0.0003377822644625761,0.0002196261542657511,0.0009609681812130887,-0.000807580771317861,0.00031624688921589304
10.829,0.0,-5.6533969282828793e-05,-0.000321800803039591,0.00021942632091293815,0.000985428925322695,-0.0005260195475056266,3.276707430589659e-05
10.849,0.0,-5.6533969282828793e-05,-0.000321800803039591,0.00021942632091293815,0.000985428925322695,-0.0005260195475056266,3.276707430589659e-05
10.869,0.0,-0.00011331594056224885,-0.00035249336833992166,0.000283132302979571,0.0011291673848381764,-0.00039401424373879714,0.00017251960829192512
10.889,0.0,-0.00010385553619846717,-0.00035047460008606393,0.00029002981250792083,0.001269256523647828,-0.00039938707968491694,0.0001844046906355814
10.909,0.0,-5.725234325003197e-05,-0.0003441609142846479,0.0002656386544460964,0.0012411434066584757,-0.0009640430631069373,0.00018581632669029902
10.929,0.0,-0.00015277710313199466,-0.00033369169096407925,0.0003000249291376734,0.0012329496107788705,-0.0008213136033803506,0.0006089249148500934
10.949,0.0,-0.00015277710313199466,-0.00033369169096407925,0.0003000249291376734,0.0012329496107788705,-0.0008213136033803506,0.0006089249148500934
10.969,0.0,-0.00011597290365147517,-0.0002768785582838689,0.0003414676265019123,0.0016697446037706254,-0.0007039482317966537,0.000476159046386724
10.989,0.0,-0.0001076997014587754,-0.0002743585519549675,0.0003790162302385649,0.0018074135947586274,-0.0008503841980647232,0.0003469276800195852
11.009,0.0,-0.00014316611009616422,-0.0002214236384190085,0.0003534239760149247,0.001850379230666381,-2.913389480437063e-06,0.0003451307314328235
11.029,0.0,-0.00019548079645600387,-0.00017197033996436658,0.00045693845479519195,0.002418972247556709,0.00025279206941576914,0.0006472377437798929
11.049,0.0,-0.00019548079645600387,-0.00017197033996436658,0.00045693845479519195,0.002418972247556709,0.00025279206941576914,0.0006472377437798929
11.069,0.0,-0.00018102252661788038,-0.00013759058414179395,0.0005013832306014186,0.0027110810598811657,0.00023821009567571497,0.00037537240373173637
11.089,0.0,-0.0001915807144213889,-0.00015307653361498435,0.0004773054859542578,0.002430774151558685,0.00039304456091820885,0.0005063357816526265
11.109,0.0,-0.00017879081536106611,-0.00010326157402063257,0.0005182531077685797,0.0028549463660975027,0.00036962691903320735,0.000514738317806501
11.129,0.0,-0.00020125395616489187,-0.00012125197059342392,0.00046665025474850006,0.002418972247556709,0.00025279206941576914,0.0006472377437798929
11.149,0.0,-0.00020125395616489187,-0.00012125197059342392,0.00046665025474850006,0.002418972247556709,0.00025279206941576914,0.0006472377437798929
11.169,0.0,-0.000280683666793505,-0.0001206697273375015,0.00049749110303371,0.0025766295352365382,0.0006677211210694586,0.0007862583835639995
11.189,0.0,-0.00017980297365826763,-0.00017493671608958338,0.0004670479790240005,0.0024425148107457347,0.0005341724438360718,0.0003645570240521345
11.209,0.0,-0.0001763497514254811,-0.0001743492899819577,0.00047870194936747536,0.0024169852151411735,0.00011115671268628658,0.000506768626786407
11.229,0.0,-0.0001879580031112595,-0.00016243752384554092,0.00046891559803326693,0.0024042363191140678,-2.991472684923008e-05,0.0006475276576391795
11.249,0.0,-0.0001879580031112595,-0.00016243752384554092,0.00046891559803326693,0.0024042363191140678,-2.991472684923008e-05,0.0006475276576391795
11.269,0.0,-0.00016372147247528616,-0.00016422353494372882,0.00047236869228186484,0.0023764524321822017,-0.0005951099498086789,0.0006496173503234498
11.289,0.0,-7.689573412475113e-05,-0.00022043781575449822,0.00041679389821414054,0.0020739974075420367,-0.0012887092602529412,0.0002175466899482989
11.309,0.0,-0.0001243441944201999,-0.0002087159274772388,0.00037645009276086015,0.0019376231531762489,-0.0009999993121589822,0.00048789211583724607
11.329,0.0,-0.00015788564811783628,-0.0002048779814862485,0.00038552170910050406,0.0019256140339251457,-0.0011406075047243277,0.0006289539997130949
11.349,0.0,-0.00015788564811783628,-0.0002048779814862485,0.00038552170910050406,0.0019256140339251457,-0.0011406075047243277,0.0006289539997130949
11.369,0.0,-0.00015804304590314196,-0.0002187895910779039,0.0003580353634061904,0.0017829320093601868,-0.001132004525274586,0.0006304719426628719
11.389,0.0,-0.00015697753531601822,-0.00022183012149730861,0.00039105144674257675,0.0020774448773611945,-0.0010045589148060172,0.0004988874813277846
11.409,0.0,-0.00014975751712307733,-0.00021820275891608869,0.00034001939403887314,0.0017688361615581759,-0.0014146277991547503,0.0006312428790820284
11.429,0.0,-0.00027090723201651237,-0.00018293233843432637,0.00034041569114914123,0.0019031472163947,-0.0012804661545368185,0.00105307412674878
11.449,0.0,-0.00027090723201651237,-0.00018293233843432637,0.00034041569114914123,0.0019031472163947,-0.0012804661545368185,0.00105307412674878
11.469,0.0,-0.0003074114539458162,-0.00015580343780388376,0.000363261937290315,0.0020573143505411115,-0.0010032478987703761,0.00106414694445516
11.489,0.0,-0.0003776910255763932,-0.00015917386116626078,0.0003982112307639525,0.002073493970747259,-0.0005790371615249318,0.0012038769661863308
11.509,0.0,-0.0004560936538285615,-0.0001316285452221117,0.000392540091975905,0.002076774270903968,-0.0002952999676492206,0.0014856621703118263
11.529,0.0,-0.0005026949993128234,-9.836849947904659e-05,0.00039619005128645646,0.0023214226437530904,-0.0008734537974133493,0.0017799766188102725
11.549,0.0,-0.0005026949993128234,-9.836849947904659e-05,0.00039619005128645646,0.0023214226437530904,-0.0008734537974133493,0.0017799766188102725
11.569,0.0,-0.0005097116113078284,-0.0001172138354221785,0.00038900005604577823,0.002293094301257804,-0.0014385611304619554,0.0017815025575909308
11.589,0.0,-0.0005020675392269072,-0.00012061094352522659,0.000383654136868252,0.0021389459370303268,-0.0017158650316532126,0.001770334794972804
11.609,0.0,-0.0005613234136285811,-0.0001183522372993222,0.00035328187877429676,0.0019985326481268364,-0.001565322217175322,0.0019124505506970548
11.629,0.0,-0.0006313714501057212,-0.00011031480647598587,0.0003318323764975948,0.0017582771674470787,-0.0007036686982855837,0.0018999727220639572
11.649,0.0,-0.0006313714501057212,-0.00011031480647598587,0.0003318323764975948,0.0017582771674470787,-0.0007036686982855837,0.0018999727220639572
11.669,0.0,-0.0005873114135874822,-7.73786191627501e-05,0.0003771823195968907,0.0020530409210187542,-0.0005770451856326753,0.001768911552890045
11.689,0.0,-0.0005885819551195736,-8.090539518415454e-05,0.0004006262098287318,0.002333536070999086,-0.0007328660166517069,0.0016386176805305535
11.709,0.0,-0.0006234064909806922,-0.00010331513093920879,0.00033738467546930195,0.0020248356362082237,-0.0011418932607337499,0.0017703510351246914
11.729,0.0,-0.0006452730447354926,-0.00011775729021497073,0.00029397592096537875,0.0017278699573428098,-0.0014106661041077366,0.0017609157638460286
11.749,0.0,-0.0006452730447354926,-0.00011775729021497073,0.00029397592096537875,0.0017278699573428098,-0.0014106661041077366,0.0017609157638460286
11.769,0.0,-0.0005899787411890463,-0.00016677570873990533,0.00027259347005183004,0.001570151503377658,-0.0019722582099941017,0.0014681557538082596
11.789,0.0,-0.00062459578920393,-0.0001306746645152568,0.0002765103546430148,0.0017251149414539652,-0.0016932699057812396,0.0014785578924248915
11.809,0.0,-0.0006683237677041248,-0.00013234948071100516,0.00029220638264348947,0.0018528195214064034,-0.0019862178771883152,0.0014784320883240235
11.829,0.0,-0.0007346983387610808,-0.0001693711666763744,0.0002720912089598229,0.0016986646064738973,-0.0021169540200513385,0.001620906592236691
11.849,0.0,-0.0007346983387610808,-0.0001693711666763744,0.0002720912089598229,0.0016986646064738973,-0.0021169540200513385,0.001620906592236691
11.869,0.0,-0.0006991870200105305,-0.00016350374589937475,0.0002940187341047894,0.001909409892827703,-0.0035432034973311237,0.0016350743218506735
11.889,0.0,-0.0006987785815694133,-0.00015249776486982609,0.00034901526403723055,0.0022903684244957143,-0.0045556837670933615,0.001506121090152045
11.909,0.0,-0.0007752931814033209,-0.00018051612580659404,0.00029296163862464774,0.0019836363333579953,-0.004823056973122905,0.0017784725490811379
11.929,0.0,-0.0007753873996983037,-0.00016060448921973065,0.0002853533733553749,0.001966873032245948,-0.005247652352676718,0.0016382062286695014
11.949,0.0,-0.0007753873996983037,-0.00016060448921973065,0.0002853533733553749,0.001966873032245948,-0.005247652352676718,0.0016382062286695014
11.969,0.0,-0.0008193248562388279,-0.00015276702187925207,0.0003003919179600009,0.0020957273299892767,-0.005392647700143238,0.0017915904885841035
11.989,0.0,-0.0008415978647159124,-0.00010548397471420581,0.00031828092395875754,0.0022114756881875123,-0.005825579873198236,0.0019324116048673387
12.009,0.0,-0.0008803377850242214,-0.00011795724907341311,0.00033527228715720086,0.0023258412605480345,-0.006253062228735001,0.0020859614115289653
12.029,0.0,-0.0008761651238172479,-0.00013829318491844443,0.0003571866247251761,0.002311161350337317,-0.006535603633254625,0.0020862258279613225
12.049,0.0,-0.0008761651238172479,-0.00013829318491844443,0.0003571866247251761,0.002311161350337317,-0.006535603633254625,0.0020862258279613225
12.069,0.0,-0.0008938187274755019,-0.00014331632588027122,0.0003024198879067199,0.0020286010553559127,-0.0065216275358771815,0.0020759685628773485
12.089,0.0,-0.0010172861808499804,-0.00010286533278135297,0.0003493033995846894,0.0023031414876980836,-0.0063937204197011,0.00250987224470924
12.109,0.0,-0.0011406943124732275,-9.534439791427107e-05,0.0003215624966715244,0.00219484232592378,-0.005539766862359057,0.002779383426745849
12.129,0.0,-0.0011467494226439074,-8.62111241886354e-05,0.00027815830481796284,0.002012805779354917,-0.0062358026127936495,0.002922407888616326
12.149,0.0,-0.0011467494226439074,-8.62111241886354e-05,0.00027815830481796284,0.002012805779354917,-0.0062358026127936495,0.002922407888616326
12.169,0.0,-0.0011741814717433777,-7.516731140245918e-05,0.0003124438022784435,0.0022707082455256456,-0.006532039100601385,0.003215976691494204
12.189,0.0,-0.0012358031317715673,-9.61318327354318e-05,0.00028389073611228654,0.0019922746740665006,-0.006233822025355558,0.003487327530374663
12.209,0.0,-0.001291173679898392,-0.00012405949357641963,0.0002755866093651712,0.0018397592173872088,-0.006369938733580285,0.00361715359001401
12.229,0.0,-0.0012441829050405396,-0.0001243433756665772,0.0002761079794470328,0.0019658440608382043,-0.006657494425168205,0.0036298286502469005
12.249,0.0,-0.0012441829050405396,-0.0001243433756665772,0.0002761079794470328,0.0019658440608382043,-0.006657494425168205,0.0036298286502469005
12.269,0.0,-0.0012884991430731254,-8.965421403062306e-05,0.0002713188770608711,0.0019820202902626114,-0.006232871184430785,0.003769908679990099
12.289,0.0,-0.0013049016221965623,-0.0001061410224003072,0.00022587624564744487,0.0017132095670437427,-0.0059372817103150715,0.003759190263275713
12.309,0.0,-0.0012922395502841146,-0.0001485598258772087,0.00021380917066160136,0.0017396788079798889,-0.005513885715846679,0.003616683166992536
12.329,0.0,-0.0012060530033373084,-0.00018524586055257249,0.00016353081628975045,0.001481532362931944,-0.005218011645571873,0.003322963968889413
12.349,0.0,-0.0012060530033373084,-0.00018524586055257249,0.00016353081628975045,0.001481532362931944,-0.005218011645571873,0.003322963968889413
12.369,0.0,-0.0012058722538799609,-0.0001921601576806664,0.00014974635829465298,0.0011994268182910727,-0.005203496692697695,0.003313075062148469
12.389,0.0,-0.0013003045566908082,-0.00022268004744890765,0.00014344169129361037,0.0012058309779868074,-0.004778971373132807,0.0037353096844974557
12.409,0.0,-0.001327002748913009,-0.00017836651978295743,0.00022402674371777023,0.0016014184826622512,-0.005220348899997926,0.003899953481296432
12.429,0.0,-0.0013226618995185687,-0.00015741539039938044,0.00026797981780270257,0.0019973838920069225,-0.005809179892989384,0.0039097346755162824
12.449,0.0,-0.0013226618995185687,-0.00015741539039938044,0.00026797981780270257,0.0019973838920069225,-0.005809179892989384,0.0039097346755162824
12.469,0.0,-0.0012838933465052253,-0.0001991806255082424,0.0002377180426819737,0.001711552119557398,-0.006078490982451654,0.003618075445970926
12.489,0.0,-0.0013364706032458497,-0.00025047762423781664,0.00018031683100284924,0.0014313627848642693,-0.005922507291985738,0.0037491925778764265
12.509,0.0,-0.0012922596311766036,-0.0002369069375320199,0.00021971150586806918,0.0016832533261733646,-0.006643559442286639,0.003619513081358116
12.529,0.0,-0.001380820333682393,-0.0002205042853377719,0.00027014842962986717,0.0019433208088543927,-0.006797092061946854,0.004054224613867936
12.549,0.0,-0.001380820333682393,-0.0002205042853377719,0.00027014842962986717,0.0019433208088543927,-0.006797092061946854,0.004054224613867936
12.569,0.0,-0.0013799227853181996,-0.00016226673769367513,0.00030478971195329474,0.002211005095943574,-0.00709392145555945,0.004064845286574423
12.589,0.0,-0.0013292641351041027,-0.0001543077457227252,0.0003354462038693759,0.002350073399524626,-0.007385966345592525,0.003781763962119124
12.609,0.0,-0.0013200199592798307,-0.00016278642559722873,0.0003815877512499381,0.002503736650734652,-0.007108842089067833,0.0037924157427852933
12.629,0.0,-0.0012600747457665303,-0.00019774571462065986,0.0003664960893622929,0.0022747766981392214,-0.006247839739122791,0.0034975873546764518
12.649,0.0,-0.0012600747457665303,-0.00019774571462065986,0.0003664960893622929,0.0022747766981392214,-0.006247839739122791,0.0034975873546764518
12.669,0.0,-0.0011069230859684582,-0.00022149562551978123,0.0003378140301433906,0.002040935026748522,-0.005671131970549773,0.0029209311871585043
12.689,0.0,-0.0010152439689919146,-0.00021193644018367624,0.00031898489968506567,0.002079095653560251,-0.005108004139604766,0.0026374228131559384
12.709,0.0,-0.0009590431793446867,-0.00015707694341977375,0.0003722882484159548,0.002515081974179331,-0.004990048971119174,0.002505549375044998
12.729,0.0,-0.0009713045268385143,-0.00013859351808426598,0.00032678807723715016,0.0023471525084750307,-0.0054039355894943426,0.0026477772328406795
12.749,0.0,-0.0009713045268385143,-0.00013859351808426598,0.00032678807723715016,0.0023471525084750307,-0.0054039355894943426,0.0026477772328406795
12.769,0.0,-0.0009776502219240527,-0.00015002853162993638,0.0003710049383434042,0.002615938462853612,-0.0057002302268770065,0.002659332421652289
12.789,0.0,-0.0009730233447374849,-0.00018429004887791678,0.00036656023706383047,0.002461673131578649,-0.005977608605114052,0.002648233644293565
12.809,0.0,-0.000951684955245264,-0.00020886358410672875,0.0003144800239231425,0.0022789848744926683,-0.006674568473470277,0.0027927123950013204
12.829,0.0,-0.0009960562157400716,-0.00020979295092558563,0.00026921506499563957,0.00197251379635743,-0.0069413739310958626,0.0030653067723832713
12.849,0.0,-0.0009960562157400716,-0.00020979295092558563,0.00026921506499563957,0.00197251379635743,-0.0069413739310958626,0.0030653067723832713
12.869,0.0,-0.0008832489540055361,-0.0001829582224584124,0.0002758678593803168,0.0021923419038429965,-0.008511467976246256,0.0026563808234734377
12.889,0.0,-0.0009769441763077414,-0.0001750870376608442,0.00030925541611626783,0.002422169219857393,-0.009371603607552287,0.002951179238245833
12.909,0.0,-0.001087686421932039,-0.0001807804291395654,0.00022996295545182953,0.0021296520528874064,-0.009356430859908706,0.003223225638918918
12.929,0.0,-0.0012282734968052918,-0.0001685777253421718,0.0003078992207435634,0.0023894610397884888,-0.009510511079683396,0.0036578486044903527
12.949,0.0,-0.0012282734968052918,-0.0001685777253421718,0.0003078992207435634,0.0023894610397884888,-0.009510511079683396,0.0036578486044903527
12.969,0.0,-0.001191120988715711,-0.00016371776928059297,0.00030785690004416714,0.0024132656299102927,-0.009229187611852745,0.003374040287081214
12.989,0.0,-0.0010826520282970367,-0.00012486918683965911,0.00042185388413128156,0.0028746272192207672,-0.008829564383338272,0.0029586228052401633
13.009,0.0,-0.000978313832426724,-0.00011724664681949209,0.0003442438628369328,0.002488720917366913,-0.008242969746070864,0.002666030783786963
13.029,0.0,-0.0008579442833985157,-0.00011878885663718609,0.00037903496845703884,0.002721429526260328,-0.006841309229975017,0.002095948092561096
13.049,0.0,-0.0008579442833985157,-0.00011878885663718609,0.00037903496845703884,0.002721429526260328,-0.006841309229975017,0.002095948092561096
13.069,0.0,-0.0008456689786997786,-0.00013836514704615799,0.0003794892558386153,0.002510030178045274,-0.0054154070575977405,0.0020825932679194355
13.089,0.0,-0.0008153052394935313,-0.00013949417930451608,0.0004042872163866216,0.0027023271321355152,-0.00457345092626503,0.0018094675167833944
13.109,0.0,-0.0008819362686488503,-0.00016303897448938088,0.0004109702654627569,0.002692454881947842,-0.0045730885133597465,0.0020922358370232294
13.129,0.0,-0.0009610368051463821,-0.0001314506224240471,0.00043176139991105486,0.0028388422998504707,-0.004297979124392445,0.0023719246372163917
13.149,0.0,-0.0009610368051463821,-0.0001314506224240471,0.00043176139991105486,0.0028388422998504707,-0.004297979124392445,0.0023719246372163917
13.169,0.0,-0.0010140598333950837,-0.00012737475266840273,0.0004956275873669848,0.003084331876556741,-0.00473481245759098,0.0028068688084721314
13.189,0.0,-0.0009495966835595339,-0.00015696093416422171,0.0005040437318087742,0.0029260860320327463,-0.005150145661958461,0.0026684881667871354
13.209,0.0,-0.0009678177652461997,-0.0001842529895800311,0.0004947003713974031,0.002899952299717291,-0.005573042146949432,0.002810578423660035
13.229,0.0,-0.0010723762683621375,-0.00023078537919844912,0.00041653013173610247,0.0026074452558609057,-0.0055579761285876154,0.0030826004503306916
13.249,0.0,-0.0010723762683621375,-0.00023078537919844912,0.00041653013173610247,0.0026074452558609057,-0.0055579761285876154,0.0030826004503306916
13.269,0.0,-0.0012045536984378756,-0.00025681123583532286,0.00040146397417219903,0.0025708166325099993,-0.005980269452118544,0.003507510417160952
13.289,0.0,-0.0013442221930006898,-0.00024103473490147398,0.0003685863753916032,0.002518469264738558,-0.006826087083052831,0.003792175614536691
13.309,0.0,-0.0014566308616111219,-0.000249758217999515,0.0004130304434104429,0.0027239342202106977,-0.007968120732282208,0.004369691940932266
13.329,0.0,-0.0014795334325719482,-0.00023036621318986173,0.0004464763179404964,0.0029918223755642345,-0.008264744163226633,0.004380881691024617
13.349,0.0,-0.0014795334325719482,-0.00023036621318986173,0.0004464763179404964,0.0029918223755642345,-0.008264744163226633,0.004380881691024617
13.369,0.0,-0.0014766780146456555,-0.00022546279900498433,0.0003648138469740981,0.002471577503127637,-0.007247959777037177,0.004499096255065549
13.389,0.0,-0.0012522375930881758,-0.0002764181198872926,0.0003629544805190692,0.0022074046376879732,-0.007376939860466203,0.003782690628804831
13.409,0.0,-0.0011867239797153054,-0.0002709686684233129,0.0003073143271011355,0.0019794474393080293,-0.006374959348499114,0.003628544801357659
13.429,0.0,-0.0011281935720608436,-0.00025391463189783624,0.00024553676310665325,0.001709728317639952,-0.006219864828978914,0.0034770334920503645
13.449,0.0,-0.0011281935720608436,-0.00025391463189783624,0.00024553676310665325,0.001709728317639952,-0.006219864828978914,0.0034770334920503645
13.469,0.0,-0.0011152946008156318,-0.0002732746884814721,0.00021164426988239747,0.0014416460819141961,-0.00592344812470265,0.0034666157286935943
13.489,0.0,-0.0011711865515752786,-0.0002680588125735234,0.00023556412813643496,0.001471189153585709,-0.005217118571175417,0.003605556244836507
13.509,0.0,-0.0012119297875348386,-0.00028412543863917347,0.0002609902684096298,0.0014878334069510619,-0.004792622726923689,0.0037462792923183413
13.529,0.0,-0.0012202976152536347,-0.00032150464078954975,0.00021594264258887225,0.0012198520668079262,-0.004496524454020262,0.003734672020878445
13.549,0.0,-0.0012202976152536347,-0.00032150464078954975,0.00021594264258887225,0.0012198520668079262,-0.004496524454020262,0.003734672020878445
13.569,0.0,-0.0011737598427308102,-0.00029600746631544013,0.000196675307749639,0.0012340767185939647,-0.004214077553970431,0.003733843867729819
13.589,0.0,-0.0010599868649518985,-0.0003349929191149577,0.00013857123265268343,0.0009613517637347667,-0.004201139850909666,0.003441093748422768
13.609,0.0,-0.0009170793191593989,-0.00032635242568225797,0.00024275589351238888,0.0015484546421582997,-0.004088808039789987,0.003037390484344501
13.629,0.0,-0.0008219603567090775,-0.000340569756883961,0.00016616434368044522,0.0010384907978811602,-0.0030730527994215634,0.002873040784336274
13.649,0.0,-0.0008219603567090775,-0.000340569756883961,0.00016616434368044522,0.0010384907978811602,-0.0030730527994215634,0.002873040784336274
13.669,0.0,-0.0005804476620923787,-0.0003587148504188893,0.00022388338589184406,0.0013247338121751913,-0.0035131402855781394,0.0021795979758312415
13.689,0.0,-0.00047323198623879463,-0.0003506040892720986,0.00021465512991103452,0.0013898453919353206,-0.0025255732015095184,0.001752518368767745
13.709,0.0,-0.00031886320447291686,-0.0002828655391622923,0.00021832078071192565,0.001554235106676175,-0.0023958234305893216,0.0013280763270253784
13.729,0.0,-0.00016063382607140267,-0.0002658281697926767,0.00023313797370648227,0.001716877414710003,-0.002261223654242724,0.0009156203282994725
13.749,0.0,-0.00016063382607140267,-0.0002658281697926767,0.00023313797370648227,0.001716877414710003,-0.002261223654242724,0.0009156203282994725
13.769,0.0,-1.9980396433413598e-05,-0.00024100069437467232,0.00024447661904129824,0.0017955644432036634,-0.0009909178560391038,0.00048791495575573003
13.789,0.0,0.00010590027275141198,-0.00022509083396193957,0.000267078786521576,0.0018620349944014059,0.00013816495696949746,0.00020349586045886726
13.809,0.0,0.0002868447965363433,-0.00022224588611563794,0.0002478222798419275,0.0016566587010927844,0.0012795931455499283,-0.00037421847157318453
13.829,0.0,0.000442497524142161,-0.0001786852085826348,0.00027292353995658216,0.0017096067197485349,0.0021271956987700966,-0.0006592265915846772
13.849,0.0,0.000442497524142161,-0.0001786852085826348,0.00027292353995658216,0.0017096067197485349,0.0021271956987700966,-0.0006592265915846772
13.869,0.0,0.0004983453193135883,-0.00018082686388490614,0.00022173180483166726,0.0014410789334575824,0.0024228589781724232,-0.0006694260923645256
13.889,0.0,0.0004732741485805621,-0.00018900458273341263,0.00021739933990503235,0.0014693593949429776,0.002987677366112029,-0.000670876675375611
13.909,0.0,0.0003884718390522982,-0.0001881351443647147,0.0001960301996477059,0.0012210899712153285,0.003991923591051355,-0.0002601140327719619
13.929,0.0,0.000331926324859269,-0.00018015851534360246,0.00022668691601284682,0.0013919172324139862,0.004694265020883639,-0.00010981742660160797
13.949,0.0,0.000331926324859269,-0.00018015851534360246,0.00022668691601284682,0.0013919172324139862,0.004694265020883639,-0.00010981742660160797
13.969,0.0,0.00024219610669428085,-0.0002399153439649221,0.000205134259703682,0.0011397587668092706,0.00541528658925537,1.92447064315111e-05
13.989,0.0,0.0002594199514362665,-0.000254174609757387,0.00019019254757198352,0.0009853664679766302,0.005137365770392275,8.365247582171414e-06
14.009,0.0,0.00031674226301188816,-0.00024290040011607202,0.0002193963135664606,0.0012517169291966803,0.0046991651059891445,-0.00012154829984103809
14.029,0.0,0.0003541475381626303,-0.000245593298350493,0.00022260171542122503,0.0012347374970682952,0.004274428426202074,-0.0002613612647159708
14.049,0.0,0.0003541475381626303,-0.000245593298350493,0.00022260171542122503,0.0012347374970682952,0.004274428426202074,-0.0002613612647159708
14.069,0.0,0.00038617966440614035,-0.0002687156581001417,0.00023697536775691108,0.0012053256352837789,0.0035679856809739726,-0.00040096681140647884
14.089,0.0,0.0002691707281805755,-0.0002762974698847503,0.00022202664751973475,0.001180982473505207,0.003286792351385578,-0.00011778157659886425
14.109,0.0,0.00020204243769427488,-0.0002517158963957761,0.00022486294812507673,0.0014222193046135973,0.00256667365972176,3.532586211179964e-05
14.129,0.0,0.00010102310372388194,-0.00021383801293256628,0.000266464692730307,0.001650305194221135,0.001564286456751804,0.00019014200471042906
14.149,0.0,0.00010102310372388194,-0.00021383801293256628,0.000266464692730307,0.001650305194221135,0.001564286456751804,0.00019014200471042906
14.169,0.0,-0.00010351302362822967,-0.00018442876822468573,0.00027293916134499356,0.0018703880171384581,0.0007048358956691615,0.0007669341157392197
14.189,0.0,-0.0002206579967879679,-0.00020872937626927667,0.0003178235990465653,0.0019594299567945645,-0.00015105153468444936,0.001050281277648534
14.209,0.0,-0.00027673437728803414,-0.00022180369080233628,0.0003702714047265705,0.002325798796005751,-0.0012997783450328575,0.001075179837765156
14.229,0.0,-0.00035651763104213585,-0.00023597656716442663,0.00036263232346990765,0.002145179346350078,-0.0020006367981166787,0.0012061982414697226
14.249,0.0,-0.00035651763104213585,-0.00023597656716442663,0.00036263232346990765,0.002145179346350078,-0.0020006367981166787,0.0012061982414697226
14.269,0.0,-0.0004477886911519093,-0.0002596208623300445,0.0003426533947171703,0.0019646556151564523,-0.0025553517059006955,0.0014907827874795973
14.289,0.0,-0.0005634763928819798,-0.00020919586870773042,0.0003429911243013236,0.0022106614967541387,-0.0029913756953504752,0.0019263302931248503
14.309,0.0,-0.0007156441152402111,-0.00023748898185185904,0.0003302097789220215,0.0020338034810446553,-0.003409251156547532,0.002338987540713121
14.329,0.0,-0.0008173750117694324,-0.00022984504366395825,0.00029826693620410273,0.0018795106052250073,-0.003540501616055267,0.002481783373600022
14.349,0.0,-0.0008173750117694324,-0.00022984504366395825,0.00029826693620410273,0.0018795106052250073,-0.003540501616055267,0.002481783373600022
14.369,0.0,-0.0009350859648837515,-0.0002381028655623234,0.00029387359999098994,0.0018552253877344017,-0.003821688738547452,0.0027647208520154435
14.389,0.0,-0.0010119941383842145,-0.00023920078875255664,0.000291669637637153,0.0018311097717262222,-0.004102804966827275,0.0030476832550421296
14.409,0.0,-0.0009895507376892169,-0.0002545152326152019,0.000309784815983882,0.0020830578809851084,-0.004824254945880784,0.00291889819317119
14.429,0.0,-0.000994871679512047,-0.00023061864168275896,0.0002656597235141858,0.0018005646582812626,-0.004810233784924931,0.0029085541626545216
14.449,0.0,-0.000994871679512047,-0.00023061864168275896,0.0002656597235141858,0.0018005646582812626,-0.004810233784924931,0.0029085541626545216
14.469,0.0,-0.0009605504909698929,-0.00025142394731486557,0.00021265645316677226,0.0015303163433948081,-0.004654788978652911,0.0027565138610889804
14.489,0.0,-0.0009428045168688729,-0.00025979862882671926,0.00024029522451364096,0.0016748762617517531,-0.004522894296498545,0.002896668785453321
14.509,0.0,-0.0009188827213105189,-0.0002570829942254976,0.00024052845327649059,0.0017886054099657382,-0.004950332194365205,0.003049987194165612
14.529,0.0,-0.0008230279712106879,-0.0003204634104924583,0.00023963238031444905,0.001644791129334402,-0.00522921656958208,0.0027572521339766036
14.549,0.0,-0.0008230279712106879,-0.0003204634104924583,0.00023963238031444905,0.001644791129334402,-0.00522921656958208,0.0027572521339766036
14.569,0.0,-0.0007438742200427502,-0.00025814481052425256,0.00029245841820697404,0.0020932492264075734,-0.004825366935318709,0.002636634962902585
14.589,0.0,-0.0006479799952254603,-0.00028177786040491006,0.00027927513661704493,0.0019775951815839948,-0.0045382848448576405,0.002341742205647294
14.609,0.0,-0.0005383862996475669,-0.00025359177937248236,0.00028324847740409244,0.0020017293037461305,-0.004257013436982061,0.002058956613973829
14.629,0.0,-0.0004215919813362051,-0.0002642528237266559,0.00025065430065426646,0.001783488391687222,-0.003256498934219302,0.0016233812019677799
14.649,0.0,-0.0004215919813362051,-0.0002642528237266559,0.00025065430065426646,0.001783488391687222,-0.003256498934219302,0.0016233812019677799
14.669,0.0,-0.00032274609430440473,-0.0002730282162620642,0.00022594987611329148,0.0015821122813517595,-0.001830628808572385,0.0013259640457374958
14.689,0.0,-0.00011652266198136832,-0.000302550381103064,0.00018914795190596144,0.0013624029100042809,-0.0009715740718410442,0.0007496191421203255
14.709,0.0,2.5865527471775748e-05,-0.0002846051001092644,0.00023020512199842068,0.0015534971237185899,-0.00027107109776612983,0.0003356274927638296
14.729,0.0,0.00015921548085542797,-0.00023478548086187234,0.0002617713488264998,0.0017345765383501902,0.0002834446238991616,5.0062984672385854e-05
14.749,0.0,0.00015921548085542797,-0.00023478548086187234,0.0002617713488264998,0.0017345765383501902,0.0002834446238991616,5.0062984672385854e-05
14.769,0.0,0.00023887344167847742,-0.00023806215573447126,0.000272562486269395,0.0016871161246965719,0.001986702278243811,-0.00023555345300291846
14.789,0.0,0.00031293490112342334,-0.00023775838632847038,0.00030225451445433006,0.001752211682671689,0.002973753551842119,-0.0006606466791912697
14.809,0.0,0.000375720981643609,-0.00026077194120948066,0.0002714624140700692,0.0014831022909455333,0.0032707608862199864,-0.0006722760743082482
14.829,0.0,0.0004371813167731066,-0.0002330746217054515,0.0003120600996002987,0.00162414722721347,0.003118879196787634,-0.000814315485182887
14.849,0.0,0.0004371813167731066,-0.0002330746217054515,0.0003120600996002987,0.00162414722721347,0.003118879196787634,-0.000814315485182887
14.869,0.0,0.00042037728257979874,-0.00025562963103791236,0.0003011274483815129,0.001511697468267898,0.0038354493344486575,-0.0006731221723200132
14.889,0.0,0.0004537509322396202,-0.0002494905829549288,0.00031219223135383066,0.0015238465650415382,0.003975405181953013,-0.0008151454760911107
14.909,0.0,0.00046542195482795004,-0.00025831836604685635,0.00027001322671390025,0.0012414731050260398,0.003989953072793029,-0.00082494516578096
14.929,0.0,0.0004269401703340643,-0.00028644345538978875,0.000311492641381157,0.001511697468267898,0.0038354493344486575,-0.0006731221723200132
14.949,0.0,0.0004269401703340643,-0.00028644345538978875,0.000311492641381157,0.001511697468267898,0.0038354493344486575,-0.0006731221723200132
14.969,0.0,0.0004137837960711847,-0.000255201719848559,0.0002902715662254951,0.0015256774899386908,0.004117375812007776,-0.0006737120634699913
14.989,0.0,0.00037147136481192753,-0.00022362595206863612,0.00032155972983535173,0.0017958457869456255,0.003962875133307579,-0.0005218929619523752
15.009,0.0,0.0003112980825165655,-0.0001895695336610971,0.0003462388031248463,0.002023983735013634,0.0029601057281259326,-0.0003683006150166979
15.029,0.0,0.00022491826884517665,-0.000149677813850109,0.00035360467215038265,0.0019853837143212036,0.0023970043980069996,-8.51013668375007e-05
15.049,0.0,0.00022491826884517665,-0.000149677813850109,0.00035360467215038265,0.0019853837143212036,0.0023970043980069996,-8.51013668375007e-05
15.069,0.0,8.027099225555767e-05,-0.00015591737737623916,0.0003457020182184909,0.0019750070222078306,0.0023978778671735522,0.00019762071047654115
15.089,0.0,6.3389957073024835e-06,-0.0001801221539633339,0.00038830740656267335,0.0022176742194882906,0.0016778174160005646,0.0003511048810385097
15.109,0.0,-8.076841192316406e-05,-0.0001868885476862618,0.00046560637018917925,0.002726922435756427,0.000661657890952535,0.0005152735396225871
15.129,0.0,-0.00019313799404013893,-0.00017785688228465972,0.0005256151174687113,0.0029712517947189554,8.390785409406977e-05,0.0008104353031418927
15.149,0.0,-0.00019313799404013893,-0.00017785688228465972,0.0005256151174687113,0.0029712517947189554,8.390785409406977e-05,0.0008104353031418927
15.169,0.0,-0.00024557002935960684,-0.0001744646215176103,0.000541118261042023,0.003198693917034482,-0.0009179886232583784,0.0009635228643319405
15.189,0.0,-0.00042719530758544947,-0.00018460975418797934,0.0005322191770970542,0.0031641445797381614,-0.0011985173010789633,0.0015291034010038165
15.209,0.0,-0.0005492742463169922,-0.00022929660243335844,0.0004951711297807486,0.00284362177143918,-0.0017485042105542705,0.0018020761507506007
15.229,0.0,-0.0006370489661694914,-0.0002499767896703574,0.0004819623314058329,0.002817795683195418,-0.0021716441577676283,0.0019447139049853224
15.249,0.0,-0.0006370489661694914,-0.0002499767896703574,0.0004819623314058329,0.002817795683195418,-0.0021716441577676283,0.0019447139049853224
15.269,0.0,-0.0006856297688171637,-0.0002808716687994589,0.0004196411587207944,0.0024952254775632322,-0.002863176268495827,0.00207712793503011
15.289,0.0,-0.0007256970837545056,-0.00030444532297595466,0.00038436796756155777,0.0022106614967541387,-0.0029913756953504752,0.0019263302931248503
15.309,0.0,-0.0007434828459840512,-0.0003327543889117093,0.00036494621789656716,0.0021843877153117485,-0.0034144582951208162,0.0020684270542250627
15.329,0.0,-0.0007921772410529494,-0.0003373482618139973,0.0002837087278846822,0.0017473082117833172,-0.0036784506953295585,0.0020472992773351256
15.349,0.0,-0.0007921772410529494,-0.0003373482618139973,0.0002837087278846822,0.0017473082117833172,-0.0036784506953295585,0.0020472992773351256
15.369,0.0,-0.0007966751714712392,-0.00035136286787126663,0.00025369328898202796,0.0016337801296008217,-0.0031038179933128088,0.0020477131144301325
15.389,0.0,-0.000738602075124921,-0.000383904534977688,0.00019524981396592473,0.0013356310308435021,-0.003514489202082475,0.0018968321595342248
15.409,0.0,-0.00071935868515478,-0.000342095095954027,0.00028302421517564276,0.0018995566417376825,-0.0035427962017061773,0.0019177790730262921
15.429,0.0,-0.0007010179639696885,-0.00031378286039152617,0.00029246749152920084,0.001925541470034026,-0.003118987747286721,0.001774883861258665
15.449,0.0,-0.0007010179639696885,-0.00031378286039152617,0.00029246749152920084,0.001925541470034026,-0.003118987747286721,0.001774883861258665
15.469,0.0,-0.0006678165924189966,-0.0002867655661773568,0.00028423722635353814,0.001925541470034026,-0.003118987747286721,0.001774883861258665
15.489,0.0,-0.0006483518496212589,-0.00029861652790710944,0.00027525507527474056,0.001925541470034026,-0.003118987747286721,0.001774883861258665
15.509,0.0,-0.0006092715019050735,-0.00030754317597478755,0.00026679527558901483,0.0018261455566514029,-0.002408351162188594,0.0016208838049754104
15.529,0.0,-0.0005724524629243874,-0.00029154863503003017,0.0002765451063899248,0.0018543121839070516,-0.001843847033872448,0.0016194712339161208
15.549,0.0,-0.0005724524629243874,-0.00029154863503003017,0.0002765451063899248,0.0018543121839070516,-0.001843847033872448,0.0016194712339161208
15.569,0.0,-0.0005144952721529749,-0.00027502224025804814,0.0003122780255753973,0.0020369759219805617,-0.0010011655647622476,0.0016289898452316147
15.589,0.0,-0.000412500437682066,-0.000256395169188007,0.0003646285690308722,0.002087621551046966,-0.00029675689603102305,0.0012031794076161446
15.609,0.0,-0.0003154665139928385,-0.00022967023112312746,0.00040134037443167157,0.0023966530776120144,0.00011327335954667922,0.0010712690603248893
15.629,0.0,-0.0001780669167068882,-0.00022413243160927714,0.00040812728827415427,0.0024210403782470523,0.0003944692102790715,0.0007876621122041173
15.649,0.0,-0.0001780669167068882,-0.00022413243160927714,0.00040812728827415427,0.0024210403782470523,0.0003944692102790715,0.0007876621122041173
15.669,0.0,-0.00012091731209168577,-0.00024782232066012733,0.00040450158421446,0.0021785213453450656,0.0011135990454489324,0.0006349714788159965
15.689,0.0,5.979397830322898e-05,-0.0002394689334528628,0.00037602988610585823,0.0020606241920236887,0.0012579599207980206,0.0001994299147004491
15.709,0.0,0.0002010446059040441,-0.0001929932688080461,0.000383192885251673,0.0020855599677417247,0.0015393227741707755,-8.336955848296678e-05
15.729,0.0,0.0002844810219043538,-0.0001871158184829427,0.0003773886025944941,0.001993776081423966,0.0022540198219162286,-0.0005071735699384736
15.749,0.0,0.0002844810219043538,-0.0001871158184829427,0.0003773886025944941,0.001993776081423966,0.0022540198219162286,-0.0005071735699384736
15.769,0.0,0.000258429993354284,-0.00018440531855899034,0.0003927160490372844,0.0020255553831981543,0.003102884745233851,-0.00022754070768459434
15.789,0.0,0.00026466466981714203,-0.00019340972155449475,0.00036729459049982915,0.00177235507494208,0.0036814931412492806,-0.0002394505872071993
15.809,0.0,0.0002618573524216743,-0.00014767589657635425,0.0004346411508568037,0.002324274841910763,0.0035122096548102534,-7.762548387151941e-05
15.829,0.0,0.00024617335955848615,-0.00015375121063136937,0.0003888170120545892,0.002058008750856202,0.003950689143007579,5.347842529179043e-05
15.849,0.0,0.00024617335955848615,-0.00015375121063136937,0.0003888170120545892,0.002058008750856202,0.003950689143007579,5.347842529179043e-05
15.869,0.0,0.0002474758441695181,-0.00019551696365071645,0.00034775359192851387,0.00164517750669765,0.004115108424220313,-9.784772574064328e-05
15.889,0.0,0.00014895558828514267,-0.000203131324977748,0.0003259731680970899,0.001383819782096745,0.00483727761125568,0.00031308215892893735
15.909,0.0,9.022687854146569e-05,-0.00022278115336511335,0.0003413687534733151,0.00149890480113431,0.004403259396542826,0.00045474640847500335
15.929,0.0,4.9757694766281146e-05,-0.0001980999824686306,0.00032994074747411784,0.0014875748809602268,0.00426296729588039,0.0005962341716191408
15.949,0.0,4.9757694766281146e-05,-0.0001980999824686306,0.00032994074747411784,0.0014875748809602268,0.00426296729588039,0.0005962341716191408
15.969,0.0,-6.755189323566766e-05,-0.00021311224488659538,0.00034986289866195853,0.0016170082930965699,0.004259574601729997,0.0008902635508722378
15.989,0.0,-0.0001130978398635436,-0.00019087884815179685,0.0003735038348127398,0.0018731473997922402,0.003823037188186473,0.001042939044637383
16.009,0.0,-0.00013936277206468134,-0.00019440483128967226,0.0003911617219245737,0.001984776860551283,0.003106906102376139,0.0009020702967511015
16.029,0.0,-0.00014223718068844988,-0.00022952236561374654,0.00031374996542875245,0.0016319372411504507,0.0017077517800460171,0.0008949671285607772
16.049,0.0,-0.00014223718068844988,-0.00022952236561374654,0.00031374996542875245,0.0016319372411504507,0.0017077517800460171,0.0008949671285607772
16.069,0.0,-0.00019737890458938604,-0.000264070965463274,0.00029118645144731044,0.001618454033159223,0.0014256375362824718,0.0008961454619155064
16.089,0.0,-0.00025006314167857287,-0.0002671175721302493,0.000292135267107016,0.0015651260392227737,0.0005792834207133543,0.0011808253931580113
16.109,0.0,-0.0003320438303518724,-0.0002520751809221365,0.0002929856175020929,0.0018333924390030204,0.0002828194585795185,0.0011912457428532159
16.129,0.0,-0.0004072716513794007,-0.00019561383030109152,0.0003157630427777812,0.0020756415885803945,-0.0004372497546052761,0.001344334163049207
16.149,0.0,-0.0004072716513794007,-0.00019561383030109152,0.0003157630427777812,0.0020756415885803945,-0.0004372497546052761,0.001344334163049207
16.169,0.0,-0.0004864766331526445,-0.00017443272830082647,0.00022002595252388455,0.0017668098798344998,-0.0008462098213844694,0.001476047447997359
16.189,0.0,-0.0006006357171751029,-0.00019519229192348615,0.00026008198668666863,0.002010582302680661,-0.0014246126090450312,0.0017711549797462098
16.209,0.0,-0.0006774323599390661,-0.0002441772031417609,0.00023300181002413196,0.0017165022332826037,-0.0015507078560007422,0.0019025780610012672
16.229,0.0,-0.0007474396162837024,-0.00030397532350975214,0.0001871407792705798,0.0014095183638274202,-0.0018183065944279344,0.002175171494943499
16.249,0.0,-0.0007474396162837024,-0.00030397532350975214,0.0001871407792705798,0.0014095183638274202,-0.0018183065944279344,0.002175171494943499
16.269,0.0,-0.0007397627154494513,-0.00031075930019432076,0.00011593359962492671,0.0010992636446829052,-0.0023692325455730383,0.0021655771208180965
16.289,0.0,-0.0008034349569956542,-0.00028075668768939854,0.0002195452954195851,0.001665519970401037,-0.002255371714216094,0.002327043171419188
16.309,0.0,-0.0008446840093995768,-0.0002869035653993443,0.00022733846225433003,0.001665519970401037,-0.002255371714216094,0.002327043171419188
16.329,0.0,-0.0008632149896165185,-0.00029548787636321673,0.00023469895846716992,0.001680071488287672,-0.0019731143637492683,0.00232686579406323
16.349,0.0,-0.0008632149896165185,-0.00029548787636321673,0.00023469895846716992,0.001680071488287672,-0.0019731143637492683,0.00232686579406323
16.369,0.0,-0.0008085071144523467,-0.00032112341260942605,0.0002500219455786098,0.0016634576108607733,-0.002397418782511597,0.0021863894893009426
16.389,0.0,-0.0007820756101492203,-0.00035385129297972454,0.0002614351713109796,0.0016634576108607733,-0.002397418782511597,0.0021863894893009426
16.409,0.0,-0.0007318892971938609,-0.000370339650809959,0.00028077219225841827,0.0017142230689765473,-0.0016917913719158185,0.0017612442683773589
16.429,0.0,-0.0006652764086237643,-0.0004276903369866425,0.00021539030784192844,0.0012759505423259995,-0.0020984991989833534,0.0015995770911766702
16.449,0.0,-0.0006652764086237643,-0.0004276903369866425,0.00021539030784192844,0.0012759505423259995,-0.0020984991989833534,0.0015995770911766702
16.469,0.0,-0.0005427544273030164,-0.0003989385931090326,0.0002921048821777114,0.0017084424543399401,-0.0021174353358785936,0.001338314285394648
16.489,0.0,-0.0004620568081935223,-0.0003871372177126311,0.0003171905290501692,0.0017061772333574403,-0.0022595718865482243,0.0011979394132381892
16.509,0.0,-0.00034506019658410664,-0.00034891556137262876,0.0003920556805753909,0.0021552094292029535,-0.0020018121810771207,0.0009245830374792074
16.529,0.0,-0.0002591620021458709,-0.0003341937438632033,0.00042164101184848226,0.0023220233853581402,-0.0015832193999341503,0.0007929643290553386
16.549,0.0,-0.0002591620021458709,-0.0003341937438632033,0.00042164101184848226,0.0023220233853581402,-0.0015832193999341503,0.0007929643290553386
16.569,0.0,-0.0001314509657179544,-0.0003106965815713993,0.00040127720549067364,0.0021940917252967988,-0.0014371400871734602,0.0006399073818625923
16.589,0.0,-7.827092292777654e-05,-0.0002935922945580618,0.00035733038980882725,0.0019517747985589259,-0.0007175903026249238,0.00048709422273867346
16.609,0.0,-1.6551732456045067e-05,-0.0002466656651469944,0.000384185148177053,0.0021330027939595263,-1.694109730002695e-05,0.0003554561929072837
16.629,0.0,0.00011289380443502825,-0.00026345479123917665,0.0003726429505515441,0.002030504915317771,0.0005516949063748608,6.0490991823493166e-05
16.649,0.0,0.00011289380443502825,-0.00026345479123917665,0.0003726429505515441,0.002030504915317771,0.0005516949063748608,6.0490991823493166e-05
16.669,0.0,0.0002387149356686235,-0.0002533835833682735,0.00041496272724788756,0.002193836310901958,0.0006868971508387369,-0.0003523139510896005
16.689,0.0,0.000318774725996735,-0.00023211441349755017,0.0004365933520640658,0.0022336641852164145,0.0013925957367823872,-0.0004952354442501518
16.709,0.0,0.0003371066098559521,-0.00024150180886146403,0.0003814065189118673,0.001977475418521868,0.0018297788469976391,-0.0006485064114354917
16.729,0.0,0.00036472734894294254,-0.00024237843822411725,0.00034715983098187976,0.001723238135994744,0.002408277229242362,-0.0006595908383411907
16.749,0.0,0.00036472734894294254,-0.00024237843822411725,0.00034715983098187976,0.001723238135994744,0.002408277229242362,-0.0006595908383411907
16.769,0.0,0.0003489623624451912,-0.0002679252271818458,0.0003198818673850883,0.0014716931922679531,0.003130243418552708,-0.0005308868362884267
16.789,0.0,0.0003124659158917438,-0.0002552399349398236,0.00031671186204790405,0.0014868104635256852,0.0035537518093984046,-0.00039036363669312283
16.809,0.0,0.0002755562696293814,-0.00024160138390767839,0.000322538644511197,0.0015032822340353617,0.003977327362678836,-0.0002502464496769024
16.829,0.0,0.0002823028031442796,-0.0002519709143788616,0.0003143837646707937,0.0014893261797456904,0.003695323070984269,-0.0002496242526961476
16.849,0.0,0.0002823028031442796,-0.0002519709143788616,0.0003143837646707937,0.0014893261797456904,0.003695323070984269,-0.0002496242526961476
16.869,0.0,0.0001882807209421247,-0.0002798267792871538,0.0002653861722527492,0.0011968621621355187,0.0037098805086756255,2.2032895799495842e-05
16.889,0.0,0.00015525338728324012,-0.00031321896375540066,0.0002111177537785408,0.0009004886862333074,0.0034423684399065464,1.2839580048911889e-05
16.909,0.0,9.35867133922134e-05,-0.000302492404553898,0.00020873710379410164,0.000988217118764151,0.002591345793081454,0.0003093497769118546
16.929,0.0,-8.633828922008582e-06,-0.00030696196600352876,0.00024205586176621373,0.0010935324516888726,0.002158704152582491,0.0007324323754162174
16.949,0.0,-8.633828922008582e-06,-0.00030696196600352876,0.00024205586176621373,0.0010935324516888726,0.002158704152582491,0.0007324323754162174
16.969,0.0,-9.159788512384618e-05,-0.0002546880023285578,0.00031502566021976886,0.00164628053722668,0.0019905955868733936,0.0008941095637579613
16.989,0.0,-0.0001805359156448826,-0.00020082546799843614,0.00039007239839778204,0.0021724979972876745,0.0013985783594948314,0.0011985571045162416
17.009,0.0,-0.00026029460545756207,-0.000173654206645957,0.00039400273253736303,0.002399830603322245,0.0003966897043514646,0.0013530650034742667
17.029,0.0,-0.00031937345326218757,-0.00017732029691270687,0.0003944688340046955,0.002358154245382276,-0.0004512382251609544,0.0013546407400122325
17.049,0.0,-0.00033233691836183756,-0.0002050636657332601,0.00037805112727292003,0.0023016980996608044,-0.0015811116038600432,0.0013576193850539369
17.069,0.0,-0.00033233691836183756,-0.0002050636657332601,0.00037805112727292003,0.0023016980996608044,-0.0015811116038600432,0.0013576193850539369
17.089,0.0,-0.0003404937263461856,-0.00023437021307151436,0.00038148654506425333,0.0022715307973976903,-0.0022874290926715745,0.0012184866188212668
17.109,0.0,-0.0003538148487523575,-0.00019456128459373827,0.0004067966079839077,0.002525773886062806,-0.002866350602136745,0.001230187064836188
17.129,0.0,-0.00034838535633860326,-0.0001413149350518197,0.00041420958535820474,0.0026652417425607243,-0.0030178362696571233,0.0010879607392917609
17.149,0.0,-0.00038258644956030595,-0.00016535858117876928,0.0004387963220393295,0.002805937050096762,-0.00302259219750028,0.0011001932123890078
17.169,0.0,-0.00038258644956030595,-0.00016535858117876928,0.0004387963220393295,0.002805937050096762,-0.00302259219750028,0.0011001932123890078
17.189,0.0,-0.00037839942376329563,-0.0001757823958248725,0.0003594678849852849,0.0023812618749372177,-0.0031454622192625256,0.0009377200929598365
17.209,0.0,-0.0003788788469954705,-0.00017920314586451625,0.00030354698491746266,0.002224652859572773,-0.0034180972743649064,0.000939094721716479
17.229,0.0,-0.0003716048016855584,-0.00020249066216436817,0.0002691070176432903,0.0020701638429216533,-0.003696100441979819,0.0009283018683153663
17.249,0.0,-0.0004577928990699604,-0.0002271965864910794,0.000257285536162439,0.0019184287826124555,-0.0036856596161238624,0.0012117550213942068
17.269,0.0,-0.0004577928990699604,-0.0002271965864910794,0.000257285536162439,0.0019184287826124555,-0.0036856596161238624,0.0012117550213942068
17.289,0.0,-0.0004952672778368094,-0.00023785274062601745,0.0002472946677785868,0.0017925874686703122,-0.0033988738453004383,0.0012000858775746714
17.309,0.0,-0.0005482665659582164,-0.0002495470455153939,0.00026113960015855574,0.0019346298278111256,-0.003261239661264494,0.0013515516493330293
17.329,0.0,-0.0005881736683366017,-0.0002142788593531595,0.00024920108853395805,0.0019241723341305928,-0.0032604011308678227,0.0016347545821692444
17.349,0.0,-0.0005977905309496078,-0.00024908141998120114,0.00026736534375008903,0.0020374419750921646,-0.0038353248313675336,0.001634501066905597
17.369,0.0,-0.0005977905309496078,-0.00024908141998120114,0.00026736534375008903,0.0020374419750921646,-0.0038353248313675336,0.001634501066905597
17.389,0.0,-0.000715058389382944,-0.00025329914034311773,0.000321281520798785,0.0021298493329333537,-0.004402493237211957,0.002212102946545503
17.409,0.0,-0.0007306089328489519,-0.00021157178555067063,0.00031046446612602096,0.0021298493329333537,-0.004402493237211957,0.002212102946545503
17.429,0.0,-0.0007818950490572522,-0.0001789068069076987,0.0003701652887428032,0.0024163903101839515,-0.00413294557940842,0.0025037342902702654
17.449,0.0,-0.0007505627589111286,-0.00021323556864568622,0.0004002703456112263,0.0024420280907835805,-0.0037101615449970375,0.002361094741325498
17.469,0.0,-0.0007505627589111286,-0.00021323556864568622,0.0004002703456112263,0.0024420280907835805,-0.0037101615449970375,0.002361094741325498
17.489,0.0,-0.0006939899076156388,-0.00022891927149145143,0.00044332307766273683,0.0024420280907835805,-0.0037101615449970375,0.002361094741325498
17.509,0.0,-0.0006073875891479245,-0.00022472324697077442,0.0004635515271310222,0.0026086032002529307,-0.003438538343824227,0.0020776402943948518
17.529,0.0,-0.0005404113462087418,-0.00020863486331600448,0.00048170672243803435,0.002772978326761906,-0.0031609065552016904,0.001805826079788675
17.549,0.0,-0.0006546474864360522,-0.00019825692534997165,0.0005106088785669502,0.0028214904472997292,-0.0018890049798281467,0.0022263312889306344
17.569,0.0,-0.0006546474864360522,-0.00019825692534997165,0.0005106088785669502,0.0028214904472997292,-0.0018890049798281467,0.0022263312889306344
17.589,0.0,-0.0006168851663255002,-0.0002231904198291834,0.0005486573198047895,0.002874041543914516,-0.0010422211675584615,0.001941960652577526
17.609,0.0,-0.0005502326449917393,-0.00022848117406018258,0.0005359564033982212,0.0026180360807711305,-0.0006050837611276593,0.0017895103122732244
17.629,0.0,-0.00047391900207209055,-0.00021526139042455647,0.0005101817647095214,0.0026298648945602067,-0.0004637339931282513,0.001647457426054434
17.649,0.0,-0.00044522571552700694,-0.00025592613789851456,0.00046788431714757714,0.0023474083179765336,-0.0004497290919374051,0.001637175824943156
17.669,0.0,-0.00044522571552700694,-0.00025592613789851456,0.00046788431714757714,0.0023474083179765336,-0.0004497290919374051,0.001637175824943156
17.689,0.0,-0.000380418171261104,-0.00024174803936492193,0.00047053757157735043,0.002359448077265745,-0.0003091677886357229,0.0014959019938723405
17.709,0.0,-0.00037480465699844345,-0.000261242473920704,0.0004455497504596927,0.0021044338368537974,0.00012777586940766598,0.001343353997771726
17.729,0.0,-0.000373158526382312,-0.00026122989475465077,0.00041559494363698326,0.0021044338368537974,0.00012777586940766598,0.001343353997771726
17.749,0.0,-0.0002572862086218452,-0.0002865033804802641,0.0002955353069374341,0.0015352759956735814,-0.0001272925182763392,0.0010404570028853244
17.769,0.0,-0.0002572862086218452,-0.0002865033804802641,0.0002955353069374341,0.0015352759956735814,-0.0001272925182763392,0.0010404570028853244
17.789,0.0,-0.00019263173388180192,-0.0003000976878238118,0.00025434461227668035,0.0012652227789256999,2.780411940977349e-05,0.0008894197342980941
17.809,0.0,-1.751169375500979e-05,-0.0003111148829899583,0.00019915017468301086,0.0011173569968064524,-0.0005352999763168499,0.00031439160392877674
17.829,0.0,3.054770490571258e-05,-0.00028390287321850217,0.0001838463434766656,0.0010891947777496034,-0.0011001179991590583,0.00031584084219529187
17.849,0.0,4.659843892553424e-06,-0.00026924509171633905,0.00022679879963301633,0.0012573538231552487,-0.0005397258481209768,0.00032533456680066466
17.869,0.0,4.659843892553424e-06,-0.00026924509171633905,0.00022679879963301633,0.0012573538231552487,-0.0005397258481209768,0.00032533456680066466
17.889,0.0,-1.9674615259061392e-05,-0.0003171804914750036,0.0002642734412317057,0.0012727238736228094,-0.00011548069231081065,0.00046580905315712445
17.909,0.0,2.296860020703927e-06,-0.00032012156555675554,0.0002846543066779327,0.0012861781238117835,2.5418182428801774e-05,0.0003243393354033221
17.929,0.0,-2.657328772660479e-05,-0.0003377247797734152,0.0002815126682147561,0.0012999831917756396,0.0003081152141459361,0.0003229905181736381
17.949,0.0,-5.39147885353559e-05,-0.0003045123802854958,0.0002793625253118529,0.001301384235968273,0.00044923097374907313,0.00046491282302884044
17.969,0.0,-5.39147885353559e-05,-0.0003045123802854958,0.0002793625253118529,0.001301384235968273,0.00044923097374907313,0.00046491282302884044
17.989,0.0,-9.013846294135007e-05,-0.0003146662449428521,0.00023971462753798387,0.0011771411014115587,0.0008777421715908514,0.0005930275851670161
18.009,0.0,-0.00013707932761442994,-0.0002926292475891738,0.0003806364135450333,0.001884068887293721,0.0009874188599512707,0.0007656329046412466
18.029,0.0,-0.0001993813555457423,-0.0002874874008710669,0.000416591311800755,0.0018866950586041674,0.0011294887200118122,0.0009065130935564788
18.049,0.0,-0.00022742196154138065,-0.000249231646923807,0.000514203421591525,0.002424220981521902,0.0006778078927632212,0.0010693683353005638
18.069,0.0,-0.00022742196154138065,-0.000249231646923807,0.000514203421591525,0.002424220981521902,0.0006778078927632212,0.0010693683353005638
18.089,0.0,-0.00034383007371533087,-0.000288068126109883,0.0005267507373656532,0.0024299808758955657,0.0011030812299736247,0.0014922194283081619
18.109,0.0,-0.00035597581527541474,-0.0002865866911263418,0.0005166447155500761,0.0024164558764550943,0.0008207678067226796,0.0014934573056245874
18.129,0.0,-0.00030285804734255314,-0.0002813981562524134,0.0004908895269981974,0.002412481529411775,0.0005367109866326291,0.0012112413334410645
18.149,0.0,-0.00029689771250493636,-0.0003086838631798119,0.00046895133917751084,0.0021160714077084696,0.0002688315777093046,0.0012014665424060977
18.169,0.0,-0.00029689771250493636,-0.0003086838631798119,0.00046895133917751084,0.0021160714077084696,0.0002688315777093046,0.0012014665424060977
18.189,0.0,-0.00017264610048989837,-0.0002976530850328449,0.00045420861933888774,0.002252568195719917,-0.0001657982360383817,0.0007774706855474768
18.209,0.0,-0.00014712459798478362,-0.0002959939808514868,0.0004835712277795031,0.002378547741002427,-0.0004533008909108731,0.0007899184810185803
18.229,0.0,-0.0001694129760041224,-0.00023930913487753606,0.0005599440734280176,0.0029306670446498867,-0.0006215176161459113,0.0009523352195897777
18.249,0.0,-0.00022477969570868246,-0.0002137577824256992,0.000555671322214184,0.002946643600821539,-0.00019761112547752633,0.0010922436075986096
18.269,0.0,-0.00022477969570868246,-0.0002137577824256992,0.000555671322214184,0.002946643600821539,-0.00019761112547752633,0.0010922436075986096
18.289,0.0,-0.00021968868336262322,-0.00022224573337781113,0.0005005344258516114,0.002679087578689975,9.92338039560669e-05,0.0010815908847210814
18.309,0.0,-0.0002363248907507278,-0.00024773883675126886,0.00044517557215827764,0.0024106720940554154,0.0003952651186654095,0.001070625516230672
18.329,0.0,-0.00013361735080803116,-0.0002348097614402779,0.00045928567002647997,0.002546982089664075,-3.944410514721669e-05,0.0006467666610452745
18.349,0.0,-0.00012530906408490488,-0.00022182713477433328,0.0005061744985183254,0.0026867665354219678,-4.391664394131646e-05,0.0006577884227033079
18.369,0.0,-0.00012530906408490488,-0.00022182713477433328,0.0005061744985183254,0.0026867665354219678,-4.391664394131646e-05,0.0006577884227033079
18.389,0.0,-0.00013321034189950324,-0.00021092407640380874,0.00048571249943046044,0.0026867665354219678,-4.391664394131646e-05,0.0006577884227033079
18.409,0.0,-0.0001851833097248637,-0.00018587122307350004,0.00047006028946500325,0.0027165372576180937,0.0006625043991959612,0.0007981614268255663
18.429,0.0,-0.000318818072168407,-0.0002099162718458855,0.00045784272038674616,0.002440845711313497,0.0011016711576339227,0.0012097142976009994
18.449,0.0,-0.00037271638134044787,-0.00019666285642640888,0.00047788518556992943,0.002712451282896183,0.0010891078536791783,0.0015025734388628821
18.469,0.0,-0.00037271638134044787,-0.00019666285642640888,0.00047788518556992943,0.002712451282896183,0.0010891078536791783,0.0015025734388628821
18.489,0.0,-0.00035081139175264164,-0.00023739673238070362,0.0004353630096356998,0.0024426148029727244,0.0012439907286484228,0.0013514331555941768
18.509,0.0,-0.0003212596911135388,-0.000267623982953724,0.0004038152821439223,0.0021582442759017955,0.0011156516854379907,0.0011994160827697735
18.529,0.0,-0.0003075395473690907,-0.00023366411036655505,0.00047440960829458096,0.002695014004680961,0.0005227357151998429,0.0012215149910376841
18.549,0.0,-0.00035226044961600856,-0.0002568432134032047,0.00043594591348033193,0.002440845711313497,0.0011016711576339227,0.0012097142976009994
18.569,0.0,-0.00035226044961600856,-0.0002568432134032047,0.00043594591348033193,0.002440845711313497,0.0011016711576339227,0.0012097142976009994
18.589,0.0,-0.0003246859745406732,-0.0002939414966059175,0.0003713461203002821,0.0018617811064820223,0.0008479571645107167,0.0011896599604617432
18.609,0.0,-0.00033508074478263137,-0.000360160785962931,0.0003152817104594388,0.0015934834186594469,0.0011442021645675622,0.001179278242271087
18.629,0.0,-0.00034484100791870766,-0.0003632062234304001,0.00029829538197370865,0.001451922747491527,0.0011540472005105754,0.0011798849431955052
18.649,0.0,-0.00032419674689519116,-0.0003207612258917268,0.0003174748572062869,0.0015789507875848823,0.0008618701802261584,0.001179499769199526
18.669,0.0,-0.00032419674689519116,-0.0003207612258917268,0.0003174748572062869,0.0015789507875848823,0.0008618701802261584,0.001179499769199526
18.689,0.0,-0.000284591697114827,-0.00025989417175060234,0.0003886380992604253,0.0021280192359980905,0.0004091889464113585,0.0010603674478809927
18.709,0.0,-0.0002492190355480451,-0.000270710706384026,0.000335837894813113,0.001858540101159146,0.000564621685570358,0.0009078807550712148
18.729,0.0,-0.0002997612811901577,-0.00030566897917599944,0.0003448078477650593,0.0018333924390030204,0.0002828194585795185,0.0011912457428532159
18.749,0.0,-0.0003005559246588909,-0.0002951750660535712,0.000326318411326501,0.0018196311425065941,-1.7224109194269052e-08,0.0011926064704993484
18.769,0.0,-0.0003005559246588909,-0.0002951750660535712,0.000326318411326501,0.0018196311425065941,-1.7224109194269052e-08,0.0011926064704993484
18.789,0.0,-0.00031238799117680645,-0.00031413730474538044,0.00032565821330210806,0.0018196311425065941,-1.7224109194269052e-08,0.0011926064704993484
18.809,0.0,-0.00023311364872091644,-0.00033566632037611543,0.0003339849016302064,0.001675586107469172,-0.0002790774155051443,0.0008987387558004316
18.829,0.0,-0.0002667017094021994,-0.0003283428922869571,0.00035011493725412197,0.0018013340731695452,-0.0005658724678313904,0.0009104793264547651
18.849,0.0,-0.0003037583729306168,-0.0002772695759735485,0.0003712621184373244,0.0020854734615304155,-0.00043852478146287497,0.0010627442872754602
18.869,0.0,-0.0003037583729306168,-0.0002772695759735485,0.0003712621184373244,0.0020854734615304155,-0.00043852478146287497,0.0010627442872754602
18.889,0.0,-0.00029869838103382273,-0.0002723000757758505,0.000354264253775028,0.001957437032906047,-0.0002927778453315295,0.0009098273488433757
18.909,0.0,-0.00025506522008761194,-0.0003098762160015254,0.0003614640479467373,0.0017992503788876125,-0.0007076380996719883,0.0007701078901676807
18.929,0.0,-0.0003047584937533819,-0.0003524147382533296,0.000312915665636408,0.0015352759956735814,-0.0001272925182763392,0.0010404570028853244
18.949,0.0,-0.00033447457155653216,-0.0003379722594834325,0.000343708178999913,0.0014967888477082096,-0.0006909740514998469,0.0013249682067635576
18.969,0.0,-0.00033447457155653216,-0.0003379722594834325,0.000343708178999913,0.0014967888477082096,-0.0006909740514998469,0.0013249682067635576
18.989,0.0,-0.0003168883980274138,-0.00035149614944665386,0.0003523113768907012,0.0015352759956735814,-0.0001272925182763392,0.0010404570028853244
19.009,0.0,-0.00036838623813542117,-0.0003457383392764781,0.0003681358144422902,0.001538900460175025,0.00015565843558804825,0.001322806561565744
19.029,0.0,-0.0003673239869332113,-0.0003835941093086507,0.0003434470134822907,0.0012690972976225432,0.0003109612048379638,0.001170464884275269
19.049,0.0,-0.0003874964805536933,-0.00035433812029239637,0.0003855423072347709,0.001553298022147837,0.00043893780293376573,0.001321954049366841
19.069,0.0,-0.0003874964805536933,-0.00035433812029239637,0.0003855423072347709,0.001553298022147837,0.00043893780293376573,0.001321954049366841
19.089,0.0,-0.00037531692610048113,-0.00036626648620130645,0.00038530711115507916,0.0015651260392227737,0.0005792834207133543,0.0011808253931580113
19.109,0.0,-0.0002687238882473181,-0.00037306094604746295,0.00031232340862304055,0.001236422460640209,-0.0005372885005195794,0.0008903498678946789
19.129,0.0,-0.00031128759908422406,-0.0003782572046216047,0.0003296434815786673,0.0012406641205494646,-0.00025458179728337277,0.001172088383349642
19.149,0.0,-0.0003562847565720296,-0.00038452506609429994,0.0003240236040507145,0.0012690972976225432,0.0003109612048379638,0.001170464884275269
19.169,0.0,-0.0003562847565720296,-0.00038452506609429994,0.0003240236040507145,0.0012690972976225432,0.0003109612048379638,0.001170464884275269
19.189,0.0,-0.00035798785854112826,-0.00042229485191435187,0.00029103145182739806,0.000986213273671705,0.0003248962545510571,0.0011602037008696647
19.209,0.0,-0.0003032912925607956,-0.0004399474384030913,0.0003191240705362621,0.0012523749250609138,-0.00011337350484638854,0.0010302276069741017
19.229,0.0,-0.00028981329803881556,-0.000390567564742571,0.0002914385574917466,0.0012386004576810388,-0.0003963565510068712,0.001031638032925249
19.249,0.0,-0.0002647480915352792,-0.00043963204083345887,0.00024947698362153713,0.000942956504237292,-0.0006643880229921587,0.0010218578484484048
19.269,0.0,-0.0002647480915352792,-0.00043963204083345887,0.00024947698362153713,0.000942956504237292,-0.0006643880229921587,0.0010218578484484048
19.289,0.0,-0.00021730898005948025,-0.0003907127700987263,0.0002686795538577123,0.0010972162197426857,-0.0005330944847421925,0.0008786486210091417
19.309,0.0,-0.00029506442128755556,-0.00042435737189980055,0.00019111847473209863,0.0006906369771634537,5.624812479425198e-05,0.0011512106814492006
19.329,0.0,-0.00027030440469980743,-0.00038641055238933844,0.00017249105332460882,0.0006906369771634537,5.624812479425198e-05,0.0011512106814492006
19.349,0.0,-0.0002873895257981384,-0.00035776332043013656,0.00022456025630803448,0.0009847576332936946,0.00018290270922610163,0.001019093440121338
19.369,0.0,-0.0002873895257981384,-0.00035776332043013656,0.00022456025630803448,0.0009847576332936946,0.00018290270922610163,0.001019093440121338
19.389,0.0,-0.00021554342590765653,-0.00033345208701187067,0.00028319934041515747,0.0013644980582272982,-0.0008297675814372693,0.0008900471394035798
19.409,0.0,-0.00016831576950985632,-0.0003242359864837956,0.0003044339400555668,0.0014889479536629776,-0.0012579830038324232,0.0007617303121021851
19.429,0.0,-0.00017471359729454136,-0.00030990478911316035,0.0003199737576657788,0.001645375631708062,-0.0009854529322457697,0.0007596569444934994
19.449,0.0,-0.00018088717019589846,-0.00033440879065312025,0.00031074956645964593,0.0015298263004106037,-0.0005528063866516378,0.0006184225383976137
19.469,0.0,-0.00018088717019589846,-0.00033440879065312025,0.00031074956645964593,0.0015298263004106037,-0.0005528063866516378,0.0006184225383976137
19.489,0.0,-0.0002242687791597928,-0.00030734287163810224,0.0003320508504375257,0.001701921739776037,0.00014486011613552653,0.0007566561345766316
19.509,0.0,-0.00022067689053947926,-0.00025765527852252484,0.0004026554797406459,0.0021364625374168246,0.0002667810308892965,0.0006369307508479062
19.529,0.0,-0.00023675813834554707,-0.00023419591396666922,0.00038407373123692184,0.0020973122064594915,-0.0002972225183943498,0.0009208279442770936
19.549,0.0,-0.00017117961016509486,-0.0002263695507308173,0.00039789193600245744,0.00220979299064929,-0.0010141851741553205,0.0007800199677920521
19.569,0.0,-0.00017117961016509486,-0.0002263695507308173,0.00039789193600245744,0.00220979299064929,-0.0010141851741553205,0.0007800199677920521
19.589,0.0,-0.00011712212978649994,-0.00021114492376468898,0.0003711529813164836,0.0022053315263705956,-0.001297206881229064,0.0004985303296552895
19.609,0.0,-0.00014784143904500766,-0.0002730650782964105,0.0003699343289443098,0.0020915562043092224,-0.0007221805751460934,0.0004982084015775103
19.629,0.0,-0.00013304164800614693,-0.00023417901792283351,0.00035072908511986074,0.0020915562043092224,-0.0007221805751460934,0.0004982084015775103
19.649,0.0,-0.0002427486802091958,-0.00020995465323086102,0.00045900705192525315,0.0026890040122493106,9.800376932154019e-05,0.0008000098938551843
19.669,0.0,-0.0002427486802091958,-0.00020995465323086102,0.00045900705192525315,0.0026890040122493106,9.800376932154019e-05,0.0008000098938551843
19.689,0.0,-0.00023429171478404394,-0.00019046653366807363,0.00047104055531545566,0.0026742001935726434,-0.0001848929275221499,0.0008004021309356342
19.709,0.0,-0.00025924840604895125,-0.00017819653047967935,0.0004480900286281983,0.0026890040122493106,9.800376932154019e-05,0.0008000098938551843
19.729,0.0,-0.00014282033045450988,-0.0002118296164620945,0.0005133645545251729,0.0029248124103908838,-0.0010466145790599824,0.0005298026408575326
19.749,0.0,-0.00018122388197184584,-0.00022203004146268795,0.0005126507894408707,0.002800613486172841,-0.0006184738713102129,0.0006580455485563809
19.769,0.0,-0.00018122388197184584,-0.00022203004146268795,0.0005126507894408707,0.002800613486172841,-0.0006184738713102129,0.0006580455485563809
19.789,0.0,-0.00019524885357804364,-0.00026488352440186166,0.0005044613982969895,0.0026588816385485796,-0.0006091064464763807,0.0006598471869753863
19.809,0.0,-0.00019301226198671086,-0.00025196675513858416,0.0005511822763974066,0.0028124350657088653,-0.0004780588141569946,0.0005170993106755792
19.829,0.0,-0.00024330330812963487,-0.00025770465022595954,0.0005755541365050772,0.002830514186481866,8.842735412501055e-05,0.0007982621653901169
19.849,0.0,-0.0002453880406916324,-0.00025371650787538603,0.0006128805853071276,0.0029712517947189554,8.390785409406977e-05,0.0008104353031418927
19.869,0.0,-0.0002453880406916324,-0.00025371650787538603,0.0006128805853071276,0.0029712517947189554,8.390785409406977e-05,0.0008104353031418927
19.889,0.0,-0.00031070660458752225,-0.00036608288045990143,0.0006026523466880769,0.002719254246940396,0.0008047350216078095,0.000938992583176065
19.909,0.0,-0.0002200110761196468,-0.00035758897965490813,0.00047418742580287445,0.002110064792253705,-0.0001570348742395412,0.0007789964441156437
19.929,0.0,-0.00023938688284787119,-0.0003756053367815679,0.0004718848546064213,0.002126040827061493,0.0002676656180701556,0.0009199001090145985
19.949,0.0,-0.00021147778299130404,-0.0003464534066809939,0.0005490014258745043,0.002493641417239194,-0.0008859754958705866,0.0009313838730319456
19.969,0.0,-0.00021147778299130404,-0.0003464534066809939,0.0005490014258745043,0.002493641417239194,-0.0008859754958705866,0.0009313838730319456
19.989,0.0,-0.0003267048042913994,-0.00037595099246520697,0.000477877826423236,0.002102212905627447,-1.3999081092341729e-05,0.0012029658926767184
20.009,0.0,-0.00026056809093850844,-0.0003218467404834236,0.0004236784974327297,0.0020854734615304155,-0.00043852478146287497,0.0010627442872754602
20.029,0.0,-0.00028530949364624826,-0.0003096190434052035,0.00043954319216195294,0.0021160714077084696,0.0002688315777093046,0.0012014665424060977
20.049,0.0,-0.0003367503094073925,-0.00025517601070769246,0.0004144529900384041,0.0021326124243859733,0.0006929031879259666,0.0013418841687967604
20.069,0.0,-0.0003367503094073925,-0.00025517601070769246,0.0004144529900384041,0.0021326124243859733,0.0006929031879259666,0.0013418841687967604
20.089,0.0,-0.00041819152352973947,-0.00021274446184666278,0.00048627756675273184,0.0027006997598370735,0.0009480365600696502,0.001644440679085614
20.109,0.0,-0.00038778499595431843,-0.000185199275129253,0.0004795167700397408,0.0026861898130358312,0.0006657121176501672,0.0016445656827677635
20.129,0.0,-0.00033733502632487074,-0.00014213484531220248,0.0005073914952554975,0.002952898515551711,0.00022756732394587742,0.0015156662997695574
20.149,0.0,-0.0003028961059362284,-0.00010870102911673637,0.0005529220567832595,0.0032455777875256887,0.00021272171587924618,0.0012428476505969759
20.169,0.0,-0.0003028961059362284,-0.00010870102911673637,0.0005529220567832595,0.0032455777875256887,0.00021272171587924618,0.0012428476505969759
20.189,0.0,-0.00023549198805880158,-9.836036620171048e-05,0.0005816661681139069,0.0035109546701781766,-0.00022581321348156904,0.0011130064869776463
20.209,0.0,-0.00023340973654971766,-0.00013622435517493767,0.0005380652342134963,0.003240785475107706,-7.13130681210918e-05,0.0009615144671184793
20.229,0.0,-0.00020759655537450007,-0.00013614498628524414,0.0004947756997693604,0.0029712517947189554,8.390785409406977e-05,0.0008104353031418927
20.249,0.0,-0.00017543523709152704,-0.00019777666728142037,0.0004709558192015427,0.002713345378733571,0.00037909289513761527,0.0005164964921749239
20.269,0.0,-0.00017543523709152704,-0.00019777666728142037,0.0004709558192015427,0.002713345378733571,0.00037909289513761527,0.0005164964921749239
20.289,0.0,-0.00020959235356528228,-0.00022432735697759012,0.0004894199456317921,0.0027153287935110424,0.0005206662235459964,0.0006569490990764935
20.309,0.0,-0.00014442115783543045,-0.00029462192448546047,0.00048696330406350265,0.00257045273882327,0.00024197288756478514,0.0003641373127459077
20.329,0.0,-6.6356818311666e-05,-0.0003633784878521376,0.0004319498537840861,0.0021413634603349822,-0.00015946658698536627,-6.769094924930169e-05
20.349,0.0,-0.00020849391287581782,-0.00034620102746471017,0.0004589038120202442,0.0022901551600047077,0.00039768779026682364,0.0004940262975304634
20.369,0.0,-0.00020849391287581782,-0.00034620102746471017,0.0004589038120202442,0.0022901551600047077,0.00039768779026682364,0.0004940262975304634
20.389,0.0,-0.00022337240734798854,-0.00036572089258830713,0.0003761797122387935,0.0018808911056378817,0.0007040855111771835,0.0004839230033544877
20.409,0.0,-0.0002571859902810874,-0.0004165206371778139,0.0002984245650431683,0.0013034401143580058,0.0005909008642718942,0.0006052640033145056
20.429,0.0,-0.00032262305889732725,-0.00045020179048090627,0.00032416369691515724,0.0013061672252587635,0.0007331169524823688,0.000746107965153291
20.449,0.0,-0.0003464488433327871,-0.0004566989734039719,0.0003130331589884827,0.001295548668485864,0.0007346660035117335,0.0010283924241212684
20.469,0.0,-0.0003464488433327871,-0.0004566989734039719,0.0003130331589884827,0.001295548668485864,0.0007346660035117335,0.0010283924241212684
20.489,0.0,-0.00030681556920366006,-0.0004305991531626098,0.00032650485168829197,0.0012791046667405114,0.00030980340630323746,0.0008888684159994106
20.509,0.0,-0.0002790497326558099,-0.00037469953425906763,0.00036407150698580717,0.0015332099797745655,-0.0002690280480808197,0.0009000494364425751
20.529,0.0,-0.00020515410439604311,-0.00033554100118791377,0.00038331768094517063,0.0018111783168609575,-0.0005671732987843833,0.000629004399711999
20.549,0.0,-0.00021142718685282608,-0.00035687040145265466,0.0003580046050696268,0.001645375631708062,-0.0009854529322457697,0.0007596569444934994
20.569,0.0,-0.00021142718685282608,-0.00035687040145265466,0.0003580046050696268,0.001645375631708062,-0.0009854529322457697,0.0007596569444934994
20.589,0.0,-0.00016693306272384676,-0.00031833612140562536,0.00034747793419504305,0.0017829320093601868,-0.001132004525274586,0.0006304719426628719
20.609,0.0,-0.0001031173161091915,-0.00032453231707209416,0.00034073090232686283,0.0017932958839958699,-0.001132871090172036,0.0003476453289257015
20.629,0.0,-0.00012176819164108483,-0.00027193855567043875,0.0004100597474618259,0.0022180448534733074,-0.0011569040917605502,0.00035679557882855445
20.649,0.0,-0.000104473838807912,-0.000227650859073399,0.000463452921009197,0.002526376395047943,-0.0007472011398140891,0.00022469140400148427
20.669,0.0,-0.000104473838807912,-0.000227650859073399,0.000463452921009197,0.002526376395047943,-0.0007472011398140891,0.00022469140400148427
20.689,0.0,-9.268195462005937e-05,-0.00019283572522967894,0.00040450583172513634,0.002412493315297105,-0.000172577127002577,0.00022437854837235508
20.709,0.0,-0.00010033156552871802,-0.00016213435549551096,0.0003911092830620141,0.00245282564908662,0.0005332369357135417,8.185615976562205e-05
20.729,0.0,-0.00010359277865247646,-0.00016212626541677372,0.00039181014828758477,0.002441210588254305,0.0003922157690859984,0.00022347714258116064
20.749,0.0,-0.00010278306240915507,-0.00021233046552857358,0.0004224407966156878,0.0024272930327566542,0.00011031598299133714,0.0002240296437069088
20.769,0.0,-0.00010278306240915507,-0.00021233046552857358,0.0004224407966156878,0.0024272930327566542,0.00011031598299133714,0.0002240296437069088
20.789,0.0,-0.00012717278145798092,-0.0002293471665013731,0.00041194046020820695,0.002414850409327618,-3.152924959230037e-05,0.0003654068067336568
20.809,0.0,-0.00014462200384082288,-0.00020754653220388472,0.00040097427367186334,0.002414850409327618,-3.152924959230037e-05,0.0003654068067336568
20.829,0.0,-0.00019155172395498706,-0.000219723046251869,0.00036332826801416344,0.002148251927243285,0.0004070084211349306,0.000495949143638174
20.849,0.0,-0.00018445008401247437,-0.0002579520168213227,0.00030138059613570267,0.0018523718775591564,0.0001387782030491959,0.0004856227557485712
20.869,0.0,-0.00018445008401247437,-0.0002579520168213227,0.00030138059613570267,0.0018523718775591564,0.0001387782030491959,0.0004856227557485712
20.889,0.0,-0.00018690153440932252,-0.0002942509579193434,0.00027673043092508206,0.001572438875759169,0.0002950413047020434,0.0006160587968705492
20.909,0.0,-0.00011548675637380412,-0.00030071770922886876,0.0002849824654438995,0.0015276464406168524,-0.000693791929700607,0.0004772756462318653
20.929,0.0,-7.577278559869823e-05,-0.00031981566736655426,0.000297208808663517,0.0016273713205941212,-0.0015515282966842721,0.0004783397567100022
20.949,0.0,-5.36781988395921e-05,-0.0002932488868358215,0.00033593228317027694,0.0018678521822801505,-0.0024125968677447367,0.0004907775079351443
20.969,0.0,-5.36781988395921e-05,-0.0002932488868358215,0.00033593228317027694,0.0018678521822801505,-0.0024125968677447367,0.0004907775079351443
20.989,0.0,-4.4145808841889474e-05,-0.0003389777894863802,0.00031909062176825825,0.0017368960319392552,-0.0022625855119780837,0.00035054770960704835
21.009,0.0,-9.56809445960753e-05,-0.0003437372585595055,0.0003256483242053773,0.0017394455407533903,-0.002121114413773723,0.0004914385750230567
21.029,0.0,-9.527583973506097e-05,-0.00033378819162500944,0.000335690837172605,0.0017394455407533903,-0.002121114413773723,0.0004914385750230567
21.049,0.0,-2.8819500664062695e-05,-0.00028026876975113265,0.00038939161632467993,0.0021737617094095565,-0.0021457048578180553,0.00021857004021299744
21.069,0.0,-2.8819500664062695e-05,-0.00028026876975113265,0.00038939161632467993,0.0021737617094095565,-0.0021457048578180553,0.00021857004021299744
21.089,0.0,2.2811269666698984e-05,-0.0002745016370500149,0.00038283244963761414,0.002171357421768535,-0.0022870758431018006,7.757837123621299e-05
21.109,0.0,3.6744747365295206e-05,-0.00025359781980284105,0.0004001341574285983,0.0023246409094875463,-0.0021505403890170202,-5.280303332152162e-05
21.129,0.0,-6.132225177967078e-05,-0.0002700237979934997,0.0004408386438866092,0.0024585416553842983,-0.002017528190287328,0.0003690428573605901
21.149,0.0,-8.274178574700523e-05,-0.00030848521202402843,0.00044913799264455955,0.0024727879002528408,-0.0017346639418498193,0.0003681784466059579
21.169,0.0,-8.274178574700523e-05,-0.00030848521202402843,0.00044913799264455955,0.0024727879002528408,-0.0017346639418498193,0.0003681784466059579
21.189,0.0,-0.00010086441137817124,-0.0002931952814338599,0.00048302738291581475,0.0026268295716174906,-0.0014574603765075819,0.00037927529027340665
21.209,0.0,-4.18375656653036e-05,-0.00028933406194112116,0.00047911179709671416,0.002607978107933114,-0.0020236110729439974,9.888234551564603e-05
21.229,0.0,-3.189644614165754e-05,-0.0002902761541038013,0.0004796471764569312,0.002607978107933114,-0.0020236110729439974,9.888234551564603e-05
21.249,0.0,7.767550673093269e-05,-0.0002713674878332803,0.0004744870074434208,0.0026310867597698026,-0.0018840824347874264,-0.0003254677220027776
21.269,0.0,7.767550673093269e-05,-0.0002713674878332803,0.0004744870074434208,0.0026310867597698026,-0.0018840824347874264,-0.0003254677220027776
21.289,0.0,2.111277650689437e-05,-0.000308956915217862,0.0004642427156034387,0.002480864507931216,-0.001877756460291335,-5.4668832594154366e-05
21.309,0.0,-2.419955501607993e-05,-0.0003484802412819837,0.0004746945799136606,0.0023398596941866306,-0.0017266790445822663,8.764142755885494e-05
21.329,0.0,-0.00010774396407068929,-0.00032652480180683574,0.0005078701615812101,0.0024727879002528408,-0.0017346639418498193,0.0003681784466059579
21.349,0.0,-8.565720558661644e-05,-0.0002886053530093196,0.0005884802791389807,0.0029070525365946964,-0.001613445616643604,0.00024936430445978596
21.369,0.0,-8.565720558661644e-05,-0.0002886053530093196,0.0005884802791389807,0.0029070525365946964,-0.001613445616643604,0.00024936430445978596
21.389,0.0,-9.622245878608783e-06,-0.00029022957698207293,0.0005656694395224183,0.0027751579156706746,-0.0017511694922878033,-0.00018527573443320226
21.409,0.0,-4.603899866403695e-05,-0.0002626128533671546,0.0005788683132083856,0.002931567057336033,-0.0013317828238134826,-3.417323117478792e-05
21.429,0.0,-4.066775624313651e-05,-0.0002641342483064357,0.0005877563138989353,0.002957361237900006,-0.0009079337546862488,-0.0001765361455437827
21.449,0.0,-0.0001331366562036444,-0.0002831637634115923,0.0005438546564435626,0.002721549275578466,0.0002365026649781439,9.34768771327273e-05
21.469,0.0,-0.0001331366562036444,-0.0002831637634115923,0.0005438546564435626,0.002721549275578466,0.0002365026649781439,9.34768771327273e-05
21.489,0.0,-0.00019452271266421858,-0.00025706110586142303,0.0005406839846571626,0.0027110810598811657,0.00023821009567571497,0.00037537240373173637
21.509,0.0,-0.00024101285672789764,-0.0002612146011298266,0.0005298654792163396,0.0026867665354219678,-4.391664394131646e-05,0.0006577884227033079
21.529,0.0,-0.0002385783183717044,-0.000241302594371117,0.000519986950547445,0.0026867665354219678,-4.391664394131646e-05,0.0006577884227033079
21.549,0.0,-0.00018958207237627965,-0.00022964280413713173,0.00045501334505731414,0.002556604952966279,-4.000116817324433e-05,0.0003646427015537354
21.569,0.0,-0.00018958207237627965,-0.00022964280413713173,0.00045501334505731414,0.002556604952966279,-4.000116817324433e-05,0.0003646427015537354
21.589,0.0,-0.00014231575884608648,-0.0002587706734100025,0.0004618562658354328,0.002412493315297105,-0.000172577127002577,0.00022437854837235508
21.609,0.0,-0.00019106369152046873,-0.0003066815255029192,0.00042351537645599264,0.002248403207560072,-0.00044927481441726924,0.0004967582721223556
21.629,0.0,-0.00017974515384679246,-0.0003105874992512482,0.0003876438250172079,0.0021056377722745104,-0.0004398142137640593,0.0004974508147962567
21.649,0.0,-0.00014361435583443253,-0.0002665588627216602,0.00043561641435231374,0.0023601254287869667,-0.0010184805664670352,0.0005091233157096133
21.669,0.0,-0.00014361435583443253,-0.0002665588627216602,0.00043561641435231374,0.0023601254287869667,-0.0010184805664670352,0.0005091233157096133
21.689,0.0,-0.00018543599994526552,-0.0002756859039363002,0.00039678078006764606,0.0022075098192090342,-0.0011553052870327772,0.0006388374461403655
21.709,0.0,-0.00016890684258090888,-0.0002631289039708121,0.0004256684938744777,0.0023341002834758027,-0.0014424659465758006,0.0006517896571056946
21.729,0.0,-0.00015399060783353837,-0.0002481185264578308,0.0003700369635788598,0.0021940917252967988,-0.0014371400871734602,0.0006399073818625923
21.749,0.0,-0.00018247791804486393,-0.00020391556460325674,0.00034867567496923573,0.0021835873216767567,-0.0014363667092913463,0.0009229573079724772
21.769,0.0,-0.00018247791804486393,-0.00020391556460325674,0.00034867567496923573,0.0021835873216767567,-0.0014363667092913463,0.0009229573079724772
21.789,0.0,-0.00016443580952498106,-0.00016503285684590216,0.0004021242891497051,0.0025902175285814877,-0.0018800385903870198,0.0008041000984411197
21.809,0.0,-0.00023504284731974473,-0.00017832675555437216,0.00042609451844650547,0.002605869849441473,-0.0014549239744494776,0.0009443844351118717
21.829,0.0,-0.0002796637110570128,-0.0001625423117701283,0.00041543571637393296,0.002581920180794351,-0.001737246658839718,0.0012275230938364292
21.849,0.0,-0.00022810410840306744,-0.00014438160825871722,0.0004460633818654988,0.002719809526320432,-0.0020291174480189453,0.0009445106931447741
21.869,0.0,-0.00022810410840306744,-0.00014438160825871722,0.0004460633818654988,0.002719809526320432,-0.0020291174480189453,0.0009445106931447741
21.889,0.0,-0.00026297285629248775,-0.00010665342064586368,0.0004723656035110626,0.0028363046840199136,-0.002315564155830397,0.0012391291916332907
21.909,0.0,-0.0002638896751388586,-0.00012303080238572844,0.00041002323083706645,0.0025396582941930967,-0.002584560256770677,0.0012296755456667416
21.929,0.0,-0.00027288976630135485,-0.00010907944612883069,0.00035657524146381946,0.0022450048541540132,-0.0027115343312620246,0.0013606511390815007
21.949,0.0,-0.0003367793840053097,-0.00013272329022124708,0.00037247670238009175,0.002246428013834705,-0.0025690501782773853,0.0015018002159286356
21.969,0.0,-0.0003367793840053097,-0.00013272329022124708,0.00037247670238009175,0.002246428013834705,-0.0025690501782773853,0.0015018002159286356
21.989,0.0,-0.00028875631959964876,-0.0001479646269259975,0.0003957696014416806,0.0022450048541540132,-0.0027115343312620246,0.0013606511390815007
22.009,0.0,-0.00026285921573282353,-0.00014439496225426084,0.0003705783342649851,0.00211499561167854,-0.002707261345020816,0.0010671446361164016
22.029,0.0,-0.0002536949137835519,-0.00019595247612164284,0.0002404067651227524,0.0012561910678383973,-0.00280598381227529,0.001177250423752647
22.049,0.0,-0.0002705577129163271,-0.00016814145787161176,0.00022309785751663554,0.0011138978387476072,-0.0027960990946369673,0.0011784759678027067
22.069,0.0,-0.0002705577129163271,-0.00016814145787161176,0.00022309785751663554,0.0011138978387476072,-0.0027960990946369673,0.0011784759678027067
22.089,0.0,-0.000264681111895134,-0.0001616423675073747,0.00018541645360742136,0.0009875354613938197,-0.002508987332065443,0.0011661324126689121
22.109,0.0,-0.00025391539932064546,-0.00011977977089648191,0.00012129033884084729,0.0007174352135976946,-0.0023545362218769144,0.0010139925524382603
22.129,0.0,-0.00026502582542889966,-0.00014266526515272247,9.422453966175417e-05,0.0005752021640984035,-0.0023453826490741313,0.0010159564681595282
22.149,0.0,-0.00021283344812012922,-0.00015527581761458215,5.3570982835391465e-05,0.00028863983979181154,-0.002614813401191307,0.0007242038839923901
22.169,0.0,-0.00021283344812012922,-0.00015527581761458215,5.3570982835391465e-05,0.00028863983979181154,-0.002614813401191307,0.0007242038839923901
22.189,0.0,-0.0001989556093132396,-0.00013739352773593636,7.449293129120067e-05,0.0003015490166898536,-0.0024742501067095404,0.0005822515111985142
22.209,0.0,-0.00016149539987553367,-0.00011024314635021754,6.867126167105481e-05,0.0002730324111838106,-0.0030383981655747365,0.000583007006631536
22.229,0.0,-0.000199157128966294,-8.604681868111582e-05,5.5990603191093717e-05,0.0002755407664423995,-0.0028969806171227712,0.0007240076814730596
22.249,0.0,-0.0001869471424736518,-7.102078204592077e-05,5.028820065279587e-05,0.00013472107574747586,-0.0028929964441371777,0.0007127170304983848
22.269,0.0,-0.0001869471424736518,-7.102078204592077e-05,5.028820065279587e-05,0.00013472107574747586,-0.0028929964441371777,0.0007127170304983848
22.289,0.0,-0.0002535037145453504,-1.3625079631796272e-05,6.54505616504642e-05,0.00013871546204279286,-0.0026090202364255246,0.0009947713632138047
22.309,0.0,-0.00023005134203345323,-1.2917157516657288e-05,1.3585519925500022e-05,-0.0001456237401893133,-0.0027362030282566206,0.0008431125877925028
22.329,0.0,-0.00018790722088444855,7.787975678760149e-05,2.548563225660063e-05,-3.3929481552027366e-05,-0.0033061441593719514,0.0008557687623284697
22.349,0.0,-0.0001603167478538806,0.00011449118438407696,-3.24317874763308e-05,-0.00045862294792342205,-0.003429032846027718,0.0006933953846239923
22.369,0.0,-0.0001603167478538806,0.00011449118438407696,-3.24317874763308e-05,-0.00045862294792342205,-0.003429032846027718,0.0006933953846239923
22.389,0.0,-0.00019365547154922405,0.00021207635679160525,-0.00010707746147202616,-0.0007645253591152399,-0.0036965545310964536,0.0009659403683769858
22.409,0.0,-0.00020241052235156994,0.0003240443218772593,-0.00012705594440453474,-0.000762720696360816,-0.003554540267543796,0.0011076736599614453
22.429,0.0,-0.0002434156310438926,0.0003614945110657133,-0.00024376770032531517,-0.0014672330701447675,-0.0033754694118388667,0.0012287021030290967
22.449,0.0,-0.00018204681960671445,0.00046303429698078824,-0.0003161188721937295,-0.0016221901272721571,-0.003653659097515581,0.0012180300830434063
22.469,0.0,-0.00018204681960671445,0.00046303429698078824,-0.0003161188721937295,-0.0016221901272721571,-0.003653659097515581,0.0012180300830434063
22.489,0.0,-0.0002632296881212342,0.0005171822167534501,-0.0003974354079850312,-0.0021846805326522873,-0.0034837391087029204,0.0013372984854774974
22.509,0.0,-0.00027945489334998307,0.0005354998035238401,-0.000494784383307586,-0.0027613316839797362,-0.003595759115454314,0.0014590348864511778
22.529,0.0,-0.0002666365088640224,0.0006422066239046945,-0.0005502405918384242,-0.0029037823508718482,-0.003587155843468411,0.0014604350127031226
22.549,0.0,-0.00025646299425955836,0.0007035426071215316,-0.0005747759728170865,-0.003171583713437555,-0.0032898892441346754,0.0014484606519888823
22.569,0.0,-0.00025646299425955836,0.0007035426071215316,-0.0005747759728170865,-0.003171583713437555,-0.0032898892441346754,0.0014484606519888823
22.589,0.0,-0.0003211210344008133,0.0007459742573828103,-0.0006883929590105066,-0.0037061639095364238,-0.002555247708277842,0.0015676847399596022
22.609,0.0,-0.0002997894714877388,0.0007598171480198397,-0.000756017489078846,-0.004244426086034767,-0.0021043664618422904,0.0014049348012706911
22.629,0.0,-0.0003119168014960082,0.0007666667462835346,-0.0008345641900134537,-0.00479476091595967,-0.0017932622476026646,0.0013832856922673623
22.649,0.0,-0.00031637949984737875,0.0007228265298491974,-0.0008806782704038153,-0.005374249622332019,-0.002048220183837269,0.0013636171819443467
22.669,0.0,-0.00031637949984737875,0.0007228265298491974,-0.0008806782704038153,-0.005374249622332019,-0.002048220183837269,0.0013636171819443467
22.689,0.0,-0.0002844053323017989,0.000779555692994574,-0.0008804984119974129,-0.00534926515436222,-0.0017668175129087003,0.0010802385910581957
22.709,0.0,-0.0002818939184854444,0.0008285713489297315,-0.0009223300004421528,-0.005746017778139064,-0.0011779441757545155,0.0010703743804295093
22.729,0.0,-0.0002568548967121569,0.0008361133379529522,-0.0009908827508389628,-0.006167854960259676,-0.0011590548980089618,0.0010475791697364468
22.749,0.0,-0.00029319159155238915,0.00092595892351271,-0.0009926794622872285,-0.006280872926680211,-0.00044338995624589625,0.00118812568456044
22.769,0.0,-0.00029319159155238915,0.00092595892351271,-0.0009926794622872285,-0.006280872926680211,-0.00044338995624589625,0.00118812568456044
22.789,0.0,-0.00017135921837862939,0.0008949409520724775,-0.0011094415497011425,-0.006966772897950604,-0.0005544486304306494,0.0004499510595965851
22.809,0.0,-0.0001568552840242764,0.0009536251211924038,-0.0010883271077889872,-0.006966772897950604,-0.0005544486304306494,0.0004499510595965851
22.829,0.0,-8.617251326464288e-05,0.0009906943960376862,-0.0011481275684511985,-0.007238963759474871,-0.0005415496044860526,0.0001580194902686795
22.849,0.0,-0.00014583452237272685,0.0010298638025721999,-0.0011545432862509817,-0.0075307741516785235,-0.000526080270485301,0.000429043653384754
22.869,0.0,-0.00014583452237272685,0.0010298638025721999,-0.0011545432862509817,-0.0075307741516785235,-0.000526080270485301,0.000429043653384754
22.889,0.0,-4.46671847893619e-05,0.0011034727682681226,-0.0012108924558969457,-0.007817492299131023,-0.0007958856943342126,0.00013807931403586634
22.909,0.0,-4.2323100761857294e-05,0.001153347885227696,-0.0013020436170115225,-0.008228394394881933,-0.0004896642583652014,0.00012750779857884092
22.929,0.0,7.253732152726998e-05,0.0011588358050993528,-0.0013499984730525262,-0.008374203098272841,-0.0009106603430622951,-0.00030567190916417345
22.949,0.0,9.221356845494866e-05,0.0011624319514993134,-0.0014081313674996797,-0.00890980330676798,-0.00031738155432699575,-0.0003280729569473626
22.969,0.0,9.221356845494866e-05,0.0011624319514993134,-0.0014081313674996797,-0.00890980330676798,-0.00031738155432699575,-0.0003280729569473626
22.989,0.0,0.0002242631974437158,0.0012123030441589604,-0.0013940064996237715,-0.00874890227453327,-0.00047005094948282625,-0.0010344876796645303
23.009,0.0,0.00024012438165612747,0.001230974282612108,-0.0014729778771954225,-0.009174601558056175,-0.00044650657769717194,-0.0010443053371827942
23.029,0.0,0.00024346243078718596,0.0013348604665800066,-0.0014152044186154739,-0.00862150145938035,-0.0006153603384114961,-0.0008814637251089721
23.049,0.0,0.0002789815544328611,0.0013207785601833486,-0.0015462961493136625,-0.009430025643726084,-9.326836776320647e-06,-0.0011964439280108122
23.069,0.0,0.0002789815544328611,0.0013207785601833486,-0.0015462961493136625,-0.009430025643726084,-9.326836776320647e-06,-0.0011964439280108122
23.089,0.0,0.00033082757699577154,0.0013256679372598084,-0.001562789037311278,-0.009431880346736301,-0.00015081021311912456,-0.0013379408989033681
23.109,0.0,0.0004754485795185399,0.0013408731181291987,-0.00165435601288428,-0.009835851167769262,-0.0002766609063881143,-0.002065115432703123
23.129,0.0,0.0004706199010174719,0.0013387108446602503,-0.0016896114073580884,-0.010004816216755374,-0.0006898508131951466,-0.001921446948939594
23.149,0.0,0.0004791275606545503,0.00139838186811976,-0.0016909206473707384,-0.009988234244317124,-0.00026614295655226223,-0.0017813719729920182
23.169,0.0,0.0004791275606545503,0.00139838186811976,-0.0016909206473707384,-0.009988234244317124,-0.00026614295655226223,-0.0017813719729920182
23.189,0.0,0.00048673833160619277,0.0014212558075381134,-0.001734414199162435,-0.010257312015852902,3.0077809719852898e-05,-0.0017922438428485837
23.209,0.0,0.0004904981367144676,0.0014238506930017503,-0.0017977585470617542,-0.010539321775685824,4.415762519963898e-05,-0.001802720909801216
23.229,0.0,0.0004594545685759392,0.0014041239345029685,-0.0018754573881350405,-0.011113547257136609,7.34321221295911e-05,-0.0015413812349554222
23.249,0.0,0.0005182223757192418,0.0014086714215493352,-0.0018910778718688724,-0.011130224556007835,-0.00035001965128378496,-0.0016814551575625072
23.269,0.0,0.0005182223757192418,0.0014086714215493352,-0.0018910778718688724,-0.011130224556007835,-0.00035001965128378496,-0.0016814551575625072
23.289,0.0,0.0004714232876039465,0.001349750772218746,-0.0020023413825879825,-0.011678293444094847,0.00010157199629823604,-0.0015620119971493356
23.309,0.0,0.0004111621585698025,0.001396512963942928,-0.0019850784170784277,-0.01168835792604692,0.0001026654349455585,-0.0012798282842671875
23.329,0.0,0.00035833723588576635,0.0014197171317782272,-0.0019647646455281114,-0.011414636374760475,0.00023169845918818315,-0.000846193835607163
23.349,0.0,0.0003376415859246308,0.001455262115261158,-0.0019585884545831956,-0.011286740535169357,8.674282117162038e-05,-0.0006932552983345971
23.369,0.0,0.0003376415859246308,0.001455262115261158,-0.0019585884545831956,-0.011286740535169357,8.674282117162038e-05,-0.0006932552983345971
23.389,0.0,0.0003246140289714259,0.0014289238642790035,-0.0019655434564362162,-0.011527123989046826,0.0009471131252840779,-0.0007055021345231888
23.409,0.0,0.0003510638299481176,0.001380974371766743,-0.001983851005412979,-0.011627193312736438,0.001515823742487269,-0.0010004865152467833
23.429,0.0,0.0002660002769421051,0.001426304901303261,-0.001957568577119241,-0.011327762450907258,0.002068378722027216,-0.000709105447181794
23.449,0.0,0.0002873145592159019,0.0014481035640990197,-0.0019490446979612047,-0.01118808511772337,0.0020629744023487407,-0.000698020648592561
23.469,0.0,0.00034449722080353445,0.0014390141499093742,-0.0019020635385240028,-0.010909554681695216,0.001766394837729577,-0.0009697551803650442
23.489,0.0,0.00034449722080353445,0.0014390141499093742,-0.0019020635385240028,-0.010909554681695216,0.001766394837729577,-0.0009697551803650442
23.509,0.0,0.00031875167710127385,0.0014570961115042715,-0.0018428404341442705,-0.010599177300930676,0.002316779951813564,-0.000960776567130486
23.529,0.0,0.0002837181315370821,0.0014835551210540946,-0.0017187740069810247,-0.010030535387448213,0.0025728396432698783,-0.0006576731479569984
23.549,0.0,0.00037011921800425145,0.0014819392049283792,-0.001760402511644412,-0.010159633484790992,0.002575616736934862,-0.0009515282976147778
23.569,0.0,0.0003929864118834689,0.0014654010951677752,-0.0017864116999787075,-0.010290760998885866,0.002726752313364972,-0.0010921769969924736
23.589,0.0,0.0003929864118834689,0.0014654010951677752,-0.0017864116999787075,-0.010290760998885866,0.002726752313364972,-0.0010921769969924736
23.609,0.0,0.00039473464594828064,0.0014450386812246098,-0.0017979638613635648,-0.010276529928312279,0.0030094031637982045,-0.001092952424544735
23.629,0.0,0.00037682713301271644,0.0014437386688009857,-0.0018358783048783127,-0.010413811922783464,0.0031542674789591454,-0.0009639503646653639
23.649,0.0,0.00034836287749327277,0.0014271760041501707,-0.0018262145472622915,-0.01044024629055242,0.0027314143670736004,-0.0008210752149545051
23.669,0.0,0.0004490549670563483,0.0013982592369837174,-0.001856695572523291,-0.010484649935074034,0.0017419209377831256,-0.0009602042032619453
23.689,0.0,0.0004490549670563483,0.0013982592369837174,-0.001856695572523291,-0.010484649935074034,0.0017419209377831256,-0.0009602042032619453
23.709,0.0,0.0005537661543686566,0.001382314002470884,-0.0018319881653996522,-0.010363611340878922,0.0011722171021426417,-0.0012297841145060679
23.729,0.0,0.0005075768794610406,0.0013733262303995632,-0.0018629700668370201,-0.010486860850540044,0.001600337919279305,-0.0011003694195711824
23.749,0.0,0.0005540386610381557,0.001341729153354056,-0.0019154866060168772,-0.010742297326654649,0.0020380356343324955,-0.0012539151281186765
23.769,0.0,0.0006446158283263944,0.001339411346123785,-0.0019751145024093524,-0.010903735404896534,0.0014812027660751422,-0.00153344268537608
23.789,0.0,0.0006446158283263944,0.001339411346123785,-0.0019751145024093524,-0.010903735404896534,0.0014812027660751422,-0.00153344268537608
23.809,0.0,0.0006906533069376213,0.0012915874802730686,-0.001969444402568744,-0.011045460119652635,0.0013441372799953243,-0.0016856916003605558
23.829,0.0,0.000736448302968316,0.0012769945324407914,-0.0019648990224708273,-0.011060913445653046,0.0009202998617771719,-0.0018258747049156388
23.849,0.0,0.0007637354199132178,0.0012448912671970702,-0.001963985626530772,-0.011063173308717695,0.000778547890007144,-0.0019658278709678294
23.869,0.0,0.0007538595365557771,0.0012516292214815677,-0.0019013605206553855,-0.010767223548583959,0.0010470873206250271,-0.0019568272704558157
23.889,0.0,0.0007538595365557771,0.0012516292214815677,-0.0019013605206553855,-0.010767223548583959,0.0010470873206250271,-0.0019568272704558157
23.909,0.0,0.0007670491933062965,0.0012796302800443485,-0.0019242225646350813,-0.010726670797481932,0.0017526382712481883,-0.002100261297802992
23.929,0.0,0.000754853810614358,0.0012622541144492112,-0.0019308865717012228,-0.010966436234081795,0.002613929189281796,-0.002112821967019743
23.949,0.0,0.0007449759650842752,0.0012718631041503017,-0.001905083393441458,-0.010724334767050949,0.0018943322576926078,-0.00195839191439631
23.969,0.0,0.0008055939100361599,0.0012699428683458206,-0.001964231752257195,-0.011022601327209515,0.0014842113464863102,-0.002109299252075373
23.989,0.0,0.0008055939100361599,0.0012699428683458206,-0.001964231752257195,-0.011022601327209515,0.0014842113464863102,-0.002109299252075373
24.009,0.0,0.0007910923958982785,0.0012510184273454958,-0.0019743725288785536,-0.011035424866921568,0.0013430182007485721,-0.0019677468128499417
24.029,0.0,0.0007796573887784312,0.001215567665405041,-0.002008809991025237,-0.011317800663386057,0.001357086075725556,-0.0019781430260755162
24.049,0.0,0.000740488834774166,0.0011988046752950644,-0.0020015391226453636,-0.011303357433145539,0.0016401914103105735,-0.001978948679473269
24.069,0.0,0.0007745132482532334,0.0012107723700963222,-0.001938246742442745,-0.010994206443909483,0.002048970289296803,-0.0021108685836624514
24.089,0.0,0.0007745132482532334,0.0012107723700963222,-0.001938246742442745,-0.010994206443909483,0.002048970289296803,-0.0021108685836624514
24.109,0.0,0.0007816276344813231,0.0012412711137956677,-0.0019463669208985553,-0.01102113517572689,0.0016261754431168784,-0.0019686501098168507
24.129,0.0,0.0009132598386572748,0.0012089649256284169,-0.001935545525784116,-0.011055798565764087,0.0006352628285260576,-0.002389535706418329
24.149,0.0,0.0009249777055656947,0.0012320494227826867,-0.0018557350058430197,-0.010518821434073101,4.241986783727128e-05,-0.002368194692673478
24.169,0.0,0.0008856720156495034,0.0012489912362951769,-0.0018410649989786987,-0.010373836036026996,0.0001750830977410842,-0.0022280751495124965
24.189,0.0,0.0008856720156495034,0.0012489912362951769,-0.0018410649989786987,-0.010373836036026996,0.0001750830977410842,-0.0022280751495124965
24.209,0.0,0.000796473888734528,0.0012241093680760123,-0.0018651828826941519,-0.010498098938465239,0.0007500531572900782,-0.0019458366386131169
24.229,0.0,0.000805807489880426,0.0012494935012854476,-0.0018236716397296761,-0.010175588831116992,0.0014416443892355088,-0.0020788560958144367
24.249,0.0,0.0008367359830377854,0.0012826044274109793,-0.0017785502821468305,-0.009895245272638747,0.0012854225318509676,-0.002209044623588858
24.269,0.0,0.0008987264993117632,0.0012872080875424331,-0.001793864955879567,-0.009899279903314975,0.001002417398318387,-0.002490392472652138
24.289,0.0,0.0008987264993117632,0.0012872080875424331,-0.001793864955879567,-0.009899279903314975,0.001002417398318387,-0.002490392472652138
24.309,0.0,0.0009118791189227855,0.0013636049066194707,-0.0017793150511546398,-0.009629158831998497,0.0008480936009298824,-0.002339443334606134
24.329,0.0,0.0009139298321485884,0.0014001168946427551,-0.0017554644985639466,-0.009347618161771602,0.0008339039850766262,-0.002328984970235032
24.349,0.0,0.0009111495615889317,0.0013625791412979005,-0.0017820716432451196,-0.009589244353656897,0.001553315486655719,-0.0024814046616863606
24.369,0.0,0.0008896603916708732,0.001431722937327459,-0.0017713941759183135,-0.009291028156149427,0.0019636702544350367,-0.0023317138695896967
24.389,0.0,0.0008896603916708732,0.001431722937327459,-0.0017713941759183135,-0.009291028156149427,0.0019636702544350367,-0.0023317138695896967
24.409,0.0,0.0009543454330850409,0.0014168274685382829,-0.001823700064756809,-0.009524304200051424,0.0025411564321345345,-0.002907521793700648
24.429,0.0,0.0009657729168627901,0.0014259168860456899,-0.0018330165800819929,-0.009524304200051424,0.0025411564321345345,-0.002907521793700648
24.449,0.0,0.0010309989451737149,0.0014291804046214652,-0.0017999332490114303,-0.009500162146905569,0.0028216147906123426,-0.0031909402065633087
24.469,0.0,0.000996474745373372,0.0014624538375121049,-0.0017215498120316476,-0.00908465025390787,0.0027994979842724857,-0.0028988335432662007
24.489,0.0,0.000996474745373372,0.0014624538375121049,-0.0017215498120316476,-0.00908465025390787,0.0027994979842724857,-0.0028988335432662007
24.509,0.0,0.0010258346920402838,0.0014464491731864678,-0.001736727525076619,-0.009229916153246304,0.00266683427507,-0.0030394439639400478
24.529,0.0,0.0010936593653785946,0.0014460300413609896,-0.0016887547208666183,-0.008949412574561336,0.002512239321073174,-0.003169797078660556
24.549,0.0,0.001098326262936147,0.0014081449004613796,-0.0017234903777246866,-0.00920619142141538,0.002948854361926266,-0.0033223458285495397
24.569,0.0,0.0011691276137322192,0.001384344286014479,-0.0017630047953903862,-0.009492070365545124,0.002679258739043099,-0.0036136744992277493
24.589,0.0,0.0011691276137322192,0.001384344286014479,-0.0017630047953903862,-0.009492070365545124,0.002679258739043099,-0.0036136744992277493
24.609,0.0,0.001174194420012192,0.0013674974118547672,-0.0018268002623689922,-0.009759661753148819,0.00297606474655951,-0.0036248724133399624
24.629,0.0,0.0011589028881423687,0.0013387926138571996,-0.0018990545016983414,-0.010168312517836692,0.0032768355097156647,-0.003647653576444557
24.649,0.0,0.001107510053132725,0.0013479265914874987,-0.001863199416170125,-0.010064475704122939,0.0028502622945135404,-0.0032111701786471827
24.669,0.0,0.0010760969002512094,0.0013411349085029783,-0.001855607007082596,-0.010063096763949687,0.002992009569298112,-0.003070588610286614
24.689,0.0,0.0010760969002512094,0.0013411349085029783,-0.001855607007082596,-0.010063096763949687,0.002992009569298112,-0.003070588610286614
24.709,0.0,0.0010909847548187055,0.00130518723891533,-0.0018834538895499801,-0.010175756681134292,0.0034196207883681606,-0.003224482867840144
24.729,0.0,0.0011315487734251848,0.00127431441321787,-0.0019337510888677337,-0.010461969006556254,0.0031501977183991435,-0.003515806713576454
24.749,0.0,0.0011355093654720609,0.0012573834131806327,-0.001977603535768898,-0.01072998525462529,0.0034466351799120783,-0.003526814601534378
24.769,0.0,0.0010669728757287701,0.001250336260839452,-0.001980426282811694,-0.010854340207303826,0.004022876196308877,-0.0032460535052718014
24.789,0.0,0.0010669728757287701,0.001250336260839452,-0.001980426282811694,-0.010854340207303826,0.004022876196308877,-0.0032460535052718014
24.809,0.0,0.0010796255188921372,0.0012869155591295747,-0.0019533004108752247,-0.010612734363789775,0.0033028166146836365,-0.003092273818288663
24.829,0.0,0.0010376331927815718,0.0013059443825652547,-0.0019046143569471465,-0.010290253581872074,0.00399452907885322,-0.0032251382348148423
24.849,0.0,0.001021780960977826,0.0013043589259802227,-0.0018621661993463267,-0.010020767667355652,0.003839007483944529,-0.0030726387259612602
24.869,0.0,0.0010079317550048745,0.0012752872926108999,-0.0018431122212499104,-0.010020767667355652,0.003839007483944529,-0.0030726387259612602
24.889,0.0,0.0010079317550048745,0.0012752872926108999,-0.0018431122212499104,-0.010020767667355652,0.003839007483944529,-0.0030726387259612602
24.909,0.0,0.0010559885999013357,0.0012512779878164344,-0.0018399338112206278,-0.010022045587280043,0.003697594025704917,-0.003213347987090579
24.929,0.0,0.0011390590677954,0.0012164146732634518,-0.0018065305217646102,-0.00989739629933303,0.003121536561353316,-0.0034955652925346414
24.949,0.0,0.001155172139105428,0.0012584818538145595,-0.001717207295473556,-0.009348478602201723,0.0026699140889810693,-0.003615370617134226
24.969,0.0,0.0011868799453487833,0.0012349482741512976,-0.0017264033249746243,-0.009337147096506888,0.0028104094264695097,-0.0037562875748838828
24.989,0.0,0.0011868799453487833,0.0012349482741512976,-0.0017264033249746243,-0.009337147096506888,0.0028104094264695097,-0.0037562875748838828
25.009,0.0,0.0012038390823861796,0.001261006175553443,-0.0016813151861057934,-0.009068377389381497,0.0025139437047095796,-0.00374534641725923
25.029,0.0,0.0011801016853106988,0.0012246240760544242,-0.0016263934935825993,-0.008917318960495897,0.002650308640415585,-0.0038757340078554073
25.049,0.0,0.0011610217039769108,0.001162314492817621,-0.0016374462985008671,-0.009025893137618209,0.0033614900739778243,-0.0037476422018093026
25.069,0.0,0.001244236063483023,0.001119419008042275,-0.0016635410575257781,-0.009105037289855702,0.004358509201213103,-0.004173012050485319
25.089,0.0,0.001244236063483023,0.001119419008042275,-0.0016635410575257781,-0.009105037289855702,0.004358509201213103,-0.004173012050485319
25.109,0.0,0.0013388106367570036,0.0010799807976641976,-0.0016896001139540806,-0.009078711845455403,0.004781506044722209,-0.004315254442939725
25.129,0.0,0.0014045164273654618,0.001042165518604975,-0.0016789977387688766,-0.009040161338004758,0.005345398590084835,-0.004599283814602458
25.149,0.0,0.0014307272093327119,0.0010261683100283496,-0.001695969217834225,-0.009152967284886841,0.005772852239980202,-0.00475276007882167
25.169,0.0,0.0013890274588477653,0.00102613948752369,-0.0017464808182356462,-0.009267379283786832,0.006347432714301955,-0.004753410796259926
25.189,0.0,0.0013890274588477653,0.00102613948752369,-0.0017464808182356462,-0.009267379283786832,0.006347432714301955,-0.004753410796259926
25.209,0.0,0.0013386513972558115,0.0009712781372473407,-0.0018301957625735399,-0.00968707224962334,0.006507230959224637,-0.004633429253396807
25.229,0.0,0.0012520257827485781,0.0009658077740731517,-0.0018635816853930008,-0.009814142110627002,0.00694140857739323,-0.004493153539407662
25.249,0.0,0.0012550443533517405,0.000948487701412184,-0.00176670443828419,-0.009251101814694553,0.006771737463722179,-0.004613407213348888
25.269,0.0,0.0013194074851607574,0.0009462147064060812,-0.0018360593615680276,-0.009535603334177377,0.006644541961934099,-0.004763898496144115
25.289,0.0,0.0013194074851607574,0.0009462147064060812,-0.0018360593615680276,-0.009535603334177377,0.006644541961934099,-0.004763898496144115
25.309,0.0,0.0013901318865297287,0.0009752756734198806,-0.0017880399738647618,-0.009257206929742688,0.006346504702479823,-0.005035748997982362
25.329,0.0,0.0013779598986128397,0.0010213153158607163,-0.0017799759759697246,-0.009140729084248777,0.005913752352125199,-0.0048944272663301635
25.349,0.0,0.0013369078367235518,0.0010213579644822546,-0.0016959468361645502,-0.008886363054089306,0.005334135802728064,-0.004882497239305006
25.369,0.0,0.001381638602110663,0.0010752906085808112,-0.0016668287358734487,-0.0086493385838919,0.0043311350420500465,-0.005010602609290137
25.389,0.0,0.001381638602110663,0.0010752906085808112,-0.0016668287358734487,-0.0086493385838919,0.0043311350420500465,-0.005010602609290137
25.409,0.0,0.0014021693099600982,0.0010529750370521119,-0.0016571253558347182,-0.008634658822398401,0.004613683044063733,-0.0050108459102382805
25.429,0.0,0.0014920851009845174,0.0010371547579855857,-0.0016645017520907632,-0.008920642256220473,0.004344412985789971,-0.005303431213136901
25.449,0.0,0.0015490559560272959,0.0010635713647967912,-0.0016684209894496167,-0.008949367705151754,0.0037795776667916745,-0.005302584329424982
25.469,0.0,0.0016194781341709733,0.0010828130574122663,-0.0016305952294873437,-0.008670504224413927,0.003482347902116777,-0.00557372669352403
25.489,0.0,0.0016194781341709733,0.0010828130574122663,-0.0016305952294873437,-0.008670504224413927,0.003482347902116777,-0.00557372669352403
25.509,0.0,0.0015748802416118575,0.0011042460172960632,-0.0015791823984488463,-0.008399355497493556,0.0034690801461650066,-0.005281078235497665
25.529,0.0,0.0015363074082724668,0.0011684576981699664,-0.0015601606380835887,-0.00841082453053033,0.003328471341805995,-0.005139186040528126
25.549,0.0,0.001458726938822961,0.0011383426371747306,-0.0016102420270193167,-0.008677231029137485,0.003767000885025671,-0.005009457008394686
25.569,0.0,0.0014271169525347776,0.001170511230264673,-0.0015749743897270703,-0.008447576673664015,0.0029055960865963498,-0.004714378826788581
25.589,0.0,0.0014271169525347776,0.001170511230264673,-0.0015749743897270703,-0.008447576673664015,0.0029055960865963498,-0.004714378826788581
25.609,0.0,0.0013755972258322024,0.001214960789063367,-0.0016086047457615589,-0.008430962494313857,0.0033305368241141413,-0.004574574680906391
25.629,0.0,0.0012954402764975318,0.0012021694148502168,-0.001585123330425904,-0.008414554889879352,0.0037543387286409556,-0.004433776283985081
25.649,0.0,0.0011834298984912315,0.0012368277904295794,-0.0015744251293782247,-0.008284292747498801,0.00389302311381763,-0.00399959073873346
25.669,0.0,0.001085447219438414,0.0012937138556982101,-0.001537866398540018,-0.007995002566972066,0.004303928017423488,-0.0035670833004761556
25.689,0.0,0.001085447219438414,0.0012937138556982101,-0.001537866398540018,-0.007995002566972066,0.004303928017423488,-0.0035670833004761556
25.709,0.0,0.0010999323766801663,0.0012518650450378927,-0.0015072254687037644,-0.007995002566972066,0.004303928017423488,-0.0035670833004761556
25.729,0.0,0.0011416191638156511,0.0012401904742490293,-0.0015479169629313146,-0.0082797455455808,0.0041758089844771045,-0.0037181694755113914
25.749,0.0,0.0011165662763359904,0.0012460999645817548,-0.0016461519903251606,-0.008519555260894329,0.0050381904870731185,-0.0037309995144109535
25.769,0.0,0.001038866324695554,0.0011830872783706774,-0.001631717904547291,-0.008514140763244232,0.005462360378166633,-0.0033074846417985603
25.789,0.0,0.001038866324695554,0.0011830872783706774,-0.001631717904547291,-0.008514140763244232,0.005462360378166633,-0.0033074846417985603
25.809,0.0,0.0010229596425031225,0.0012020685613734162,-0.0016077396273038243,-0.008257561715695633,0.005025790197323662,-0.0031548490771447783
25.829,0.0,0.0009439678206876917,0.001133498835016668,-0.00163618253420665,-0.00854625379134899,0.005324665202839967,-0.002601215695345544
25.849,0.0,0.0009545257471512369,0.001130165919356249,-0.0015801760016164621,-0.008292522073624523,0.004745330265147828,-0.002589936900963716
25.869,0.0,0.0009740125849321289,0.0010909760654018495,-0.0016329075142727403,-0.008575155483632439,0.004759314585917059,-0.0026002901056028367
25.889,0.0,0.0009740125849321289,0.0010909760654018495,-0.0016329075142727403,-0.008575155483632439,0.004759314585917059,-0.0026002901056028367
25.909,0.0,0.0010455875441905212,0.0010051708241641984,-0.0016673830146443273,-0.008590944917473656,0.004334564902556575,-0.0027399037327347584
25.929,0.0,0.0011416601595211592,0.0009082068970108893,-0.0016862711320767745,-0.008862583206534994,0.0043485014029384815,-0.0030329367260053374
25.949,0.0,0.0011907575913146825,0.0009661119825190216,-0.0016381565354923154,-0.008272213801677994,0.004743408899865098,-0.0031547128601554816
25.969,0.0,0.0011104104404084498,0.000916947422711156,-0.0016787790984785248,-0.008534297085352851,0.005464406294813378,-0.002742828040491944
25.989,0.0,0.0011104104404084498,0.000916947422711156,-0.0016787790984785248,-0.008534297085352851,0.005464406294813378,-0.002742828040491944
26.009,0.0,0.0011576481208714524,0.000912861943649716,-0.001684703429053264,-0.008548066280481574,0.005182898689680177,-0.0027424725496060327
26.029,0.0,0.0012248657150285374,0.0008791078162985485,-0.0017463007243702362,-0.008806062638910006,0.005478269036471993,-0.0030358298956465386
26.049,0.0,0.0012866496794209212,0.0008533185220608398,-0.0017531424142750273,-0.008795456334773423,0.0054767622290562935,-0.003318143058437158
26.069,0.0,0.0013379097374982584,0.0008010212432602437,-0.0017943750221784372,-0.00906804231672785,0.005489814018438761,-0.003611211972496857
26.089,0.0,0.0013379097374982584,0.0008010212432602437,-0.0017943750221784372,-0.00906804231672785,0.005489814018438761,-0.003611211972496857
26.109,0.0,0.0014842069303515294,0.0007534480093478487,-0.0018435796559890878,-0.009185413729060173,0.0056338366467597835,-0.004046182889581688
26.129,0.0,0.0014774582090699667,0.000813302082795176,-0.0017544308438692026,-0.008750817818997765,0.005756613085507489,-0.0041659244534666085
26.149,0.0,0.0014768606297641835,0.000853365946569912,-0.001673214142493835,-0.008326016582738394,0.005732755491142349,-0.00415702726474206
26.169,0.0,0.0015135862475898802,0.0009173177299645166,-0.0016770801985658364,-0.008047523574777844,0.005435025491199344,-0.0044283237776815134
26.189,0.0,0.0015135862475898802,0.0009173177299645166,-0.0016770801985658364,-0.008047523574777844,0.005435025491199344,-0.0044283237776815134
26.209,0.0,0.0014681224813117481,0.0008882673188882309,-0.0016954361288180374,-0.008203366388191054,0.005304290025266623,-0.004285765266765431
26.229,0.0,0.001475590456823958,0.0008897181510799889,-0.0017101469390375414,-0.008461424485895387,0.0055994659482416975,-0.004578613165777493
26.249,0.0,0.0015082415532033193,0.000886345530030611,-0.001626375650594218,-0.00805183783427964,0.005150970806661215,-0.004709833177785996
26.269,0.0,0.0015790824432247736,0.0009644989135694764,-0.001553212864727679,-0.007505709453177851,0.004557396144136074,-0.004969322368772251
26.289,0.0,0.0015790824432247736,0.0009644989135694764,-0.001553212864727679,-0.007505709453177851,0.004557396144136074,-0.004969322368772251
26.309,0.0,0.0015573753147810176,0.0009574999177630833,-0.0015504865641393006,-0.00774683867135305,0.005277050299110582,-0.0051234574091542934
26.329,0.0,0.0016084119843163107,0.001029790725751022,-0.0014920864655796125,-0.007482750909215178,0.004697133120102447,-0.005393784526587245
26.349,0.0,0.0015051669603088917,0.0010197102812877885,-0.0014691290264023447,-0.007479106266702667,0.004980601189698705,-0.005112900162159743
26.369,0.0,0.0015291849407502135,0.0010671985737087772,-0.0014569069710146502,-0.007480518582699196,0.004839298455423176,-0.0052532625855932855
26.389,0.0,0.0015291849407502135,0.0010671985737087772,-0.0014569069710146502,-0.007480518582699196,0.004839298455423176,-0.0052532625855932855
26.409,0.0,0.001542540006959706,0.0010820954780765381,-0.001492882051322436,-0.007626051766556923,0.004707497654918702,-0.005393038152964048
26.429,0.0,0.001547641790569955,0.0010883433520224096,-0.0015095766348356095,-0.007752855124173463,0.004852230190675301,-0.005545580927438413
26.449,0.0,0.0015224304858913926,0.0010612662644105752,-0.0015204069215642927,-0.0077651148816619345,0.004711146805819563,-0.005404086684449782
26.469,0.0,0.0014912676871728157,0.0010848470232866,-0.001521279625118114,-0.007777469760527882,0.004570890575781522,-0.005263403056584118
26.489,0.0,0.0014912676871728157,0.0010848470232866,-0.001521279625118114,-0.007777469760527882,0.004570890575781522,-0.005263403056584118
26.509,0.0,0.0015242565149935284,0.0010752600351822395,-0.0015825045211347373,-0.008061514134163422,0.00444330922508452,-0.005413879276274624
26.529,0.0,0.0015619643519293605,0.0010820530407426815,-0.001579986081540534,-0.008076211053396601,0.004160769112931456,-0.0054136986255617055
26.549,0.0,0.0015771338011291072,0.001091637288515211,-0.0015869595823385224,-0.00810258855142349,0.003737436816328681,-0.005271477336057255
26.569,0.0,0.0015575898564713058,0.001092942405836586,-0.0015986311680427669,-0.00810006068674552,0.0038789367416841012,-0.0051301615798182995
26.589,0.0,0.0015575898564713058,0.001092942405836586,-0.0015986311680427669,-0.00810006068674552,0.0038789367416841012,-0.0051301615798182995
26.609,0.0,0.0015604834101221707,0.0010668038877483033,-0.0016923019394004175,-0.008382703136138326,0.0038929899743243134,-0.005140475657686606
26.629,0.0,0.0015181645493574695,0.0009902485665559753,-0.0017359767335058068,-0.008791419160346836,0.004341847654280013,-0.005010273760075795
26.649,0.0,0.0015236930937768444,0.0009831007065288179,-0.0017185755308126785,-0.008660888403085864,0.0041906329155107025,-0.0048686482989582875
26.669,0.0,0.0015150151043693961,0.0009242706096037891,-0.0017186426466387547,-0.008673327285308188,0.004050205723344827,-0.004727794050427058
26.689,0.0,0.0015150151043693961,0.0009242706096037891,-0.0017186426466387547,-0.008673327285308188,0.004050205723344827,-0.004727794050427058
26.709,0.0,0.0014768096254314034,0.0009481636256033725,-0.0016727365201609232,-0.00823516012709828,0.004456012018719461,-0.00456557184129761
26.729,0.0,0.0015285303471789225,0.0009125197806812025,-0.0015693876938903224,-0.0078122368694102445,0.004290578517205767,-0.004696886308376171
26.749,0.0,0.0015434694960315665,0.0009314399619715019,-0.0015072231889853465,-0.007404586425955364,0.00398893509599382,-0.004675047680700145
26.769,0.0,0.0014170570051198349,0.0008469961115378574,-0.0015597632797208025,-0.007678772971226215,0.004570382847374227,-0.004122013343165156
26.789,0.0,0.0014170570051198349,0.0008469961115378574,-0.0015597632797208025,-0.007678772971226215,0.004570382847374227,-0.004122013343165156
26.809,0.0,0.0013306711957848728,0.0007803632592955412,-0.0014636099076634388,-0.007366116490767564,0.005263213526026503,-0.003972189018099328
26.829,0.0,0.001320318103493548,0.0007028053143555562,-0.0014212803144164187,-0.007181437185496887,0.006100829818901725,-0.003975246739984797
26.849,0.0,0.0013682667488537999,0.0007605380009211713,-0.0012542022584199513,-0.0061419730813113554,0.00690101705973922,-0.004217187442109601
26.869,0.0,0.0014772792878439038,0.0007549501076077526,-0.0012802620451549819,-0.006013311454500998,0.006608050359525167,-0.004217157073820385
26.889,0.0,0.0014772792878439038,0.0007549501076077526,-0.0012802620451549819,-0.006013311454500998,0.006608050359525167,-0.004217157073820385
26.909,0.0,0.0015124192964922638,0.0007484807207279508,-0.0012543044494882135,-0.005744978998912271,0.006311103479185698,-0.0042067194570138446
26.929,0.0,0.0014291039740793063,0.000796907508096829,-0.0011982984259109447,-0.005331376421255276,0.006436098155362406,-0.003761584786281293
26.949,0.0,0.0014821329217048086,0.0008333795092679546,-0.0012342548439714155,-0.005347598972463884,0.00601184498608483,-0.0039018925969243803
26.969,0.0,0.0014544214200046125,0.0007749358240497469,-0.001316963267523657,-0.005753489512162907,0.006454336158286172,-0.003783806401620036
27.029,0.0,0.0014833285930655087,0.0007685755220472102,-0.0011921398651945263,-0.005028711050845261,0.006420794144811322,-0.004315987719523512
27.049,0.0,0.001612659748066876,0.0008073835264673067,-0.0012515559132154426,-0.0050757376181812495,0.005289714528825962,-0.004595910770919417
27.069,0.0,0.0016169236695397077,0.0009157735807351439,-0.0012556427084071517,-0.0048210421850057575,0.004711124670479873,-0.004584423310671285
27.089,0.0,0.0016169236695397077,0.0009157735807351439,-0.0012556427084071517,-0.0048210421850057575,0.004711124670479873,-0.004584423310671285
27.109,0.0,0.0015217049029127743,0.0009121618087082166,-0.0012858323909274408,-0.004985195416636944,0.0044328962865973045,-0.004311516164491786
27.129,0.0,0.0013937666382587142,0.0008754745306921323,-0.0012895771509152216,-0.005238953298005832,0.005011460457091428,-0.0043240030771133
27.149,0.0,0.0013688334626330487,0.0008794802909361801,-0.0012165514107634178,-0.005061288803420876,0.005571784677462424,-0.004595981832408467
27.169,0.0,0.0014307729485048984,0.0008381760860013204,-0.001273209315857793,-0.005570898727590408,0.006588593133857153,-0.004760619688359594
27.189,0.0,0.0014307729485048984,0.0008381760860013204,-0.001273209315857793,-0.005570898727590408,0.006588593133857153,-0.004760619688359594
27.209,0.0,0.0015257246678267702,0.0008147900026999901,-0.0012650649597814347,-0.00568856856469807,0.006731977393255879,-0.005196570631099252
27.229,0.0,0.0015108337231056557,0.0008302757208455595,-0.0012187391288994184,-0.005560853512828985,0.006587628140416994,-0.005042953685012483
27.249,0.0,0.0015166366494037402,0.0008288157447040968,-0.0012590864539994786,-0.005970870983075561,0.00674658160649454,-0.00520644111853734
27.269,0.0,0.001405854052956822,0.0008292264567040957,-0.0013258529057545451,-0.0064036249897738515,0.006913154753415469,-0.004792443371923934
27.289,0.0,0.001405854052956822,0.0008292264567040957,-0.0013258529057545451,-0.0064036249897738515,0.006913154753415469,-0.004792443371923934
27.309,0.0,0.001338235420748007,0.0008056353800518435,-0.0013386116582183142,-0.006852245948703254,0.006507498616872419,-0.0046715218337110495
27.329,0.0,0.0012766838527192993,0.0007853182816454619,-0.0013434739942978975,-0.007171018855511469,0.006099102009081397,-0.004257006176175572
27.349,0.0,0.001324381488025788,0.0007575629231697811,-0.0013364810858238212,-0.0073189382531004205,0.005684363021727717,-0.004679040720838665
27.369,0.0,0.0013244439050367517,0.0008448651445012779,-0.0013006823465719225,-0.007065491344976707,0.005105260425507233,-0.004667737144908843
27.389,0.0,0.0013244439050367517,0.0008448651445012779,-0.0013006823465719225,-0.007065491344976707,0.005105260425507233,-0.004667737144908843
27.409,0.0,0.0013423766778016244,0.0008008498505391571,-0.0014339335020443242,-0.007659919461144859,0.004426978655638348,-0.004827294585395076
27.429,0.0,0.0011847397274388832,0.0008475014254453594,-0.0013396046750416926,-0.00729581318400893,0.003699327678754848,-0.004111159018083897
27.449,0.0,0.0010261884950878736,0.0008462832844334689,-0.001282232753555198,-0.007163361727174404,0.0039793570670123395,-0.0035350178527471772
27.469,0.0,0.0009924155580508273,0.0008974064058228828,-0.0012486373842977637,-0.006904841717387072,0.0036837289970216153,-0.003241841092921593
27.489,0.0,0.0009924155580508273,0.0008974064058228828,-0.0012486373842977637,-0.006904841717387072,0.0036837289970216153,-0.003241841092921593
27.509,0.0,0.0010242817521221457,0.0008733652064682881,-0.0012571859480936607,-0.00689457758856025,0.0036828194864405367,-0.0035246466484078628
27.529,0.0,0.0010444343592013077,0.0008665081101164854,-0.0012470964789912968,-0.006792153258271841,0.0029674115209004995,-0.0033811433809944652
27.549,0.0,0.0010717833298885062,0.0008329183289656363,-0.0012683887021754077,-0.006752142343746316,0.003672919456660268,-0.00352492117166224
27.569,0.0,0.0010784866053381947,0.000757924045553243,-0.0012861308729977343,-0.006879759340781434,0.003965737368514148,-0.00352505849270406
27.589,0.0,0.0010784866053381947,0.000757924045553243,-0.0012861308729977343,-0.006879759340781434,0.003965737368514148,-0.00352505849270406
27.609,0.0,0.0010070873731363626,0.0006918068254417442,-0.0013163890456004627,-0.007040349497532595,0.003971163185158196,-0.002971486150483999
27.629,0.0,0.0009884878960140383,0.0006510729370899034,-0.0013534262868103092,-0.007207205389112697,0.0036998264641316,-0.0026875973518789074
27.649,0.0,0.0009429657644295274,0.0006331240980508108,-0.0013522786145709353,-0.006935649800670435,0.0036863560893330882,-0.0023938885962456664
27.669,0.0,0.0010520738015825,0.000593756066774222,-0.0013857496641867056,-0.006936758506502101,0.0035449836302483074,-0.002534791882252219
27.689,0.0,0.0010520738015825,0.000593756066774222,-0.0013857496641867056,-0.006936758506502101,0.0035449836302483074,-0.002534791882252219
27.709,0.0,0.0011811202499867367,0.0005477528433016936,-0.0013656879576497511,-0.006646488670312673,0.0033877974485512076,-0.0029484529665387334
27.729,0.0,0.0012612378316128447,0.0005202117852119469,-0.0014007670667111072,-0.0066486464800070005,0.003246515466119681,-0.0030884183449179157
27.749,0.0,0.0011814089183982837,0.00047193813255323746,-0.0013790620296908354,-0.0065119302762045965,0.003521300406643841,-0.0025260036623707396
27.769,0.0,0.0011464053141944427,0.00045734080564267137,-0.0013485111674152062,-0.006327690655762224,0.004506054578041903,-0.0023757237813603433
27.789,0.0,0.0011464053141944427,0.00045734080564267137,-0.0013485111674152062,-0.006327690655762224,0.004506054578041903,-0.0023757237813603433
27.809,0.0,0.0011023404844143641,0.0004382891348454281,-0.001318012830799991,-0.006043897373779601,0.004633815895484295,-0.0022240157630736635
27.829,0.0,0.0011172283547764706,0.0004512738734362062,-0.0012583724380656734,-0.005493960117474427,0.004323138171296634,-0.002203016952005014
27.849,0.0,0.001203790958991409,0.0004121156480421389,-0.0012434321192801635,-0.005497147362201078,0.00403977125563679,-0.002485073124931041
27.869,0.0,0.0013304105594530561,0.0003462172954755475,-0.0012124802286513708,-0.005206610631577361,0.003883312998553263,-0.0028983199657910347
27.889,0.0,0.0013304105594530561,0.0003462172954755475,-0.0012124802286513708,-0.005206610631577361,0.003883312998553263,-0.0028983199657910347
27.909,0.0,0.0013557317937927169,0.00034012501243083424,-0.0011271596037407262,-0.004928733579992859,0.0035854071404219944,-0.0031693782932934833
27.929,0.0,0.0012674488996982504,0.0002810029145149781,-0.0010855278927538953,-0.004784000454143612,0.003717145263697346,-0.0030292353852957145
27.949,0.0,0.0011144453015635273,0.00031264095705281904,-0.001012030766029779,-0.0044953303746227994,0.004128467573968124,-0.0025968861043715683
27.969,0.0,0.0011119321278563188,0.00029546109807495686,-0.0009456475760462003,-0.004344178549546199,0.004265088079428773,-0.002726717498915805
27.989,0.0,0.0011119321278563188,0.00029546109807495686,-0.0009456475760462003,-0.004344178549546199,0.004265088079428773,-0.002726717498915805
28.009,0.0,0.0011374159008960669,0.00030156097181725203,-0.0009157162386550913,-0.0043191211639925665,0.0045469027803581,-0.0030099689583657366
28.029,0.0,0.0011699387669325358,0.00029515050651441086,-0.0009500833258293806,-0.004462452730495068,0.004266982855573721,-0.0033026980604184287
28.049,0.0,0.0012116856420593138,0.0003689238900655426,-0.0009027451344831714,-0.004196854816563361,0.003829124236504504,-0.0034318981885356446
28.069,0.0,0.0012118248927975056,0.0004248633566991923,-0.000939755031965917,-0.004327363732827911,0.003979444441029282,-0.0035726914764573786
28.089,0.0,0.0012118248927975056,0.0004248633566991923,-0.000939755031965917,-0.004327363732827911,0.003979444441029282,-0.0035726914764573786
28.109,0.0,0.0011717533414921603,0.00047812103225517604,-0.0009731791784728762,-0.004735508702470639,0.004280383865455631,-0.003595045391805263
28.129,0.0,0.0011504178476057902,0.0005495805344431714,-0.000954875443686269,-0.004723022739763469,0.004421657508804043,-0.0037369607542869256
28.149,0.0,0.0011201615139634212,0.0005887536668928238,-0.00096399999313717,-0.004839289712154828,0.00485423169249778,-0.003877764540857442
28.169,0.0,0.001070799476521693,0.0006253599925171758,-0.0009931307399284389,-0.005093262677961488,0.005433276257277649,-0.003890869335893692
28.189,0.0,0.001070799476521693,0.0006253599925171758,-0.0009931307399284389,-0.005093262677961488,0.005433276257277649,-0.003890869335893692
28.209,0.0,0.0010927555375155123,0.0006530463826751323,-0.0010925932620029128,-0.005503433772542966,0.0055921617364835694,-0.004053426433887662
28.229,0.0,0.0010387242515443092,0.0006585203661191825,-0.0010748399506032727,-0.0055158188358019064,0.005451095716819828,-0.003911501862876728
28.249,0.0,0.0011467935960744655,0.0006920689664810883,-0.001018996254375127,-0.005395492144698437,0.004740241492924375,-0.004322765634013415
28.269,0.0,0.0011515591862417698,0.0006777024587884944,-0.0009946245040057847,-0.005549440783233673,0.004461154417875211,-0.004332377368165461
28.289,0.0,0.0011515591862417698,0.0006777024587884944,-0.0009946245040057847,-0.005549440783233673,0.004461154417875211,-0.004332377368165461
28.309,0.0,0.0011290224279004728,0.0006667705505351661,-0.001032559024194506,-0.005704552060587126,0.004330453016228891,-0.004189871472909291
28.329,0.0,0.0010434596470344337,0.0006583110076689114,-0.0009110553015613293,-0.005123523498289479,0.0047266708021641134,-0.004030335459029353
28.349,0.0,0.0009163831016670337,0.0006496574123020506,-0.0009019325053632762,-0.0050893994294752,0.005716848290906153,-0.003608894218991614
28.369,0.0,0.0008198952780333194,0.0006289503041715694,-0.0008979361119029913,-0.005097809840675009,0.005859461034693919,-0.0031850366447770655
28.389,0.0,0.0008198952780333194,0.0006289503041715694,-0.0008979361119029913,-0.005097809840675009,0.005859461034693919,-0.0031850366447770655
28.409,0.0,0.0008886558083372291,0.0005922599309294519,-0.0009235749714399589,-0.005099564954154493,0.005717804206963344,-0.0033262100580617768
28.429,0.0,0.0009734712126617569,0.0005987876755935367,-0.0009094830493783749,-0.004985020018851148,0.005142952762732067,-0.0033256262251454348
28.449,0.0,0.0010023644909262792,0.0005629699804260545,-0.000872507633101516,-0.004731328533910852,0.004563535609374934,-0.0033142472717646297
28.469,0.0,0.0009336398327963371,0.0006009348012929156,-0.0008575433442009109,-0.004305140830815642,0.004828628516036089,-0.0030104492013095906
28.489,0.0,0.0009336398327963371,0.0006009348012929156,-0.0008575433442009109,-0.004305140830815642,0.004828628516036089,-0.0030104492013095906
28.509,0.0,0.0008820836403480945,0.000585601052928577,-0.0008707499561823087,-0.004301210588751706,0.005112430472628009,-0.0027283299026229406
28.529,0.0,0.0008668441734087477,0.0005665647216219618,-0.0008845483102318277,-0.004273485357163467,0.005677411192324429,-0.002730333488404986
28.549,0.0,0.0008517722005200267,0.0005185716705575759,-0.0008857718772249552,-0.004268909477544803,0.005960561693149906,-0.0024487195330272476
28.569,0.0,0.0009413800340629913,0.0005370699877633285,-0.0008859189922737457,-0.0040033659581387515,0.005522342473519158,-0.0025779860764032106
28.589,0.0,0.0009413800340629913,0.0005370699877633285,-0.0008859189922737457,-0.0040033659581387515,0.005522342473519158,-0.0025779860764032106
28.609,0.0,0.0009958534889989155,0.0005055936003663912,-0.000874548621908137,-0.0038767032766511486,0.005088640993547501,-0.002719538585726803
28.629,0.0,0.0010185532534609954,0.0004999701162292634,-0.00082173185774122,-0.003567540320009102,0.0054977330198611955,-0.002851321167729391
28.649,0.0,0.0009114169823435984,0.0004939483843062092,-0.000790948285357955,-0.0034360746541113834,0.005635759208607118,-0.002416869261572061
28.669,0.0,0.0008864971863156682,0.0004989042064500525,-0.0008280527061295796,-0.0037022050834340675,0.006074328918265397,-0.002286898632401201
28.689,0.0,0.0008864971863156682,0.0004989042064500525,-0.0008280527061295796,-0.0037022050834340675,0.006074328918265397,-0.002286898632401201
28.709,0.0,0.0008545375555828893,0.00048223277729953336,-0.0008295448391944511,-0.0037005886659491256,0.006216654147907351,-0.0021463893618907702
28.729,0.0,0.0009175650348741206,0.0004759210371114938,-0.0008758308446758222,-0.003704083649532344,0.0059325243585130055,-0.002428114295973368
28.749,0.0,0.0008720684044036069,0.00046444548144620464,-0.0009099811933076734,-0.004013294723080546,0.005523616396209329,-0.0022962668671340533
28.769,0.0,0.0008093344318386948,0.0004582861897176097,-0.000867831843196398,-0.0037688587481940782,0.004945508145479399,-0.0020019466393303405
28.789,0.0,0.0008093344318386948,0.0004582861897176097,-0.000867831843196398,-0.0037688587481940782,0.004945508145479399,-0.0020019466393303405
28.809,0.0,0.0007813785066379282,0.00047758341451061985,-0.0008863590699443322,-0.003909957619665828,0.005097250864056583,-0.0018602309591996405
28.829,0.0,0.0007282968934990787,0.00043437717339420324,-0.0009466694805384326,-0.0043823451264529325,0.004410424303399768,-0.0014556726675615465
28.849,0.0,0.0007424771094661554,0.000412579335782293,-0.0009248777390206155,-0.004398319424563928,0.0039865163305139156,-0.0015964383077219657
28.869,0.0,0.0007413958573170941,0.0004299072227536382,-0.0009297968318842436,-0.004129880436834472,0.003690395510638801,-0.0015854700644645637
28.889,0.0,0.0007312452349812109,0.00045797777841450607,-0.0008769433927648627,-0.0038503372191863554,0.0035345798995519294,-0.0017156419629665038
28.909,0.0,0.0007312452349812109,0.00045797777841450607,-0.0008769433927648627,-0.0038503372191863554,0.0035345798995519294,-0.0017156419629665038
28.929,0.0,0.0007557433571030092,0.0004522821199218326,-0.0007811797962014891,-0.0035701456551662657,0.0033783015845975624,-0.001846376068018843
28.949,0.0,0.0008085661240151308,0.00043904764094673896,-0.0007218285950768521,-0.003405352320608097,0.003508221091661194,-0.002271486488455821
28.969,0.0,0.0007762161593717466,0.00036855825254860383,-0.0006909748022269141,-0.0035572623371106305,0.0035191572979476624,-0.0019880258763784507
28.989,0.0,0.000811513478096198,0.00037439396969570214,-0.0007092081438698401,-0.0035473755084894083,0.0035179187233098114,-0.002269861488809589
29.009,0.0,0.000811513478096198,0.00037439396969570214,-0.0007092081438698401,-0.0035473755084894083,0.0035179187233098114,-0.002269861488809589
29.029,0.0,0.0008385463961182377,0.00035072053936258834,-0.0006991982751024999,-0.0035111075359781523,0.0039410180925242245,-0.002695073178172527
29.049,0.0,0.0008422698117748199,0.0003387375994259107,-0.0006706324761036298,-0.0034865243238654644,0.0042214608917081915,-0.002978013268507932
29.069,0.0,0.0009015571741003787,0.0003156380179074845,-0.0006210995724429168,-0.0033331536607641983,0.004210883888832317,-0.0032613850458091675
29.089,0.0,0.0008982616965518056,0.0002952150906600535,-0.0005907128787182452,-0.003336222210240521,0.004069740721450718,-0.003402249186369884
29.109,0.0,0.0008982616965518056,0.0002952150906600535,-0.0005907128787182452,-0.003336222210240521,0.004069740721450718,-0.003402249186369884
29.129,0.0,0.0008697980672631756,0.0002580627660949601,-0.0005615922971930571,-0.0033478395656661945,0.003928187953750979,-0.0032610811351052207
29.149,0.0,0.0008429937808159958,0.00020132976148056717,-0.0005822917177677959,-0.003364000987388796,0.003504887240075317,-0.003400281702859632
29.169,0.0,0.0007812155489142974,0.00016027833059344728,-0.0006059560503649112,-0.003686299045519907,0.002813327396969766,-0.0032688466295667036
29.189,0.0,0.0006879606724524151,0.0001778988366048703,-0.0005744535457568333,-0.0034548425489136564,0.00209472726960317,-0.002832372747671879
29.209,0.0,0.0006879606724524151,0.0001778988366048703,-0.0005744535457568333,-0.0034548425489136564,0.00209472726960317,-0.002832372747671879
29.229,0.0,0.0006040269457182017,0.0001452690527253445,-0.0005212556643196803,-0.003439119551221463,0.0025183510304591728,-0.002691716277544825
29.249,0.0,0.0005233705793833972,9.904340707625887e-05,-0.00042271459417579996,-0.0031550255597561213,0.002645570137802714,-0.002541287857414259
29.269,0.0,0.00042781141749405593,5.535274019988721e-05,-0.00034267128544362616,-0.0028964149273104697,0.0023507117805895367,-0.0022481007698387867
29.289,0.0,0.000408109526366034,3.159276749993242e-05,-0.00024296539060802424,-0.002386594148512172,0.0013346592245725938,-0.002083898683971574
29.309,0.0,0.000408109526366034,3.159276749993242e-05,-0.00024296539060802424,-0.002386594148512172,0.0013346592245725938,-0.002083898683971574
29.329,0.0,0.00029047977546834455,-2.6950327480639937e-05,-0.00022991394188013705,-0.002382224750495659,0.0016179139116191564,-0.0018019321327598073
29.349,0.0,0.00021646632119958113,-4.903036699591935e-05,-0.00015284609034144818,-0.001982313285010251,0.0014594921056512342,-0.0013559541539040953
29.369,0.0,0.0001030134293385388,-9.668952455723246e-05,-6.945448340100232e-05,-0.001566493971453471,0.0015778912924360531,-0.0009234828941372524
29.389,0.0,0.00011908877776311243,-0.0001479440337055731,-5.779314548100604e-06,-0.0011738459679921244,0.0008534724383762132,-0.0010412430473766738
29.409,0.0,0.00011908877776311243,-0.0001479440337055731,-5.779314548100604e-06,-0.0011738459679921244,0.0008534724383762132,-0.0010412430473766738
29.429,0.0,7.087801240227393e-05,-0.0001792780093799572,6.779130598351243e-05,-0.0006055282298393114,0.001108901992294197,-0.0007395264901150367
29.449,0.0,7.234216071143847e-05,-0.00027291539692307875,0.00012068372663041328,-0.0003115104244187573,0.0012349456919770532,-0.0008697799954268251
29.469,0.0,4.8457604858304055e-05,-0.0002587206515653277,0.0002231361339974584,0.0004975637335689798,0.0006289524168520942,-0.0005550236874167148
29.489,0.0,4.8457604858304055e-05,-0.0002587206515653277,0.0002231361339974584,0.0004975637335689798,0.0006289524168520942,-0.0005550236874167148
29.509,0.0,3.847942995052818e-05,-0.0003124048331050143,0.00020064043043035504,0.0006150000108481394,0.0003390920986589575,-0.00027317982293085087
29.529,0.0,5.0648755267995396e-05,-0.00034274126624915226,0.0002330038670505883,0.001023679626938973,3.731865122027847e-05,-0.0002511228329199807
29.549,0.0,-1.0061112085749252e-05,-0.00039224622281215096,0.00021709435864864285,0.0011431393444297742,-0.00011181957731413905,0.0001720117560036141
29.569,0.0,-3.2339870486812064e-05,-0.0003864596161478435,0.0002635475791511584,0.0017074405535863067,-0.00014001612666127302,0.00019275149081514258
29.589,0.0,-2.6095594193914178e-05,-0.000386490272262967,0.00032418198462065367,0.002130811750065788,-0.00015775832852211178,0.00021434699126992625
29.609,0.0,-2.6095594193914178e-05,-0.000386490272262967,0.00032418198462065367,0.002130811750065788,-0.00015775832852211178,0.00021434699126992625
29.629,0.0,-3.074329069712399e-05,-0.00037455677126276097,0.00037510588162684876,0.0025428222980569894,-0.00032283918501342223,0.000366028008984659
29.649,0.0,-5.881443974309947e-05,-0.0003996665005974283,0.0003878867375069555,0.0027110810598811657,0.00023821009567571497,0.00037537240373173637
29.669,0.0,-3.722750224077115e-05,-0.00041102142806795377,0.0003496839057542646,0.0027098531149807,9.630135116062022e-05,0.00023423878558926058
29.689,0.0,-3.722750224077115e-05,-0.00041102142806795377,0.0003496839057542646,0.0027098531149807,9.630135116062022e-05,0.00023423878558926058
29.709,0.0,-2.809307140036592e-05,-0.00036657394068477414,0.00041137569126229617,0.003219821220589564,-0.0009204241125809264,0.00039836243214851785
29.729,0.0,7.57207457424961e-06,-0.00037338300943202013,0.0003659875820181909,0.00309107664141888,-0.0007752269513766352,0.00024526309054692994
29.749,0.0,2.513076317460953e-05,-0.0003105559942006051,0.0004759263864202739,0.0036405409042115735,-0.0012273827176711614,0.00012610502470831127
29.769,0.0,5.4905071664643157e-05,-0.0002934223414372028,0.0004697273465355659,0.0036238796701085992,-0.0016512914082813487,-1.4011108860257323e-05
29.789,0.0,3.7387495488065304e-05,-0.00023477765620775174,0.0005226291804418465,0.0039058048711046504,-0.0016653766744697492,-3.523156130189558e-06
29.809,0.0,3.7387495488065304e-05,-0.00023477765620775174,0.0005226291804418465,0.0039058048711046504,-0.0016653766744697492,-3.523156130189558e-06
29.829,0.0,-9.33454314213262e-07,-0.0001702713506195165,0.0005404242106259166,0.0038939471335836195,-0.0018069032756684233,0.0001382902234618891
29.849,0.0,-5.4033762168622054e-05,-0.00018145387536574244,0.0005146169614897623,0.0035992909464967336,-0.0019331892224992867,0.00026948111737031016
29.869,0.0,-3.813685796926752e-05,-0.00017443885294145912,0.000474342932400474,0.0031869611738759925,-0.0017687729870372554,0.00011869174744180431
29.889,0.0,-1.58808587589467e-05,-0.00013192320497757166,0.0005467110234625058,0.003287811833663335,-0.002625942276125026,0.000119494432900052
29.909,0.0,-1.58808587589467e-05,-0.00013192320497757166,0.0005467110234625058,0.003287811833663335,-0.002625942276125026,0.000119494432900052
29.929,0.0,-3.3343193291360405e-05,-0.00012941489624490092,0.0005772293965017433,0.0032601787212954317,-0.0030490919162431736,0.00026160169844113997
29.949,0.0,-9.854148619528154e-05,-0.00010205185685705291,0.00048629904301657494,0.0025985247384028524,-0.002022929800578996,0.0003808560693390967
29.969,0.0,-0.0001056198087042578,-5.478403058280401e-05,0.00047011022119038614,0.0024443324817321425,-0.002300428127807381,0.0003698613447910286
29.989,0.0,-0.00019004566081598251,-6.0673944356881295e-05,0.00038598494027923275,0.0018973523976323953,-0.0017058013083020177,0.0006303982906474049
30.009,0.0,-0.00019004566081598251,-6.0673944356881295e-05,0.00038598494027923275,0.0018973523976323953,-0.0017058013083020177,0.0006303982906474049
30.029,0.0,-0.00024200087786703734,-2.9053341954890864e-05,0.000406717146693071,0.0017432741546775927,-0.0018374670332878195,0.0007735664923888138
30.049,0.0,-0.0002412987945836084,-4.99039257136443e-05,0.0003665725005946511,0.0013204094006864526,-0.0018180821638110586,0.0007515126646045452
30.069,0.0,-0.000192165091197534,-0.00011538065100037153,0.00032805851794916993,0.000908801851078731,-0.001654872153798769,0.0006007209635866767
30.089,0.0,-0.00017824932862235175,-0.00013418463024195533,0.00028507261097426113,0.0006375884014848341,-0.0014994648516557807,0.0004485611542317893
30.109,0.0,-0.00017824932862235175,-0.00013418463024195533,0.00028507261097426113,0.0006375884014848341,-0.0014994648516557807,0.0004485611542317893
30.129,0.0,-0.00015067458590573815,-0.0001364810352416732,0.00027713152446681445,0.000624004506564971,-0.00178158492021327,0.00044989775223895536
30.149,0.0,-0.00017748813512759561,-0.0001293249559539476,0.00026473225476710026,0.0005385258423612525,-0.0007895787040344834,0.00029448757676953156
30.169,0.0,-0.0001866747131912571,-0.00012498280987185837,0.00030007225810420226,0.0006927488967606704,-0.0005116278159950659,0.00030462592596857226
30.189,0.0,-0.0001712404442902598,-0.00014325625681702313,0.0003088758286697566,0.0008202091109258316,-0.0008038333934858435,0.000305035294767554
30.209,0.0,-0.0001712404442902598,-0.00014325625681702313,0.0003088758286697566,0.0008202091109258316,-0.0008038333934858435,0.000305035294767554
30.229,0.0,-0.00017886397086287384,-0.00016571335257766493,0.000270407205411255,0.0006927488967606704,-0.0005116278159950659,0.00030462592596857226
30.249,0.0,-0.00010713304158087923,-0.00023456100150441039,0.00025313808234029845,0.0007148421695261914,-0.0003721228496113266,-0.00011899694130574381
30.269,0.0,-6.299641082569416e-05,-0.00028262758651185533,0.00021665432482882661,0.0006013906566517163,5.534000249252307e-05,-0.0002729355269791446
30.289,0.0,-6.175074245745201e-05,-0.00031345824388141503,0.0001844312056787143,0.0006172748000235653,0.00047991830024038276,-0.00013218936733207186
30.309,0.0,-6.175074245745201e-05,-0.00031345824388141503,0.0001844312056787143,0.0006172748000235653,0.00047991830024038276,-0.00013218936733207186
30.329,0.0,-8.518948042375347e-05,-0.0003101864488232867,0.00023370574384921132,0.001041782625726684,0.0006036585075120929,2.9910959476495616e-05
30.349,0.0,-4.137798688743674e-05,-0.0003368163495651739,0.0002611377848842716,0.0013081832142928138,0.0001655204111115729,-9.99779195739287e-05
30.369,0.0,-8.736151447452912e-06,-0.000396815777299207,0.000250825025139865,0.0014363526507580296,-0.0001267650732361264,-0.00010044147505824296
30.389,0.0,-3.1208623491057974e-05,-0.0004271874408251555,0.00018356861789977443,0.0012794993096181722,-0.00040024582007754735,-9.827848579871997e-05
30.409,0.0,-3.1208623491057974e-05,-0.0004271874408251555,0.00018356861789977443,0.0012794993096181722,-0.00040024582007754735,-9.827848579871997e-05
30.429,0.0,-5.212100670353627e-05,-0.0004074572619031672,0.00021495914909791438,0.0015660504978983174,-0.0001302222352538892,0.00019312699643658025
30.449,0.0,6.1630828206752244e-06,-0.0004270565090590754,0.00023331705107787343,0.0018446872702352897,-0.000427654076663236,-7.724718031009075e-05
30.469,0.0,-4.534065511484373e-05,-0.0004675939998499291,0.0002479996705727678,0.001964473535744757,-0.0005773973147349598,0.00034539015690505335
30.489,0.0,-1.3093011526235825e-05,-0.0004837849636133605,0.0001838784195657684,0.0018194595148839482,-0.0007097937760035607,0.0002058796415215529
30.509,0.0,-1.3093011526235825e-05,-0.0004837849636133605,0.0001838784195657684,0.0018194595148839482,-0.0007097937760035607,0.0002058796415215529
30.529,0.0,-4.632806697644528e-05,-0.0004362701542321791,0.0002597157837755205,0.0023727693001320237,-0.0008782767136830076,0.0003674489722034208
30.549,0.0,-1.2893289711986257e-05,-0.00040815834130920913,0.00033496530667822313,0.002768052123825248,-0.0014672454882772989,0.0003788755998700502
30.569,0.0,6.410277168249662e-05,-0.00038591198988638246,0.00032859782753325186,0.00277679179155102,-0.0016095936267400408,-4.552217099360063e-05
30.589,0.0,5.940118515676505e-05,-0.0003351914469914689,0.00031833511877978814,0.00277679179155102,-0.0016095936267400408,-4.552217099360063e-05
30.609,0.0,5.940118515676505e-05,-0.0003351914469914689,0.00031833511877978814,0.00277679179155102,-0.0016095936267400408,-4.552217099360063e-05
30.629,0.0,3.71251787585487e-05,-0.0003075154731247807,0.00031865250036853426,0.002663324633248737,-0.0010351522216937757,-4.5158744015394816e-05
30.649,0.0,8.887879853629438e-05,-0.00028881417638876446,0.00033857155830259336,0.002802913039794127,-0.0011863812100965387,-0.00018721624380038809
30.669,0.0,2.3248822649463824e-05,-0.0002766955681970017,0.0002666491812926799,0.002240370590860393,-0.00101721586631196,-6.690340654351704e-05
30.689,0.0,-2.3231259077871496e-05,-0.0002748547597919272,0.00025944417994805635,0.0020739974075420367,-0.0012887092602529412,0.0002175466899482989
30.709,0.0,-2.3231259077871496e-05,-0.0002748547597919272,0.00025944417994805635,0.0020739974075420367,-0.0012887092602529412,0.0002175466899482989
30.729,0.0,-1.6608430183304344e-05,-0.00025142011905774064,0.0003178716909318558,0.0022023448920873035,-0.0015800105383840552,0.00021685615120153472
30.749,0.0,-3.628238526670089e-05,-0.00019284242720758212,0.00041075043667637056,0.0024847857294828415,-0.0015940543193451743,0.00022713981472184796
30.769,0.0,-7.608511747968978e-05,-0.00023287110945865576,0.00037974000699070553,0.0019362914533818916,-0.0011422115621475576,0.0003467726138157303
30.789,0.0,-0.00015019105193829772,-0.0001930252707567751,0.00041935634323585636,0.0021056377722745104,-0.0004398142137640593,0.0004974508147962567
30.809,0.0,-0.00015019105193829772,-0.0001930252707567751,0.00041935634323585636,0.0021056377722745104,-0.0004398142137640593,0.0004974508147962567
30.829,0.0,-0.00025899370160618434,-0.00014875188126529256,0.00038914551833084415,0.0018161692540422467,-0.00028282828161718443,0.000910082781594482
30.849,0.0,-0.00028764883936599175,-0.00016037552445641656,0.000399638700793196,0.0016894936398715937,3.0220874293819342e-06,0.0008982100236870633
30.869,0.0,-0.0002961664317773293,-0.00014299360108987192,0.00040347283493211703,0.0015452550861566132,-0.0001285701637906725,0.0007588636213138779
30.889,0.0,-0.000370453493831135,-0.0001284343571373553,0.0004819221560019732,0.0018312480655652994,0.00014111371687693707,0.0010508920758030638
30.909,0.0,-0.000370453493831135,-0.0001284343571373553,0.0004819221560019732,0.0018312480655652994,0.00014111371687693707,0.0010508920758030638
30.929,0.0,-0.0003933218039723728,-0.00014646168135781735,0.0005006853212375895,0.0018312480655652994,0.00014111371687693707,0.0010508920758030638
30.949,0.0,-0.00040638317129821743,-0.00011329357989087836,0.0005449861080943044,0.0019998797642167623,0.0005547372175353925,0.0009074904643134988
30.969,0.0,-0.0003033015722458665,-0.00013071455016771375,0.00048716800788023033,0.0017138320541308701,0.0002852158760052237,0.0006156486472250144
30.989,0.0,-0.00028354890070974665,-0.00015948274393750612,0.0004453930933610521,0.0014317899291945721,0.00029883122102784387,0.0006047060201835435
31.009,0.0,-0.00028354890070974665,-0.00015948274393750612,0.0004453930933610521,0.0014317899291945721,0.00029883122102784387,0.0006047060201835435
31.029,0.0,-0.0002368463377391688,-0.0001845995973574613,0.00034639800064023264,0.001016795012880261,0.0003219533582807329,0.0003128182727965292
31.049,0.0,-0.0002389163664257023,-0.0002212964556197558,0.00026324323854839076,0.0007227340771167692,0.00019542342250116,0.00044474295637408516
31.069,0.0,-0.00017207434502617626,-0.00023439171978850264,0.0002762352936740848,0.0008468199366111406,-0.0003804806438689097,0.0001617090500239758
31.089,0.0,-0.00016628089303317512,-0.00024732866250829123,0.00033040914396850757,0.0011291673848381764,-0.00039401424373879714,0.00017251960829192512
31.109,0.0,-0.00016628089303317512,-0.00024732866250829123,0.00033040914396850757,0.0011291673848381764,-0.00039401424373879714,0.00017251960829192512
31.129,0.0,-0.00013115837292250321,-0.0002675148030391321,0.00033022883223275814,0.0012551834127391423,-0.0006816430645851809,0.0001851262212655626
31.149,0.0,-7.802830817497459e-05,-0.0003358472650797233,0.00030788986196957183,0.0010994936541407448,-0.0011009452634150958,3.3067895608368955e-05
31.169,0.0,-5.444697266386407e-05,-0.0003552058554027022,0.0003141075723704326,0.0012656351643938937,-0.0006824749875699323,-9.769167040817237e-05
31.189,0.0,-7.221237062236107e-05,-0.00039122274825608935,0.00031745451032109354,0.0014363526507580296,-0.0001267650732361264,-0.00010044147505824296
31.209,0.0,-7.221237062236107e-05,-0.00039122274825608935,0.00031745451032109354,0.0014363526507580296,-0.0001267650732361264,-0.00010044147505824296
31.229,0.0,-0.00013836781641430755,-0.00036432731011389925,0.00037133327874925524,0.0018891128385255926,0.0005615736563683991,6.0815558547575114e-05
31.249,0.0,-0.00017127181004004044,-0.00033715350016382374,0.0004565738140580736,0.002454979492570963,0.0006748503730988168,0.00022211767162122755
31.269,0.0,-0.00012040163105075355,-0.00032286776591228635,0.0005556582649672029,0.0031338520742383016,7.198346902061651e-05,0.00024368056663431415
31.289,0.0,-8.107150282956757e-05,-0.00034989835991020593,0.0006144831903164788,0.0033859136810426103,-0.0006481123146398396,0.00011506252506206992
31.309,0.0,-8.107150282956757e-05,-0.00034989835991020593,0.0006144831903164788,0.0033859136810426103,-0.0006481123146398396,0.00011506252506206992
31.329,0.0,-8.614922221137787e-05,-0.00039919497116834617,0.0006135386011078259,0.003388014862504396,-0.0005063545060876853,0.00025528809988522634
31.349,0.0,-8.220381591274062e-05,-0.0004225148543413926,0.0005686737217580532,0.003219821220589564,-0.0009204241125809264,0.00039836243214851785
31.369,0.0,-6.931075911275993e-05,-0.0004065259363501094,0.0006023643477979185,0.003513778789374406,-0.00079400924493157,0.0002678277515608578
31.389,0.0,-7.291202998216696e-05,-0.00035581353213020824,0.0005721106471653721,0.003513778789374406,-0.00079400924493157,0.0002678277515608578
31.409,0.0,-7.291202998216696e-05,-0.00035581353213020824,0.0005721106471653721,0.003513778789374406,-0.00079400924493157,0.0002678277515608578
31.429,0.0,-3.976688365526005e-05,-0.0003531573263233701,0.00053814412085001,0.003371005814283781,-0.0009312891685512274,0.00011544162206845639
31.449,0.0,5.266717148781001e-05,-0.00035811645387776443,0.00046111927878135864,0.003071030399916654,-0.0014830864007871604,-0.00017612561759823399
31.469,0.0,-8.99597945506714e-06,-0.0003350243397151863,0.0004515514271806728,0.002918894529677516,-0.0014720222557640535,0.00010751342640305482
31.489,0.0,1.2768456186893318e-05,-0.0003260838468776714,0.000415931886758903,0.002677578898549505,-0.0007526614618835049,-4.605339041207236e-05
31.509,0.0,1.2768456186893318e-05,-0.0003260838468776714,0.000415931886758903,0.002677578898549505,-0.0007526614618835049,-4.605339041207236e-05
31.529,0.0,-3.136627807765666e-05,-0.0003527260106452823,0.00036050667055480376,0.0022846072681855403,-2.762796252693781e-05,7.24050939771331e-05
31.549,0.0,-8.81065659825704e-05,-0.0003311807221988855,0.00036877674696801416,0.0021586773652537364,0.0004062263854353246,0.0002131024165745066
31.569,0.0,-4.035091707615118e-05,-0.00030956098079616505,0.00034380659566112356,0.002029200651143361,0.0004098136016021821,-8.058555675457403e-05
31.589,0.0,-6.324416271170391e-05,-0.0002574879267979823,0.00035203536346090823,0.002042786051478783,0.000692288974979367,-8.181763689433596e-05
31.609,0.0,-6.324416271170391e-05,-0.0002574879267979823,0.00035203536346090823,0.002042786051478783,0.000692288974979367,-8.181763689433596e-05
31.629,0.0,-0.00012409407338569256,-0.00025532820203605594,0.00035059180652332277,0.0019029207304793118,0.0008433500286616898,6.034678386363553e-05
31.649,0.0,-0.00015067150150761412,-0.0002510037558236334,0.00034478494606460643,0.0016345646440332096,0.0011404188721485854,4.918323295869788e-05
31.669,0.0,-0.00017020795213712258,-0.00023115452439594994,0.00031718045982707276,0.0014822331030193497,0.0010032086455591372,0.00017953725529799264
31.689,0.0,-0.00019877097044490865,-0.000238672646152119,0.00034807388487334713,0.0014553857835312369,0.0005802227797340218,0.00032190984633614347
31.709,0.0,-0.00019877097044490865,-0.000238672646152119,0.00034807388487334713,0.0014553857835312369,0.0005802227797340218,0.00032190984633614347
31.729,0.0,-0.00017438204884978432,-0.0002872536706884537,0.0003277977478025247,0.0011570687114810963,0.00017016025502632976,0.00017143799537242416
31.749,0.0,-0.00014794067908826243,-0.00028305281574889156,0.00029490957357142407,0.0009877781520422524,-0.00038498491763929663,0.00017374929042715835
31.769,0.0,-0.0002369010359209673,-0.00023019654156006752,0.0002967204894548925,0.0011188449762099494,-0.00039320134285377844,0.00045535798008221757
31.789,0.0,-0.0002218897814637937,-0.0001879023519690233,0.0003234020606224585,0.0012727238736228094,-0.00011548069231081065,0.00046580905315712445
31.809,0.0,-0.0002218897814637937,-0.0001879023519690233,0.0003234020606224585,0.0012727238736228094,-0.00011548069231081065,0.00046580905315712445
31.829,0.0,-0.00031907004083507064,-0.00017437985478660102,0.00035633345160922047,0.001390589913697275,-0.000406985860289975,0.0007481419929406192
31.849,0.0,-0.00032111350357485465,-0.00020823211355150352,0.0003287436283481114,0.00124900627652122,-0.0003971794968006029,0.0007486475922106647
31.869,0.0,-0.0003355687744967637,-0.00022612684593036585,0.0003188145609799375,0.001236422460640209,-0.0005372885005195794,0.0008903498678946789
31.889,0.0,-0.0002910091767426325,-0.0002328795563433364,0.0003673702323222294,0.0015030419848314287,-0.0009754776646426108,0.0007609740919962851
31.909,0.0,-0.0002910091767426325,-0.0002328795563433364,0.0003673702323222294,0.0015030419848314287,-0.0009754776646426108,0.0007609740919962851
31.929,0.0,-0.00022391263673190382,-0.00023307831062844122,0.0004345666215528795,0.0017829320093601868,-0.001132004525274586,0.0006304719426628719
31.949,0.0,-0.00024028989795305152,-0.00024818080910105604,0.000447980178024677,0.001953863168814212,-0.000575733496836931,0.00062750991852006
31.969,0.0,-0.00019377203594668778,-0.00021801658492519508,0.00046003692906613775,0.0020656552880820933,-0.0011459282043369617,0.0006407013662079685
31.989,0.0,-0.00017120868381777384,-0.0002531930655218776,0.00048563501005041297,0.0023341002834758027,-0.0014424659465758006,0.0006517896571056946
32.009,0.0,-0.00017120868381777384,-0.0002531930655218776,0.00048563501005041297,0.0023341002834758027,-0.0014424659465758006,0.0006517896571056946
32.029,0.0,-2.1431619283160128e-05,-0.0003016775114302003,0.00046970630554350507,0.002184065523455786,-0.002146648552333267,-6.407371150537023e-05
32.049,0.0,-4.732172721195835e-05,-0.00029984089479677704,0.0004370438584891372,0.002199976715722061,-0.0017221183130605685,7.677664191470758e-05
32.069,0.0,-5.513028727406909e-05,-0.00034567915208199955,0.00036046432603201395,0.001933836106874226,-0.0012834299464795174,0.00020580093329039838
32.089,0.0,5.088873368826268e-06,-0.00033491900588402383,0.00038824694488982765,0.002214287663646402,-0.0014393803843254947,7.589964589502854e-05
32.109,0.0,5.088873368826268e-06,-0.00033491900588402383,0.00038824694488982765,0.002214287663646402,-0.0014393803843254947,7.589964589502854e-05
32.129,0.0,2.4359854779062607e-05,-0.0003637377824374364,0.0004058075111916665,0.0023668635905155456,-0.0013036278605316764,-5.492180800909532e-05
32.149,0.0,3.7663012260218856e-05,-0.00036519848864213523,0.00039497675425124784,0.0023808950941175675,-0.0010211509400167365,-5.55672137799769e-05
32.169,0.0,7.387206729742699e-05,-0.0003719704708894151,0.00033960519488500276,0.0022521693449054554,-0.0008759547141131095,-0.00020862344729875743
32.189,0.0,0.00013274204443151276,-0.00036116769639716944,0.00034848007890091366,0.002516544597268015,-0.0014560646072245336,-0.0004792394397007502
32.209,0.0,0.00013274204443151276,-0.00036116769639716944,0.00034848007890091366,0.002516544597268015,-0.0014560646072245336,-0.0004792394397007502
32.229,0.0,-4.597056192053017e-06,-0.00034760699806171084,0.00038702982223029866,0.002551599523693134,-0.0004650631593773436,-5.843104375141844e-05
32.249,0.0,-6.359879236528928e-05,-0.0003180762256490954,0.00038983883201338716,0.002695040043479082,-0.00018650383850534106,0.0002346413335914383
32.269,0.0,-0.0001295126490387087,-0.00032295764567775407,0.00039346665265793917,0.002724936419558374,0.0005201117531711013,0.00037483539280474995
32.289,0.0,-6.955472740021273e-05,-0.00039570418884397527,0.00036565305175661724,0.002412493315297105,-0.000172577127002577,0.00022437854837235508
32.309,0.0,-6.955472740021273e-05,-0.00039570418884397527,0.00036565305175661724,0.002412493315297105,-0.000172577127002577,0.00022437854837235508
32.329,0.0,-6.144131596831688e-05,-0.00034836948953642936,0.0004305603324747393,0.0026812755221775697,-0.0004694589520742737,0.00023602943990265988
32.349,0.0,-9.480339342514712e-05,-0.00035498322426305513,0.00046911989208749317,0.0026825994011149125,-0.0003273928144394706,0.0003770760971266557
32.369,0.0,-0.0001397710090320914,-0.000334374581805961,0.00045804603275208065,0.0025588721592995035,0.00010094138910433389,0.0005057647864434319
32.389,0.0,-0.00020325052514456006,-0.00030079324502782674,0.0004488905305328623,0.0023924609076757235,-0.00017115113747402237,0.0007893768889583969
32.409,0.0,-0.00020325052514456006,-0.00030079324502782674,0.0004488905305328623,0.0023924609076757235,-0.00017115113747402237,0.0007893768889583969
32.429,0.0,-0.0002901027991807645,-0.00027337063243108487,0.0004719370936183238,0.002408532825445794,0.0002536212675414411,0.0009302246408428709
32.449,0.0,-0.00035911951475003494,-0.00021657670268099478,0.00045529546084654326,0.002438810678794923,0.0009601995741817159,0.0010692076066467686
32.469,0.0,-0.0002994521764364601,-0.00020686774767884113,0.0003716902881876858,0.001884068887293721,0.0009874188599512707,0.0007656329046412466
32.489,0.0,-0.00032787371210505137,-0.00024072774225769727,0.0003480613869635915,0.0015777579818022334,0.0007200851693094927,0.0010382250820514037
32.509,0.0,-0.00032787371210505137,-0.00024072774225769727,0.0003480613869635915,0.0015777579818022334,0.0007200851693094927,0.0010382250820514037
32.529,0.0,-0.00034453787269809853,-0.000255118708129581,0.00033479436142924175,0.0012690972976225432,0.0003109612048379638,0.001170464884275269
32.549,0.0,-0.000370024650626218,-0.0002124470341789016,0.00032341222751851084,0.0012690972976225432,0.0003109612048379638,0.001170464884275269
32.569,0.0,-0.0003675832555096704,-0.0001925286590887367,0.00031354825005233574,0.0012690972976225432,0.0003109612048379638,0.001170464884275269
32.589,0.0,-0.00037999028705515783,-0.00017165676515706597,0.0003338085172146741,0.0012574215352487996,0.00016986133796994632,0.0013122975665755935
32.609,0.0,-0.00037999028705515783,-0.00017165676515706597,0.0003338085172146741,0.0012574215352487996,0.00016986133796994632,0.0013122975665755935
32.629,0.0,-0.0003606194560815076,-0.0001830123602385521,0.0003355592839214422,0.0012553841047913846,2.8221621117667996e-05,0.0011718399531424608
32.649,0.0,-0.0003735860619147361,-0.00019097577654055866,0.0003156847555186106,0.0012427385308902068,-0.00011289216349644902,0.0013126258469195282
32.669,0.0,-0.000329511894526018,-0.0001763978304473909,0.00033794160353542516,0.0012523749250609138,-0.00011337350484638854,0.0010302276069741017
32.689,0.0,-0.0003891130067207056,-0.00021795709324848834,0.00028884587315996385,0.0009889271090791944,0.0004671833943057442,0.0013011460932582169
32.709,0.0,-0.0003891130067207056,-0.00021795709324848834,0.00028884587315996385,0.0009889271090791944,0.0004671833943057442,0.0013011460932582169
32.729,0.0,-0.00036700007593730335,-0.00023083338869735786,0.00028915405946699667,0.001000800742737597,0.000607531332082382,0.0011600182180127399
32.749,0.0,-0.00031724794710256813,-0.00021576924938642442,0.00026008333879714007,0.0010252044498081556,0.0008884741259788277,0.0008764003817621254
32.769,0.0,-0.00030792978888879253,-0.00015255995498233285,0.00032888028031114103,0.0015757002107099842,0.0005785079477221805,0.0008977744032077411
32.789,0.0,-0.0002921300873916845,-0.00014712024150411525,0.00034208244758500417,0.001884068887293721,0.0009874188599512707,0.0007656329046412466
32.809,0.0,-0.0002921300873916845,-0.00014712024150411525,0.00034208244758500417,0.001884068887293721,0.0009874188599512707,0.0007656329046412466
32.829,0.0,-0.0002736827171242472,-0.00014257699428639153,0.00038663530595689104,0.002164765197936184,0.0008319282567300177,0.0006353403170349451
32.849,0.0,-0.0002632947571853242,-0.00017035488978405026,0.0003343369984636579,0.001881937321411001,0.0008458153193303318,0.0006252291429497471
32.869,0.0,-0.00032549966832831433,-0.00019097116220569512,0.00026720942539470847,0.0015896763136358856,0.0008603349506950625,0.0008970914907362503
32.889,0.0,-0.0002881042797549033,-0.00022522854618706937,0.0002458958599280569,0.0016281096839249269,0.0014251866478168346,0.0006138692373225408
32.909,0.0,-0.0002881042797549033,-0.00022522854618706937,0.0002458958599280569,0.0016281096839249269,0.0014251866478168346,0.0006138692373225408
32.929,0.0,-0.00034314486734702144,-0.00024983574966016024,0.00022299812242187287,0.001618454033159223,0.0014256375362824718,0.0008961454619155064
32.949,0.0,-0.0002901982925899195,-0.00026749543769171287,0.0002820317535407666,0.001884068887293721,0.0009874188599512707,0.0007656329046412466
32.969,0.0,-0.00023545384494486863,-0.0002582855607235457,0.0003539924031587591,0.002432918335005135,0.0005346801805127137,0.0006466586968718683
32.989,0.0,-0.0002630957976956326,-0.00028624879539712974,0.0003833957695713371,0.0024210403782470523,0.0003944692102790715,0.0007876621122041173
33.009,0.0,-0.0002630957976956326,-0.00028624879539712974,0.0003833957695713371,0.0024210403782470523,0.0003944692102790715,0.0007876621122041173
33.029,0.0,-0.00020623087073659506,-0.0003019528536917122,0.0003547055699484497,0.0024444928524676363,0.0006756377404125133,0.0005050228207227818
33.049,0.0,-0.00021223624067996536,-0.0003308069829144312,0.00035525309669828966,0.002432918335005135,0.0005346801805127137,0.0006466586968718683
33.069,0.0,-0.00020950031448827266,-0.0003686070338338345,0.00030063651752206265,0.0021627014741162002,0.0006903924559429418,0.0004950179108667057
33.089,0.0,-0.00016480798459570179,-0.00038133939898710997,0.0002583382061951657,0.001892587884381149,0.0008442524729530525,0.0003430660112524872
33.109,0.0,-0.00016480798459570179,-0.00038133939898710997,0.0002583382061951657,0.001892587884381149,0.0008442524729530525,0.0003430660112524872
33.129,0.0,-0.00017870540124225923,-0.00039736195555567104,0.0002216051555104818,0.0016384811189242253,0.001424309982690599,0.0003309937722748984
33.149,0.0,-0.0002015032658375101,-0.00037811080643703084,0.00029359627609525557,0.0019226027721370698,0.00155210039606851,0.0004822927581017584
33.169,0.0,-0.00019082369746687024,-0.000401800004978631,0.0002707423565912402,0.0017422413783539008,0.0008503611640745181,0.00061397906484364
33.189,0.0,-9.9271448195519e-05,-0.00038692159487822316,0.0002942153982330983,0.001875928195571139,0.00042013143645936314,0.00020295443066566926
33.209,0.0,-9.9271448195519e-05,-0.00038692159487822316,0.0002942153982330983,0.001875928195571139,0.00042013143645936314,0.00020295443066566926
33.229,0.0,-0.00015904082548199151,-0.00038820990917607555,0.0002667365641707695,0.0015980195125030235,0.0007180245757448084,0.00047371835487471396
33.249,0.0,-8.706516617443906e-05,-0.0003276142909287542,0.00030649050451127485,0.0018620349944014059,0.00013816495696949746,0.00020349586045886726
33.269,0.0,-6.635264186602297e-05,-0.0003235119942604766,0.0003102689007679384,0.001722148819219027,0.0001426949254295236,0.00019249538935208916
33.289,0.0,-8.523993307010576e-05,-0.00024053615798368588,0.0003710792390067833,0.002130811750065788,-0.00015775832852211178,0.00021434699126992625
33.309,0.0,-8.523993307010576e-05,-0.00024053615798368588,0.0003710792390067833,0.002130811750065788,-0.00015775832852211178,0.00021434699126992625
33.329,0.0,-0.00013970139570565804,-0.00022435531858909714,0.0004083414595798974,0.00211974471005145,-0.00015760411726310007,0.000496778727391987
33.349,0.0,-0.000184797092949881,-0.0001921904633307363,0.0004411650053929971,0.0023764524321822017,-0.0005951099498086789,0.0006496173503234498
33.369,0.0,-9.665149018995198e-05,-0.00018126722091578793,0.00046892113327715127,0.0023586248290136,-0.0011608144447314399,0.0003681984698744286
33.389,0.0,-0.00010404806806438039,-0.0001563443703316965,0.00040553021819181013,0.002063272844006207,-0.0012871568564993539,0.0004997234615233285
33.409,0.0,-0.00010404806806438039,-0.0001563443703316965,0.00040553021819181013,0.002063272844006207,-0.0012871568564993539,0.0004997234615233285
33.429,0.0,-9.194275135736521e-05,-0.00017126767401277537,0.0004089556468552231,0.0019362914533818916,-0.0011422115621475576,0.0003467726138157303
33.449,0.0,-0.00021854284248785534,-0.000153517459388457,0.0003927081984053832,0.0018111783168609575,-0.0005671732987843833,0.000629004399711999
33.469,0.0,-0.0002149827513881929,-0.0001494533621677279,0.0004225086522955019,0.0019256140339251457,-0.0011406075047243277,0.0006289539997130949
33.489,0.0,-0.00026876171772103127,-0.00016707893832362854,0.0003822924031499234,0.0017731110951262681,-0.001130716080289595,0.0009119522578646691
33.509,0.0,-0.00026876171772103127,-0.00016707893832362854,0.0003822924031499234,0.0017731110951262681,-0.001130716080289595,0.0009119522578646691
33.529,0.0,-0.00033467517705296375,-0.00019767787998054457,0.0003651021615774597,0.0014813625890506502,-0.0011155234011224556,0.0011844124453766864
33.549,0.0,-0.00039104493689006304,-0.0002531814061278018,0.0002988792741841503,0.0010887287994199707,-0.0003905950314914631,0.0013022102456377827
33.569,0.0,-0.0003526747242505838,-0.000243022794260174,0.00029962256781925373,0.0012125444006343376,-0.0008192548375533341,0.001173579804097813
33.589,0.0,-0.00033672478780777024,-0.00025942734260842254,0.0002816158142487392,0.001098519438849673,-0.0003910144057346797,0.0010198322817856875
33.609,0.0,-0.00033672478780777024,-0.00025942734260842254,0.0002816158142487392,0.001098519438849673,-0.0003910144057346797,0.0010198322817856875
33.629,0.0,-0.0003416464732622122,-0.00024395321808617332,0.0002801928963861642,0.0012125444006343376,-0.0008192548375533341,0.001173579804097813
33.649,0.0,-0.00036618895908316915,-0.00025099383917092386,0.00028975503364285943,0.0012004492334629423,-0.0009598218620204066,0.0013147260127254188
33.669,0.0,-0.00037251909452454485,-0.0002032604914308104,0.0003032584835325949,0.00148267688086801,-0.0009734066867294043,0.0013256208992108178
33.689,0.0,-0.00034660414611231753,-0.00020860213325464132,0.0003190358727318737,0.0017505746359221333,-0.0012706115669357094,0.0013362618549525426
33.709,0.0,-0.00034660414611231753,-0.00020860213325464132,0.0003190358727318737,0.0017505746359221333,-0.0012706115669357094,0.0013362618549525426
33.729,0.0,-0.00026905607474517586,-0.00018994039561260804,0.00034599329348386623,0.002055038423178463,-0.0011443758672561788,0.0009229034417155374
33.749,0.0,-0.0002875297686417053,-0.00022486442260230075,0.000299851925017238,0.0017887835986756767,-0.0007068624252034974,0.0010531662253574607
33.769,0.0,-0.00025153448110434775,-0.00021070192548556236,0.0002977463329148779,0.0020432431604261252,-0.0012857641320309081,0.0010648870048331697
33.789,0.0,-0.00013645948795616063,-0.00021865531231746464,0.0002915646837906752,0.0021918923819748957,-0.0015791880560197954,0.0004997222515044078
33.809,0.0,-0.00013645948795616063,-0.00021865531231746464,0.0002915646837906752,0.0021918923819748957,-0.0015791880560197954,0.0004997222515044078
33.829,0.0,-0.00011189276761649692,-0.00024202171741656307,0.0002804161283697954,0.0022180448534733074,-0.0011569040917605502,0.00035679557882855445
33.849,0.0,-0.0001346703111166617,-0.00024660731656506884,0.00030591695631629454,0.0023601254287869667,-0.0010184805664670352,0.0005091233157096133
33.869,0.0,-0.00012090837838984063,-0.00022823282991693653,0.0003855509571803715,0.002810342693125193,-0.0006198447076350545,0.0003767754063269538
33.889,0.0,-0.00011179698862740227,-0.00024069788899493184,0.0003032940004419277,0.002412493315297105,-0.000172577127002577,0.00022437854837235508
33.909,0.0,-0.00011179698862740227,-0.00024069788899493184,0.0003032940004419277,0.002412493315297105,-0.000172577127002577,0.00022437854837235508
33.929,0.0,-8.534439923920211e-05,-0.00025996188173629955,0.0003519141752136758,0.0025531160113722398,-0.00032376363750116153,8.334575021094469e-05
33.949,0.0,-5.49644065241264e-05,-0.0002488624249346642,0.0003599513690176729,0.0026929467210858194,-0.00032826239323316316,9.435024590549092e-05
33.969,0.0,-0.00012796231834729042,-0.000292028509664702,0.0003253842717194538,0.0022748547659746593,-2.6301687511060273e-05,0.00035362052386168815
33.989,0.0,-0.00010240391748569494,-0.0002481659822700913,0.00035976478404082206,0.00256922335615967,0.00010006214673381738,0.00022298639773555044
34.009,0.0,-0.00010240391748569494,-0.0002481659822700913,0.00035976478404082206,0.00256922335615967,0.00010006214673381738,0.00022298639773555044
34.029,0.0,-8.878968358954857e-05,-0.00020287125859684923,0.0004228485070243043,0.002865360926373109,0.00036873462635660987,0.00023190909680202688
34.049,0.0,-8.227717148129002e-05,-0.00018746361072984508,0.00043441355294613856,0.0027498670476113936,0.0008016541673453662,9.191243926705292e-05
34.069,0.0,-5.655684858185867e-05,-0.00017928761818660315,0.0004279008115460638,0.002721549275578466,0.0002365026649781439,9.34768771327273e-05
34.089,0.0,-4.413644231210977e-05,-0.00014385503550061303,0.00040272155528015956,0.0025671374507671447,-4.166209575087583e-05,8.268156085679462e-05
34.109,0.0,-4.413644231210977e-05,-0.00014385503550061303,0.00040272155528015956,0.0025671374507671447,-4.166209575087583e-05,8.268156085679462e-05
34.129,0.0,-6.725340149146672e-05,-0.00016781503216568776,0.00035847963777769105,0.0022727752264571715,-0.00016795676361055934,0.00021325842109966439
34.149,0.0,-3.822700550644803e-05,-0.00015720535814735414,0.00039815958859401926,0.0024104847865870213,-0.00031427516447968,8.398058630456533e-05
34.169,0.0,-4.0827250933853985e-05,-0.0001746080941019354,0.0003657299915901167,0.002114582959089376,-0.0005828420790128831,7.367689459812406e-05
34.189,0.0,-9.989017274426343e-05,-0.00017487938343881042,0.0003273370031556494,0.0018363258168915542,-0.0002850465461952649,0.00034582559984738803
34.209,0.0,-9.989017274426343e-05,-0.00017487938343881042,0.0003273370031556494,0.0018363258168915542,-0.0002850465461952649,0.00034582559984738803
34.229,0.0,-0.00011431497328158555,-0.00017146628461374222,0.00028214790536770865,0.0015676324328202653,1.1048491081262711e-05,0.0003349825986498585
34.249,0.0,-7.516620276629196e-05,-0.00017477527517494225,0.00030399860589074723,0.0015660504978983174,-0.0001302222352538892,0.00019312699643658025
34.269,0.0,-0.00015746393120294347,-0.0002139418545916373,0.0002552666209402303,0.0012874209388872547,0.00016726018659866414,0.00046557813702745494
34.289,0.0,-0.000180727897040256,-0.00021153856630957356,0.0002655485435329627,0.0012727238736228094,-0.00011548069231081065,0.00046580905315712445
34.309,0.0,-0.000180727897040256,-0.00021153856630957356,0.0002655485435329627,0.0012727238736228094,-0.00011548069231081065,0.00046580905315712445
34.329,0.0,-0.00020006126648054826,-0.00020964142958083696,0.00025447507521944644,0.0012727238736228094,-0.00011548069231081065,0.00046580905315712445
34.349,0.0,-0.00019553287550411986,-0.00025043272070986026,0.00028473337315163043,0.0012727238736228094,-0.00011548069231081065,0.00046580905315712445
34.369,0.0,-0.00017054075072675144,-0.0002766183014162402,0.00029029141644452196,0.0011188449762099494,-0.00039320134285377844,0.00045535798008221757
34.389,0.0,-0.00014453341865018314,-0.0002854472223025112,0.000300317513950485,0.001243323021340393,-0.0008221004550409565,0.00032603426870911383
